# Blender 5.2.1 LTS
# www.blender.org
mtllib Hedgehog.mtl
o Hedgehog
v -2.050000 1.000000 2.850000
v -2.050000 1.250000 3.100000
v -2.300000 1.250000 2.850000
v -2.050000 3.350000 3.100000
v -2.050000 3.600000 2.850000
v -2.300000 3.350000 2.850000
v -2.050000 1.000000 -1.650000
v -2.300000 1.250000 -1.650000
v -2.050000 1.250000 -1.900000
v -2.050000 3.600000 -1.650000
v -2.050000 3.350000 -1.900000
v -2.300000 3.350000 -1.650000
v 2.050000 1.000000 2.850000
v 2.300000 1.250000 2.850000
v 2.050000 1.250000 3.100000
v 2.050000 3.600000 2.850000
v 2.050000 3.350000 3.100000
v 2.300000 3.350000 2.850000
v 2.050000 1.000000 -1.650000
v 2.050000 1.250000 -1.900000
v 2.300000 1.250000 -1.650000
v 2.050000 3.600000 -1.650000
v 2.300000 3.350000 -1.650000
v 2.050000 3.350000 -1.900000
v -1.830000 3.250000 2.980000
v -1.781218 3.466368 3.160188
v -2.005819 3.465518 2.936799
v -1.562429 4.533632 2.963811
v -1.522500 4.750000 2.704000
v -1.786681 4.534482 2.740110
v -1.830000 3.250000 -1.180000
v -2.005819 3.465518 -1.136799
v -1.781218 3.466368 -1.360188
v -1.522500 4.750000 -0.904000
v -1.562429 4.533632 -1.163812
v -1.786681 4.534482 -0.940110
v 1.830000 3.250000 2.980000
v 2.005819 3.465518 2.936799
v 1.781218 3.466368 3.160188
v 1.522500 4.750000 2.704000
v 1.562429 4.533632 2.963811
v 1.786681 4.534482 2.740110
v 1.830000 3.250000 -1.180000
v 1.781218 3.466368 -1.360188
v 2.005819 3.465518 -1.136799
v 1.522500 4.750000 -0.904000
v 1.786681 4.534482 -0.940110
v 1.562429 4.533632 -1.163812
v -1.680000 0.600000 1.380000
v -1.680000 0.720000 1.500000
v -1.800000 0.720000 1.380000
v -1.680000 1.280000 1.500000
v -1.680000 1.400000 1.380000
v -1.800000 1.280000 1.380000
v -1.680000 0.600000 -2.380000
v -1.800000 0.720000 -2.380000
v -1.680000 0.720000 -2.500000
v -1.680000 1.400000 -2.380000
v -1.680000 1.280000 -2.500000
v -1.800000 1.280000 -2.380000
v 1.680000 0.600000 1.380000
v 1.800000 0.720000 1.380000
v 1.680000 0.720000 1.500000
v 1.680000 1.400000 1.380000
v 1.680000 1.280000 1.500000
v 1.800000 1.280000 1.380000
v 1.680000 0.600000 -2.380000
v 1.680000 0.720000 -2.500000
v 1.800000 0.720000 -2.380000
v 1.680000 1.400000 -2.380000
v 1.800000 1.280000 -2.380000
v 1.680000 1.280000 -2.500000
v -0.950000 0.900000 -1.550000
v -0.950000 1.100000 -1.350000
v -1.150000 1.100000 -1.550000
v -0.950000 2.700000 -1.350000
v -0.950000 2.900000 -1.550000
v -1.150000 2.700000 -1.550000
v -0.950000 0.900000 -3.450000
v -1.150000 1.100000 -3.450000
v -0.950000 1.100000 -3.650000
v -0.950000 2.900000 -3.450000
v -0.950000 2.700000 -3.650000
v -1.150000 2.700000 -3.450000
v 0.950000 0.900000 -1.550000
v 1.150000 1.100000 -1.550000
v 0.950000 1.100000 -1.350000
v 0.950000 2.900000 -1.550000
v 0.950000 2.700000 -1.350000
v 1.150000 2.700000 -1.550000
v 0.950000 0.900000 -3.450000
v 0.950000 1.100000 -3.650000
v 1.150000 1.100000 -3.450000
v 0.950000 2.900000 -3.450000
v 1.150000 2.700000 -3.450000
v 0.950000 2.700000 -3.650000
v -0.580000 1.150000 -3.170000
v -0.544639 1.259431 -3.099244
v -0.666964 1.265363 -3.232661
v -0.292313 2.140569 -3.495756
v -0.265000 2.250000 -3.665000
v -0.418036 2.134637 -3.623834
v -0.580000 1.150000 -5.130000
v -0.666964 1.265363 -5.067339
v -0.544639 1.259431 -5.200756
v -0.265000 2.250000 -4.635000
v -0.292313 2.140569 -4.804244
v -0.418036 2.134637 -4.676166
v 0.580000 1.150000 -3.170000
v 0.666964 1.265363 -3.232661
v 0.544639 1.259431 -3.099244
v 0.265000 2.250000 -3.665000
v 0.292313 2.140569 -3.495756
v 0.418036 2.134637 -3.623834
v 0.580000 1.150000 -5.130000
v 0.544639 1.259431 -5.200756
v 0.666964 1.265363 -5.067339
v 0.265000 2.250000 -4.635000
v 0.418036 2.134637 -4.676166
v 0.292313 2.140569 -4.804244
v -0.240000 1.550000 -5.160000
v -0.240000 1.610000 -5.100000
v -0.300000 1.610000 -5.160000
v -0.240000 1.990000 -5.100000
v -0.240000 2.050000 -5.160000
v -0.300000 1.990000 -5.160000
v -0.240000 1.550000 -5.440000
v -0.300000 1.610000 -5.440000
v -0.240000 1.610000 -5.500000
v -0.240000 2.050000 -5.440000
v -0.240000 1.990000 -5.500000
v -0.300000 1.990000 -5.440000
v 0.240000 1.550000 -5.160000
v 0.300000 1.610000 -5.160000
v 0.240000 1.610000 -5.100000
v 0.240000 2.050000 -5.160000
v 0.240000 1.990000 -5.100000
v 0.300000 1.990000 -5.160000
v 0.240000 1.550000 -5.440000
v 0.240000 1.610000 -5.500000
v 0.300000 1.610000 -5.440000
v 0.240000 2.050000 -5.440000
v 0.300000 1.990000 -5.440000
v 0.240000 1.990000 -5.500000
v -1.055000 2.075000 -3.610000
v -1.055000 2.115000 -3.570000
v -1.095000 2.115000 -3.610000
v -1.055000 2.785000 -3.570000
v -1.055000 2.825000 -3.610000
v -1.095000 2.785000 -3.610000
v -1.055000 2.075000 -3.710000
v -1.095000 2.115000 -3.710000
v -1.055000 2.115000 -3.750000
v -1.055000 2.825000 -3.710000
v -1.055000 2.785000 -3.750000
v -1.095000 2.785000 -3.710000
v -0.445000 2.075000 -3.610000
v -0.405000 2.115000 -3.610000
v -0.445000 2.115000 -3.570000
v -0.445000 2.825000 -3.610000
v -0.445000 2.785000 -3.570000
v -0.405000 2.785000 -3.610000
v -0.445000 2.075000 -3.710000
v -0.445000 2.115000 -3.750000
v -0.405000 2.115000 -3.710000
v -0.445000 2.825000 -3.710000
v -0.405000 2.785000 -3.710000
v -0.445000 2.785000 -3.750000
v -0.920000 2.135000 -3.700000
v -0.920000 2.175000 -3.660000
v -0.960000 2.175000 -3.700000
v -0.920000 2.665000 -3.660000
v -0.920000 2.705000 -3.700000
v -0.960000 2.665000 -3.700000
v -0.920000 2.135000 -3.820000
v -0.960000 2.175000 -3.820000
v -0.920000 2.175000 -3.860000
v -0.920000 2.705000 -3.820000
v -0.920000 2.665000 -3.860000
v -0.960000 2.665000 -3.820000
v -0.580000 2.135000 -3.700000
v -0.540000 2.175000 -3.700000
v -0.580000 2.175000 -3.660000
v -0.580000 2.705000 -3.700000
v -0.580000 2.665000 -3.660000
v -0.540000 2.665000 -3.700000
v -0.580000 2.135000 -3.820000
v -0.580000 2.175000 -3.860000
v -0.540000 2.175000 -3.820000
v -0.580000 2.705000 -3.820000
v -0.540000 2.665000 -3.820000
v -0.580000 2.665000 -3.860000
v -0.762000 2.546000 -3.820000
v -0.762000 2.690000 -3.820000
v -0.762000 2.546000 -3.940000
v -0.762000 2.690000 -3.940000
v -0.618000 2.546000 -3.820000
v -0.618000 2.690000 -3.820000
v -0.618000 2.546000 -3.940000
v -0.618000 2.690000 -3.940000
v 0.445000 2.075000 -3.610000
v 0.445000 2.115000 -3.570000
v 0.405000 2.115000 -3.610000
v 0.445000 2.785000 -3.570000
v 0.445000 2.825000 -3.610000
v 0.405000 2.785000 -3.610000
v 0.445000 2.075000 -3.710000
v 0.405000 2.115000 -3.710000
v 0.445000 2.115000 -3.750000
v 0.445000 2.825000 -3.710000
v 0.445000 2.785000 -3.750000
v 0.405000 2.785000 -3.710000
v 1.055000 2.075000 -3.610000
v 1.095000 2.115000 -3.610000
v 1.055000 2.115000 -3.570000
v 1.055000 2.825000 -3.610000
v 1.055000 2.785000 -3.570000
v 1.095000 2.785000 -3.610000
v 1.055000 2.075000 -3.710000
v 1.055000 2.115000 -3.750000
v 1.095000 2.115000 -3.710000
v 1.055000 2.825000 -3.710000
v 1.095000 2.785000 -3.710000
v 1.055000 2.785000 -3.750000
v 0.580000 2.135000 -3.700000
v 0.580000 2.175000 -3.660000
v 0.540000 2.175000 -3.700000
v 0.580000 2.665000 -3.660000
v 0.580000 2.705000 -3.700000
v 0.540000 2.665000 -3.700000
v 0.580000 2.135000 -3.820000
v 0.540000 2.175000 -3.820000
v 0.580000 2.175000 -3.860000
v 0.580000 2.705000 -3.820000
v 0.580000 2.665000 -3.860000
v 0.540000 2.665000 -3.820000
v 0.920000 2.135000 -3.700000
v 0.960000 2.175000 -3.700000
v 0.920000 2.175000 -3.660000
v 0.920000 2.705000 -3.700000
v 0.920000 2.665000 -3.660000
v 0.960000 2.665000 -3.700000
v 0.920000 2.135000 -3.820000
v 0.920000 2.175000 -3.860000
v 0.960000 2.175000 -3.820000
v 0.920000 2.705000 -3.820000
v 0.960000 2.665000 -3.820000
v 0.920000 2.665000 -3.860000
v 0.618000 2.546000 -3.820000
v 0.618000 2.690000 -3.820000
v 0.618000 2.546000 -3.940000
v 0.618000 2.690000 -3.940000
v 0.762000 2.546000 -3.820000
v 0.762000 2.690000 -3.820000
v 0.762000 2.546000 -3.940000
v 0.762000 2.690000 -3.940000
v -1.210000 1.550000 -3.630000
v -1.210000 1.590000 -3.590000
v -1.250000 1.590000 -3.630000
v -1.210000 1.910000 -3.590000
v -1.210000 1.950000 -3.630000
v -1.250000 1.910000 -3.630000
v -1.210000 1.550000 -3.690000
v -1.250000 1.590000 -3.690000
v -1.210000 1.590000 -3.730000
v -1.210000 1.950000 -3.690000
v -1.210000 1.910000 -3.730000
v -1.250000 1.910000 -3.690000
v -0.790000 1.550000 -3.630000
v -0.750000 1.590000 -3.630000
v -0.790000 1.590000 -3.590000
v -0.790000 1.950000 -3.630000
v -0.790000 1.910000 -3.590000
v -0.750000 1.910000 -3.630000
v -0.790000 1.550000 -3.690000
v -0.790000 1.590000 -3.730000
v -0.750000 1.590000 -3.690000
v -0.790000 1.950000 -3.690000
v -0.750000 1.910000 -3.690000
v -0.790000 1.910000 -3.730000
v -1.425000 2.775000 -1.725000
v -1.425000 2.875000 -1.625000
v -1.525000 2.875000 -1.725000
v -1.425000 3.425000 -1.625000
v -1.425000 3.525000 -1.725000
v -1.525000 3.425000 -1.725000
v -1.425000 2.775000 -2.075000
v -1.525000 2.875000 -2.075000
v -1.425000 2.875000 -2.175000
v -1.425000 3.525000 -2.075000
v -1.425000 3.425000 -2.175000
v -1.525000 3.425000 -2.075000
v -0.875000 2.775000 -1.725000
v -0.775000 2.875000 -1.725000
v -0.875000 2.875000 -1.625000
v -0.875000 3.525000 -1.725000
v -0.875000 3.425000 -1.625000
v -0.775000 3.425000 -1.725000
v -0.875000 2.775000 -2.075000
v -0.875000 2.875000 -2.175000
v -0.775000 2.875000 -2.075000
v -0.875000 3.525000 -2.075000
v -0.775000 3.425000 -2.075000
v -0.875000 3.425000 -2.175000
v -1.335000 2.925000 -2.140000
v -1.335000 2.965000 -2.100000
v -1.375000 2.965000 -2.140000
v -1.335000 3.335000 -2.100000
v -1.335000 3.375000 -2.140000
v -1.375000 3.335000 -2.140000
v -1.335000 2.925000 -2.260000
v -1.375000 2.965000 -2.260000
v -1.335000 2.965000 -2.300000
v -1.335000 3.375000 -2.260000
v -1.335000 3.335000 -2.300000
v -1.375000 3.335000 -2.260000
v -0.965000 2.925000 -2.140000
v -0.925000 2.965000 -2.140000
v -0.965000 2.965000 -2.100000
v -0.965000 3.375000 -2.140000
v -0.965000 3.335000 -2.100000
v -0.925000 3.335000 -2.140000
v -0.965000 2.925000 -2.260000
v -0.965000 2.965000 -2.300000
v -0.925000 2.965000 -2.260000
v -0.965000 3.375000 -2.260000
v -0.925000 3.335000 -2.260000
v -0.965000 3.335000 -2.300000
v -2.000000 0.000000 -0.850000
v -2.000000 0.100000 -0.750000
v -2.100000 0.100000 -0.850000
v -2.000000 0.500000 -0.750000
v -2.000000 0.600000 -0.850000
v -2.100000 0.500000 -0.850000
v -2.000000 0.000000 -2.350000
v -2.100000 0.100000 -2.350000
v -2.000000 0.100000 -2.450000
v -2.000000 0.600000 -2.350000
v -2.000000 0.500000 -2.450000
v -2.100000 0.500000 -2.350000
v -1.000000 0.000000 -0.850000
v -0.900000 0.100000 -0.850000
v -1.000000 0.100000 -0.750000
v -1.000000 0.600000 -0.850000
v -1.000000 0.500000 -0.750000
v -0.900000 0.500000 -0.850000
v -1.000000 0.000000 -2.350000
v -1.000000 0.100000 -2.450000
v -0.900000 0.100000 -2.350000
v -1.000000 0.600000 -2.350000
v -0.900000 0.500000 -2.350000
v -1.000000 0.500000 -2.450000
v -2.350000 0.000000 3.250000
v -2.350000 0.100000 3.350000
v -2.450000 0.100000 3.250000
v -2.350000 0.500000 3.350000
v -2.350000 0.600000 3.250000
v -2.450000 0.500000 3.250000
v -2.350000 0.000000 1.550000
v -2.450000 0.100000 1.550000
v -2.350000 0.100000 1.450000
v -2.350000 0.600000 1.550000
v -2.350000 0.500000 1.450000
v -2.450000 0.500000 1.550000
v -1.250000 0.000000 3.250000
v -1.150000 0.100000 3.250000
v -1.250000 0.100000 3.350000
v -1.250000 0.600000 3.250000
v -1.250000 0.500000 3.350000
v -1.150000 0.500000 3.250000
v -1.250000 0.000000 1.550000
v -1.250000 0.100000 1.450000
v -1.150000 0.100000 1.550000
v -1.250000 0.600000 1.550000
v -1.150000 0.500000 1.550000
v -1.250000 0.500000 1.450000
v 0.790000 1.550000 -3.630000
v 0.790000 1.590000 -3.590000
v 0.750000 1.590000 -3.630000
v 0.790000 1.910000 -3.590000
v 0.790000 1.950000 -3.630000
v 0.750000 1.910000 -3.630000
v 0.790000 1.550000 -3.690000
v 0.750000 1.590000 -3.690000
v 0.790000 1.590000 -3.730000
v 0.790000 1.950000 -3.690000
v 0.790000 1.910000 -3.730000
v 0.750000 1.910000 -3.690000
v 1.210000 1.550000 -3.630000
v 1.250000 1.590000 -3.630000
v 1.210000 1.590000 -3.590000
v 1.210000 1.950000 -3.630000
v 1.210000 1.910000 -3.590000
v 1.250000 1.910000 -3.630000
v 1.210000 1.550000 -3.690000
v 1.210000 1.590000 -3.730000
v 1.250000 1.590000 -3.690000
v 1.210000 1.950000 -3.690000
v 1.250000 1.910000 -3.690000
v 1.210000 1.910000 -3.730000
v 0.875000 2.775000 -1.725000
v 0.875000 2.875000 -1.625000
v 0.775000 2.875000 -1.725000
v 0.875000 3.425000 -1.625000
v 0.875000 3.525000 -1.725000
v 0.775000 3.425000 -1.725000
v 0.875000 2.775000 -2.075000
v 0.775000 2.875000 -2.075000
v 0.875000 2.875000 -2.175000
v 0.875000 3.525000 -2.075000
v 0.875000 3.425000 -2.175000
v 0.775000 3.425000 -2.075000
v 1.425000 2.775000 -1.725000
v 1.525000 2.875000 -1.725000
v 1.425000 2.875000 -1.625000
v 1.425000 3.525000 -1.725000
v 1.425000 3.425000 -1.625000
v 1.525000 3.425000 -1.725000
v 1.425000 2.775000 -2.075000
v 1.425000 2.875000 -2.175000
v 1.525000 2.875000 -2.075000
v 1.425000 3.525000 -2.075000
v 1.525000 3.425000 -2.075000
v 1.425000 3.425000 -2.175000
v 0.965000 2.925000 -2.140000
v 0.965000 2.965000 -2.100000
v 0.925000 2.965000 -2.140000
v 0.965000 3.335000 -2.100000
v 0.965000 3.375000 -2.140000
v 0.925000 3.335000 -2.140000
v 0.965000 2.925000 -2.260000
v 0.925000 2.965000 -2.260000
v 0.965000 2.965000 -2.300000
v 0.965000 3.375000 -2.260000
v 0.965000 3.335000 -2.300000
v 0.925000 3.335000 -2.260000
v 1.335000 2.925000 -2.140000
v 1.375000 2.965000 -2.140000
v 1.335000 2.965000 -2.100000
v 1.335000 3.375000 -2.140000
v 1.335000 3.335000 -2.100000
v 1.375000 3.335000 -2.140000
v 1.335000 2.925000 -2.260000
v 1.335000 2.965000 -2.300000
v 1.375000 2.965000 -2.260000
v 1.335000 3.375000 -2.260000
v 1.375000 3.335000 -2.260000
v 1.335000 3.335000 -2.300000
v 1.000000 0.000000 -0.850000
v 1.000000 0.100000 -0.750000
v 0.900000 0.100000 -0.850000
v 1.000000 0.500000 -0.750000
v 1.000000 0.600000 -0.850000
v 0.900000 0.500000 -0.850000
v 1.000000 0.000000 -2.350000
v 0.900000 0.100000 -2.350000
v 1.000000 0.100000 -2.450000
v 1.000000 0.600000 -2.350000
v 1.000000 0.500000 -2.450000
v 0.900000 0.500000 -2.350000
v 2.000000 0.000000 -0.850000
v 2.100000 0.100000 -0.850000
v 2.000000 0.100000 -0.750000
v 2.000000 0.600000 -0.850000
v 2.000000 0.500000 -0.750000
v 2.100000 0.500000 -0.850000
v 2.000000 0.000000 -2.350000
v 2.000000 0.100000 -2.450000
v 2.100000 0.100000 -2.350000
v 2.000000 0.600000 -2.350000
v 2.100000 0.500000 -2.350000
v 2.000000 0.500000 -2.450000
v 1.250000 0.000000 3.250000
v 1.250000 0.100000 3.350000
v 1.150000 0.100000 3.250000
v 1.250000 0.500000 3.350000
v 1.250000 0.600000 3.250000
v 1.150000 0.500000 3.250000
v 1.250000 0.000000 1.550000
v 1.150000 0.100000 1.550000
v 1.250000 0.100000 1.450000
v 1.250000 0.600000 1.550000
v 1.250000 0.500000 1.450000
v 1.150000 0.500000 1.550000
v 2.350000 0.000000 3.250000
v 2.450000 0.100000 3.250000
v 2.350000 0.100000 3.350000
v 2.350000 0.600000 3.250000
v 2.350000 0.500000 3.350000
v 2.450000 0.500000 3.250000
v 2.350000 0.000000 1.550000
v 2.350000 0.100000 1.450000
v 2.450000 0.100000 1.550000
v 2.350000 0.600000 1.550000
v 2.450000 0.500000 1.550000
v 2.350000 0.500000 1.450000
v -1.878406 4.862820 2.592950
v -1.001594 4.862820 2.592950
v -1.001594 4.537180 3.407050
v -1.878406 4.537180 3.407050
v -1.440000 5.628476 3.371391
v -1.694559 5.305202 2.967913
v -1.185442 5.305202 2.967913
v -1.185442 5.116121 3.440617
v -1.694559 5.116121 3.440617
v -1.440000 5.767748 3.427099
v -1.158406 4.862820 2.592950
v -0.281594 4.862820 2.592950
v -0.281594 4.537180 3.407050
v -1.158406 4.537180 3.407050
v -0.720000 5.628476 3.371391
v -0.974558 5.305202 2.967913
v -0.465442 5.305202 2.967913
v -0.465442 5.116121 3.440617
v -0.974558 5.116121 3.440617
v -0.720000 5.767748 3.427099
v -0.438406 4.862820 2.592950
v 0.438406 4.862820 2.592950
v 0.438406 4.537180 3.407050
v -0.438406 4.537180 3.407050
v 0.000000 5.628476 3.371391
v -0.254558 5.305202 2.967913
v 0.254558 5.305202 2.967913
v 0.254558 5.116121 3.440617
v -0.254558 5.116121 3.440617
v 0.000000 5.767748 3.427099
v 0.281594 4.862820 2.592950
v 1.158406 4.862820 2.592950
v 1.158406 4.537180 3.407050
v 0.281594 4.537180 3.407050
v 0.720000 5.628476 3.371391
v 0.465442 5.305202 2.967913
v 0.974558 5.305202 2.967913
v 0.974558 5.116121 3.440617
v 0.465442 5.116121 3.440617
v 0.720000 5.767748 3.427099
v 1.001594 4.862820 2.592950
v 1.878406 4.862820 2.592950
v 1.878406 4.537180 3.407050
v 1.001594 4.537180 3.407050
v 1.440000 5.628476 3.371391
v 1.185442 5.305202 2.967913
v 1.694559 5.305202 2.967913
v 1.694559 5.116121 3.440617
v 1.185442 5.116121 3.440617
v 1.440000 5.767748 3.427099
v -1.518406 4.862820 1.972950
v -0.641594 4.862820 1.972950
v -0.641594 4.537180 2.787050
v -1.518406 4.537180 2.787050
v -1.080000 5.628476 2.751391
v -1.334558 5.305202 2.347914
v -0.825442 5.305202 2.347914
v -0.825442 5.116121 2.820617
v -1.334558 5.116121 2.820617
v -1.080000 5.767748 2.807099
v -0.798406 4.862820 1.972950
v 0.078406 4.862820 1.972950
v 0.078406 4.537180 2.787050
v -0.798406 4.537180 2.787050
v -0.360000 5.628476 2.751391
v -0.614558 5.305202 2.347914
v -0.105442 5.305202 2.347914
v -0.105442 5.116121 2.820617
v -0.614558 5.116121 2.820617
v -0.360000 5.767748 2.807099
v -0.078406 4.862820 1.972950
v 0.798406 4.862820 1.972950
v 0.798406 4.537180 2.787050
v -0.078406 4.537180 2.787050
v 0.360000 5.628476 2.751391
v 0.105442 5.305202 2.347914
v 0.614558 5.305202 2.347914
v 0.614558 5.116121 2.820617
v 0.105442 5.116121 2.820617
v 0.360000 5.767748 2.807099
v 0.641594 4.862820 1.972950
v 1.518406 4.862820 1.972950
v 1.518406 4.537180 2.787050
v 0.641594 4.537180 2.787050
v 1.080000 5.628476 2.751391
v 0.825442 5.305202 2.347914
v 1.334558 5.305202 2.347914
v 1.334558 5.116121 2.820617
v 0.825442 5.116121 2.820617
v 1.080000 5.767748 2.807099
v -1.878406 4.862820 1.352950
v -1.001594 4.862820 1.352950
v -1.001594 4.537180 2.167050
v -1.878406 4.537180 2.167050
v -1.440000 5.628476 2.131391
v -1.694559 5.305202 1.727913
v -1.185442 5.305202 1.727913
v -1.185442 5.116121 2.200617
v -1.694559 5.116121 2.200617
v -1.440000 5.767748 2.187099
v -1.158406 4.862820 1.352950
v -0.281594 4.862820 1.352950
v -0.281594 4.537180 2.167050
v -1.158406 4.537180 2.167050
v -0.720000 5.628476 2.131391
v -0.974558 5.305202 1.727913
v -0.465442 5.305202 1.727913
v -0.465442 5.116121 2.200617
v -0.974558 5.116121 2.200617
v -0.720000 5.767748 2.187099
v -0.438406 4.862820 1.352950
v 0.438406 4.862820 1.352950
v 0.438406 4.537180 2.167050
v -0.438406 4.537180 2.167050
v 0.000000 5.628476 2.131391
v -0.254558 5.305202 1.727913
v 0.254558 5.305202 1.727913
v 0.254558 5.116121 2.200617
v -0.254558 5.116121 2.200617
v 0.000000 5.767748 2.187099
v 0.281594 4.862820 1.352950
v 1.158406 4.862820 1.352950
v 1.158406 4.537180 2.167050
v 0.281594 4.537180 2.167050
v 0.720000 5.628476 2.131391
v 0.465442 5.305202 1.727913
v 0.974558 5.305202 1.727913
v 0.974558 5.116121 2.200617
v 0.465442 5.116121 2.200617
v 0.720000 5.767748 2.187099
v 1.001594 4.862820 1.352950
v 1.878406 4.862820 1.352950
v 1.878406 4.537180 2.167050
v 1.001594 4.537180 2.167050
v 1.440000 5.628476 2.131391
v 1.185442 5.305202 1.727913
v 1.694559 5.305202 1.727913
v 1.694559 5.116121 2.200617
v 1.185442 5.116121 2.200617
v 1.440000 5.767748 2.187099
v -1.518406 4.862820 0.732950
v -0.641594 4.862820 0.732950
v -0.641594 4.537180 1.547050
v -1.518406 4.537180 1.547050
v -1.080000 5.628476 1.511391
v -1.334558 5.305202 1.107913
v -0.825442 5.305202 1.107913
v -0.825442 5.116121 1.580616
v -1.334558 5.116121 1.580616
v -1.080000 5.767748 1.567099
v -0.798406 4.862820 0.732950
v 0.078406 4.862820 0.732950
v 0.078406 4.537180 1.547050
v -0.798406 4.537180 1.547050
v -0.360000 5.628476 1.511391
v -0.614558 5.305202 1.107913
v -0.105442 5.305202 1.107913
v -0.105442 5.116121 1.580616
v -0.614558 5.116121 1.580616
v -0.360000 5.767748 1.567099
v -0.078406 4.862820 0.732950
v 0.798406 4.862820 0.732950
v 0.798406 4.537180 1.547050
v -0.078406 4.537180 1.547050
v 0.360000 5.628476 1.511391
v 0.105442 5.305202 1.107913
v 0.614558 5.305202 1.107913
v 0.614558 5.116121 1.580616
v 0.105442 5.116121 1.580616
v 0.360000 5.767748 1.567099
v 0.641594 4.862820 0.732950
v 1.518406 4.862820 0.732950
v 1.518406 4.537180 1.547050
v 0.641594 4.537180 1.547050
v 1.080000 5.628476 1.511391
v 0.825442 5.305202 1.107913
v 1.334558 5.305202 1.107913
v 1.334558 5.116121 1.580616
v 0.825442 5.116121 1.580616
v 1.080000 5.767748 1.567099
v -1.878406 4.862820 0.112950
v -1.001594 4.862820 0.112950
v -1.001594 4.537180 0.927050
v -1.878406 4.537180 0.927050
v -1.440000 5.628476 0.891391
v -1.694559 5.305202 0.487913
v -1.185442 5.305202 0.487913
v -1.185442 5.116121 0.960617
v -1.694559 5.116121 0.960617
v -1.440000 5.767748 0.947099
v -1.158406 4.862820 0.112950
v -0.281594 4.862820 0.112950
v -0.281594 4.537180 0.927050
v -1.158406 4.537180 0.927050
v -0.720000 5.628476 0.891391
v -0.974558 5.305202 0.487913
v -0.465442 5.305202 0.487913
v -0.465442 5.116121 0.960617
v -0.974558 5.116121 0.960617
v -0.720000 5.767748 0.947099
v -0.438406 4.862820 0.112950
v 0.438406 4.862820 0.112950
v 0.438406 4.537180 0.927050
v -0.438406 4.537180 0.927050
v 0.000000 5.628476 0.891391
v -0.254558 5.305202 0.487913
v 0.254558 5.305202 0.487913
v 0.254558 5.116121 0.960617
v -0.254558 5.116121 0.960617
v 0.000000 5.767748 0.947099
v 0.281594 4.862820 0.112950
v 1.158406 4.862820 0.112950
v 1.158406 4.537180 0.927050
v 0.281594 4.537180 0.927050
v 0.720000 5.628476 0.891391
v 0.465442 5.305202 0.487913
v 0.974558 5.305202 0.487913
v 0.974558 5.116121 0.960617
v 0.465442 5.116121 0.960617
v 0.720000 5.767748 0.947099
v 1.001594 4.862820 0.112950
v 1.878406 4.862820 0.112950
v 1.878406 4.537180 0.927050
v 1.001594 4.537180 0.927050
v 1.440000 5.628476 0.891391
v 1.185442 5.305202 0.487913
v 1.694559 5.305202 0.487913
v 1.694559 5.116121 0.960617
v 1.185442 5.116121 0.960617
v 1.440000 5.767748 0.947099
v -1.518406 4.862820 -0.507050
v -0.641594 4.862820 -0.507050
v -0.641594 4.537180 0.307050
v -1.518406 4.537180 0.307050
v -1.080000 5.628476 0.271391
v -1.334558 5.305202 -0.132087
v -0.825442 5.305202 -0.132087
v -0.825442 5.116121 0.340617
v -1.334558 5.116121 0.340617
v -1.080000 5.767748 0.327099
v -0.798406 4.862820 -0.507050
v 0.078406 4.862820 -0.507050
v 0.078406 4.537180 0.307050
v -0.798406 4.537180 0.307050
v -0.360000 5.628476 0.271391
v -0.614558 5.305202 -0.132087
v -0.105442 5.305202 -0.132087
v -0.105442 5.116121 0.340617
v -0.614558 5.116121 0.340617
v -0.360000 5.767748 0.327099
v -0.078406 4.862820 -0.507050
v 0.798406 4.862820 -0.507050
v 0.798406 4.537180 0.307050
v -0.078406 4.537180 0.307050
v 0.360000 5.628476 0.271391
v 0.105442 5.305202 -0.132087
v 0.614558 5.305202 -0.132087
v 0.614558 5.116121 0.340617
v 0.105442 5.116121 0.340617
v 0.360000 5.767748 0.327099
v 0.641594 4.862820 -0.507050
v 1.518406 4.862820 -0.507050
v 1.518406 4.537180 0.307050
v 0.641594 4.537180 0.307050
v 1.080000 5.628476 0.271391
v 0.825442 5.305202 -0.132087
v 1.334558 5.305202 -0.132087
v 1.334558 5.116121 0.340617
v 0.825442 5.116121 0.340617
v 1.080000 5.767748 0.327099
v -1.878406 4.862820 -1.127050
v -1.001594 4.862820 -1.127050
v -1.001594 4.537180 -0.312950
v -1.878406 4.537180 -0.312950
v -1.440000 5.628476 -0.348609
v -1.694559 5.305202 -0.752087
v -1.185442 5.305202 -0.752087
v -1.185442 5.116121 -0.279384
v -1.694559 5.116121 -0.279384
v -1.440000 5.767748 -0.292901
v -1.158406 4.862820 -1.127050
v -0.281594 4.862820 -1.127050
v -0.281594 4.537180 -0.312950
v -1.158406 4.537180 -0.312950
v -0.720000 5.628476 -0.348609
v -0.974558 5.305202 -0.752087
v -0.465442 5.305202 -0.752087
v -0.465442 5.116121 -0.279384
v -0.974558 5.116121 -0.279384
v -0.720000 5.767748 -0.292901
v -0.438406 4.862820 -1.127050
v 0.438406 4.862820 -1.127050
v 0.438406 4.537180 -0.312950
v -0.438406 4.537180 -0.312950
v 0.000000 5.628476 -0.348609
v -0.254558 5.305202 -0.752087
v 0.254558 5.305202 -0.752087
v 0.254558 5.116121 -0.279384
v -0.254558 5.116121 -0.279384
v 0.000000 5.767748 -0.292901
v 0.281594 4.862820 -1.127050
v 1.158406 4.862820 -1.127050
v 1.158406 4.537180 -0.312950
v 0.281594 4.537180 -0.312950
v 0.720000 5.628476 -0.348609
v 0.465442 5.305202 -0.752087
v 0.974558 5.305202 -0.752087
v 0.974558 5.116121 -0.279384
v 0.465442 5.116121 -0.279384
v 0.720000 5.767748 -0.292901
v 1.001594 4.862820 -1.127050
v 1.878406 4.862820 -1.127050
v 1.878406 4.537180 -0.312950
v 1.001594 4.537180 -0.312950
v 1.440000 5.628476 -0.348609
v 1.185442 5.305202 -0.752087
v 1.694559 5.305202 -0.752087
v 1.694559 5.116121 -0.279384
v 1.185442 5.116121 -0.279384
v 1.440000 5.767748 -0.292901
v -1.430725 4.830256 -1.665640
v -0.729275 4.830256 -1.665640
v -0.729275 4.569744 -1.014360
v -1.430725 4.569744 -1.014360
v -1.080000 5.442781 -1.042888
v -1.283647 5.184162 -1.365669
v -0.876353 5.184162 -1.365669
v -0.876353 5.032897 -0.987507
v -1.283647 5.032897 -0.987507
v -1.080000 5.554199 -0.998321
v -0.710725 4.830256 -1.665640
v -0.009275 4.830256 -1.665640
v -0.009275 4.569744 -1.014360
v -0.710725 4.569744 -1.014360
v -0.360000 5.442781 -1.042888
v -0.563647 5.184162 -1.365669
v -0.156353 5.184162 -1.365669
v -0.156353 5.032897 -0.987507
v -0.563647 5.032897 -0.987507
v -0.360000 5.554199 -0.998321
v 0.009275 4.830256 -1.665640
v 0.710725 4.830256 -1.665640
v 0.710725 4.569744 -1.014360
v 0.009275 4.569744 -1.014360
v 0.360000 5.442781 -1.042888
v 0.156353 5.184162 -1.365669
v 0.563647 5.184162 -1.365669
v 0.563647 5.032897 -0.987507
v 0.156353 5.032897 -0.987507
v 0.360000 5.554199 -0.998321
v 0.729275 4.830256 -1.665640
v 1.430725 4.830256 -1.665640
v 1.430725 4.569744 -1.014360
v 0.729275 4.569744 -1.014360
v 1.080000 5.442781 -1.042888
v 0.876353 5.184162 -1.365669
v 1.283647 5.184162 -1.365669
v 1.283647 5.032897 -0.987507
v 0.876353 5.032897 -0.987507
v 1.080000 5.554199 -0.998321
v -2.029926 4.551398 2.567010
v -1.736850 4.551398 3.299700
v -2.070074 3.848601 3.432989
v -2.363149 3.848601 2.700299
v -2.794208 4.609314 3.297683
v -2.447659 4.629161 2.912313
v -2.277486 4.629161 3.337745
v -2.470970 4.221085 3.415139
v -2.641143 4.221085 2.989706
v -2.905840 4.670712 3.342336
v -2.379653 3.387934 2.006901
v -2.086577 3.387934 2.739591
v -2.220347 2.612066 2.793099
v -2.513423 2.612066 2.060409
v -3.121584 3.164317 2.728634
v -2.798121 3.315626 2.352498
v -2.627948 3.315626 2.777930
v -2.705621 2.865122 2.809000
v -2.875794 2.865122 2.383567
v -3.244822 3.188964 2.777929
v -2.438397 2.272645 2.454007
v -2.161603 2.272645 3.145992
v -2.161603 1.527355 3.145992
v -2.438397 1.527355 2.454007
v -3.089205 1.900000 3.115682
v -2.814422 2.116375 2.772726
v -2.653703 2.116375 3.174524
v -2.653703 1.683625 3.174524
v -2.814422 1.683625 2.772726
v -3.207586 1.900000 3.163034
v -2.029926 4.551398 1.767010
v -1.736850 4.551398 2.499701
v -2.070074 3.848601 2.632989
v -2.363149 3.848601 1.900299
v -2.794208 4.609314 2.497684
v -2.447659 4.629161 2.112313
v -2.277486 4.629161 2.537745
v -2.470970 4.221085 2.615139
v -2.641143 4.221085 2.189706
v -2.905840 4.670712 2.542336
v -2.379653 3.387934 1.206901
v -2.086577 3.387934 1.939591
v -2.220347 2.612066 1.993099
v -2.513423 2.612066 1.260409
v -3.121584 3.164317 1.928634
v -2.798121 3.315626 1.552497
v -2.627948 3.315626 1.977930
v -2.705621 2.865122 2.008999
v -2.875794 2.865122 1.583567
v -3.244822 3.188964 1.977929
v -2.438397 2.272645 1.654007
v -2.161603 2.272645 2.345992
v -2.161603 1.527355 2.345992
v -2.438397 1.527355 1.654007
v -3.089205 1.900000 2.315682
v -2.814422 2.116375 1.972726
v -2.653703 2.116375 2.374524
v -2.653703 1.683625 2.374524
v -2.814422 1.683625 1.972726
v -3.207586 1.900000 2.363034
v -2.029926 4.551398 0.967010
v -1.736850 4.551398 1.699700
v -2.070074 3.848601 1.832989
v -2.363149 3.848601 1.100299
v -2.794208 4.609314 1.697683
v -2.447659 4.629161 1.312313
v -2.277486 4.629161 1.737745
v -2.470970 4.221085 1.815139
v -2.641143 4.221085 1.389706
v -2.905840 4.670712 1.742336
v -2.379653 3.387934 0.406901
v -2.086577 3.387934 1.139591
v -2.220347 2.612066 1.193099
v -2.513423 2.612066 0.460409
v -3.121584 3.164317 1.128634
v -2.798121 3.315626 0.752497
v -2.627948 3.315626 1.177930
v -2.705621 2.865122 1.208999
v -2.875794 2.865122 0.783567
v -3.244822 3.188964 1.177929
v -2.438397 2.272645 0.854008
v -2.161603 2.272645 1.545993
v -2.161603 1.527355 1.545992
v -2.438397 1.527355 0.854008
v -3.089205 1.900000 1.515682
v -2.814422 2.116375 1.172727
v -2.653703 2.116375 1.574524
v -2.653703 1.683625 1.574524
v -2.814422 1.683625 1.172726
v -3.207586 1.900000 1.563035
v -2.029926 4.551398 0.167010
v -1.736850 4.551398 0.899700
v -2.070074 3.848601 1.032990
v -2.363149 3.848601 0.300299
v -2.794208 4.609314 0.897683
v -2.447659 4.629161 0.512313
v -2.277486 4.629161 0.937746
v -2.470970 4.221085 1.015139
v -2.641143 4.221085 0.589706
v -2.905840 4.670712 0.942336
v -2.379653 3.387934 -0.393099
v -2.086577 3.387934 0.339591
v -2.220347 2.612066 0.393099
v -2.513423 2.612066 -0.339591
v -3.121584 3.164317 0.328634
v -2.798121 3.315626 -0.047503
v -2.627948 3.315626 0.377930
v -2.705621 2.865122 0.408999
v -2.875794 2.865122 -0.016433
v -3.244822 3.188964 0.377929
v -2.438397 2.272645 0.054008
v -2.161603 2.272645 0.745993
v -2.161603 1.527355 0.745992
v -2.438397 1.527355 0.054007
v -3.089205 1.900000 0.715682
v -2.814422 2.116375 0.372726
v -2.653703 2.116375 0.774524
v -2.653703 1.683625 0.774524
v -2.814422 1.683625 0.372726
v -3.207586 1.900000 0.763034
v -2.029926 4.551398 -0.632990
v -1.736850 4.551398 0.099700
v -2.070074 3.848601 0.232989
v -2.363149 3.848601 -0.499701
v -2.794208 4.609314 0.097683
v -2.447659 4.629161 -0.287687
v -2.277486 4.629161 0.137745
v -2.470970 4.221085 0.215139
v -2.641143 4.221085 -0.210294
v -2.905840 4.670712 0.142336
v -2.379653 3.387934 -1.193099
v -2.086577 3.387934 -0.460409
v -2.220347 2.612066 -0.406901
v -2.513423 2.612066 -1.139591
v -3.121584 3.164317 -0.471366
v -2.798121 3.315626 -0.847503
v -2.627948 3.315626 -0.422070
v -2.705621 2.865122 -0.391001
v -2.875794 2.865122 -0.816433
v -3.244822 3.188964 -0.422071
v -2.438397 2.272645 -0.745992
v -2.161603 2.272645 -0.054007
v -2.161603 1.527355 -0.054008
v -2.438397 1.527355 -0.745993
v -3.089205 1.900000 -0.084318
v -2.814422 2.116375 -0.427274
v -2.653703 2.116375 -0.025476
v -2.653703 1.683625 -0.025476
v -2.814422 1.683625 -0.427274
v -3.207586 1.900000 -0.036966
v -2.029926 4.551398 -1.432990
v -1.736850 4.551398 -0.700300
v -2.070074 3.848601 -0.567011
v -2.363149 3.848601 -1.299700
v -2.794208 4.609314 -0.702317
v -2.447659 4.629161 -1.087687
v -2.277486 4.629161 -0.662255
v -2.470970 4.221085 -0.584861
v -2.641143 4.221085 -1.010294
v -2.905840 4.670712 -0.657664
v -2.379653 3.387934 -1.993099
v -2.086577 3.387934 -1.260409
v -2.220347 2.612066 -1.206901
v -2.513423 2.612066 -1.939591
v -3.121584 3.164317 -1.271366
v -2.798121 3.315626 -1.647503
v -2.627948 3.315626 -1.222070
v -2.705621 2.865122 -1.191001
v -2.875794 2.865122 -1.616433
v -3.244822 3.188964 -1.222071
v -2.438397 2.272645 -1.545992
v -2.161603 2.272645 -0.854007
v -2.161603 1.527355 -0.854008
v -2.438397 1.527355 -1.545993
v -3.089205 1.900000 -0.884318
v -2.814422 2.116375 -1.227274
v -2.653703 2.116375 -0.825476
v -2.653703 1.683625 -0.825476
v -2.814422 1.683625 -1.227274
v -3.207586 1.900000 -0.836966
v 1.736850 4.551398 3.299700
v 2.029926 4.551398 2.567010
v 2.363149 3.848601 2.700299
v 2.070074 3.848601 3.432989
v 2.794208 4.609314 3.297683
v 2.277486 4.629161 3.337745
v 2.447659 4.629161 2.912313
v 2.641143 4.221085 2.989706
v 2.470970 4.221085 3.415139
v 2.905840 4.670712 3.342336
v 2.086577 3.387934 2.739591
v 2.379653 3.387934 2.006901
v 2.513423 2.612066 2.060409
v 2.220347 2.612066 2.793099
v 3.121584 3.164317 2.728634
v 2.627948 3.315626 2.777930
v 2.798121 3.315626 2.352498
v 2.875794 2.865122 2.383567
v 2.705621 2.865122 2.809000
v 3.244822 3.188964 2.777929
v 2.161603 2.272645 3.145992
v 2.438397 2.272645 2.454007
v 2.438397 1.527355 2.454007
v 2.161603 1.527355 3.145992
v 3.089205 1.900000 3.115682
v 2.653703 2.116375 3.174524
v 2.814422 2.116375 2.772726
v 2.814422 1.683625 2.772726
v 2.653703 1.683625 3.174524
v 3.207586 1.900000 3.163034
v 1.736850 4.551398 2.499701
v 2.029926 4.551398 1.767010
v 2.363149 3.848601 1.900299
v 2.070074 3.848601 2.632989
v 2.794208 4.609314 2.497684
v 2.277486 4.629161 2.537745
v 2.447659 4.629161 2.112313
v 2.641143 4.221085 2.189706
v 2.470970 4.221085 2.615139
v 2.905840 4.670712 2.542336
v 2.086577 3.387934 1.939591
v 2.379653 3.387934 1.206901
v 2.513423 2.612066 1.260409
v 2.220347 2.612066 1.993099
v 3.121584 3.164317 1.928634
v 2.627948 3.315626 1.977930
v 2.798121 3.315626 1.552497
v 2.875794 2.865122 1.583567
v 2.705621 2.865122 2.008999
v 3.244822 3.188964 1.977929
v 2.161603 2.272645 2.345992
v 2.438397 2.272645 1.654007
v 2.438397 1.527355 1.654007
v 2.161603 1.527355 2.345992
v 3.089205 1.900000 2.315682
v 2.653703 2.116375 2.374524
v 2.814422 2.116375 1.972726
v 2.814422 1.683625 1.972726
v 2.653703 1.683625 2.374524
v 3.207586 1.900000 2.363034
v 1.736850 4.551398 1.699700
v 2.029926 4.551398 0.967010
v 2.363149 3.848601 1.100299
v 2.070074 3.848601 1.832989
v 2.794208 4.609314 1.697683
v 2.277486 4.629161 1.737745
v 2.447659 4.629161 1.312313
v 2.641143 4.221085 1.389706
v 2.470970 4.221085 1.815139
v 2.905840 4.670712 1.742336
v 2.086577 3.387934 1.139591
v 2.379653 3.387934 0.406901
v 2.513423 2.612066 0.460409
v 2.220347 2.612066 1.193099
v 3.121584 3.164317 1.128634
v 2.627948 3.315626 1.177930
v 2.798121 3.315626 0.752497
v 2.875794 2.865122 0.783567
v 2.705621 2.865122 1.208999
v 3.244822 3.188964 1.177929
v 2.161603 2.272645 1.545993
v 2.438397 2.272645 0.854008
v 2.438397 1.527355 0.854008
v 2.161603 1.527355 1.545992
v 3.089205 1.900000 1.515682
v 2.653703 2.116375 1.574524
v 2.814422 2.116375 1.172727
v 2.814422 1.683625 1.172726
v 2.653703 1.683625 1.574524
v 3.207586 1.900000 1.563035
v 1.736850 4.551398 0.899700
v 2.029926 4.551398 0.167010
v 2.363149 3.848601 0.300299
v 2.070074 3.848601 1.032990
v 2.794208 4.609314 0.897683
v 2.277486 4.629161 0.937746
v 2.447659 4.629161 0.512313
v 2.641143 4.221085 0.589706
v 2.470970 4.221085 1.015139
v 2.905840 4.670712 0.942336
v 2.086577 3.387934 0.339591
v 2.379653 3.387934 -0.393099
v 2.513423 2.612066 -0.339591
v 2.220347 2.612066 0.393099
v 3.121584 3.164317 0.328634
v 2.627948 3.315626 0.377930
v 2.798121 3.315626 -0.047503
v 2.875794 2.865122 -0.016433
v 2.705621 2.865122 0.408999
v 3.244822 3.188964 0.377929
v 2.161603 2.272645 0.745993
v 2.438397 2.272645 0.054008
v 2.438397 1.527355 0.054007
v 2.161603 1.527355 0.745992
v 3.089205 1.900000 0.715682
v 2.653703 2.116375 0.774524
v 2.814422 2.116375 0.372726
v 2.814422 1.683625 0.372726
v 2.653703 1.683625 0.774524
v 3.207586 1.900000 0.763034
v 1.736850 4.551398 0.099700
v 2.029926 4.551398 -0.632990
v 2.363149 3.848601 -0.499701
v 2.070074 3.848601 0.232989
v 2.794208 4.609314 0.097683
v 2.277486 4.629161 0.137745
v 2.447659 4.629161 -0.287687
v 2.641143 4.221085 -0.210294
v 2.470970 4.221085 0.215139
v 2.905840 4.670712 0.142336
v 2.086577 3.387934 -0.460409
v 2.379653 3.387934 -1.193099
v 2.513423 2.612066 -1.139591
v 2.220347 2.612066 -0.406901
v 3.121584 3.164317 -0.471366
v 2.627948 3.315626 -0.422070
v 2.798121 3.315626 -0.847503
v 2.875794 2.865122 -0.816433
v 2.705621 2.865122 -0.391001
v 3.244822 3.188964 -0.422071
v 2.161603 2.272645 -0.054007
v 2.438397 2.272645 -0.745992
v 2.438397 1.527355 -0.745993
v 2.161603 1.527355 -0.054008
v 3.089205 1.900000 -0.084318
v 2.653703 2.116375 -0.025476
v 2.814422 2.116375 -0.427274
v 2.814422 1.683625 -0.427274
v 2.653703 1.683625 -0.025476
v 3.207586 1.900000 -0.036966
v 1.736850 4.551398 -0.700300
v 2.029926 4.551398 -1.432990
v 2.363149 3.848601 -1.299700
v 2.070074 3.848601 -0.567011
v 2.794208 4.609314 -0.702317
v 2.277486 4.629161 -0.662255
v 2.447659 4.629161 -1.087687
v 2.641143 4.221085 -1.010294
v 2.470970 4.221085 -0.584861
v 2.905840 4.670712 -0.657664
v 2.086577 3.387934 -1.260409
v 2.379653 3.387934 -1.993099
v 2.513423 2.612066 -1.939591
v 2.220347 2.612066 -1.206901
v 3.121584 3.164317 -1.271366
v 2.627948 3.315626 -1.222070
v 2.798121 3.315626 -1.647503
v 2.875794 2.865122 -1.616433
v 2.705621 2.865122 -1.191001
v 3.244822 3.188964 -1.222071
v 2.161603 2.272645 -0.854007
v 2.438397 2.272645 -1.545992
v 2.438397 1.527355 -1.545993
v 2.161603 1.527355 -0.854008
v 3.089205 1.900000 -0.884318
v 2.653703 2.116375 -0.825476
v 2.814422 2.116375 -1.227274
v 2.814422 1.683625 -1.227274
v 2.653703 1.683625 -0.825476
v 3.207586 1.900000 -0.836966
v -2.072645 2.356929 2.992921
v -1.327355 2.356929 2.992921
v -1.327355 1.643070 3.207079
v -2.072645 1.643070 3.207079
v -1.700000 2.244246 3.914152
v -1.916375 2.341584 3.485609
v -1.483625 2.341584 3.485609
v -1.483625 1.927086 3.609958
v -1.916375 1.927086 3.609958
v -1.700000 2.280882 4.036275
v -2.072645 3.356929 2.992921
v -1.327355 3.356929 2.992921
v -1.327355 2.643070 3.207079
v -2.072645 2.643070 3.207079
v -1.700000 3.244246 3.914152
v -1.916375 3.341584 3.485609
v -1.483625 3.341584 3.485609
v -1.483625 2.927086 3.609958
v -1.916375 2.927086 3.609958
v -1.700000 3.280882 4.036275
v -2.072645 4.456929 2.992921
v -1.327355 4.456929 2.992921
v -1.327355 3.743070 3.207079
v -2.072645 3.743070 3.207079
v -1.700000 4.344245 3.914152
v -1.916375 4.441584 3.485609
v -1.483625 4.441584 3.485609
v -1.483625 4.027085 3.609958
v -1.916375 4.027085 3.609958
v -1.700000 4.380882 4.036275
v -1.222645 2.356929 2.992921
v -0.477355 2.356929 2.992921
v -0.477355 1.643070 3.207079
v -1.222645 1.643070 3.207079
v -0.850000 2.244246 3.914152
v -1.066375 2.341584 3.485609
v -0.633625 2.341584 3.485609
v -0.633625 1.927086 3.609958
v -1.066375 1.927086 3.609958
v -0.850000 2.280882 4.036275
v -1.222645 3.356929 2.992921
v -0.477355 3.356929 2.992921
v -0.477355 2.643070 3.207079
v -1.222645 2.643070 3.207079
v -0.850000 3.244246 3.914152
v -1.066375 3.341584 3.485609
v -0.633625 3.341584 3.485609
v -0.633625 2.927086 3.609958
v -1.066375 2.927086 3.609958
v -0.850000 3.280882 4.036275
v -1.222645 4.456929 2.992921
v -0.477355 4.456929 2.992921
v -0.477355 3.743070 3.207079
v -1.222645 3.743070 3.207079
v -0.850000 4.344245 3.914152
v -1.066375 4.441584 3.485609
v -0.633625 4.441584 3.485609
v -0.633625 4.027085 3.609958
v -1.066375 4.027085 3.609958
v -0.850000 4.380882 4.036275
v -0.372645 2.356929 2.992921
v 0.372645 2.356929 2.992921
v 0.372645 1.643070 3.207079
v -0.372645 1.643070 3.207079
v 0.000000 2.244246 3.914152
v -0.216375 2.341584 3.485609
v 0.216375 2.341584 3.485609
v 0.216375 1.927086 3.609958
v -0.216375 1.927086 3.609958
v 0.000000 2.280882 4.036275
v -0.372645 3.356929 2.992921
v 0.372645 3.356929 2.992921
v 0.372645 2.643070 3.207079
v -0.372645 2.643070 3.207079
v 0.000000 3.244246 3.914152
v -0.216375 3.341584 3.485609
v 0.216375 3.341584 3.485609
v 0.216375 2.927086 3.609958
v -0.216375 2.927086 3.609958
v 0.000000 3.280882 4.036275
v -0.372645 4.456929 2.992921
v 0.372645 4.456929 2.992921
v 0.372645 3.743070 3.207079
v -0.372645 3.743070 3.207079
v 0.000000 4.344245 3.914152
v -0.216375 4.441584 3.485609
v 0.216375 4.441584 3.485609
v 0.216375 4.027085 3.609958
v -0.216375 4.027085 3.609958
v 0.000000 4.380882 4.036275
v 0.477355 2.356929 2.992921
v 1.222645 2.356929 2.992921
v 1.222645 1.643070 3.207079
v 0.477355 1.643070 3.207079
v 0.850000 2.244246 3.914152
v 0.633625 2.341584 3.485609
v 1.066375 2.341584 3.485609
v 1.066375 1.927086 3.609958
v 0.633625 1.927086 3.609958
v 0.850000 2.280882 4.036275
v 0.477355 3.356929 2.992921
v 1.222645 3.356929 2.992921
v 1.222645 2.643070 3.207079
v 0.477355 2.643070 3.207079
v 0.850000 3.244246 3.914152
v 0.633625 3.341584 3.485609
v 1.066375 3.341584 3.485609
v 1.066375 2.927086 3.609958
v 0.633625 2.927086 3.609958
v 0.850000 3.280882 4.036275
v 0.477355 4.456929 2.992921
v 1.222645 4.456929 2.992921
v 1.222645 3.743070 3.207079
v 0.477355 3.743070 3.207079
v 0.850000 4.344245 3.914152
v 0.633625 4.441584 3.485609
v 1.066375 4.441584 3.485609
v 1.066375 4.027085 3.609958
v 0.633625 4.027085 3.609958
v 0.850000 4.380882 4.036275
v 1.327355 2.356929 2.992921
v 2.072645 2.356929 2.992921
v 2.072645 1.643070 3.207079
v 1.327355 1.643070 3.207079
v 1.700000 2.244246 3.914152
v 1.483625 2.341584 3.485609
v 1.916375 2.341584 3.485609
v 1.916375 1.927086 3.609958
v 1.483625 1.927086 3.609958
v 1.700000 2.280882 4.036275
v 1.327355 3.356929 2.992921
v 2.072645 3.356929 2.992921
v 2.072645 2.643070 3.207079
v 1.327355 2.643070 3.207079
v 1.700000 3.244246 3.914152
v 1.483625 3.341584 3.485609
v 1.916375 3.341584 3.485609
v 1.916375 2.927086 3.609958
v 1.483625 2.927086 3.609958
v 1.700000 3.280882 4.036275
v 1.327355 4.456929 2.992921
v 2.072645 4.456929 2.992921
v 2.072645 3.743070 3.207079
v 1.327355 3.743070 3.207079
v 1.700000 4.344245 3.914152
v 1.483625 4.441584 3.485609
v 1.916375 4.441584 3.485609
v 1.916375 4.027085 3.609958
v 1.483625 4.027085 3.609958
v 1.700000 4.380882 4.036275
vn -0.5774 -0.5774 0.5774
vn -0.5774 0.5774 0.5774
vn -0.5774 -0.5774 -0.5774
vn -0.5774 0.5774 -0.5774
vn 0.5774 -0.5774 0.5774
vn 0.5774 0.5774 0.5774
vn 0.5774 -0.5774 -0.5774
vn 0.5774 0.5774 -0.5774
vn -0.7071 -0.7071 -0.0000
vn -0.7071 -0.0000 0.7071
vn -0.7071 0.7071 -0.0000
vn -0.7071 -0.0000 -0.7071
vn -0.0000 -0.7071 -0.7071
vn -0.0000 0.7071 -0.7071
vn 0.7071 -0.0000 -0.7071
vn 0.7071 -0.7071 -0.0000
vn 0.7071 0.7071 -0.0000
vn 0.7071 -0.0000 0.7071
vn -0.0000 -0.7071 0.7071
vn -0.0000 0.7071 0.7071
vn -0.0000 -1.0000 -0.0000
vn -1.0000 -0.0000 -0.0000
vn -0.0000 -0.0000 1.0000
vn -0.0000 1.0000 -0.0000
vn -0.0000 -0.0000 -1.0000
vn 1.0000 -0.0000 -0.0000
vn -0.6465 -0.3968 0.6515
vn -0.5025 0.7008 0.5064
vn -0.6465 -0.3968 -0.6516
vn -0.5025 0.7008 -0.5064
vn 0.6465 -0.3968 0.6515
vn 0.5025 0.7008 0.5064
vn 0.6465 -0.3968 -0.6516
vn 0.5025 0.7008 -0.5064
vn -0.7749 -0.6321 -0.0000
vn -0.6804 0.2652 0.6831
vn -0.6321 0.7749 -0.0000
vn -0.6804 0.2652 -0.6831
vn -0.0000 -0.6399 -0.7684
vn -0.0000 0.7684 -0.6399
vn 0.6804 0.2652 -0.6831
vn 0.7749 -0.6321 -0.0000
vn 0.6321 0.7749 -0.0000
vn 0.6804 0.2652 0.6831
vn -0.0000 -0.6399 0.7684
vn -0.0000 0.7684 0.6399
vn -0.9796 0.2008 -0.0000
vn -0.0000 0.1810 0.9835
vn -0.0000 0.1810 -0.9835
vn 0.9796 0.2008 -0.0000
vn -0.5773 -0.5774 0.5773
vn -0.5773 0.5774 0.5774
vn -0.5774 -0.5773 -0.5774
vn -0.5774 0.5773 -0.5774
vn 0.5773 -0.5774 0.5773
vn 0.5773 0.5774 0.5774
vn 0.5774 -0.5773 -0.5774
vn 0.5774 0.5773 -0.5774
vn -0.5774 -0.5774 0.5773
vn -0.5774 0.5774 0.5773
vn 0.5774 -0.5774 0.5773
vn 0.5774 0.5774 0.5773
vn 0.5774 0.5773 -0.5773
vn -0.7278 -0.1908 0.6588
vn -0.4693 0.7741 0.4248
vn -0.7278 -0.1908 -0.6588
vn -0.4693 0.7741 -0.4248
vn 0.7278 -0.1908 0.6588
vn 0.4693 0.7741 0.4248
vn 0.7278 -0.1908 -0.6588
vn 0.4693 0.7741 -0.4248
vn -0.7985 -0.6020 -0.0000
vn -0.6444 0.4596 0.6112
vn -0.6020 0.7985 -0.0000
vn -0.6444 0.4596 -0.6112
vn -0.0000 -0.5430 -0.8398
vn -0.0000 0.8398 -0.5430
vn 0.6444 0.4596 -0.6112
vn 0.7985 -0.6020 -0.0000
vn 0.6020 0.7985 -0.0000
vn 0.6444 0.4596 0.6112
vn -0.0000 -0.5430 0.8398
vn -0.0000 0.8398 0.5430
vn -0.9614 0.2753 -0.0000
vn -0.0000 0.4104 0.9119
vn -0.0000 0.4104 -0.9119
vn 0.9614 0.2753 -0.0000
vn -0.5773 -0.5774 0.5774
vn -0.5773 -0.5774 -0.5773
vn -0.5773 0.5774 -0.5773
vn 0.5773 -0.5774 0.5774
vn 0.5773 -0.5774 -0.5773
vn 0.5773 0.5774 -0.5773
vn 0.5773 -0.5773 0.5774
vn 0.5773 0.5773 0.5774
vn 0.5773 -0.5773 -0.5774
vn 0.5773 0.5773 -0.5774
vn -0.5774 -0.5774 -0.5773
vn -0.5773 0.5774 -0.5774
vn 0.5773 0.5774 0.5773
vn 0.5773 0.5774 -0.5774
vn -0.5774 0.5773 0.5774
vn -0.5773 -0.5773 -0.5774
vn -0.5773 0.5773 -0.5774
vn 0.5773 -0.5774 -0.5774
vn -0.5773 -0.5773 0.5774
vn 0.5774 -0.5774 -0.5773
vn 0.5774 0.5774 -0.5773
vn -0.5773 0.5773 0.5774
vn -0.5773 0.5774 0.5773
vn -0.5774 0.5774 -0.5773
vn -0.0000 0.7129 -0.7012
vn 0.9159 0.3728 0.1491
vn -0.0000 -0.9285 -0.3714
vn -0.0000 0.0327 0.9995
vn -0.9159 0.3728 0.1491
vn -0.0000 0.7045 -0.7097
vn 0.9206 0.3626 0.1451
vn -0.0000 0.0207 0.9998
vn -0.9206 0.3626 0.1451
vn 0.0547 0.9983 -0.0219
vn 0.0081 0.1826 0.9832
vn 0.8269 -0.4548 -0.3308
vn -0.7187 -0.6330 0.2875
vn -0.6722 0.1826 -0.7175
vn 0.0658 0.9975 -0.0263
vn 0.0189 0.1776 0.9839
vn -0.7117 -0.6422 0.2847
vn -0.6649 0.1776 -0.7255
vn -0.2113 0.9738 0.0845
vn -0.0264 0.0733 0.9970
vn 0.9129 -0.1826 -0.3651
vn -0.5218 -0.8272 0.2087
vn -0.7067 0.0733 -0.7037
vn -0.2005 0.9764 0.0802
vn -0.0146 0.0713 0.9973
vn -0.5126 -0.8338 0.2050
vn -0.6984 0.0713 -0.7121
vn -0.3728 0.9159 0.1491
vn -0.0327 -0.0000 0.9995
vn 0.9285 -0.0000 -0.3714
vn -0.3728 -0.9159 0.1491
vn -0.7129 -0.0000 -0.7012
vn -0.3626 0.9206 0.1451
vn -0.0207 -0.0000 0.9998
vn -0.3626 -0.9206 0.1451
vn -0.7045 -0.0000 -0.7097
vn -0.0547 0.9983 -0.0219
vn 0.6722 0.1826 -0.7175
vn -0.8269 -0.4548 -0.3308
vn 0.7187 -0.6330 0.2875
vn -0.0081 0.1826 0.9832
vn -0.0658 0.9975 -0.0263
vn 0.6649 0.1776 -0.7255
vn 0.7117 -0.6422 0.2847
vn -0.0189 0.1776 0.9839
vn 0.2113 0.9738 0.0845
vn 0.7067 0.0733 -0.7037
vn -0.9129 -0.1826 -0.3651
vn 0.5218 -0.8272 0.2087
vn 0.0264 0.0733 0.9970
vn 0.2005 0.9764 0.0802
vn 0.6984 0.0713 -0.7121
vn 0.5126 -0.8338 0.2050
vn 0.0146 0.0713 0.9973
vn 0.3728 0.9159 0.1491
vn 0.7129 -0.0000 -0.7012
vn -0.9285 -0.0000 -0.3714
vn 0.3728 -0.9159 0.1491
vn 0.0327 -0.0000 0.9995
vn 0.3626 0.9206 0.1451
vn 0.7045 -0.0000 -0.7097
vn 0.3626 -0.9206 0.1451
vn 0.0207 -0.0000 0.9998
vn -0.0000 0.9926 0.1214
vn 0.9159 0.1154 0.3846
vn -0.0000 -0.2873 -0.9578
vn -0.0000 -0.7619 0.6477
vn -0.9159 0.1154 0.3846
vn -0.0000 0.9940 0.1096
vn 0.9206 0.1122 0.3741
vn -0.0000 -0.7695 0.6386
vn -0.9206 0.1122 0.3741
vn -0.0000 -0.7619 0.6478
vn -0.0000 0.8397 -0.5430
s 0
usemtl Hedgehog_black
f 121//88 122//88 123//88
f 124//52 125//52 126//52
f 127//89 128//89 129//89
f 130//90 131//90 132//90
f 133//91 134//91 135//91
f 136//56 137//56 138//56
f 139//92 140//92 141//92
f 142//93 143//93 144//93
f 121//9 128//9 127//9
f 124//10 123//10 122//10
f 130//11 126//11 125//11
f 129//12 132//12 131//12
f 127//13 140//13 139//13
f 142//14 131//14 130//14
f 141//15 144//15 143//15
f 139//16 134//16 133//16
f 136//17 143//17 142//17
f 135//18 138//18 137//18
f 133//19 122//19 121//19
f 125//20 137//20 136//20
f 139//21 121//21 127//21
f 126//22 128//22 123//22
f 137//23 122//23 135//23
f 130//24 136//24 142//24
f 131//25 140//25 129//25
f 143//26 134//26 141//26
f 169//1 170//1 171//1
f 172//2 173//2 174//2
f 175//3 176//3 177//3
f 178//4 179//4 180//4
f 181//5 182//5 183//5
f 184//6 185//6 186//6
f 187//7 188//7 189//7
f 190//8 191//8 192//8
f 169//9 176//9 175//9
f 172//10 171//10 170//10
f 178//11 174//11 173//11
f 177//12 180//12 179//12
f 175//13 188//13 187//13
f 190//14 179//14 178//14
f 189//15 192//15 191//15
f 187//16 182//16 181//16
f 184//17 191//17 190//17
f 183//18 186//18 185//18
f 181//19 170//19 169//19
f 173//20 185//20 184//20
f 187//21 169//21 175//21
f 174//22 176//22 171//22
f 185//23 170//23 183//23
f 178//24 184//24 190//24
f 179//25 188//25 177//25
f 191//26 182//26 189//26
f 225//1 226//1 227//1
f 228//2 229//2 230//2
f 231//3 232//3 233//3
f 234//4 235//4 236//4
f 237//5 238//5 239//5
f 240//6 241//6 242//6
f 243//7 244//7 245//7
f 246//8 247//8 248//8
f 225//9 232//9 231//9
f 228//10 227//10 226//10
f 234//11 230//11 229//11
f 233//12 236//12 235//12
f 231//13 244//13 243//13
f 246//14 235//14 234//14
f 245//15 248//15 247//15
f 243//16 238//16 237//16
f 240//17 247//17 246//17
f 239//18 242//18 241//18
f 237//19 226//19 225//19
f 229//20 241//20 240//20
f 243//21 225//21 231//21
f 230//22 232//22 227//22
f 241//23 226//23 239//23
f 234//24 240//24 246//24
f 235//25 244//25 233//25
f 247//26 238//26 245//26
f 121//9 123//9 128//9
f 124//10 126//10 123//10
f 130//11 132//11 126//11
f 129//12 128//12 132//12
f 127//13 129//13 140//13
f 142//14 144//14 131//14
f 141//15 140//15 144//15
f 139//16 141//16 134//16
f 136//17 138//17 143//17
f 135//18 134//18 138//18
f 133//19 135//19 122//19
f 125//20 124//20 137//20
f 139//21 133//21 121//21
f 126//22 132//22 128//22
f 137//23 124//23 122//23
f 130//24 125//24 136//24
f 131//25 144//25 140//25
f 143//26 138//26 134//26
f 169//9 171//9 176//9
f 172//10 174//10 171//10
f 178//11 180//11 174//11
f 177//12 176//12 180//12
f 175//13 177//13 188//13
f 190//14 192//14 179//14
f 189//15 188//15 192//15
f 187//16 189//16 182//16
f 184//17 186//17 191//17
f 183//18 182//18 186//18
f 181//19 183//19 170//19
f 173//20 172//20 185//20
f 187//21 181//21 169//21
f 174//22 180//22 176//22
f 185//23 172//23 170//23
f 178//24 173//24 184//24
f 179//25 192//25 188//25
f 191//26 186//26 182//26
f 225//9 227//9 232//9
f 228//10 230//10 227//10
f 234//11 236//11 230//11
f 233//12 232//12 236//12
f 231//13 233//13 244//13
f 246//14 248//14 235//14
f 245//15 244//15 248//15
f 243//16 245//16 238//16
f 240//17 242//17 247//17
f 239//18 238//18 242//18
f 237//19 239//19 226//19
f 229//20 228//20 241//20
f 243//21 237//21 225//21
f 230//22 236//22 232//22
f 241//23 228//23 226//23
f 234//24 229//24 240//24
f 235//25 248//25 244//25
f 247//26 242//26 238//26
usemtl Hedgehog_white
f 145//1 146//1 147//1
f 148//2 149//2 150//2
f 151//3 152//3 153//3
f 154//4 155//4 156//4
f 157//5 158//5 159//5
f 160//6 161//6 162//6
f 163//7 164//7 165//7
f 166//8 167//8 168//8
f 145//9 152//9 151//9
f 148//10 147//10 146//10
f 154//11 150//11 149//11
f 153//12 156//12 155//12
f 151//13 164//13 163//13
f 166//14 155//14 154//14
f 165//15 168//15 167//15
f 163//16 158//16 157//16
f 160//17 167//17 166//17
f 159//18 162//18 161//18
f 157//19 146//19 145//19
f 149//20 161//20 160//20
f 163//21 145//21 151//21
f 150//22 152//22 147//22
f 161//23 146//23 159//23
f 154//24 160//24 166//24
f 155//25 164//25 153//25
f 167//26 158//26 165//26
f 194//22 195//22 193//22
f 196//25 199//25 195//25
f 200//26 197//26 199//26
f 198//23 193//23 197//23
f 199//21 193//21 195//21
f 196//24 198//24 200//24
f 201//1 202//1 203//1
f 204//2 205//2 206//2
f 207//3 208//3 209//3
f 210//4 211//4 212//4
f 213//5 214//5 215//5
f 216//6 217//6 218//6
f 219//7 220//7 221//7
f 222//8 223//8 224//8
f 201//9 208//9 207//9
f 204//10 203//10 202//10
f 210//11 206//11 205//11
f 209//12 212//12 211//12
f 207//13 220//13 219//13
f 222//14 211//14 210//14
f 221//15 224//15 223//15
f 219//16 214//16 213//16
f 216//17 223//17 222//17
f 215//18 218//18 217//18
f 213//19 202//19 201//19
f 205//20 217//20 216//20
f 219//21 201//21 207//21
f 206//22 208//22 203//22
f 217//23 202//23 215//23
f 210//24 216//24 222//24
f 211//25 220//25 209//25
f 223//26 214//26 221//26
f 250//22 251//22 249//22
f 252//25 255//25 251//25
f 256//26 253//26 255//26
f 254//23 249//23 253//23
f 255//21 249//21 251//21
f 252//24 254//24 256//24
f 145//9 147//9 152//9
f 148//10 150//10 147//10
f 154//11 156//11 150//11
f 153//12 152//12 156//12
f 151//13 153//13 164//13
f 166//14 168//14 155//14
f 165//15 164//15 168//15
f 163//16 165//16 158//16
f 160//17 162//17 167//17
f 159//18 158//18 162//18
f 157//19 159//19 146//19
f 149//20 148//20 161//20
f 163//21 157//21 145//21
f 150//22 156//22 152//22
f 161//23 148//23 146//23
f 154//24 149//24 160//24
f 155//25 168//25 164//25
f 167//26 162//26 158//26
f 194//22 196//22 195//22
f 196//25 200//25 199//25
f 200//26 198//26 197//26
f 198//23 194//23 193//23
f 199//21 197//21 193//21
f 196//24 194//24 198//24
f 201//9 203//9 208//9
f 204//10 206//10 203//10
f 210//11 212//11 206//11
f 209//12 208//12 212//12
f 207//13 209//13 220//13
f 222//14 224//14 211//14
f 221//15 220//15 224//15
f 219//16 221//16 214//16
f 216//17 218//17 223//17
f 215//18 214//18 218//18
f 213//19 215//19 202//19
f 205//20 204//20 217//20
f 219//21 213//21 201//21
f 206//22 212//22 208//22
f 217//23 204//23 202//23
f 210//24 205//24 216//24
f 211//25 224//25 220//25
f 223//26 218//26 214//26
f 250//22 252//22 251//22
f 252//25 256//25 255//25
f 256//26 254//26 253//26
f 254//23 250//23 249//23
f 255//21 253//21 249//21
f 252//24 250//24 254//24
usemtl Hedgehog_pink
f 257//1 258//1 259//1
f 260//2 261//2 262//2
f 263//3 264//3 265//3
f 266//4 267//4 268//4
f 269//94 270//94 271//94
f 272//95 273//95 274//95
f 275//96 276//96 277//96
f 278//97 279//97 280//97
f 257//9 264//9 263//9
f 260//10 259//10 258//10
f 266//11 262//11 261//11
f 265//12 268//12 267//12
f 263//13 276//13 275//13
f 278//14 267//14 266//14
f 277//15 280//15 279//15
f 275//16 270//16 269//16
f 272//17 279//17 278//17
f 271//18 274//18 273//18
f 269//19 258//19 257//19
f 261//20 273//20 272//20
f 275//21 257//21 263//21
f 262//22 264//22 259//22
f 273//23 258//23 271//23
f 266//24 272//24 278//24
f 267//25 276//25 265//25
f 279//26 270//26 277//26
f 305//1 306//1 307//1
f 308//2 309//2 310//2
f 311//3 312//3 313//3
f 314//4 315//4 316//4
f 317//5 318//5 319//5
f 320//6 321//6 322//6
f 323//7 324//7 325//7
f 326//8 327//8 328//8
f 305//9 312//9 311//9
f 308//10 307//10 306//10
f 314//11 310//11 309//11
f 313//12 316//12 315//12
f 311//13 324//13 323//13
f 326//14 315//14 314//14
f 325//15 328//15 327//15
f 323//16 318//16 317//16
f 320//17 327//17 326//17
f 319//18 322//18 321//18
f 317//19 306//19 305//19
f 309//20 321//20 320//20
f 323//21 305//21 311//21
f 310//22 312//22 307//22
f 321//23 306//23 319//23
f 314//24 320//24 326//24
f 315//25 324//25 313//25
f 327//26 318//26 325//26
f 377//106 378//106 379//106
f 380//109 381//109 382//109
f 383//103 384//103 385//103
f 386//104 387//104 388//104
f 389//5 390//5 391//5
f 392//6 393//6 394//6
f 395//7 396//7 397//7
f 398//8 399//8 400//8
f 377//9 384//9 383//9
f 380//10 379//10 378//10
f 386//11 382//11 381//11
f 385//12 388//12 387//12
f 383//13 396//13 395//13
f 398//14 387//14 386//14
f 397//15 400//15 399//15
f 395//16 390//16 389//16
f 392//17 399//17 398//17
f 391//18 394//18 393//18
f 389//19 378//19 377//19
f 381//20 393//20 392//20
f 395//21 377//21 383//21
f 382//22 384//22 379//22
f 393//23 378//23 391//23
f 386//24 392//24 398//24
f 387//25 396//25 385//25
f 399//26 390//26 397//26
f 425//1 426//1 427//1
f 428//2 429//2 430//2
f 431//3 432//3 433//3
f 434//4 435//4 436//4
f 437//5 438//5 439//5
f 440//6 441//6 442//6
f 443//7 444//7 445//7
f 446//8 447//8 448//8
f 425//9 432//9 431//9
f 428//10 427//10 426//10
f 434//11 430//11 429//11
f 433//12 436//12 435//12
f 431//13 444//13 443//13
f 446//14 435//14 434//14
f 445//15 448//15 447//15
f 443//16 438//16 437//16
f 440//17 447//17 446//17
f 439//18 442//18 441//18
f 437//19 426//19 425//19
f 429//20 441//20 440//20
f 443//21 425//21 431//21
f 430//22 432//22 427//22
f 441//23 426//23 439//23
f 434//24 440//24 446//24
f 435//25 444//25 433//25
f 447//26 438//26 445//26
f 257//9 259//9 264//9
f 260//10 262//10 259//10
f 266//11 268//11 262//11
f 265//12 264//12 268//12
f 263//13 265//13 276//13
f 278//14 280//14 267//14
f 277//15 276//15 280//15
f 275//16 277//16 270//16
f 272//17 274//17 279//17
f 271//18 270//18 274//18
f 269//19 271//19 258//19
f 261//20 260//20 273//20
f 275//21 269//21 257//21
f 262//22 268//22 264//22
f 273//23 260//23 258//23
f 266//24 261//24 272//24
f 267//25 280//25 276//25
f 279//26 274//26 270//26
f 305//9 307//9 312//9
f 308//10 310//10 307//10
f 314//11 316//11 310//11
f 313//12 312//12 316//12
f 311//13 313//13 324//13
f 326//14 328//14 315//14
f 325//15 324//15 328//15
f 323//16 325//16 318//16
f 320//17 322//17 327//17
f 319//18 318//18 322//18
f 317//19 319//19 306//19
f 309//20 308//20 321//20
f 323//21 317//21 305//21
f 310//22 316//22 312//22
f 321//23 308//23 306//23
f 314//24 309//24 320//24
f 315//25 328//25 324//25
f 327//26 322//26 318//26
f 377//9 379//9 384//9
f 380//10 382//10 379//10
f 386//11 388//11 382//11
f 385//12 384//12 388//12
f 383//13 385//13 396//13
f 398//14 400//14 387//14
f 397//15 396//15 400//15
f 395//16 397//16 390//16
f 392//17 394//17 399//17
f 391//18 390//18 394//18
f 389//19 391//19 378//19
f 381//20 380//20 393//20
f 395//21 389//21 377//21
f 382//22 388//22 384//22
f 393//23 380//23 378//23
f 386//24 381//24 392//24
f 387//25 400//25 396//25
f 399//26 394//26 390//26
f 425//9 427//9 432//9
f 428//10 430//10 427//10
f 434//11 436//11 430//11
f 433//12 432//12 436//12
f 431//13 433//13 444//13
f 446//14 448//14 435//14
f 445//15 444//15 448//15
f 443//16 445//16 438//16
f 440//17 442//17 447//17
f 439//18 438//18 442//18
f 437//19 439//19 426//19
f 429//20 428//20 441//20
f 443//21 437//21 425//21
f 430//22 436//22 432//22
f 441//23 428//23 426//23
f 434//24 429//24 440//24
f 435//25 448//25 444//25
f 447//26 442//26 438//26
usemtl Hedgehog_spine
f 1//1 2//1 3//1
f 4//2 5//2 6//2
f 7//3 8//3 9//3
f 10//4 11//4 12//4
f 13//5 14//5 15//5
f 16//6 17//6 18//6
f 19//7 20//7 21//7
f 22//8 23//8 24//8
f 1//9 8//9 7//9
f 4//10 3//10 2//10
f 10//11 6//11 5//11
f 9//12 12//12 11//12
f 7//13 20//13 19//13
f 22//14 11//14 10//14
f 21//15 24//15 23//15
f 19//16 14//16 13//16
f 16//17 23//17 22//17
f 15//18 18//18 17//18
f 13//19 2//19 1//19
f 5//20 17//20 16//20
f 19//21 1//21 7//21
f 6//22 8//22 3//22
f 17//23 2//23 15//23
f 10//24 16//24 22//24
f 11//25 20//25 9//25
f 23//26 14//26 21//26
f 25//27 26//27 27//27
f 28//28 29//28 30//28
f 31//29 32//29 33//29
f 34//30 35//30 36//30
f 37//31 38//31 39//31
f 40//32 41//32 42//32
f 43//33 44//33 45//33
f 46//34 47//34 48//34
f 25//35 32//35 31//35
f 26//36 30//36 27//36
f 34//37 30//37 29//37
f 33//38 36//38 35//38
f 31//39 44//39 43//39
f 46//40 35//40 34//40
f 47//41 44//41 48//41
f 37//42 45//42 38//42
f 40//43 47//43 46//43
f 39//44 42//44 41//44
f 37//45 26//45 25//45
f 29//46 41//46 40//46
f 43//21 25//21 31//21
f 30//47 32//47 27//47
f 41//48 26//48 39//48
f 34//24 40//24 46//24
f 35//49 44//49 33//49
f 47//50 38//50 45//50
f 497//112 501//112 498//112
f 498//113 501//113 499//113
f 498//114 500//114 497//114
f 499//115 501//115 500//115
f 500//116 501//116 497//116
f 507//112 511//112 508//112
f 508//113 511//113 509//113
f 508//114 510//114 507//114
f 509//115 511//115 510//115
f 510//116 511//116 507//116
f 517//112 521//112 518//112
f 518//113 521//113 519//113
f 518//114 520//114 517//114
f 519//115 521//115 520//115
f 520//116 521//116 517//116
f 527//112 531//112 528//112
f 528//113 531//113 529//113
f 528//114 530//114 527//114
f 529//115 531//115 530//115
f 530//116 531//116 527//116
f 537//112 541//112 538//112
f 538//113 541//113 539//113
f 538//114 540//114 537//114
f 539//115 541//115 540//115
f 540//116 541//116 537//116
f 547//112 551//112 548//112
f 548//113 551//113 549//113
f 548//114 550//114 547//114
f 549//115 551//115 550//115
f 550//116 551//116 547//116
f 557//112 561//112 558//112
f 558//113 561//113 559//113
f 558//114 560//114 557//114
f 559//115 561//115 560//115
f 560//116 561//116 557//116
f 567//112 571//112 568//112
f 568//113 571//113 569//113
f 568//114 570//114 567//114
f 569//115 571//115 570//115
f 570//116 571//116 567//116
f 577//112 581//112 578//112
f 578//113 581//113 579//113
f 578//114 580//114 577//114
f 579//115 581//115 580//115
f 580//116 581//116 577//116
f 587//112 591//112 588//112
f 588//113 591//113 589//113
f 588//114 590//114 587//114
f 589//115 591//115 590//115
f 590//116 591//116 587//116
f 597//112 601//112 598//112
f 598//113 601//113 599//113
f 598//114 600//114 597//114
f 599//115 601//115 600//115
f 600//116 601//116 597//116
f 607//112 611//112 608//112
f 608//113 611//113 609//113
f 608//114 610//114 607//114
f 609//115 611//115 610//115
f 610//116 611//116 607//116
f 617//112 621//112 618//112
f 618//113 621//113 619//113
f 618//114 620//114 617//114
f 619//115 621//115 620//115
f 620//116 621//116 617//116
f 627//112 631//112 628//112
f 628//113 631//113 629//113
f 628//114 630//114 627//114
f 629//115 631//115 630//115
f 630//116 631//116 627//116
f 637//112 641//112 638//112
f 638//113 641//113 639//113
f 638//114 640//114 637//114
f 639//115 641//115 640//115
f 640//116 641//116 637//116
f 647//112 651//112 648//112
f 648//113 651//113 649//113
f 648//114 650//114 647//114
f 649//115 651//115 650//115
f 650//116 651//116 647//116
f 657//112 661//112 658//112
f 658//113 661//113 659//113
f 658//114 660//114 657//114
f 659//115 661//115 660//115
f 660//116 661//116 657//116
f 667//112 671//112 668//112
f 668//113 671//113 669//113
f 668//114 670//114 667//114
f 669//115 671//115 670//115
f 670//116 671//116 667//116
f 677//112 681//112 678//112
f 678//113 681//113 679//113
f 678//114 680//114 677//114
f 679//115 681//115 680//115
f 680//116 681//116 677//116
f 687//112 691//112 688//112
f 688//113 691//113 689//113
f 688//114 690//114 687//114
f 689//115 691//115 690//115
f 690//116 691//116 687//116
f 697//112 701//112 698//112
f 698//113 701//113 699//113
f 698//114 700//114 697//114
f 699//115 701//115 700//115
f 700//116 701//116 697//116
f 707//112 711//112 708//112
f 708//113 711//113 709//113
f 708//114 710//114 707//114
f 709//115 711//115 710//115
f 710//116 711//116 707//116
f 717//112 721//112 718//112
f 718//113 721//113 719//113
f 718//114 720//114 717//114
f 719//115 721//115 720//115
f 720//116 721//116 717//116
f 727//112 731//112 728//112
f 728//113 731//113 729//113
f 728//114 730//114 727//114
f 729//115 731//115 730//115
f 730//116 731//116 727//116
f 737//112 741//112 738//112
f 738//113 741//113 739//113
f 738//114 740//114 737//114
f 739//115 741//115 740//115
f 740//116 741//116 737//116
f 747//112 751//112 748//112
f 748//113 751//113 749//113
f 748//114 750//114 747//114
f 749//115 751//115 750//115
f 750//116 751//116 747//116
f 757//112 761//112 758//112
f 758//113 761//113 759//113
f 758//114 760//114 757//114
f 759//115 761//115 760//115
f 760//116 761//116 757//116
f 767//112 771//112 768//112
f 768//113 771//113 769//113
f 768//114 770//114 767//114
f 769//115 771//115 770//115
f 770//116 771//116 767//116
f 777//112 781//112 778//112
f 778//113 781//113 779//113
f 778//114 780//114 777//114
f 779//115 781//115 780//115
f 780//116 781//116 777//116
f 787//112 791//112 788//112
f 788//113 791//113 789//113
f 788//114 790//114 787//114
f 789//115 791//115 790//115
f 790//116 791//116 787//116
f 797//112 801//112 798//112
f 798//113 801//113 799//113
f 798//114 800//114 797//114
f 799//115 801//115 800//115
f 800//116 801//116 797//116
f 807//112 811//112 808//112
f 808//113 811//113 809//113
f 808//114 810//114 807//114
f 809//115 811//115 810//115
f 810//116 811//116 807//116
f 817//112 821//112 818//112
f 818//113 821//113 819//113
f 818//114 820//114 817//114
f 819//115 821//115 820//115
f 820//116 821//116 817//116
f 827//112 831//112 828//112
f 828//113 831//113 829//113
f 828//114 830//114 827//114
f 829//115 831//115 830//115
f 830//116 831//116 827//116
f 837//112 841//112 838//112
f 838//113 841//113 839//113
f 838//114 840//114 837//114
f 839//115 841//115 840//115
f 840//116 841//116 837//116
f 847//112 851//112 848//112
f 848//113 851//113 849//113
f 848//114 850//114 847//114
f 849//115 851//115 850//115
f 850//116 851//116 847//116
f 857//121 861//121 858//121
f 858//122 861//122 859//122
f 858//123 860//123 857//123
f 859//124 861//124 860//124
f 860//125 861//125 857//125
f 867//130 871//130 868//130
f 868//131 871//131 869//131
f 868//132 870//132 867//132
f 869//133 871//133 870//133
f 870//134 871//134 867//134
f 877//139 881//139 878//139
f 878//140 881//140 879//140
f 878//141 880//141 877//141
f 879//142 881//142 880//142
f 880//143 881//143 877//143
f 887//121 891//121 888//121
f 888//122 891//122 889//122
f 887//123 889//123 890//123
f 889//124 891//124 890//124
f 890//125 891//125 887//125
f 897//130 901//130 898//130
f 898//131 901//131 899//131
f 898//132 900//132 897//132
f 899//133 901//133 900//133
f 900//134 901//134 897//134
f 907//139 911//139 908//139
f 908//140 911//140 909//140
f 908//141 910//141 907//141
f 909//142 911//142 910//142
f 910//143 911//143 907//143
f 917//121 921//121 918//121
f 918//122 921//122 919//122
f 917//123 919//123 920//123
f 919//124 921//124 920//124
f 920//125 921//125 917//125
f 927//130 931//130 928//130
f 928//131 931//131 929//131
f 927//132 929//132 930//132
f 929//133 931//133 930//133
f 930//134 931//134 927//134
f 937//139 941//139 938//139
f 938//140 941//140 939//140
f 938//141 940//141 937//141
f 939//142 941//142 940//142
f 940//143 941//143 937//143
f 947//121 951//121 948//121
f 948//122 951//122 949//122
f 947//123 949//123 950//123
f 949//124 951//124 950//124
f 950//125 951//125 947//125
f 957//130 961//130 958//130
f 958//131 961//131 959//131
f 958//132 960//132 957//132
f 959//133 961//133 960//133
f 960//134 961//134 957//134
f 967//139 971//139 968//139
f 968//140 971//140 969//140
f 968//141 970//141 967//141
f 969//142 971//142 970//142
f 970//143 971//143 967//143
f 977//121 981//121 978//121
f 978//122 981//122 979//122
f 977//123 979//123 980//123
f 979//124 981//124 980//124
f 980//125 981//125 977//125
f 987//130 991//130 988//130
f 988//131 991//131 989//131
f 988//132 990//132 987//132
f 989//133 991//133 990//133
f 990//134 991//134 987//134
f 997//139 1001//139 998//139
f 998//140 1001//140 999//140
f 997//141 999//141 1000//141
f 999//142 1001//142 1000//142
f 1000//143 1001//143 997//143
f 1007//121 1011//121 1008//121
f 1008//122 1011//122 1009//122
f 1008//123 1010//123 1007//123
f 1009//124 1011//124 1010//124
f 1010//125 1011//125 1007//125
f 1017//130 1021//130 1018//130
f 1018//131 1021//131 1019//131
f 1018//132 1020//132 1017//132
f 1019//133 1021//133 1020//133
f 1020//134 1021//134 1017//134
f 1027//139 1031//139 1028//139
f 1028//140 1031//140 1029//140
f 1028//141 1030//141 1027//141
f 1029//142 1031//142 1030//142
f 1030//143 1031//143 1027//143
f 1037//148 1041//148 1038//148
f 1038//149 1041//149 1039//149
f 1038//150 1040//150 1037//150
f 1039//151 1041//151 1040//151
f 1040//152 1041//152 1037//152
f 1047//157 1051//157 1048//157
f 1048//158 1051//158 1049//158
f 1048//159 1050//159 1047//159
f 1049//160 1051//160 1050//160
f 1050//161 1051//161 1047//161
f 1057//166 1061//166 1058//166
f 1058//167 1061//167 1059//167
f 1057//168 1059//168 1060//168
f 1059//169 1061//169 1060//169
f 1060//170 1061//170 1057//170
f 1067//148 1071//148 1068//148
f 1068//149 1071//149 1069//149
f 1068//150 1070//150 1067//150
f 1069//151 1071//151 1070//151
f 1070//152 1071//152 1067//152
f 1077//157 1081//157 1078//157
f 1078//158 1081//158 1079//158
f 1078//159 1080//159 1077//159
f 1079//160 1081//160 1080//160
f 1080//161 1081//161 1077//161
f 1087//166 1091//166 1088//166
f 1088//167 1091//167 1089//167
f 1088//168 1090//168 1087//168
f 1089//169 1091//169 1090//169
f 1090//170 1091//170 1087//170
f 1097//148 1101//148 1098//148
f 1098//149 1101//149 1099//149
f 1098//150 1100//150 1097//150
f 1099//151 1101//151 1100//151
f 1100//152 1101//152 1097//152
f 1107//157 1111//157 1108//157
f 1108//158 1111//158 1109//158
f 1108//159 1110//159 1107//159
f 1109//160 1111//160 1110//160
f 1110//161 1111//161 1107//161
f 1117//166 1121//166 1118//166
f 1118//167 1121//167 1119//167
f 1118//168 1120//168 1117//168
f 1119//169 1121//169 1120//169
f 1120//170 1121//170 1117//170
f 1127//148 1131//148 1128//148
f 1128//149 1131//149 1129//149
f 1128//150 1130//150 1127//150
f 1129//151 1131//151 1130//151
f 1130//152 1131//152 1127//152
f 1137//157 1141//157 1138//157
f 1138//158 1141//158 1139//158
f 1137//159 1139//159 1140//159
f 1139//160 1141//160 1140//160
f 1140//161 1141//161 1137//161
f 1147//166 1151//166 1148//166
f 1148//167 1151//167 1149//167
f 1148//168 1150//168 1147//168
f 1149//169 1151//169 1150//169
f 1150//170 1151//170 1147//170
f 1157//148 1161//148 1158//148
f 1158//149 1161//149 1159//149
f 1158//150 1160//150 1157//150
f 1159//151 1161//151 1160//151
f 1160//152 1161//152 1157//152
f 1167//157 1171//157 1168//157
f 1168//158 1171//158 1169//158
f 1167//159 1169//159 1170//159
f 1169//160 1171//160 1170//160
f 1170//161 1171//161 1167//161
f 1177//166 1181//166 1178//166
f 1178//167 1181//167 1179//167
f 1178//168 1180//168 1177//168
f 1179//169 1181//169 1180//169
f 1180//170 1181//170 1177//170
f 1187//148 1191//148 1188//148
f 1188//149 1191//149 1189//149
f 1188//150 1190//150 1187//150
f 1189//151 1191//151 1190//151
f 1190//152 1191//152 1187//152
f 1197//157 1201//157 1198//157
f 1198//158 1201//158 1199//158
f 1198//159 1200//159 1197//159
f 1199//160 1201//160 1200//160
f 1200//161 1201//161 1197//161
f 1207//166 1211//166 1208//166
f 1208//167 1211//167 1209//167
f 1208//168 1210//168 1207//168
f 1209//169 1211//169 1210//169
f 1210//170 1211//170 1207//170
f 1217//175 1221//175 1218//175
f 1218//176 1221//176 1219//176
f 1218//177 1220//177 1217//177
f 1219//178 1221//178 1220//178
f 1220//179 1221//179 1217//179
f 1227//175 1231//175 1228//175
f 1228//176 1231//176 1229//176
f 1228//177 1230//177 1227//177
f 1229//178 1231//178 1230//178
f 1230//179 1231//179 1227//179
f 1237//175 1241//175 1238//175
f 1238//176 1241//176 1239//176
f 1238//177 1240//177 1237//177
f 1239//178 1241//178 1240//178
f 1240//179 1241//179 1237//179
f 1247//175 1251//175 1248//175
f 1248//176 1251//176 1249//176
f 1248//177 1250//177 1247//177
f 1249//178 1251//178 1250//178
f 1250//179 1251//179 1247//179
f 1257//175 1261//175 1258//175
f 1258//176 1261//176 1259//176
f 1258//177 1260//177 1257//177
f 1259//178 1261//178 1260//178
f 1260//179 1261//179 1257//179
f 1267//175 1271//175 1268//175
f 1268//176 1271//176 1269//176
f 1268//177 1270//177 1267//177
f 1269//178 1271//178 1270//178
f 1270//179 1271//179 1267//179
f 1277//175 1281//175 1278//175
f 1278//176 1281//176 1279//176
f 1278//177 1280//177 1277//177
f 1279//184 1281//184 1280//184
f 1280//179 1281//179 1277//179
f 1287//175 1291//175 1288//175
f 1288//176 1291//176 1289//176
f 1288//177 1290//177 1287//177
f 1289//184 1291//184 1290//184
f 1290//179 1291//179 1287//179
f 1297//175 1301//175 1298//175
f 1298//176 1301//176 1299//176
f 1298//177 1300//177 1297//177
f 1299//184 1301//184 1300//184
f 1300//179 1301//179 1297//179
f 1307//175 1311//175 1308//175
f 1308//176 1311//176 1309//176
f 1308//177 1310//177 1307//177
f 1309//178 1311//178 1310//178
f 1310//179 1311//179 1307//179
f 1317//175 1321//175 1318//175
f 1318//176 1321//176 1319//176
f 1318//177 1320//177 1317//177
f 1319//178 1321//178 1320//178
f 1320//179 1321//179 1317//179
f 1327//175 1331//175 1328//175
f 1328//176 1331//176 1329//176
f 1328//177 1330//177 1327//177
f 1329//178 1331//178 1330//178
f 1330//179 1331//179 1327//179
f 1337//175 1341//175 1338//175
f 1338//176 1341//176 1339//176
f 1338//177 1340//177 1337//177
f 1339//178 1341//178 1340//178
f 1340//179 1341//179 1337//179
f 1347//175 1351//175 1348//175
f 1348//176 1351//176 1349//176
f 1348//177 1350//177 1347//177
f 1349//178 1351//178 1350//178
f 1350//179 1351//179 1347//179
f 1357//175 1361//175 1358//175
f 1358//176 1361//176 1359//176
f 1358//177 1360//177 1357//177
f 1359//178 1361//178 1360//178
f 1360//179 1361//179 1357//179
f 1//9 3//9 8//9
f 4//10 6//10 3//10
f 10//11 12//11 6//11
f 9//12 8//12 12//12
f 7//13 9//13 20//13
f 22//14 24//14 11//14
f 21//15 20//15 24//15
f 19//16 21//16 14//16
f 16//17 18//17 23//17
f 15//18 14//18 18//18
f 13//19 15//19 2//19
f 5//20 4//20 17//20
f 19//21 13//21 1//21
f 6//22 12//22 8//22
f 17//23 4//23 2//23
f 10//24 5//24 16//24
f 11//25 24//25 20//25
f 23//26 18//26 14//26
f 25//35 27//35 32//35
f 26//36 28//36 30//36
f 34//37 36//37 30//37
f 33//38 32//38 36//38
f 31//39 33//39 44//39
f 46//40 48//40 35//40
f 47//41 45//41 44//41
f 37//42 43//42 45//42
f 40//43 42//43 47//43
f 39//44 38//44 42//44
f 37//45 39//45 26//45
f 29//46 28//46 41//46
f 43//21 37//21 25//21
f 30//47 36//47 32//47
f 41//48 28//48 26//48
f 34//24 29//24 40//24
f 35//49 48//49 44//49
f 47//50 42//50 38//50
f 498//114 499//114 500//114
f 508//114 509//114 510//114
f 518//114 519//114 520//114
f 528//114 529//114 530//114
f 538//114 539//114 540//114
f 548//114 549//114 550//114
f 558//114 559//114 560//114
f 568//114 569//114 570//114
f 578//114 579//114 580//114
f 588//114 589//114 590//114
f 598//114 599//114 600//114
f 608//114 609//114 610//114
f 618//114 619//114 620//114
f 628//114 629//114 630//114
f 638//114 639//114 640//114
f 648//114 649//114 650//114
f 658//114 659//114 660//114
f 668//114 669//114 670//114
f 678//114 679//114 680//114
f 688//114 689//114 690//114
f 698//114 699//114 700//114
f 708//114 709//114 710//114
f 718//114 719//114 720//114
f 728//114 729//114 730//114
f 738//114 739//114 740//114
f 748//114 749//114 750//114
f 758//114 759//114 760//114
f 768//114 769//114 770//114
f 778//114 779//114 780//114
f 788//114 789//114 790//114
f 798//114 799//114 800//114
f 808//114 809//114 810//114
f 818//114 819//114 820//114
f 828//114 829//114 830//114
f 838//114 839//114 840//114
f 848//114 849//114 850//114
f 858//123 859//123 860//123
f 868//132 869//132 870//132
f 878//141 879//141 880//141
f 887//123 888//123 889//123
f 898//132 899//132 900//132
f 908//141 909//141 910//141
f 917//123 918//123 919//123
f 927//132 928//132 929//132
f 938//141 939//141 940//141
f 947//123 948//123 949//123
f 958//132 959//132 960//132
f 968//141 969//141 970//141
f 977//123 978//123 979//123
f 988//132 989//132 990//132
f 997//141 998//141 999//141
f 1008//123 1009//123 1010//123
f 1018//132 1019//132 1020//132
f 1028//141 1029//141 1030//141
f 1038//150 1039//150 1040//150
f 1048//159 1049//159 1050//159
f 1057//168 1058//168 1059//168
f 1068//150 1069//150 1070//150
f 1078//159 1079//159 1080//159
f 1088//168 1089//168 1090//168
f 1098//150 1099//150 1100//150
f 1108//159 1109//159 1110//159
f 1118//168 1119//168 1120//168
f 1128//150 1129//150 1130//150
f 1137//159 1138//159 1139//159
f 1148//168 1149//168 1150//168
f 1158//150 1159//150 1160//150
f 1167//159 1168//159 1169//159
f 1178//168 1179//168 1180//168
f 1188//150 1189//150 1190//150
f 1198//159 1199//159 1200//159
f 1208//168 1209//168 1210//168
f 1218//177 1219//177 1220//177
f 1228//177 1229//177 1230//177
f 1238//177 1239//177 1240//177
f 1248//177 1249//177 1250//177
f 1258//177 1259//177 1260//177
f 1268//177 1269//177 1270//177
f 1278//177 1279//177 1280//177
f 1288//177 1289//177 1290//177
f 1298//177 1299//177 1300//177
f 1308//177 1309//177 1310//177
f 1318//177 1319//177 1320//177
f 1328//177 1329//177 1330//177
f 1338//177 1339//177 1340//177
f 1348//177 1349//177 1350//177
f 1358//177 1359//177 1360//177
usemtl Hedgehog_tip
f 502//117 506//117 503//117
f 503//118 506//118 504//118
f 503//114 505//114 502//114
f 504//119 506//119 505//119
f 505//120 506//120 502//120
f 512//117 516//117 513//117
f 513//118 516//118 514//118
f 513//114 515//114 512//114
f 514//119 516//119 515//119
f 515//120 516//120 512//120
f 522//117 526//117 523//117
f 523//118 526//118 524//118
f 523//114 525//114 522//114
f 524//119 526//119 525//119
f 525//120 526//120 522//120
f 532//117 536//117 533//117
f 533//118 536//118 534//118
f 533//114 535//114 532//114
f 534//119 536//119 535//119
f 535//120 536//120 532//120
f 542//117 546//117 543//117
f 543//118 546//118 544//118
f 543//114 545//114 542//114
f 544//119 546//119 545//119
f 545//120 546//120 542//120
f 552//117 556//117 553//117
f 553//118 556//118 554//118
f 553//114 555//114 552//114
f 554//119 556//119 555//119
f 555//120 556//120 552//120
f 562//117 566//117 563//117
f 563//118 566//118 564//118
f 563//114 565//114 562//114
f 564//119 566//119 565//119
f 565//120 566//120 562//120
f 572//117 576//117 573//117
f 573//118 576//118 574//118
f 573//114 575//114 572//114
f 574//119 576//119 575//119
f 575//120 576//120 572//120
f 582//117 586//117 583//117
f 583//118 586//118 584//118
f 583//114 585//114 582//114
f 584//119 586//119 585//119
f 585//120 586//120 582//120
f 592//117 596//117 593//117
f 593//118 596//118 594//118
f 593//114 595//114 592//114
f 594//119 596//119 595//119
f 595//120 596//120 592//120
f 602//117 606//117 603//117
f 603//118 606//118 604//118
f 603//114 605//114 602//114
f 604//119 606//119 605//119
f 605//120 606//120 602//120
f 612//117 616//117 613//117
f 613//118 616//118 614//118
f 613//114 615//114 612//114
f 614//119 616//119 615//119
f 615//120 616//120 612//120
f 622//117 626//117 623//117
f 623//118 626//118 624//118
f 623//114 625//114 622//114
f 624//119 626//119 625//119
f 625//120 626//120 622//120
f 632//117 636//117 633//117
f 633//118 636//118 634//118
f 633//114 635//114 632//114
f 634//119 636//119 635//119
f 635//120 636//120 632//120
f 642//117 646//117 643//117
f 643//118 646//118 644//118
f 643//114 645//114 642//114
f 644//119 646//119 645//119
f 645//120 646//120 642//120
f 652//117 656//117 653//117
f 653//118 656//118 654//118
f 653//114 655//114 652//114
f 654//119 656//119 655//119
f 655//120 656//120 652//120
f 662//117 666//117 663//117
f 663//118 666//118 664//118
f 663//114 665//114 662//114
f 664//119 666//119 665//119
f 665//120 666//120 662//120
f 672//117 676//117 673//117
f 673//118 676//118 674//118
f 673//114 675//114 672//114
f 674//119 676//119 675//119
f 675//120 676//120 672//120
f 682//117 686//117 683//117
f 683//118 686//118 684//118
f 683//114 685//114 682//114
f 684//119 686//119 685//119
f 685//120 686//120 682//120
f 692//117 696//117 693//117
f 693//118 696//118 694//118
f 693//114 695//114 692//114
f 694//119 696//119 695//119
f 695//120 696//120 692//120
f 702//117 706//117 703//117
f 703//118 706//118 704//118
f 703//114 705//114 702//114
f 704//119 706//119 705//119
f 705//120 706//120 702//120
f 712//117 716//117 713//117
f 713//118 716//118 714//118
f 713//114 715//114 712//114
f 714//119 716//119 715//119
f 715//120 716//120 712//120
f 722//117 726//117 723//117
f 723//118 726//118 724//118
f 723//114 725//114 722//114
f 724//119 726//119 725//119
f 725//120 726//120 722//120
f 732//117 736//117 733//117
f 733//118 736//118 734//118
f 733//114 735//114 732//114
f 734//119 736//119 735//119
f 735//120 736//120 732//120
f 742//117 746//117 743//117
f 743//118 746//118 744//118
f 743//114 745//114 742//114
f 744//119 746//119 745//119
f 745//120 746//120 742//120
f 752//117 756//117 753//117
f 753//118 756//118 754//118
f 753//114 755//114 752//114
f 754//119 756//119 755//119
f 755//120 756//120 752//120
f 762//117 766//117 763//117
f 763//118 766//118 764//118
f 763//114 765//114 762//114
f 764//119 766//119 765//119
f 765//120 766//120 762//120
f 772//117 776//117 773//117
f 773//118 776//118 774//118
f 773//114 775//114 772//114
f 774//119 776//119 775//119
f 775//120 776//120 772//120
f 782//117 786//117 783//117
f 783//118 786//118 784//118
f 783//114 785//114 782//114
f 784//119 786//119 785//119
f 785//120 786//120 782//120
f 792//117 796//117 793//117
f 793//118 796//118 794//118
f 793//114 795//114 792//114
f 794//119 796//119 795//119
f 795//120 796//120 792//120
f 802//117 806//117 803//117
f 803//118 806//118 804//118
f 803//114 805//114 802//114
f 804//119 806//119 805//119
f 805//120 806//120 802//120
f 812//117 816//117 813//117
f 813//118 816//118 814//118
f 813//114 815//114 812//114
f 814//119 816//119 815//119
f 815//120 816//120 812//120
f 822//117 826//117 823//117
f 823//118 826//118 824//118
f 823//114 825//114 822//114
f 824//119 826//119 825//119
f 825//120 826//120 822//120
f 832//117 836//117 833//117
f 833//118 836//118 834//118
f 833//114 835//114 832//114
f 834//119 836//119 835//119
f 835//120 836//120 832//120
f 842//117 846//117 843//117
f 843//118 846//118 844//118
f 843//114 845//114 842//114
f 844//119 846//119 845//119
f 845//120 846//120 842//120
f 852//117 856//117 853//117
f 853//118 856//118 854//118
f 853//114 855//114 852//114
f 854//119 856//119 855//119
f 855//120 856//120 852//120
f 862//126 866//126 863//126
f 863//127 866//127 864//127
f 862//123 864//123 865//123
f 864//128 866//128 865//128
f 865//129 866//129 862//129
f 872//135 876//135 873//135
f 873//136 876//136 874//136
f 873//132 875//132 872//132
f 874//137 876//137 875//137
f 875//138 876//138 872//138
f 882//144 886//144 883//144
f 883//145 886//145 884//145
f 883//141 885//141 882//141
f 884//146 886//146 885//146
f 885//147 886//147 882//147
f 892//126 896//126 893//126
f 893//127 896//127 894//127
f 892//123 894//123 895//123
f 894//128 896//128 895//128
f 895//129 896//129 892//129
f 902//135 906//135 903//135
f 903//136 906//136 904//136
f 903//132 905//132 902//132
f 904//137 906//137 905//137
f 905//138 906//138 902//138
f 912//144 916//144 913//144
f 913//145 916//145 914//145
f 913//141 915//141 912//141
f 914//146 916//146 915//146
f 915//147 916//147 912//147
f 922//126 926//126 923//126
f 923//127 926//127 924//127
f 922//123 924//123 925//123
f 924//128 926//128 925//128
f 925//129 926//129 922//129
f 932//135 936//135 933//135
f 933//136 936//136 934//136
f 933//132 935//132 932//132
f 934//137 936//137 935//137
f 935//138 936//138 932//138
f 942//144 946//144 943//144
f 943//145 946//145 944//145
f 943//141 945//141 942//141
f 944//146 946//146 945//146
f 945//147 946//147 942//147
f 952//126 956//126 953//126
f 953//127 956//127 954//127
f 952//123 954//123 955//123
f 954//128 956//128 955//128
f 955//129 956//129 952//129
f 962//135 966//135 963//135
f 963//136 966//136 964//136
f 963//132 965//132 962//132
f 964//137 966//137 965//137
f 965//138 966//138 962//138
f 972//144 976//144 973//144
f 973//145 976//145 974//145
f 972//141 974//141 975//141
f 974//146 976//146 975//146
f 975//147 976//147 972//147
f 982//126 986//126 983//126
f 983//127 986//127 984//127
f 982//123 984//123 985//123
f 984//128 986//128 985//128
f 985//129 986//129 982//129
f 992//135 996//135 993//135
f 993//136 996//136 994//136
f 993//132 995//132 992//132
f 994//137 996//137 995//137
f 995//138 996//138 992//138
f 1002//144 1006//144 1003//144
f 1003//145 1006//145 1004//145
f 1003//141 1005//141 1002//141
f 1004//146 1006//146 1005//146
f 1005//147 1006//147 1002//147
f 1012//126 1016//126 1013//126
f 1013//127 1016//127 1014//127
f 1013//123 1015//123 1012//123
f 1014//128 1016//128 1015//128
f 1015//129 1016//129 1012//129
f 1022//135 1026//135 1023//135
f 1023//136 1026//136 1024//136
f 1023//132 1025//132 1022//132
f 1024//137 1026//137 1025//137
f 1025//138 1026//138 1022//138
f 1032//144 1036//144 1033//144
f 1033//145 1036//145 1034//145
f 1032//141 1034//141 1035//141
f 1034//146 1036//146 1035//146
f 1035//147 1036//147 1032//147
f 1042//153 1046//153 1043//153
f 1043//154 1046//154 1044//154
f 1043//150 1045//150 1042//150
f 1044//155 1046//155 1045//155
f 1045//156 1046//156 1042//156
f 1052//162 1056//162 1053//162
f 1053//163 1056//163 1054//163
f 1053//159 1055//159 1052//159
f 1054//164 1056//164 1055//164
f 1055//165 1056//165 1052//165
f 1062//171 1066//171 1063//171
f 1063//172 1066//172 1064//172
f 1063//168 1065//168 1062//168
f 1064//173 1066//173 1065//173
f 1065//174 1066//174 1062//174
f 1072//153 1076//153 1073//153
f 1073//154 1076//154 1074//154
f 1073//150 1075//150 1072//150
f 1074//155 1076//155 1075//155
f 1075//156 1076//156 1072//156
f 1082//162 1086//162 1083//162
f 1083//163 1086//163 1084//163
f 1083//159 1085//159 1082//159
f 1084//164 1086//164 1085//164
f 1085//165 1086//165 1082//165
f 1092//171 1096//171 1093//171
f 1093//172 1096//172 1094//172
f 1093//168 1095//168 1092//168
f 1094//173 1096//173 1095//173
f 1095//174 1096//174 1092//174
f 1102//153 1106//153 1103//153
f 1103//154 1106//154 1104//154
f 1103//150 1105//150 1102//150
f 1104//155 1106//155 1105//155
f 1105//156 1106//156 1102//156
f 1112//162 1116//162 1113//162
f 1113//163 1116//163 1114//163
f 1113//159 1115//159 1112//159
f 1114//164 1116//164 1115//164
f 1115//165 1116//165 1112//165
f 1122//171 1126//171 1123//171
f 1123//172 1126//172 1124//172
f 1123//168 1125//168 1122//168
f 1124//173 1126//173 1125//173
f 1125//174 1126//174 1122//174
f 1132//153 1136//153 1133//153
f 1133//154 1136//154 1134//154
f 1133//150 1135//150 1132//150
f 1134//155 1136//155 1135//155
f 1135//156 1136//156 1132//156
f 1142//162 1146//162 1143//162
f 1143//163 1146//163 1144//163
f 1143//159 1145//159 1142//159
f 1144//164 1146//164 1145//164
f 1145//165 1146//165 1142//165
f 1152//171 1156//171 1153//171
f 1153//172 1156//172 1154//172
f 1153//168 1155//168 1152//168
f 1154//173 1156//173 1155//173
f 1155//174 1156//174 1152//174
f 1162//153 1166//153 1163//153
f 1163//154 1166//154 1164//154
f 1163//150 1165//150 1162//150
f 1164//155 1166//155 1165//155
f 1165//156 1166//156 1162//156
f 1172//162 1176//162 1173//162
f 1173//163 1176//163 1174//163
f 1173//159 1175//159 1172//159
f 1174//164 1176//164 1175//164
f 1175//165 1176//165 1172//165
f 1182//171 1186//171 1183//171
f 1183//172 1186//172 1184//172
f 1183//168 1185//168 1182//168
f 1184//173 1186//173 1185//173
f 1185//174 1186//174 1182//174
f 1192//153 1196//153 1193//153
f 1193//154 1196//154 1194//154
f 1193//150 1195//150 1192//150
f 1194//155 1196//155 1195//155
f 1195//156 1196//156 1192//156
f 1202//162 1206//162 1203//162
f 1203//163 1206//163 1204//163
f 1203//159 1205//159 1202//159
f 1204//164 1206//164 1205//164
f 1205//165 1206//165 1202//165
f 1212//171 1216//171 1213//171
f 1213//172 1216//172 1214//172
f 1213//168 1215//168 1212//168
f 1214//173 1216//173 1215//173
f 1215//174 1216//174 1212//174
f 1222//180 1226//180 1223//180
f 1223//181 1226//181 1224//181
f 1223//177 1225//177 1222//177
f 1224//182 1226//182 1225//182
f 1225//183 1226//183 1222//183
f 1232//180 1236//180 1233//180
f 1233//181 1236//181 1234//181
f 1233//177 1235//177 1232//177
f 1234//182 1236//182 1235//182
f 1235//183 1236//183 1232//183
f 1242//180 1246//180 1243//180
f 1243//181 1246//181 1244//181
f 1243//177 1245//177 1242//177
f 1244//182 1246//182 1245//182
f 1245//183 1246//183 1242//183
f 1252//180 1256//180 1253//180
f 1253//181 1256//181 1254//181
f 1253//177 1255//177 1252//177
f 1254//182 1256//182 1255//182
f 1255//183 1256//183 1252//183
f 1262//180 1266//180 1263//180
f 1263//181 1266//181 1264//181
f 1263//177 1265//177 1262//177
f 1264//182 1266//182 1265//182
f 1265//183 1266//183 1262//183
f 1272//180 1276//180 1273//180
f 1273//181 1276//181 1274//181
f 1273//177 1275//177 1272//177
f 1274//182 1276//182 1275//182
f 1275//183 1276//183 1272//183
f 1282//180 1286//180 1283//180
f 1283//181 1286//181 1284//181
f 1283//177 1285//177 1282//177
f 1284//182 1286//182 1285//182
f 1285//183 1286//183 1282//183
f 1292//180 1296//180 1293//180
f 1293//181 1296//181 1294//181
f 1293//177 1295//177 1292//177
f 1294//182 1296//182 1295//182
f 1295//183 1296//183 1292//183
f 1302//180 1306//180 1303//180
f 1303//181 1306//181 1304//181
f 1303//177 1305//177 1302//177
f 1304//182 1306//182 1305//182
f 1305//183 1306//183 1302//183
f 1312//180 1316//180 1313//180
f 1313//181 1316//181 1314//181
f 1313//177 1315//177 1312//177
f 1314//182 1316//182 1315//182
f 1315//183 1316//183 1312//183
f 1322//180 1326//180 1323//180
f 1323//181 1326//181 1324//181
f 1323//177 1325//177 1322//177
f 1324//182 1326//182 1325//182
f 1325//183 1326//183 1322//183
f 1332//180 1336//180 1333//180
f 1333//181 1336//181 1334//181
f 1333//177 1335//177 1332//177
f 1334//182 1336//182 1335//182
f 1335//183 1336//183 1332//183
f 1342//180 1346//180 1343//180
f 1343//181 1346//181 1344//181
f 1343//177 1345//177 1342//177
f 1344//182 1346//182 1345//182
f 1345//183 1346//183 1342//183
f 1352//180 1356//180 1353//180
f 1353//181 1356//181 1354//181
f 1353//177 1355//177 1352//177
f 1354//182 1356//182 1355//182
f 1355//183 1356//183 1352//183
f 1362//180 1366//180 1363//180
f 1363//181 1366//181 1364//181
f 1363//177 1365//177 1362//177
f 1364//182 1366//182 1365//182
f 1365//183 1366//183 1362//183
f 503//114 504//114 505//114
f 513//114 514//114 515//114
f 523//114 524//114 525//114
f 533//114 534//114 535//114
f 543//114 544//114 545//114
f 553//114 554//114 555//114
f 563//114 564//114 565//114
f 573//114 574//114 575//114
f 583//114 584//114 585//114
f 593//114 594//114 595//114
f 603//114 604//114 605//114
f 613//114 614//114 615//114
f 623//114 624//114 625//114
f 633//114 634//114 635//114
f 643//114 644//114 645//114
f 653//114 654//114 655//114
f 663//114 664//114 665//114
f 673//114 674//114 675//114
f 683//114 684//114 685//114
f 693//114 694//114 695//114
f 703//114 704//114 705//114
f 713//114 714//114 715//114
f 723//114 724//114 725//114
f 733//114 734//114 735//114
f 743//114 744//114 745//114
f 753//114 754//114 755//114
f 763//114 764//114 765//114
f 773//114 774//114 775//114
f 783//114 784//114 785//114
f 793//114 794//114 795//114
f 803//114 804//114 805//114
f 813//114 814//114 815//114
f 823//114 824//114 825//114
f 833//114 834//114 835//114
f 843//114 844//114 845//114
f 853//114 854//114 855//114
f 862//123 863//123 864//123
f 873//132 874//132 875//132
f 883//141 884//141 885//141
f 892//123 893//123 894//123
f 903//132 904//132 905//132
f 913//141 914//141 915//141
f 922//123 923//123 924//123
f 933//132 934//132 935//132
f 943//141 944//141 945//141
f 952//123 953//123 954//123
f 963//132 964//132 965//132
f 972//141 973//141 974//141
f 982//123 983//123 984//123
f 993//132 994//132 995//132
f 1003//141 1004//141 1005//141
f 1013//123 1014//123 1015//123
f 1023//132 1024//132 1025//132
f 1032//141 1033//141 1034//141
f 1043//150 1044//150 1045//150
f 1053//159 1054//159 1055//159
f 1063//168 1064//168 1065//168
f 1073//150 1074//150 1075//150
f 1083//159 1084//159 1085//159
f 1093//168 1094//168 1095//168
f 1103//150 1104//150 1105//150
f 1113//159 1114//159 1115//159
f 1123//168 1124//168 1125//168
f 1133//150 1134//150 1135//150
f 1143//159 1144//159 1145//159
f 1153//168 1154//168 1155//168
f 1163//150 1164//150 1165//150
f 1173//159 1174//159 1175//159
f 1183//168 1184//168 1185//168
f 1193//150 1194//150 1195//150
f 1203//159 1204//159 1205//159
f 1213//168 1214//168 1215//168
f 1223//177 1224//177 1225//177
f 1233//177 1234//177 1235//177
f 1243//177 1244//177 1245//177
f 1253//177 1254//177 1255//177
f 1263//177 1264//177 1265//177
f 1273//177 1274//177 1275//177
f 1283//177 1284//177 1285//177
f 1293//177 1294//177 1295//177
f 1303//177 1304//177 1305//177
f 1313//177 1314//177 1315//177
f 1323//177 1324//177 1325//177
f 1333//177 1334//177 1335//177
f 1343//177 1344//177 1345//177
f 1353//177 1354//177 1355//177
f 1363//177 1364//177 1365//177
usemtl Hedgehog_face
f 73//59 74//59 75//59
f 76//60 77//60 78//60
f 79//3 80//3 81//3
f 82//54 83//54 84//54
f 85//61 86//61 87//61
f 88//62 89//62 90//62
f 91//57 92//57 93//57
f 94//63 95//63 96//63
f 73//9 80//9 79//9
f 76//10 75//10 74//10
f 82//11 78//11 77//11
f 81//12 84//12 83//12
f 79//13 92//13 91//13
f 94//14 83//14 82//14
f 93//15 96//15 95//15
f 91//16 86//16 85//16
f 88//17 95//17 94//17
f 87//18 90//18 89//18
f 85//19 74//19 73//19
f 77//20 89//20 88//20
f 91//21 73//21 79//21
f 78//22 80//22 75//22
f 89//23 74//23 87//23
f 82//24 88//24 94//24
f 83//25 92//25 81//25
f 95//26 86//26 93//26
f 97//64 98//64 99//64
f 100//65 101//65 102//65
f 103//66 104//66 105//66
f 106//67 107//67 108//67
f 109//68 110//68 111//68
f 112//69 113//69 114//69
f 115//70 116//70 117//70
f 118//71 119//71 120//71
f 97//72 104//72 103//72
f 100//73 99//73 98//73
f 101//74 108//74 102//74
f 107//75 104//75 108//75
f 115//76 105//76 116//76
f 118//77 107//77 106//77
f 117//78 120//78 119//78
f 115//79 110//79 109//79
f 112//80 119//80 118//80
f 113//81 110//81 114//81
f 109//82 98//82 97//82
f 101//83 113//83 112//83
f 115//21 97//21 103//21
f 99//84 108//84 104//84
f 111//85 100//85 98//85
f 106//24 112//24 118//24
f 107//86 116//86 105//86
f 119//87 110//87 117//87
f 281//59 282//59 283//59
f 284//60 285//60 286//60
f 287//98 288//98 289//98
f 290//99 291//99 292//99
f 293//61 294//61 295//61
f 296//100 297//100 298//100
f 299//7 300//7 301//7
f 302//101 303//101 304//101
f 281//9 288//9 287//9
f 284//10 283//10 282//10
f 290//11 286//11 285//11
f 289//12 292//12 291//12
f 287//13 300//13 299//13
f 302//14 291//14 290//14
f 301//15 304//15 303//15
f 299//16 294//16 293//16
f 296//17 303//17 302//17
f 295//18 298//18 297//18
f 293//19 282//19 281//19
f 285//20 297//20 296//20
f 299//21 281//21 287//21
f 286//22 288//22 283//22
f 297//23 282//23 295//23
f 290//24 296//24 302//24
f 291//25 300//25 289//25
f 303//26 294//26 301//26
f 329//88 330//88 331//88
f 332//102 333//102 334//102
f 335//103 336//103 337//103
f 338//104 339//104 340//104
f 341//5 342//5 343//5
f 344//6 345//6 346//6
f 347//105 348//105 349//105
f 350//97 351//97 352//97
f 329//9 336//9 335//9
f 332//10 331//10 330//10
f 338//11 334//11 333//11
f 337//12 340//12 339//12
f 335//13 348//13 347//13
f 350//14 339//14 338//14
f 349//15 352//15 351//15
f 347//16 342//16 341//16
f 344//17 351//17 350//17
f 343//18 346//18 345//18
f 341//19 330//19 329//19
f 333//20 345//20 344//20
f 347//21 329//21 335//21
f 334//22 336//22 331//22
f 345//23 330//23 343//23
f 338//24 344//24 350//24
f 339//25 348//25 337//25
f 351//26 342//26 349//26
f 353//106 354//106 355//106
f 356//2 357//2 358//2
f 359//3 360//3 361//3
f 362//54 363//54 364//54
f 365//5 366//5 367//5
f 368//6 369//6 370//6
f 371//107 372//107 373//107
f 374//108 375//108 376//108
f 353//9 360//9 359//9
f 356//10 355//10 354//10
f 362//11 358//11 357//11
f 361//12 364//12 363//12
f 359//13 372//13 371//13
f 374//14 363//14 362//14
f 373//15 376//15 375//15
f 371//16 366//16 365//16
f 368//17 375//17 374//17
f 367//18 370//18 369//18
f 365//19 354//19 353//19
f 357//20 369//20 368//20
f 371//21 353//21 359//21
f 358//22 360//22 355//22
f 369//23 354//23 367//23
f 362//24 368//24 374//24
f 363//25 372//25 361//25
f 375//26 366//26 373//26
f 401//59 402//59 403//59
f 404//110 405//110 406//110
f 407//3 408//3 409//3
f 410//99 411//99 412//99
f 413//61 414//61 415//61
f 416//62 417//62 418//62
f 419//107 420//107 421//107
f 422//101 423//101 424//101
f 401//9 408//9 407//9
f 404//10 403//10 402//10
f 410//11 406//11 405//11
f 409//12 412//12 411//12
f 407//13 420//13 419//13
f 422//14 411//14 410//14
f 421//15 424//15 423//15
f 419//16 414//16 413//16
f 416//17 423//17 422//17
f 415//18 418//18 417//18
f 413//19 402//19 401//19
f 405//20 417//20 416//20
f 419//21 401//21 407//21
f 406//22 408//22 403//22
f 417//23 402//23 415//23
f 410//24 416//24 422//24
f 411//25 420//25 409//25
f 423//26 414//26 421//26
f 449//1 450//1 451//1
f 452//2 453//2 454//2
f 455//103 456//103 457//103
f 458//54 459//54 460//54
f 461//91 462//91 463//91
f 464//95 465//95 466//95
f 467//96 468//96 469//96
f 470//97 471//97 472//97
f 449//9 456//9 455//9
f 452//10 451//10 450//10
f 458//11 454//11 453//11
f 457//12 460//12 459//12
f 455//13 468//13 467//13
f 470//14 459//14 458//14
f 469//15 472//15 471//15
f 467//16 462//16 461//16
f 464//17 471//17 470//17
f 463//18 466//18 465//18
f 461//19 450//19 449//19
f 453//20 465//20 464//20
f 467//21 449//21 455//21
f 454//22 456//22 451//22
f 465//23 450//23 463//23
f 458//24 464//24 470//24
f 459//25 468//25 457//25
f 471//26 462//26 469//26
f 473//1 474//1 475//1
f 476//2 477//2 478//2
f 479//98 480//98 481//98
f 482//111 483//111 484//111
f 485//5 486//5 487//5
f 488//6 489//6 490//6
f 491//57 492//57 493//57
f 494//58 495//58 496//58
f 473//9 480//9 479//9
f 476//10 475//10 474//10
f 482//11 478//11 477//11
f 481//12 484//12 483//12
f 479//13 492//13 491//13
f 494//14 483//14 482//14
f 493//15 496//15 495//15
f 491//16 486//16 485//16
f 488//17 495//17 494//17
f 487//18 490//18 489//18
f 485//19 474//19 473//19
f 477//20 489//20 488//20
f 491//21 473//21 479//21
f 478//22 480//22 475//22
f 489//23 474//23 487//23
f 482//24 488//24 494//24
f 483//25 492//25 481//25
f 495//26 486//26 493//26
f 73//9 75//9 80//9
f 76//10 78//10 75//10
f 82//11 84//11 78//11
f 81//12 80//12 84//12
f 79//13 81//13 92//13
f 94//14 96//14 83//14
f 93//15 92//15 96//15
f 91//16 93//16 86//16
f 88//17 90//17 95//17
f 87//18 86//18 90//18
f 85//19 87//19 74//19
f 77//20 76//20 89//20
f 91//21 85//21 73//21
f 78//22 84//22 80//22
f 89//23 76//23 74//23
f 82//24 77//24 88//24
f 83//25 96//25 92//25
f 95//26 90//26 86//26
f 97//72 99//72 104//72
f 100//73 102//73 99//73
f 101//74 106//74 108//74
f 107//75 105//75 104//75
f 115//76 103//76 105//76
f 118//185 120//185 107//185
f 117//78 116//78 120//78
f 115//79 117//79 110//79
f 112//80 114//80 119//80
f 113//81 111//81 110//81
f 109//82 111//82 98//82
f 101//83 100//83 113//83
f 115//21 109//21 97//21
f 99//84 102//84 108//84
f 111//85 113//85 100//85
f 106//24 101//24 112//24
f 107//86 120//86 116//86
f 119//87 114//87 110//87
f 281//9 283//9 288//9
f 284//10 286//10 283//10
f 290//11 292//11 286//11
f 289//12 288//12 292//12
f 287//13 289//13 300//13
f 302//14 304//14 291//14
f 301//15 300//15 304//15
f 299//16 301//16 294//16
f 296//17 298//17 303//17
f 295//18 294//18 298//18
f 293//19 295//19 282//19
f 285//20 284//20 297//20
f 299//21 293//21 281//21
f 286//22 292//22 288//22
f 297//23 284//23 282//23
f 290//24 285//24 296//24
f 291//25 304//25 300//25
f 303//26 298//26 294//26
f 329//9 331//9 336//9
f 332//10 334//10 331//10
f 338//11 340//11 334//11
f 337//12 336//12 340//12
f 335//13 337//13 348//13
f 350//14 352//14 339//14
f 349//15 348//15 352//15
f 347//16 349//16 342//16
f 344//17 346//17 351//17
f 343//18 342//18 346//18
f 341//19 343//19 330//19
f 333//20 332//20 345//20
f 347//21 341//21 329//21
f 334//22 340//22 336//22
f 345//23 332//23 330//23
f 338//24 333//24 344//24
f 339//25 352//25 348//25
f 351//26 346//26 342//26
f 353//9 355//9 360//9
f 356//10 358//10 355//10
f 362//11 364//11 358//11
f 361//12 360//12 364//12
f 359//13 361//13 372//13
f 374//14 376//14 363//14
f 373//15 372//15 376//15
f 371//16 373//16 366//16
f 368//17 370//17 375//17
f 367//18 366//18 370//18
f 365//19 367//19 354//19
f 357//20 356//20 369//20
f 371//21 365//21 353//21
f 358//22 364//22 360//22
f 369//23 356//23 354//23
f 362//24 357//24 368//24
f 363//25 376//25 372//25
f 375//26 370//26 366//26
f 401//9 403//9 408//9
f 404//10 406//10 403//10
f 410//11 412//11 406//11
f 409//12 408//12 412//12
f 407//13 409//13 420//13
f 422//14 424//14 411//14
f 421//15 420//15 424//15
f 419//16 421//16 414//16
f 416//17 418//17 423//17
f 415//18 414//18 418//18
f 413//19 415//19 402//19
f 405//20 404//20 417//20
f 419//21 413//21 401//21
f 406//22 412//22 408//22
f 417//23 404//23 402//23
f 410//24 405//24 416//24
f 411//25 424//25 420//25
f 423//26 418//26 414//26
f 449//9 451//9 456//9
f 452//10 454//10 451//10
f 458//11 460//11 454//11
f 457//12 456//12 460//12
f 455//13 457//13 468//13
f 470//14 472//14 459//14
f 469//15 468//15 472//15
f 467//16 469//16 462//16
f 464//17 466//17 471//17
f 463//18 462//18 466//18
f 461//19 463//19 450//19
f 453//20 452//20 465//20
f 467//21 461//21 449//21
f 454//22 460//22 456//22
f 465//23 452//23 450//23
f 458//24 453//24 464//24
f 459//25 472//25 468//25
f 471//26 466//26 462//26
f 473//9 475//9 480//9
f 476//10 478//10 475//10
f 482//11 484//11 478//11
f 481//12 480//12 484//12
f 479//13 481//13 492//13
f 494//14 496//14 483//14
f 493//15 492//15 496//15
f 491//16 493//16 486//16
f 488//17 490//17 495//17
f 487//18 486//18 490//18
f 485//19 487//19 474//19
f 477//20 476//20 489//20
f 491//21 485//21 473//21
f 478//22 484//22 480//22
f 489//23 476//23 474//23
f 482//24 477//24 488//24
f 483//25 496//25 492//25
f 495//26 490//26 486//26
usemtl Hedgehog_belly
f 49//51 50//51 51//51
f 52//52 53//52 54//52
f 55//53 56//53 57//53
f 58//54 59//54 60//54
f 61//55 62//55 63//55
f 64//56 65//56 66//56
f 67//57 68//57 69//57
f 70//58 71//58 72//58
f 49//9 56//9 55//9
f 52//10 51//10 50//10
f 58//11 54//11 53//11
f 57//12 60//12 59//12
f 55//13 68//13 67//13
f 70//14 59//14 58//14
f 69//15 72//15 71//15
f 67//16 62//16 61//16
f 64//17 71//17 70//17
f 63//18 66//18 65//18
f 61//19 50//19 49//19
f 53//20 65//20 64//20
f 67//21 49//21 55//21
f 54//22 56//22 51//22
f 65//23 50//23 63//23
f 58//24 64//24 70//24
f 59//25 68//25 57//25
f 71//26 62//26 69//26
f 49//9 51//9 56//9
f 52//10 54//10 51//10
f 58//11 60//11 54//11
f 57//12 56//12 60//12
f 55//13 57//13 68//13
f 70//14 72//14 59//14
f 69//15 68//15 72//15
f 67//16 69//16 62//16
f 64//17 66//17 71//17
f 63//18 62//18 66//18
f 61//19 63//19 50//19
f 53//20 52//20 65//20
f 67//21 61//21 49//21
f 54//22 60//22 56//22
f 65//23 52//23 50//23
f 58//24 53//24 64//24
f 59//25 72//25 68//25
f 71//26 66//26 62//26
