# Blender 5.2.1 LTS
# www.blender.org
mtllib Python_Revolver.mtl
o Python_Revolver
v -0.260000 0.029995 2.193572
v -0.260000 0.079995 2.243572
v -0.310000 0.079995 2.193572
v -0.260000 0.044640 2.228927
v -0.288868 0.051128 2.222440
v -0.295355 0.079995 2.228927
v -0.295355 0.044640 2.193572
v -0.260000 1.379995 2.243572
v -0.260000 1.429995 2.193572
v -0.310000 1.379995 2.193572
v -0.260000 1.415350 2.228927
v -0.288868 1.408863 2.222440
v -0.295355 1.415350 2.193572
v -0.295355 1.379995 2.228927
v -0.260000 0.029995 0.793572
v -0.310000 0.079995 0.793572
v -0.260000 0.079995 0.743572
v -0.295355 0.044640 0.793572
v -0.288868 0.051128 0.764704
v -0.295355 0.079995 0.758217
v -0.260000 0.044640 0.758217
v -0.260000 1.429995 0.793572
v -0.260000 1.379995 0.743572
v -0.310000 1.379995 0.793572
v -0.260000 1.415350 0.758217
v -0.288868 1.408863 0.764704
v -0.295355 1.379995 0.758217
v -0.295355 1.415350 0.793572
v 0.260000 0.029995 2.193572
v 0.310000 0.079995 2.193572
v 0.260000 0.079995 2.243572
v 0.295355 0.044640 2.193572
v 0.288868 0.051128 2.222440
v 0.295355 0.079995 2.228927
v 0.260000 0.044640 2.228927
v 0.260000 1.429995 2.193572
v 0.260000 1.379995 2.243572
v 0.310000 1.379995 2.193572
v 0.260000 1.415350 2.228927
v 0.288868 1.408863 2.222440
v 0.295355 1.379995 2.228927
v 0.295355 1.415350 2.193572
v 0.260000 0.029995 0.793572
v 0.260000 0.079995 0.743572
v 0.310000 0.079995 0.793572
v 0.260000 0.044640 0.758217
v 0.288868 0.051128 0.764704
v 0.295355 0.079995 0.758217
v 0.295355 0.044640 0.793572
v 0.260000 1.429995 0.793572
v 0.310000 1.379995 0.793572
v 0.260000 1.379995 0.743572
v 0.295355 1.415350 0.793572
v 0.288868 1.408863 0.764704
v 0.295355 1.379995 0.758217
v 0.260000 1.415350 0.758217
v -0.250000 1.179995 2.193572
v -0.250000 1.229995 2.243572
v -0.300000 1.229995 2.193572
v -0.250000 1.194640 2.228927
v -0.278868 1.201128 2.222440
v -0.285355 1.229995 2.228927
v -0.285355 1.194640 2.193572
v -0.250000 1.429995 2.243572
v -0.250000 1.479995 2.193572
v -0.300000 1.429995 2.193572
v -0.250000 1.465350 2.228927
v -0.278868 1.458863 2.222440
v -0.285355 1.465350 2.193572
v -0.285355 1.429995 2.228927
v -0.250000 1.179995 -0.706428
v -0.300000 1.229995 -0.706428
v -0.250000 1.229995 -0.756428
v -0.285355 1.194640 -0.706428
v -0.278868 1.201128 -0.735296
v -0.285355 1.229995 -0.741783
v -0.250000 1.194640 -0.741783
v -0.250000 1.479995 -0.706428
v -0.250000 1.429995 -0.756428
v -0.300000 1.429995 -0.706428
v -0.250000 1.465350 -0.741783
v -0.278868 1.458863 -0.735296
v -0.285355 1.429995 -0.741783
v -0.285355 1.465350 -0.706428
v 0.250000 1.179995 2.193572
v 0.300000 1.229995 2.193572
v 0.250000 1.229995 2.243572
v 0.285355 1.194640 2.193572
v 0.278868 1.201128 2.222440
v 0.285355 1.229995 2.228927
v 0.250000 1.194640 2.228927
v 0.250000 1.479995 2.193572
v 0.250000 1.429995 2.243572
v 0.300000 1.429995 2.193572
v 0.250000 1.465350 2.228927
v 0.278868 1.458863 2.222440
v 0.285355 1.429995 2.228927
v 0.285355 1.465350 2.193572
v 0.250000 1.179995 -0.706428
v 0.250000 1.229995 -0.756428
v 0.300000 1.229995 -0.706428
v 0.250000 1.194640 -0.741783
v 0.278868 1.201128 -0.735296
v 0.285355 1.229995 -0.741783
v 0.285355 1.194640 -0.706428
v 0.250000 1.479995 -0.706428
v 0.300000 1.429995 -0.706428
v 0.250000 1.429995 -0.756428
v 0.285355 1.465350 -0.706428
v 0.278868 1.458863 -0.735296
v 0.285355 1.429995 -0.741783
v 0.250000 1.465350 -0.741783
v 0.000000 1.409753 -0.556428
v 0.000000 1.459995 -0.506428
v 0.000000 1.445279 -0.541783
v 0.000000 1.409753 0.743572
v 0.000000 1.459995 0.693572
v 0.000000 1.445279 0.728927
v 0.142369 1.395731 -0.556428
v 0.152170 1.445008 -0.506428
v 0.149300 1.430575 -0.541783
v 0.142369 1.395731 0.743572
v 0.152170 1.445008 0.693572
v 0.149300 1.430575 0.728927
v 0.279266 1.354203 -0.556428
v 0.298493 1.400621 -0.506428
v 0.292862 1.387026 -0.541784
v 0.279266 1.354203 0.743572
v 0.298493 1.400621 0.693572
v 0.292862 1.387026 0.728927
v 0.405432 1.286767 -0.556428
v 0.433345 1.328541 -0.506428
v 0.425169 1.316306 -0.541783
v 0.405432 1.286767 0.743572
v 0.433345 1.328541 0.693572
v 0.425169 1.316306 0.728927
v 0.516017 1.196012 -0.556428
v 0.551543 1.231538 -0.506428
v 0.541138 1.221133 -0.541784
v 0.516017 1.196012 0.743572
v 0.551543 1.231538 0.693572
v 0.541138 1.221133 0.728927
v 0.606772 1.085427 -0.556428
v 0.648546 1.113340 -0.506428
v 0.636311 1.105164 -0.541784
v 0.606772 1.085427 0.743572
v 0.648546 1.113340 0.693572
v 0.636311 1.105164 0.728927
v 0.674208 0.959262 -0.556428
v 0.720626 0.978488 -0.506428
v 0.707031 0.972857 -0.541784
v 0.674208 0.959261 0.743572
v 0.720626 0.978488 0.693572
v 0.707031 0.972857 0.728927
v 0.715736 0.822364 -0.556428
v 0.765012 0.832166 -0.506428
v 0.750580 0.829295 -0.541784
v 0.715736 0.822364 0.743572
v 0.765012 0.832165 0.693572
v 0.750580 0.829295 0.728927
v 0.729758 0.679995 -0.556428
v 0.780000 0.679995 -0.506428
v 0.765284 0.679995 -0.541784
v 0.729758 0.679995 0.743572
v 0.780000 0.679995 0.693572
v 0.765284 0.679995 0.728927
v 0.715736 0.537627 -0.556428
v 0.765012 0.527825 -0.506428
v 0.750580 0.530696 -0.541784
v 0.715736 0.537627 0.743572
v 0.765012 0.527825 0.693572
v 0.750580 0.530695 0.728927
v 0.674208 0.400729 -0.556428
v 0.720626 0.381502 -0.506428
v 0.707031 0.387133 -0.541784
v 0.674208 0.400729 0.743572
v 0.720626 0.381502 0.693572
v 0.707031 0.387133 0.728927
v 0.606772 0.274563 -0.556428
v 0.648546 0.246650 -0.506428
v 0.636311 0.254826 -0.541784
v 0.606772 0.274563 0.743572
v 0.648546 0.246650 0.693572
v 0.636311 0.254826 0.728927
v 0.516017 0.163978 -0.556428
v 0.551543 0.128452 -0.506428
v 0.541138 0.138857 -0.541784
v 0.516017 0.163978 0.743572
v 0.551543 0.128452 0.693572
v 0.541138 0.138857 0.728927
v 0.405432 0.073223 -0.556428
v 0.433345 0.031449 -0.506428
v 0.425169 0.043684 -0.541783
v 0.405432 0.073223 0.743572
v 0.433345 0.031449 0.693572
v 0.425169 0.043684 0.728927
v 0.279266 0.005787 -0.556428
v 0.298493 -0.040631 -0.506428
v 0.292862 -0.027036 -0.541784
v 0.279266 0.005787 0.743572
v 0.298493 -0.040631 0.693572
v 0.292862 -0.027036 0.728927
v 0.142369 -0.035741 -0.556428
v 0.152170 -0.085017 -0.506428
v 0.149300 -0.070585 -0.541783
v 0.142369 -0.035741 0.743572
v 0.152170 -0.085017 0.693572
v 0.149300 -0.070585 0.728927
v 0.000000 -0.049763 -0.556428
v 0.000000 -0.100005 -0.506428
v 0.000000 -0.085289 -0.541783
v 0.000000 -0.049763 0.743572
v 0.000000 -0.100005 0.693572
v 0.000000 -0.085289 0.728927
v -0.142369 -0.035741 -0.556428
v -0.152170 -0.085017 -0.506428
v -0.149300 -0.070585 -0.541783
v -0.142369 -0.035741 0.743572
v -0.152170 -0.085017 0.693572
v -0.149300 -0.070585 0.728927
v -0.279266 0.005787 -0.556428
v -0.298493 -0.040631 -0.506428
v -0.292862 -0.027036 -0.541784
v -0.279266 0.005787 0.743572
v -0.298493 -0.040631 0.693572
v -0.292862 -0.027036 0.728927
v -0.405432 0.073223 -0.556428
v -0.433345 0.031449 -0.506428
v -0.425169 0.043684 -0.541783
v -0.405432 0.073223 0.743572
v -0.433345 0.031449 0.693572
v -0.425169 0.043684 0.728927
v -0.516017 0.163978 -0.556428
v -0.551543 0.128452 -0.506428
v -0.541138 0.138857 -0.541784
v -0.516017 0.163978 0.743572
v -0.551543 0.128452 0.693572
v -0.541138 0.138857 0.728927
v -0.606772 0.274563 -0.556428
v -0.648546 0.246650 -0.506428
v -0.636311 0.254826 -0.541784
v -0.606772 0.274563 0.743572
v -0.648546 0.246650 0.693572
v -0.636311 0.254826 0.728927
v -0.674208 0.400729 -0.556428
v -0.720626 0.381502 -0.506428
v -0.707031 0.387133 -0.541784
v -0.674208 0.400729 0.743572
v -0.720626 0.381502 0.693572
v -0.707031 0.387133 0.728927
v -0.715736 0.537627 -0.556428
v -0.765012 0.527825 -0.506428
v -0.750580 0.530696 -0.541784
v -0.715736 0.537627 0.743572
v -0.765012 0.527825 0.693572
v -0.750580 0.530695 0.728927
v -0.729758 0.679995 -0.556428
v -0.780000 0.679995 -0.506428
v -0.765284 0.679995 -0.541784
v -0.729758 0.679995 0.743572
v -0.780000 0.679995 0.693572
v -0.765284 0.679995 0.728927
v -0.715736 0.822364 -0.556428
v -0.765012 0.832166 -0.506428
v -0.750580 0.829295 -0.541784
v -0.715736 0.822364 0.743572
v -0.765012 0.832165 0.693572
v -0.750580 0.829295 0.728927
v -0.674208 0.959262 -0.556428
v -0.720626 0.978488 -0.506428
v -0.707031 0.972857 -0.541784
v -0.674208 0.959261 0.743572
v -0.720626 0.978488 0.693572
v -0.707031 0.972857 0.728927
v -0.606772 1.085427 -0.556428
v -0.648546 1.113340 -0.506428
v -0.636311 1.105164 -0.541784
v -0.606772 1.085427 0.743572
v -0.648546 1.113340 0.693572
v -0.636311 1.105164 0.728927
v -0.516017 1.196012 -0.556428
v -0.551543 1.231538 -0.506428
v -0.541138 1.221133 -0.541784
v -0.516017 1.196012 0.743572
v -0.551543 1.231538 0.693572
v -0.541138 1.221133 0.728927
v -0.405432 1.286767 -0.556428
v -0.433345 1.328541 -0.506428
v -0.425169 1.316306 -0.541783
v -0.405432 1.286767 0.743572
v -0.433345 1.328541 0.693572
v -0.425169 1.316306 0.728927
v -0.279266 1.354203 -0.556428
v -0.298493 1.400621 -0.506428
v -0.292862 1.387026 -0.541784
v -0.279266 1.354203 0.743572
v -0.298493 1.400621 0.693572
v -0.292862 1.387026 0.728927
v -0.142369 1.395731 -0.556428
v -0.152170 1.445008 -0.506428
v -0.149300 1.430575 -0.541783
v -0.142369 1.395731 0.743572
v -0.152170 1.445008 0.693572
v -0.149300 1.430575 0.728927
v 0.433013 1.119995 -0.596428
v 0.433013 1.119995 -0.516428
v 0.505723 1.105532 -0.596428
v 0.505723 1.105532 -0.516428
v 0.567363 1.064345 -0.596428
v 0.567363 1.064345 -0.516428
v 0.608550 1.002705 -0.596428
v 0.608550 1.002705 -0.516428
v 0.623013 0.929995 -0.596428
v 0.623013 0.929995 -0.516428
v 0.608550 0.857285 -0.596428
v 0.608550 0.857285 -0.516428
v 0.567363 0.795645 -0.596428
v 0.567363 0.795645 -0.516428
v 0.505723 0.754458 -0.596428
v 0.505723 0.754458 -0.516428
v 0.433013 0.739995 -0.596428
v 0.433013 0.739995 -0.516428
v 0.360303 0.754458 -0.596428
v 0.360303 0.754458 -0.516428
v 0.298662 0.795645 -0.596428
v 0.298662 0.795645 -0.516428
v 0.257476 0.857285 -0.596428
v 0.257476 0.857285 -0.516428
v 0.243013 0.929995 -0.596428
v 0.243013 0.929995 -0.516428
v 0.257476 1.002705 -0.596428
v 0.257476 1.002705 -0.516428
v 0.298662 1.064345 -0.596428
v 0.298662 1.064345 -0.516428
v 0.360303 1.105532 -0.596428
v 0.360303 1.105532 -0.516428
v 0.000000 1.369995 -0.596428
v 0.000000 1.369995 -0.516428
v 0.072710 1.355532 -0.596428
v 0.072710 1.355532 -0.516428
v 0.134350 1.314345 -0.596428
v 0.134350 1.314345 -0.516428
v 0.175537 1.252705 -0.596428
v 0.175537 1.252705 -0.516428
v 0.190000 1.179995 -0.596428
v 0.190000 1.179995 -0.516428
v 0.175537 1.107285 -0.596428
v 0.175537 1.107285 -0.516428
v 0.134350 1.045645 -0.596428
v 0.134350 1.045645 -0.516428
v 0.072710 1.004458 -0.596428
v 0.072710 1.004458 -0.516428
v 0.000000 0.989995 -0.596428
v 0.000000 0.989995 -0.516428
v -0.072710 1.004458 -0.596428
v -0.072710 1.004458 -0.516428
v -0.134350 1.045645 -0.596428
v -0.134350 1.045645 -0.516428
v -0.175537 1.107285 -0.596428
v -0.175537 1.107285 -0.516428
v -0.190000 1.179995 -0.596428
v -0.190000 1.179995 -0.516428
v -0.175537 1.252705 -0.596428
v -0.175537 1.252705 -0.516428
v -0.134350 1.314345 -0.596428
v -0.134350 1.314345 -0.516428
v -0.072710 1.355532 -0.596428
v -0.072710 1.355532 -0.516428
v -0.433013 1.119995 -0.596428
v -0.433013 1.119995 -0.516428
v -0.360303 1.105532 -0.596428
v -0.360303 1.105532 -0.516428
v -0.298662 1.064345 -0.596428
v -0.298662 1.064345 -0.516428
v -0.257476 1.002705 -0.596428
v -0.257476 1.002705 -0.516428
v -0.243013 0.929995 -0.596428
v -0.243013 0.929995 -0.516428
v -0.257476 0.857285 -0.596428
v -0.257476 0.857285 -0.516428
v -0.298662 0.795645 -0.596428
v -0.298662 0.795645 -0.516428
v -0.360303 0.754458 -0.596428
v -0.360303 0.754458 -0.516428
v -0.433013 0.739995 -0.596428
v -0.433013 0.739995 -0.516428
v -0.505723 0.754458 -0.596428
v -0.505723 0.754458 -0.516428
v -0.567363 0.795645 -0.596428
v -0.567363 0.795645 -0.516428
v -0.608550 0.857285 -0.596428
v -0.608550 0.857285 -0.516428
v -0.623013 0.929995 -0.596428
v -0.623013 0.929995 -0.516428
v -0.608550 1.002705 -0.596428
v -0.608550 1.002705 -0.516428
v -0.567363 1.064345 -0.596428
v -0.567363 1.064345 -0.516428
v -0.505723 1.105532 -0.596428
v -0.505723 1.105532 -0.516428
v -0.433013 0.619995 -0.596428
v -0.433013 0.619995 -0.516428
v -0.360303 0.605532 -0.596428
v -0.360303 0.605532 -0.516428
v -0.298662 0.564345 -0.596428
v -0.298662 0.564345 -0.516428
v -0.257476 0.502705 -0.596428
v -0.257476 0.502705 -0.516428
v -0.243013 0.429995 -0.596428
v -0.243013 0.429995 -0.516428
v -0.257476 0.357285 -0.596428
v -0.257476 0.357285 -0.516428
v -0.298662 0.295645 -0.596428
v -0.298662 0.295645 -0.516428
v -0.360303 0.254458 -0.596428
v -0.360303 0.254458 -0.516428
v -0.433013 0.239995 -0.596428
v -0.433013 0.239995 -0.516428
v -0.505723 0.254458 -0.596428
v -0.505723 0.254458 -0.516428
v -0.567363 0.295645 -0.596428
v -0.567363 0.295645 -0.516428
v -0.608550 0.357285 -0.596428
v -0.608550 0.357285 -0.516428
v -0.623013 0.429995 -0.596428
v -0.623013 0.429995 -0.516428
v -0.608550 0.502705 -0.596428
v -0.608550 0.502705 -0.516428
v -0.567363 0.564345 -0.596428
v -0.567363 0.564345 -0.516428
v -0.505723 0.605532 -0.596428
v -0.505723 0.605532 -0.516428
v -0.000000 0.369995 -0.596428
v -0.000000 0.369995 -0.516428
v 0.072710 0.355532 -0.596428
v 0.072710 0.355532 -0.516428
v 0.134350 0.314345 -0.596428
v 0.134350 0.314345 -0.516428
v 0.175537 0.252705 -0.596428
v 0.175537 0.252705 -0.516428
v 0.190000 0.179995 -0.596428
v 0.190000 0.179995 -0.516428
v 0.175537 0.107285 -0.596428
v 0.175537 0.107285 -0.516428
v 0.134350 0.045645 -0.596428
v 0.134350 0.045645 -0.516428
v 0.072710 0.004458 -0.596428
v 0.072710 0.004458 -0.516428
v -0.000000 -0.010005 -0.596428
v -0.000000 -0.010005 -0.516428
v -0.072710 0.004458 -0.596428
v -0.072710 0.004458 -0.516428
v -0.134350 0.045645 -0.596428
v -0.134350 0.045645 -0.516428
v -0.175537 0.107285 -0.596428
v -0.175537 0.107285 -0.516428
v -0.190000 0.179995 -0.596428
v -0.190000 0.179995 -0.516428
v -0.175537 0.252705 -0.596428
v -0.175537 0.252705 -0.516428
v -0.134350 0.314345 -0.596428
v -0.134350 0.314345 -0.516428
v -0.072710 0.355532 -0.596428
v -0.072710 0.355532 -0.516428
v 0.433013 0.619995 -0.596428
v 0.433013 0.619995 -0.516428
v 0.505723 0.605532 -0.596428
v 0.505723 0.605532 -0.516428
v 0.567363 0.564345 -0.596428
v 0.567363 0.564345 -0.516428
v 0.608550 0.502705 -0.596428
v 0.608550 0.502705 -0.516428
v 0.623013 0.429995 -0.596428
v 0.623013 0.429995 -0.516428
v 0.608550 0.357285 -0.596428
v 0.608550 0.357285 -0.516428
v 0.567363 0.295645 -0.596428
v 0.567363 0.295645 -0.516428
v 0.505723 0.254458 -0.596428
v 0.505723 0.254458 -0.516428
v 0.433013 0.239995 -0.596428
v 0.433013 0.239995 -0.516428
v 0.360303 0.254458 -0.596428
v 0.360303 0.254458 -0.516428
v 0.298662 0.295645 -0.596428
v 0.298662 0.295645 -0.516428
v 0.257476 0.357285 -0.596428
v 0.257476 0.357285 -0.516428
v 0.243013 0.429995 -0.596428
v 0.243013 0.429995 -0.516428
v 0.257476 0.502705 -0.596428
v 0.257476 0.502705 -0.516428
v 0.298662 0.564345 -0.596428
v 0.298662 0.564345 -0.516428
v 0.360303 0.605532 -0.596428
v 0.360303 0.605532 -0.516428
v 0.000000 1.419742 -3.656428
v 0.000000 1.459995 -3.616428
v 0.000000 1.448205 -3.644712
v 0.000000 1.419742 -0.556428
v 0.000000 1.459995 -0.596428
v 0.000000 1.448205 -0.568144
v 0.075601 1.411224 -3.656428
v 0.084558 1.450468 -3.616428
v 0.081934 1.438973 -3.644712
v 0.075601 1.411224 -0.556428
v 0.084558 1.450468 -0.596428
v 0.081934 1.438973 -0.568144
v 0.147411 1.386096 -3.656428
v 0.164876 1.422363 -3.616428
v 0.159760 1.411741 -3.644712
v 0.147411 1.386096 -0.556428
v 0.164876 1.422363 -0.596428
v 0.159760 1.411741 -0.568144
v 0.211829 1.345620 -3.656428
v 0.236926 1.377091 -3.616428
v 0.229575 1.367873 -3.644712
v 0.211829 1.345620 -0.556428
v 0.236926 1.377091 -0.596428
v 0.229575 1.367873 -0.568144
v 0.265625 1.291824 -3.656428
v 0.297096 1.316921 -3.616428
v 0.287878 1.309571 -3.644712
v 0.265625 1.291824 -0.556428
v 0.297096 1.316921 -0.596428
v 0.287878 1.309570 -0.568144
v 0.306101 1.227406 -3.656428
v 0.342368 1.244871 -3.616428
v 0.331746 1.239756 -3.644712
v 0.306101 1.227406 -0.556428
v 0.342368 1.244871 -0.596428
v 0.331746 1.239755 -0.568144
v 0.331229 1.155596 -3.656428
v 0.370473 1.164553 -3.616428
v 0.358978 1.161930 -3.644712
v 0.331229 1.155596 -0.556428
v 0.370473 1.164553 -0.596428
v 0.358978 1.161929 -0.568144
v 0.339747 1.079995 -3.656428
v 0.380000 1.079995 -3.616428
v 0.368210 1.079995 -3.644712
v 0.339747 1.079995 -0.556428
v 0.380000 1.079995 -0.596428
v 0.368210 1.079995 -0.568144
v 0.331229 1.004394 -3.656428
v 0.370473 0.995437 -3.616428
v 0.358978 0.998061 -3.644712
v 0.331229 1.004394 -0.556428
v 0.370473 0.995437 -0.596428
v 0.358978 0.998061 -0.568144
v 0.306101 0.932584 -3.656428
v 0.342368 0.915119 -3.616428
v 0.331746 0.920235 -3.644712
v 0.306101 0.932584 -0.556428
v 0.342368 0.915119 -0.596428
v 0.331746 0.920235 -0.568144
v 0.265625 0.868166 -3.656428
v 0.297096 0.843069 -3.616428
v 0.287878 0.850420 -3.644712
v 0.265625 0.868166 -0.556428
v 0.297096 0.843069 -0.596428
v 0.287878 0.850420 -0.568144
v 0.211829 0.814370 -3.656428
v 0.236926 0.782899 -3.616428
v 0.229575 0.792117 -3.644712
v 0.211829 0.814370 -0.556428
v 0.236926 0.782899 -0.596428
v 0.229575 0.792117 -0.568144
v 0.147411 0.773894 -3.656428
v 0.164876 0.737627 -3.616428
v 0.159760 0.748249 -3.644712
v 0.147411 0.773894 -0.556428
v 0.164876 0.737627 -0.596428
v 0.159760 0.748249 -0.568144
v 0.075601 0.748766 -3.656428
v 0.084558 0.709523 -3.616428
v 0.081934 0.721017 -3.644712
v 0.075601 0.748766 -0.556428
v 0.084558 0.709522 -0.596428
v 0.081934 0.721017 -0.568144
v 0.000000 0.740248 -3.656428
v 0.000000 0.699995 -3.616428
v 0.000000 0.711785 -3.644712
v 0.000000 0.740248 -0.556428
v 0.000000 0.699995 -0.596428
v 0.000000 0.711785 -0.568144
v -0.075601 0.748766 -3.656428
v -0.084558 0.709523 -3.616428
v -0.081934 0.721017 -3.644712
v -0.075601 0.748766 -0.556428
v -0.084558 0.709522 -0.596428
v -0.081934 0.721017 -0.568144
v -0.147411 0.773894 -3.656428
v -0.164876 0.737627 -3.616428
v -0.159760 0.748249 -3.644712
v -0.147411 0.773894 -0.556428
v -0.164876 0.737627 -0.596428
v -0.159760 0.748249 -0.568144
v -0.211829 0.814370 -3.656428
v -0.236926 0.782899 -3.616428
v -0.229575 0.792117 -3.644712
v -0.211829 0.814370 -0.556428
v -0.236926 0.782899 -0.596428
v -0.229575 0.792117 -0.568144
v -0.265625 0.868166 -3.656428
v -0.297096 0.843069 -3.616428
v -0.287878 0.850420 -3.644712
v -0.265625 0.868166 -0.556428
v -0.297096 0.843069 -0.596428
v -0.287878 0.850420 -0.568144
v -0.306101 0.932584 -3.656428
v -0.342368 0.915119 -3.616428
v -0.331746 0.920235 -3.644712
v -0.306101 0.932584 -0.556428
v -0.342368 0.915119 -0.596428
v -0.331746 0.920235 -0.568144
v -0.331229 1.004394 -3.656428
v -0.370473 0.995437 -3.616428
v -0.358978 0.998061 -3.644712
v -0.331229 1.004394 -0.556428
v -0.370473 0.995437 -0.596428
v -0.358978 0.998061 -0.568144
v -0.339747 1.079995 -3.656428
v -0.380000 1.079995 -3.616428
v -0.368210 1.079995 -3.644712
v -0.339747 1.079995 -0.556428
v -0.380000 1.079995 -0.596428
v -0.368210 1.079995 -0.568144
v -0.331229 1.155596 -3.656428
v -0.370473 1.164553 -3.616428
v -0.358978 1.161930 -3.644712
v -0.331229 1.155596 -0.556428
v -0.370473 1.164553 -0.596428
v -0.358978 1.161929 -0.568144
v -0.306101 1.227406 -3.656428
v -0.342368 1.244871 -3.616428
v -0.331746 1.239756 -3.644712
v -0.306101 1.227406 -0.556428
v -0.342368 1.244871 -0.596428
v -0.331746 1.239755 -0.568144
v -0.265625 1.291824 -3.656428
v -0.297096 1.316921 -3.616428
v -0.287878 1.309571 -3.644712
v -0.265625 1.291824 -0.556428
v -0.297096 1.316921 -0.596428
v -0.287878 1.309570 -0.568144
v -0.211829 1.345620 -3.656428
v -0.236926 1.377091 -3.616428
v -0.229575 1.367873 -3.644712
v -0.211829 1.345620 -0.556428
v -0.236926 1.377091 -0.596428
v -0.229575 1.367873 -0.568144
v -0.147411 1.386096 -3.656428
v -0.164876 1.422363 -3.616428
v -0.159760 1.411741 -3.644712
v -0.147411 1.386096 -0.556428
v -0.164876 1.422363 -0.596428
v -0.159760 1.411741 -0.568144
v -0.075601 1.411224 -3.656428
v -0.084558 1.450468 -3.616428
v -0.081934 1.438973 -3.644712
v -0.075601 1.411224 -0.556428
v -0.084558 1.450468 -0.596428
v -0.081934 1.438973 -0.568144
v -0.200000 0.389995 -0.656428
v -0.200000 0.439995 -0.606428
v -0.250000 0.439995 -0.656428
v -0.200000 0.404640 -0.621073
v -0.228868 0.411128 -0.627561
v -0.235355 0.439995 -0.621073
v -0.235355 0.404640 -0.656428
v -0.200000 0.679995 -0.606428
v -0.200000 0.729995 -0.656428
v -0.250000 0.679995 -0.656428
v -0.200000 0.715350 -0.621073
v -0.228868 0.708863 -0.627561
v -0.235355 0.715350 -0.656428
v -0.235355 0.679995 -0.621073
v -0.200000 0.389995 -2.956428
v -0.250000 0.439995 -2.956428
v -0.200000 0.439995 -3.006428
v -0.235355 0.404640 -2.956428
v -0.228868 0.411128 -2.985296
v -0.235355 0.439995 -2.991783
v -0.200000 0.404640 -2.991783
v -0.200000 0.729995 -2.956428
v -0.200000 0.679995 -3.006428
v -0.250000 0.679995 -2.956428
v -0.200000 0.715350 -2.991783
v -0.228868 0.708863 -2.985296
v -0.235355 0.679995 -2.991783
v -0.235355 0.715350 -2.956428
v 0.200000 0.389995 -0.656428
v 0.250000 0.439995 -0.656428
v 0.200000 0.439995 -0.606428
v 0.235355 0.404640 -0.656428
v 0.228868 0.411128 -0.627561
v 0.235355 0.439995 -0.621073
v 0.200000 0.404640 -0.621073
v 0.200000 0.729995 -0.656428
v 0.200000 0.679995 -0.606428
v 0.250000 0.679995 -0.656428
v 0.200000 0.715350 -0.621073
v 0.228868 0.708863 -0.627561
v 0.235355 0.679995 -0.621073
v 0.235355 0.715350 -0.656428
v 0.200000 0.389995 -2.956428
v 0.200000 0.439995 -3.006428
v 0.250000 0.439995 -2.956428
v 0.200000 0.404640 -2.991783
v 0.228868 0.411128 -2.985296
v 0.235355 0.439995 -2.991783
v 0.235355 0.404640 -2.956428
v 0.200000 0.729995 -2.956428
v 0.250000 0.679995 -2.956428
v 0.200000 0.679995 -3.006428
v 0.235355 0.715350 -2.956428
v 0.228868 0.708863 -2.985296
v 0.235355 0.679995 -2.991783
v 0.200000 0.715350 -2.991783
v -0.070000 1.459995 -0.636428
v -0.070000 1.489995 -0.606428
v -0.100000 1.489995 -0.636428
v -0.070000 1.468782 -0.615215
v -0.087321 1.472674 -0.619107
v -0.091213 1.489995 -0.615215
v -0.091213 1.468782 -0.636428
v -0.070000 1.569995 -0.606428
v -0.070000 1.599995 -0.636428
v -0.100000 1.569995 -0.636428
v -0.070000 1.591208 -0.615215
v -0.087321 1.587316 -0.619107
v -0.091213 1.591208 -0.636428
v -0.091213 1.569995 -0.615215
v -0.070000 1.459995 -3.576428
v -0.100000 1.489995 -3.576428
v -0.070000 1.489995 -3.606428
v -0.091213 1.468782 -3.576428
v -0.087321 1.472674 -3.593748
v -0.091213 1.489995 -3.597641
v -0.070000 1.468782 -3.597641
v -0.070000 1.599995 -3.576428
v -0.070000 1.569995 -3.606428
v -0.100000 1.569995 -3.576428
v -0.070000 1.591208 -3.597641
v -0.087321 1.587316 -3.593748
v -0.091213 1.569995 -3.597641
v -0.091213 1.591208 -3.576428
v 0.070000 1.459995 -0.636428
v 0.100000 1.489995 -0.636428
v 0.070000 1.489995 -0.606428
v 0.091213 1.468782 -0.636428
v 0.087321 1.472674 -0.619107
v 0.091213 1.489995 -0.615215
v 0.070000 1.468782 -0.615215
v 0.070000 1.599995 -0.636428
v 0.070000 1.569995 -0.606428
v 0.100000 1.569995 -0.636428
v 0.070000 1.591208 -0.615215
v 0.087321 1.587316 -0.619107
v 0.091213 1.569995 -0.615215
v 0.091213 1.591208 -0.636428
v 0.070000 1.459995 -3.576428
v 0.070000 1.489995 -3.606428
v 0.100000 1.489995 -3.576428
v 0.070000 1.468782 -3.597641
v 0.087321 1.472674 -3.593748
v 0.091213 1.489995 -3.597641
v 0.091213 1.468782 -3.576428
v 0.070000 1.599995 -3.576428
v 0.100000 1.569995 -3.576428
v 0.070000 1.569995 -3.606428
v 0.091213 1.591208 -3.576428
v 0.087321 1.587316 -3.593748
v 0.091213 1.569995 -3.597641
v 0.070000 1.591208 -3.597641
v 0.000000 1.479805 -3.656428
v 0.000000 1.509995 -3.626428
v 0.000000 1.501153 -3.647641
v 0.000000 1.479805 -3.406428
v 0.000000 1.509995 -3.436428
v 0.000000 1.501153 -3.415215
v 0.088966 1.469781 -3.656428
v 0.095684 1.499214 -3.626428
v 0.093716 1.490593 -3.647641
v 0.088966 1.469781 -3.406428
v 0.095684 1.499214 -3.436428
v 0.093716 1.490593 -3.415215
v 0.173471 1.440212 -3.656428
v 0.186570 1.467412 -3.626428
v 0.182733 1.459445 -3.647641
v 0.173471 1.440212 -3.406428
v 0.186570 1.467412 -3.436428
v 0.182733 1.459445 -3.415215
v 0.249278 1.392579 -3.656428
v 0.268101 1.416183 -3.626428
v 0.262588 1.409269 -3.647641
v 0.249278 1.392579 -3.406428
v 0.268101 1.416183 -3.436428
v 0.262588 1.409269 -3.415215
v 0.312584 1.329273 -3.656428
v 0.336188 1.348096 -3.626428
v 0.329274 1.342583 -3.647641
v 0.312584 1.329273 -3.406428
v 0.336188 1.348096 -3.436428
v 0.329274 1.342583 -3.415215
v 0.360216 1.253466 -3.656428
v 0.387417 1.266565 -3.626428
v 0.379450 1.262729 -3.647641
v 0.360216 1.253466 -3.406428
v 0.387417 1.266565 -3.436428
v 0.379450 1.262729 -3.415215
v 0.389786 1.168961 -3.656428
v 0.419219 1.175679 -3.626428
v 0.410598 1.173712 -3.647641
v 0.389786 1.168961 -3.406428
v 0.419219 1.175679 -3.436428
v 0.410598 1.173712 -3.415215
v 0.399810 1.079995 -3.656428
v 0.430000 1.079995 -3.626428
v 0.421158 1.079995 -3.647641
v 0.399810 1.079995 -3.406428
v 0.430000 1.079995 -3.436428
v 0.421158 1.079995 -3.415215
v 0.389786 0.991029 -3.656428
v 0.419219 0.984311 -3.626428
v 0.410598 0.986279 -3.647641
v 0.389786 0.991029 -3.406428
v 0.419219 0.984311 -3.436428
v 0.410598 0.986279 -3.415215
v 0.360216 0.906524 -3.656428
v 0.387417 0.893425 -3.626428
v 0.379450 0.897262 -3.647641
v 0.360216 0.906524 -3.406428
v 0.387417 0.893425 -3.436428
v 0.379450 0.897262 -3.415215
v 0.312584 0.830717 -3.656428
v 0.336188 0.811894 -3.626428
v 0.329274 0.817408 -3.647641
v 0.312584 0.830717 -3.406428
v 0.336188 0.811894 -3.436428
v 0.329274 0.817408 -3.415215
v 0.249278 0.767411 -3.656428
v 0.268101 0.743808 -3.626428
v 0.262588 0.750721 -3.647641
v 0.249278 0.767411 -3.406428
v 0.268101 0.743808 -3.436428
v 0.262588 0.750721 -3.415215
v 0.173471 0.719779 -3.656428
v 0.186570 0.692578 -3.626428
v 0.182733 0.700545 -3.647641
v 0.173471 0.719779 -3.406428
v 0.186570 0.692578 -3.436428
v 0.182733 0.700545 -3.415215
v 0.088966 0.690209 -3.656428
v 0.095684 0.660776 -3.626428
v 0.093716 0.669397 -3.647641
v 0.088966 0.690209 -3.406428
v 0.095684 0.660776 -3.436428
v 0.093716 0.669397 -3.415215
v 0.000000 0.680185 -3.656428
v 0.000000 0.649995 -3.626428
v 0.000000 0.658837 -3.647641
v 0.000000 0.680185 -3.406428
v 0.000000 0.649995 -3.436428
v 0.000000 0.658837 -3.415215
v -0.088966 0.690209 -3.656428
v -0.095684 0.660776 -3.626428
v -0.093716 0.669397 -3.647641
v -0.088966 0.690209 -3.406428
v -0.095684 0.660776 -3.436428
v -0.093716 0.669397 -3.415215
v -0.173471 0.719779 -3.656428
v -0.186570 0.692578 -3.626428
v -0.182733 0.700545 -3.647641
v -0.173471 0.719779 -3.406428
v -0.186570 0.692578 -3.436428
v -0.182733 0.700545 -3.415215
v -0.249278 0.767411 -3.656428
v -0.268101 0.743808 -3.626428
v -0.262588 0.750721 -3.647641
v -0.249278 0.767411 -3.406428
v -0.268101 0.743808 -3.436428
v -0.262588 0.750721 -3.415215
v -0.312584 0.830717 -3.656428
v -0.336188 0.811894 -3.626428
v -0.329274 0.817408 -3.647641
v -0.312584 0.830717 -3.406428
v -0.336188 0.811894 -3.436428
v -0.329274 0.817408 -3.415215
v -0.360216 0.906524 -3.656428
v -0.387417 0.893425 -3.626428
v -0.379450 0.897262 -3.647641
v -0.360216 0.906524 -3.406428
v -0.387417 0.893425 -3.436428
v -0.379450 0.897262 -3.415215
v -0.389786 0.991029 -3.656428
v -0.419219 0.984311 -3.626428
v -0.410598 0.986279 -3.647641
v -0.389786 0.991029 -3.406428
v -0.419219 0.984311 -3.436428
v -0.410598 0.986279 -3.415215
v -0.399810 1.079995 -3.656428
v -0.430000 1.079995 -3.626428
v -0.421158 1.079995 -3.647641
v -0.399810 1.079995 -3.406428
v -0.430000 1.079995 -3.436428
v -0.421158 1.079995 -3.415215
v -0.389786 1.168961 -3.656428
v -0.419219 1.175679 -3.626428
v -0.410598 1.173712 -3.647641
v -0.389786 1.168961 -3.406428
v -0.419219 1.175679 -3.436428
v -0.410598 1.173712 -3.415215
v -0.360216 1.253466 -3.656428
v -0.387417 1.266565 -3.626428
v -0.379450 1.262729 -3.647641
v -0.360216 1.253466 -3.406428
v -0.387417 1.266565 -3.436428
v -0.379450 1.262729 -3.415215
v -0.312584 1.329273 -3.656428
v -0.336188 1.348096 -3.626428
v -0.329274 1.342583 -3.647641
v -0.312584 1.329273 -3.406428
v -0.336188 1.348096 -3.436428
v -0.329274 1.342583 -3.415215
v -0.249278 1.392579 -3.656428
v -0.268101 1.416183 -3.626428
v -0.262588 1.409269 -3.647641
v -0.249278 1.392579 -3.406428
v -0.268101 1.416183 -3.436428
v -0.262588 1.409269 -3.415215
v -0.173471 1.440212 -3.656428
v -0.186570 1.467412 -3.626428
v -0.182733 1.459445 -3.647641
v -0.173471 1.440212 -3.406428
v -0.186570 1.467412 -3.436428
v -0.182733 1.459445 -3.415215
v -0.088966 1.469781 -3.656428
v -0.095684 1.499214 -3.626428
v -0.093716 1.490593 -3.647641
v -0.088966 1.469781 -3.406428
v -0.095684 1.499214 -3.436428
v -0.093716 1.490593 -3.415215
v 0.000000 1.249995 -3.696428
v 0.000000 1.249995 -3.636428
v 0.065056 1.237055 -3.696428
v 0.065056 1.237055 -3.636428
v 0.120208 1.200203 -3.696428
v 0.120208 1.200203 -3.636428
v 0.157060 1.145051 -3.696428
v 0.157060 1.145051 -3.636428
v 0.170000 1.079995 -3.696428
v 0.170000 1.079995 -3.636428
v 0.157060 1.014939 -3.696428
v 0.157060 1.014939 -3.636428
v 0.120208 0.959787 -3.696428
v 0.120208 0.959787 -3.636428
v 0.065056 0.922936 -3.696428
v 0.065056 0.922936 -3.636428
v 0.000000 0.909995 -3.696428
v 0.000000 0.909995 -3.636428
v -0.065056 0.922936 -3.696428
v -0.065056 0.922936 -3.636428
v -0.120208 0.959787 -3.696428
v -0.120208 0.959787 -3.636428
v -0.157060 1.014939 -3.696428
v -0.157060 1.014939 -3.636428
v -0.170000 1.079995 -3.696428
v -0.170000 1.079995 -3.636428
v -0.157060 1.145051 -3.696428
v -0.157060 1.145051 -3.636428
v -0.120208 1.200203 -3.696428
v -0.120208 1.200203 -3.636428
v -0.065056 1.237055 -3.696428
v -0.065056 1.237055 -3.636428
v -0.320000 1.479995 2.063572
v -0.320000 1.509995 2.093572
v -0.350000 1.509995 2.063572
v -0.320000 1.488782 2.084785
v -0.337321 1.492675 2.080893
v -0.341213 1.509995 2.084785
v -0.341213 1.488782 2.063572
v -0.320000 1.599995 2.093572
v -0.320000 1.629995 2.063572
v -0.350000 1.599995 2.063572
v -0.320000 1.621208 2.084785
v -0.337321 1.617316 2.080893
v -0.341213 1.621208 2.063572
v -0.341213 1.599995 2.084785
v -0.320000 1.479995 1.623572
v -0.350000 1.509995 1.623572
v -0.320000 1.509995 1.593572
v -0.341213 1.488782 1.623572
v -0.337321 1.492675 1.606251
v -0.341213 1.509995 1.602359
v -0.320000 1.488782 1.602359
v -0.320000 1.629995 1.623572
v -0.320000 1.599995 1.593572
v -0.350000 1.599995 1.623572
v -0.320000 1.621208 1.602359
v -0.337321 1.617316 1.606251
v -0.341213 1.599995 1.602359
v -0.341213 1.621208 1.623572
v 0.320000 1.479995 2.063572
v 0.350000 1.509995 2.063572
v 0.320000 1.509995 2.093572
v 0.341213 1.488782 2.063572
v 0.337321 1.492675 2.080893
v 0.341213 1.509995 2.084785
v 0.320000 1.488782 2.084785
v 0.320000 1.629995 2.063572
v 0.320000 1.599995 2.093572
v 0.350000 1.599995 2.063572
v 0.320000 1.621208 2.084785
v 0.337321 1.617316 2.080893
v 0.341213 1.599995 2.084785
v 0.341213 1.621208 2.063572
v 0.320000 1.479995 1.623572
v 0.320000 1.509995 1.593572
v 0.350000 1.509995 1.623572
v 0.320000 1.488782 1.602359
v 0.337321 1.492675 1.606251
v 0.341213 1.509995 1.602359
v 0.341213 1.488782 1.623572
v 0.320000 1.629995 1.623572
v 0.350000 1.599995 1.623572
v 0.320000 1.599995 1.593572
v 0.341213 1.621208 1.623572
v 0.337321 1.617316 1.606251
v 0.341213 1.599995 1.602359
v 0.320000 1.621208 1.602359
v -0.340000 1.629995 1.963572
v -0.340000 1.659995 1.993572
v -0.370000 1.659995 1.963572
v -0.340000 1.638782 1.984785
v -0.357321 1.642675 1.980893
v -0.361213 1.659995 1.984785
v -0.361213 1.638782 1.963572
v -0.340000 2.049995 1.993572
v -0.340000 2.079995 1.963572
v -0.370000 2.049995 1.963572
v -0.340000 2.071208 1.984785
v -0.357321 2.067316 1.980893
v -0.361213 2.071208 1.963572
v -0.361213 2.049995 1.984785
v -0.340000 1.629995 1.723572
v -0.370000 1.659995 1.723572
v -0.340000 1.659995 1.693572
v -0.361213 1.638782 1.723572
v -0.357321 1.642675 1.706252
v -0.361213 1.659995 1.702359
v -0.340000 1.638782 1.702359
v -0.340000 2.079995 1.723572
v -0.340000 2.049995 1.693572
v -0.370000 2.049995 1.723572
v -0.340000 2.071208 1.702359
v -0.357321 2.067316 1.706252
v -0.361213 2.049995 1.702359
v -0.361213 2.071208 1.723572
v -0.160000 1.629995 1.963572
v -0.130000 1.659995 1.963572
v -0.160000 1.659995 1.993572
v -0.138787 1.638782 1.963572
v -0.142679 1.642675 1.980893
v -0.138787 1.659995 1.984785
v -0.160000 1.638782 1.984785
v -0.160000 2.079995 1.963572
v -0.160000 2.049995 1.993572
v -0.130000 2.049995 1.963572
v -0.160000 2.071208 1.984785
v -0.142679 2.067316 1.980893
v -0.138787 2.049995 1.984785
v -0.138787 2.071208 1.963572
v -0.160000 1.629995 1.723572
v -0.160000 1.659995 1.693572
v -0.130000 1.659995 1.723572
v -0.160000 1.638782 1.702359
v -0.142679 1.642675 1.706252
v -0.138787 1.659995 1.702359
v -0.138787 1.638782 1.723572
v -0.160000 2.079995 1.723572
v -0.130000 2.049995 1.723572
v -0.160000 2.049995 1.693572
v -0.138787 2.071208 1.723572
v -0.142679 2.067316 1.706252
v -0.138787 2.049995 1.702359
v -0.160000 2.071208 1.702359
v 0.160000 1.629995 1.963572
v 0.160000 1.659995 1.993572
v 0.130000 1.659995 1.963572
v 0.160000 1.638782 1.984785
v 0.142679 1.642675 1.980893
v 0.138787 1.659995 1.984785
v 0.138787 1.638782 1.963572
v 0.160000 2.049995 1.993572
v 0.160000 2.079995 1.963572
v 0.130000 2.049995 1.963572
v 0.160000 2.071208 1.984785
v 0.142679 2.067316 1.980893
v 0.138787 2.071208 1.963572
v 0.138787 2.049995 1.984785
v 0.160000 1.629995 1.723572
v 0.130000 1.659995 1.723572
v 0.160000 1.659995 1.693572
v 0.138787 1.638782 1.723572
v 0.142679 1.642675 1.706252
v 0.138787 1.659995 1.702359
v 0.160000 1.638782 1.702359
v 0.160000 2.079995 1.723572
v 0.160000 2.049995 1.693572
v 0.130000 2.049995 1.723572
v 0.160000 2.071208 1.702359
v 0.142679 2.067316 1.706252
v 0.138787 2.049995 1.702359
v 0.138787 2.071208 1.723572
v 0.340000 1.629995 1.963572
v 0.370000 1.659995 1.963572
v 0.340000 1.659995 1.993572
v 0.361213 1.638782 1.963572
v 0.357321 1.642675 1.980893
v 0.361213 1.659995 1.984785
v 0.340000 1.638782 1.984785
v 0.340000 2.079995 1.963572
v 0.340000 2.049995 1.993572
v 0.370000 2.049995 1.963572
v 0.340000 2.071208 1.984785
v 0.357321 2.067316 1.980893
v 0.361213 2.049995 1.984785
v 0.361213 2.071208 1.963572
v 0.340000 1.629995 1.723572
v 0.340000 1.659995 1.693572
v 0.370000 1.659995 1.723572
v 0.340000 1.638782 1.702359
v 0.357321 1.642675 1.706252
v 0.361213 1.659995 1.702359
v 0.361213 1.638782 1.723572
v 0.340000 2.079995 1.723572
v 0.370000 2.049995 1.723572
v 0.340000 2.049995 1.693572
v 0.361213 2.071208 1.723572
v 0.357321 2.067316 1.706252
v 0.361213 2.049995 1.702359
v 0.340000 2.071208 1.702359
v -0.300000 1.729995 2.018572
v -0.300000 2.029995 2.018572
v -0.300000 1.729995 1.988572
v -0.300000 2.029995 1.988572
v -0.200000 1.729995 2.018572
v -0.200000 2.029995 2.018572
v -0.200000 1.729995 1.988572
v -0.200000 2.029995 1.988572
v 0.200000 1.729995 2.018572
v 0.200000 2.029995 2.018572
v 0.200000 1.729995 1.988572
v 0.200000 2.029995 1.988572
v 0.300000 1.729995 2.018572
v 0.300000 2.029995 2.018572
v 0.300000 1.729995 1.988572
v 0.300000 2.029995 1.988572
v -0.120000 1.599995 -3.086428
v -0.120000 1.629995 -3.056428
v -0.150000 1.629995 -3.086428
v -0.120000 1.608782 -3.065215
v -0.137321 1.612675 -3.069107
v -0.141213 1.629995 -3.065215
v -0.141213 1.608782 -3.086428
v -0.120000 1.729995 -3.056428
v -0.120000 1.759995 -3.086428
v -0.150000 1.729995 -3.086428
v -0.120000 1.751208 -3.065215
v -0.137321 1.747316 -3.069107
v -0.141213 1.751208 -3.086428
v -0.141213 1.729995 -3.065215
v -0.120000 1.599995 -3.626428
v -0.150000 1.629995 -3.626428
v -0.120000 1.629995 -3.656428
v -0.141213 1.608782 -3.626428
v -0.137321 1.612675 -3.643749
v -0.141213 1.629995 -3.647641
v -0.120000 1.608782 -3.647641
v -0.120000 1.759995 -3.626428
v -0.120000 1.729995 -3.656428
v -0.150000 1.729995 -3.626428
v -0.120000 1.751208 -3.647641
v -0.137321 1.747316 -3.643749
v -0.141213 1.729995 -3.647641
v -0.141213 1.751208 -3.626428
v 0.120000 1.599995 -3.086428
v 0.150000 1.629995 -3.086428
v 0.120000 1.629995 -3.056428
v 0.141213 1.608782 -3.086428
v 0.137321 1.612675 -3.069107
v 0.141213 1.629995 -3.065215
v 0.120000 1.608782 -3.065215
v 0.120000 1.759995 -3.086428
v 0.120000 1.729995 -3.056428
v 0.150000 1.729995 -3.086428
v 0.120000 1.751208 -3.065215
v 0.137321 1.747316 -3.069107
v 0.141213 1.729995 -3.065215
v 0.141213 1.751208 -3.086428
v 0.120000 1.599995 -3.626428
v 0.120000 1.629995 -3.656428
v 0.150000 1.629995 -3.626428
v 0.120000 1.608782 -3.647641
v 0.137321 1.612675 -3.643749
v 0.141213 1.629995 -3.647641
v 0.141213 1.608782 -3.626428
v 0.120000 1.759995 -3.626428
v 0.150000 1.729995 -3.626428
v 0.120000 1.729995 -3.656428
v 0.141213 1.751208 -3.626428
v 0.137321 1.747316 -3.643749
v 0.141213 1.729995 -3.647641
v 0.120000 1.751208 -3.647641
v -0.060000 1.739995 -3.396428
v -0.060000 1.759995 -3.376428
v -0.080000 1.759995 -3.396428
v -0.060000 1.745853 -3.382286
v -0.071547 1.748448 -3.384881
v -0.074142 1.759995 -3.382286
v -0.074142 1.745853 -3.396428
v -0.060000 2.059995 -3.376428
v -0.060000 2.079995 -3.396428
v -0.080000 2.059995 -3.396428
v -0.060000 2.074137 -3.382286
v -0.071547 2.071542 -3.384881
v -0.074142 2.074137 -3.396428
v -0.074142 2.059995 -3.382286
v -0.060000 1.739995 -3.516428
v -0.080000 1.759995 -3.516428
v -0.060000 1.759995 -3.536428
v -0.074142 1.745853 -3.516428
v -0.071547 1.748448 -3.527975
v -0.074142 1.759995 -3.530570
v -0.060000 1.745853 -3.530570
v -0.060000 2.079995 -3.516428
v -0.060000 2.059995 -3.536428
v -0.080000 2.059995 -3.516428
v -0.060000 2.074137 -3.530570
v -0.071547 2.071542 -3.527975
v -0.074142 2.059995 -3.530570
v -0.074142 2.074137 -3.516428
v 0.060000 1.739995 -3.396428
v 0.080000 1.759995 -3.396428
v 0.060000 1.759995 -3.376428
v 0.074142 1.745853 -3.396428
v 0.071547 1.748448 -3.384881
v 0.074142 1.759995 -3.382286
v 0.060000 1.745853 -3.382286
v 0.060000 2.079995 -3.396428
v 0.060000 2.059995 -3.376428
v 0.080000 2.059995 -3.396428
v 0.060000 2.074137 -3.382286
v 0.071547 2.071542 -3.384881
v 0.074142 2.059995 -3.382286
v 0.074142 2.074137 -3.396428
v 0.060000 1.739995 -3.516428
v 0.060000 1.759995 -3.536428
v 0.080000 1.759995 -3.516428
v 0.060000 1.745853 -3.530570
v 0.071547 1.748448 -3.527975
v 0.074142 1.759995 -3.530570
v 0.074142 1.745853 -3.516428
v 0.060000 2.079995 -3.516428
v 0.080000 2.059995 -3.516428
v 0.060000 2.059995 -3.536428
v 0.074142 2.074137 -3.516428
v 0.071547 2.071542 -3.527975
v 0.074142 2.059995 -3.530570
v 0.060000 2.074137 -3.530570
v -0.080000 0.739819 2.445258
v -0.080000 0.761922 2.497330
v -0.120000 0.776907 2.460243
v -0.080000 0.740086 2.475872
v -0.103094 0.746843 2.473004
v -0.108284 0.766311 2.486467
v -0.108284 0.750682 2.449647
v -0.080000 1.429495 2.767047
v -0.080000 1.481566 2.744944
v -0.120000 1.444479 2.729959
v -0.080000 1.460108 2.766779
v -0.103094 1.457240 2.760023
v -0.108284 1.470704 2.740555
v -0.108284 1.433884 2.756184
v -0.080000 0.878424 2.102200
v -0.120000 0.915511 2.117185
v -0.080000 0.930495 2.080097
v -0.108284 0.889286 2.106589
v -0.103094 0.902750 2.087121
v -0.108284 0.926107 2.090960
v -0.080000 0.899882 2.080364
v -0.080000 1.620171 2.401886
v -0.080000 1.598068 2.349814
v -0.120000 1.583083 2.386901
v -0.080000 1.619904 2.371272
v -0.103094 1.613147 2.374140
v -0.108284 1.593679 2.360677
v -0.108284 1.609308 2.397497
v 0.080000 0.739819 2.445258
v 0.120000 0.776907 2.460243
v 0.080000 0.761922 2.497330
v 0.108284 0.750682 2.449647
v 0.103094 0.746843 2.473004
v 0.108284 0.766311 2.486467
v 0.080000 0.740086 2.475872
v 0.080000 1.481566 2.744944
v 0.080000 1.429495 2.767047
v 0.120000 1.444479 2.729959
v 0.080000 1.460108 2.766779
v 0.103094 1.457240 2.760023
v 0.108284 1.433884 2.756184
v 0.108284 1.470704 2.740555
v 0.080000 0.878424 2.102200
v 0.080000 0.930495 2.080097
v 0.120000 0.915511 2.117185
v 0.080000 0.899882 2.080364
v 0.103094 0.902750 2.087121
v 0.108284 0.926107 2.090960
v 0.108284 0.889286 2.106589
v 0.080000 1.620171 2.401886
v 0.120000 1.583083 2.386901
v 0.080000 1.598068 2.349814
v 0.108284 1.609308 2.397497
v 0.103094 1.613147 2.374140
v 0.108284 1.593679 2.360677
v 0.080000 1.619904 2.371272
v -0.140000 1.392137 2.671225
v -0.140000 1.408715 2.710279
v -0.170000 1.419953 2.682463
v -0.140000 1.392338 2.694185
v -0.157320 1.397405 2.692034
v -0.161213 1.412006 2.702131
v -0.161213 1.400284 2.674516
v -0.140000 1.501433 2.747739
v -0.140000 1.540487 2.731162
v -0.170000 1.512671 2.719923
v -0.140000 1.524393 2.747539
v -0.157320 1.522242 2.742471
v -0.161213 1.532340 2.727870
v -0.161213 1.504725 2.739592
v -0.140000 1.519503 2.355982
v -0.170000 1.547319 2.367220
v -0.140000 1.558557 2.339405
v -0.161213 1.527650 2.359274
v -0.157320 1.537748 2.344673
v -0.161213 1.555266 2.347552
v -0.140000 1.535597 2.339605
v -0.140000 1.667853 2.415919
v -0.140000 1.651276 2.376865
v -0.170000 1.640037 2.404681
v -0.140000 1.667652 2.392959
v -0.157320 1.662585 2.395110
v -0.161213 1.647984 2.385013
v -0.161213 1.659706 2.412628
v 0.140000 1.392137 2.671225
v 0.170000 1.419953 2.682463
v 0.140000 1.408715 2.710279
v 0.161213 1.400284 2.674516
v 0.157320 1.397405 2.692034
v 0.161213 1.412006 2.702131
v 0.140000 1.392338 2.694185
v 0.140000 1.540487 2.731162
v 0.140000 1.501433 2.747739
v 0.170000 1.512671 2.719923
v 0.140000 1.524393 2.747539
v 0.157320 1.522242 2.742471
v 0.161213 1.504725 2.739592
v 0.161213 1.532340 2.727870
v 0.140000 1.519503 2.355982
v 0.140000 1.558557 2.339405
v 0.170000 1.547319 2.367220
v 0.140000 1.535597 2.339605
v 0.157320 1.537748 2.344673
v 0.161213 1.555266 2.347552
v 0.161213 1.527650 2.359274
v 0.140000 1.667853 2.415919
v 0.170000 1.640037 2.404681
v 0.140000 1.651276 2.376865
v 0.161213 1.659706 2.412628
v 0.157320 1.662585 2.395110
v 0.161213 1.647984 2.385013
v 0.140000 1.667652 2.392959
v 0.000000 -0.710005 1.093572
v 0.052901 -0.692816 1.093572
v 0.085595 -0.647816 1.093572
v 0.085595 -0.592193 1.093572
v 0.052901 -0.547193 1.093572
v 0.000000 -0.530005 1.093572
v -0.052901 -0.547193 1.093572
v -0.085595 -0.592193 1.093572
v -0.085595 -0.647816 1.093572
v -0.052901 -0.692816 1.093572
v 0.000000 -0.689901 0.940869
v 0.052901 -0.673298 0.945317
v 0.085595 -0.629832 0.956964
v 0.085595 -0.576104 0.971361
v 0.052901 -0.532637 0.983007
v 0.000000 -0.516035 0.987456
v -0.052901 -0.532637 0.983007
v -0.085595 -0.576104 0.971361
v -0.085595 -0.629832 0.956964
v -0.052901 -0.673298 0.945317
v 0.000000 -0.630960 0.798572
v 0.052901 -0.616074 0.807166
v 0.085595 -0.577103 0.829666
v 0.085595 -0.528932 0.857478
v 0.052901 -0.489961 0.879978
v 0.000000 -0.475075 0.888572
v -0.052901 -0.489961 0.879978
v -0.085595 -0.528932 0.857478
v -0.085595 -0.577103 0.829666
v -0.052901 -0.616074 0.807166
v 0.000000 -0.537198 0.676379
v 0.052901 -0.525044 0.688533
v 0.085595 -0.493224 0.720353
v 0.085595 -0.453893 0.759684
v 0.052901 -0.422073 0.791504
v 0.000000 -0.409919 0.803658
v -0.052901 -0.422073 0.791504
v -0.085595 -0.453893 0.759684
v -0.085595 -0.493224 0.720353
v -0.052901 -0.525044 0.688533
v 0.000000 -0.415005 0.582617
v 0.052901 -0.406411 0.597503
v 0.085595 -0.383911 0.636474
v 0.085595 -0.356099 0.684645
v 0.052901 -0.333599 0.723616
v 0.000000 -0.325005 0.738502
v -0.052901 -0.333599 0.723616
v -0.085595 -0.356099 0.684645
v -0.085595 -0.383911 0.636474
v -0.052901 -0.406411 0.597503
v 0.000000 -0.272708 0.523676
v 0.052901 -0.268260 0.540278
v 0.085595 -0.256613 0.583745
v 0.085595 -0.242216 0.637473
v 0.052901 -0.230569 0.680940
v 0.000000 -0.226121 0.697542
v -0.052901 -0.230569 0.680940
v -0.085595 -0.242216 0.637473
v -0.085595 -0.256613 0.583745
v -0.052901 -0.268260 0.540278
v 0.000000 -0.120005 0.503572
v 0.052901 -0.120005 0.520760
v 0.085595 -0.120005 0.565760
v 0.085595 -0.120005 0.621383
v 0.052901 -0.120005 0.666384
v 0.000000 -0.120005 0.683572
v -0.052901 -0.120005 0.666384
v -0.085595 -0.120005 0.621383
v -0.085595 -0.120005 0.565760
v -0.052901 -0.120005 0.520760
v -0.000000 0.032698 0.523676
v 0.052901 0.028250 0.540278
v 0.085595 0.016603 0.583745
v 0.085595 0.002206 0.637473
v 0.052901 -0.009440 0.680940
v -0.000000 -0.013889 0.697542
v -0.052901 -0.009440 0.680940
v -0.085595 0.002206 0.637473
v -0.085595 0.016603 0.583745
v -0.052901 0.028250 0.540278
v -0.000000 0.174995 0.582617
v 0.052901 0.166401 0.597503
v 0.085595 0.143901 0.636474
v 0.085595 0.116089 0.684645
v 0.052901 0.093589 0.723616
v -0.000000 0.084995 0.738502
v -0.052901 0.093589 0.723616
v -0.085595 0.116089 0.684645
v -0.085595 0.143901 0.636474
v -0.052901 0.166401 0.597503
v -0.000000 0.297188 0.676379
v 0.052901 0.285034 0.688533
v 0.085595 0.253214 0.720353
v 0.085595 0.213883 0.759684
v 0.052901 0.182063 0.791504
v -0.000000 0.169909 0.803658
v -0.052901 0.182063 0.791504
v -0.085595 0.213883 0.759684
v -0.085595 0.253214 0.720353
v -0.052901 0.285034 0.688533
v -0.000000 0.390950 0.798572
v 0.052901 0.376064 0.807166
v 0.085595 0.337093 0.829666
v 0.085595 0.288922 0.857478
v 0.052901 0.249951 0.879978
v -0.000000 0.235065 0.888572
v -0.052901 0.249951 0.879978
v -0.085595 0.288922 0.857478
v -0.085595 0.337093 0.829666
v -0.052901 0.376064 0.807166
v -0.000000 0.449891 0.940869
v 0.052901 0.433289 0.945318
v 0.085595 0.389822 0.956964
v 0.085595 0.336094 0.971361
v 0.052901 0.292627 0.983007
v -0.000000 0.276025 0.987456
v -0.052901 0.292627 0.983007
v -0.085595 0.336094 0.971361
v -0.085595 0.389822 0.956964
v -0.052901 0.433289 0.945318
v -0.000000 0.469995 1.093572
v 0.052901 0.452807 1.093572
v 0.085595 0.407807 1.093572
v 0.085595 0.352184 1.093572
v 0.052901 0.307184 1.093572
v -0.000000 0.289995 1.093572
v -0.052901 0.307184 1.093572
v -0.085595 0.352184 1.093572
v -0.085595 0.407807 1.093572
v -0.052901 0.452807 1.093572
v -0.000000 0.449891 1.246275
v 0.052901 0.433289 1.241826
v 0.085595 0.389822 1.230180
v 0.085595 0.336094 1.215783
v 0.052901 0.292627 1.204136
v -0.000000 0.276025 1.199688
v -0.052901 0.292627 1.204136
v -0.085595 0.336094 1.215783
v -0.085595 0.389822 1.230180
v -0.052901 0.433289 1.241826
v -0.000000 0.390950 1.388572
v 0.052901 0.376064 1.379978
v 0.085595 0.337093 1.357478
v 0.085595 0.288922 1.329666
v 0.052901 0.249951 1.307166
v -0.000000 0.235065 1.298572
v -0.052901 0.249951 1.307166
v -0.085595 0.288922 1.329666
v -0.085595 0.337093 1.357478
v -0.052901 0.376064 1.379978
v -0.000000 0.297188 1.510765
v 0.052901 0.285034 1.498611
v 0.085595 0.253214 1.466791
v 0.085595 0.213883 1.427459
v 0.052901 0.182063 1.395640
v -0.000000 0.169909 1.383486
v -0.052901 0.182063 1.395640
v -0.085595 0.213883 1.427459
v -0.085595 0.253214 1.466791
v -0.052901 0.285034 1.498611
v -0.000000 0.174995 1.604527
v 0.052901 0.166401 1.589641
v 0.085595 0.143901 1.550670
v 0.085595 0.116089 1.502499
v 0.052901 0.093589 1.463528
v -0.000000 0.084995 1.448642
v -0.052901 0.093589 1.463528
v -0.085595 0.116089 1.502499
v -0.085595 0.143901 1.550670
v -0.052901 0.166401 1.589641
v -0.000000 0.032698 1.663468
v 0.052901 0.028250 1.646865
v 0.085595 0.016603 1.603399
v 0.085595 0.002207 1.549671
v 0.052901 -0.009440 1.506204
v -0.000000 -0.013889 1.489601
v -0.052901 -0.009440 1.506204
v -0.085595 0.002207 1.549671
v -0.085595 0.016603 1.603399
v -0.052901 0.028250 1.646865
v 0.000000 -0.120005 1.683572
v 0.052901 -0.120005 1.666384
v 0.085595 -0.120005 1.621383
v 0.085595 -0.120005 1.565760
v 0.052901 -0.120005 1.520760
v 0.000000 -0.120005 1.503572
v -0.052901 -0.120005 1.520760
v -0.085595 -0.120005 1.565760
v -0.085595 -0.120005 1.621383
v -0.052901 -0.120005 1.666384
v 0.000000 -0.272708 1.663468
v 0.052901 -0.268259 1.646865
v 0.085595 -0.256612 1.603399
v 0.085595 -0.242216 1.549671
v 0.052901 -0.230569 1.506204
v 0.000000 -0.226121 1.489602
v -0.052901 -0.230569 1.506204
v -0.085595 -0.242216 1.549671
v -0.085595 -0.256612 1.603399
v -0.052901 -0.268259 1.646865
v 0.000000 -0.415005 1.604527
v 0.052901 -0.406411 1.589641
v 0.085595 -0.383911 1.550670
v 0.085595 -0.356099 1.502499
v 0.052901 -0.333599 1.463528
v 0.000000 -0.325005 1.448642
v -0.052901 -0.333599 1.463528
v -0.085595 -0.356099 1.502499
v -0.085595 -0.383911 1.550670
v -0.052901 -0.406411 1.589641
v 0.000000 -0.537198 1.510765
v 0.052901 -0.525044 1.498611
v 0.085595 -0.493224 1.466791
v 0.085595 -0.453892 1.427460
v 0.052901 -0.422073 1.395640
v 0.000000 -0.409919 1.383486
v -0.052901 -0.422073 1.395640
v -0.085595 -0.453892 1.427460
v -0.085595 -0.493224 1.466791
v -0.052901 -0.525044 1.498611
v 0.000000 -0.630960 1.388572
v 0.052901 -0.616074 1.379978
v 0.085595 -0.577103 1.357478
v 0.085595 -0.528932 1.329666
v 0.052901 -0.489961 1.307166
v 0.000000 -0.475075 1.298572
v -0.052901 -0.489961 1.307166
v -0.085595 -0.528932 1.329666
v -0.085595 -0.577103 1.357478
v -0.052901 -0.616074 1.379978
v 0.000000 -0.689901 1.246275
v 0.052901 -0.673298 1.241826
v 0.085595 -0.629832 1.230180
v 0.085595 -0.576104 1.215783
v 0.052901 -0.532637 1.204136
v 0.000000 -0.516035 1.199688
v -0.052901 -0.532637 1.204136
v -0.085595 -0.576104 1.215783
v -0.085595 -0.629832 1.230180
v -0.052901 -0.673298 1.241826
v -0.040000 -0.076985 1.090443
v -0.040000 -0.040243 1.111657
v -0.070000 -0.048008 1.082679
v -0.040000 -0.063008 1.108660
v -0.057321 -0.060255 1.103892
v -0.061213 -0.042517 1.103169
v -0.061213 -0.068498 1.088169
v -0.040000 0.336468 1.010717
v -0.040000 0.357681 0.973975
v -0.070000 0.328703 0.981739
v -0.040000 0.354684 0.996739
v -0.057321 0.349917 0.993987
v -0.061213 0.349194 0.976249
v -0.061213 0.334194 1.002230
v -0.040000 -0.097691 1.013169
v -0.070000 -0.068713 1.005405
v -0.040000 -0.076478 0.976427
v -0.061213 -0.089204 1.010895
v -0.057321 -0.089926 0.993157
v -0.061213 -0.074204 0.984914
v -0.040000 -0.094694 0.990405
v -0.040000 0.336976 0.896701
v -0.040000 0.300233 0.875487
v -0.070000 0.307998 0.904465
v -0.040000 0.322998 0.878484
v -0.057321 0.320245 0.883252
v -0.061213 0.302507 0.883975
v -0.061213 0.328488 0.898975
v 0.040000 -0.076985 1.090443
v 0.070000 -0.048008 1.082679
v 0.040000 -0.040243 1.111657
v 0.061213 -0.068498 1.088169
v 0.057321 -0.060255 1.103892
v 0.061213 -0.042517 1.103169
v 0.040000 -0.063008 1.108660
v 0.040000 0.357681 0.973975
v 0.040000 0.336468 1.010717
v 0.070000 0.328703 0.981739
v 0.040000 0.354684 0.996739
v 0.057321 0.349917 0.993987
v 0.061213 0.334194 1.002230
v 0.061213 0.349194 0.976249
v 0.040000 -0.097691 1.013169
v 0.040000 -0.076478 0.976427
v 0.070000 -0.068713 1.005405
v 0.040000 -0.094694 0.990405
v 0.057321 -0.089926 0.993157
v 0.061213 -0.074204 0.984914
v 0.061213 -0.089204 1.010895
v 0.040000 0.336976 0.896701
v 0.070000 0.307998 0.904465
v 0.040000 0.300233 0.875487
v 0.061213 0.328488 0.898975
v 0.057321 0.320245 0.883252
v 0.061213 0.302507 0.883975
v 0.040000 0.322998 0.878484
v -0.240000 -1.652815 3.438148
v -0.240000 -1.496600 3.504457
v -0.360000 -1.541553 3.393195
v -0.240000 -1.588440 3.503656
v -0.309282 -1.579836 3.483386
v -0.324853 -1.509766 3.471869
v -0.324853 -1.620227 3.424982
v -0.240000 0.506118 2.695307
v -0.240000 0.572427 2.539092
v -0.360000 0.461165 2.584045
v -0.240000 0.571626 2.630933
v -0.309282 0.551356 2.622329
v -0.324853 0.539839 2.552259
v -0.324853 0.492951 2.662719
v -0.240000 -2.012437 2.548052
v -0.360000 -1.901175 2.503099
v -0.240000 -1.946128 2.391837
v -0.324853 -1.979849 2.534885
v -0.309282 -1.991366 2.464815
v -0.324853 -1.932961 2.424425
v -0.240000 -2.011636 2.456211
v -0.240000 0.212805 1.648996
v -0.240000 0.056590 1.582686
v -0.360000 0.101542 1.693949
v -0.240000 0.148430 1.583488
v -0.309282 0.139826 1.603758
v -0.324853 0.069756 1.615274
v -0.324853 0.180217 1.662162
v 0.240000 -1.652815 3.438148
v 0.360000 -1.541553 3.393195
v 0.240000 -1.496600 3.504457
v 0.324853 -1.620227 3.424982
v 0.309282 -1.579836 3.483386
v 0.324853 -1.509766 3.471869
v 0.240000 -1.588440 3.503656
v 0.240000 0.572427 2.539092
v 0.240000 0.506118 2.695307
v 0.360000 0.461165 2.584045
v 0.240000 0.571626 2.630933
v 0.309282 0.551356 2.622329
v 0.324853 0.492951 2.662719
v 0.324853 0.539839 2.552259
v 0.240000 -2.012437 2.548052
v 0.240000 -1.946128 2.391837
v 0.360000 -1.901175 2.503099
v 0.240000 -2.011636 2.456211
v 0.309282 -1.991366 2.464815
v 0.324853 -1.932961 2.424425
v 0.324853 -1.979849 2.534885
v 0.240000 0.212805 1.648996
v 0.360000 0.101542 1.693949
v 0.240000 0.056590 1.582686
v 0.324853 0.180217 1.662162
v 0.309282 0.139826 1.603758
v 0.324853 0.069756 1.615274
v 0.240000 0.148430 1.583488
v -0.340000 -1.645452 3.668799
v -0.340000 -1.580362 3.696428
v -0.390000 -1.599092 3.650069
v -0.340000 -1.618629 3.696094
v -0.368867 -1.615044 3.687649
v -0.375355 -1.585848 3.682850
v -0.375355 -1.631873 3.663313
v -0.340000 -1.487644 3.658967
v -0.340000 -1.460015 3.593878
v -0.390000 -1.506374 3.612608
v -0.340000 -1.460349 3.632145
v -0.368867 -1.468795 3.628560
v -0.375355 -1.473593 3.599364
v -0.375355 -1.493130 3.645389
v -0.340000 -2.079995 2.593266
v -0.390000 -2.033636 2.574536
v -0.340000 -2.052366 2.528177
v -0.375355 -2.066417 2.587780
v -0.368867 -2.071215 2.558584
v -0.375355 -2.046880 2.541755
v -0.340000 -2.079661 2.554999
v -0.340000 -1.894558 2.518345
v -0.340000 -1.959648 2.490716
v -0.390000 -1.940918 2.537075
v -0.340000 -1.921381 2.491050
v -0.368867 -1.924966 2.499496
v -0.375355 -1.954162 2.504294
v -0.375355 -1.908137 2.523831
v 0.340000 -1.645452 3.668799
v 0.390000 -1.599092 3.650069
v 0.340000 -1.580362 3.696428
v 0.375355 -1.631873 3.663313
v 0.368867 -1.615044 3.687649
v 0.375355 -1.585848 3.682850
v 0.340000 -1.618629 3.696094
v 0.340000 -1.460015 3.593878
v 0.340000 -1.487644 3.658967
v 0.390000 -1.506374 3.612608
v 0.340000 -1.460349 3.632145
v 0.368867 -1.468795 3.628560
v 0.375355 -1.493130 3.645389
v 0.375355 -1.473593 3.599364
v 0.340000 -2.079995 2.593266
v 0.340000 -2.052366 2.528177
v 0.390000 -2.033636 2.574536
v 0.340000 -2.079661 2.554999
v 0.368867 -2.071215 2.558584
v 0.375355 -2.046880 2.541755
v 0.375355 -2.066417 2.587780
v 0.340000 -1.894558 2.518345
v 0.390000 -1.940918 2.537075
v 0.340000 -1.959648 2.490716
v 0.375355 -1.908137 2.523831
v 0.368867 -1.924966 2.499496
v 0.375355 -1.954162 2.504294
v 0.340000 -1.921381 2.491050
v -0.400000 -0.570005 2.283572
v -0.340000 -0.570005 2.283572
v -0.400000 -0.650349 2.296297
v -0.340000 -0.650349 2.296297
v -0.400000 -0.722829 2.333228
v -0.340000 -0.722829 2.333228
v -0.400000 -0.780349 2.390748
v -0.340000 -0.780349 2.390748
v -0.400000 -0.817280 2.463228
v -0.340000 -0.817280 2.463228
v -0.400000 -0.830005 2.543572
v -0.340000 -0.830005 2.543572
v -0.400000 -0.817280 2.623916
v -0.340000 -0.817280 2.623916
v -0.400000 -0.780349 2.696396
v -0.340000 -0.780349 2.696396
v -0.400000 -0.722829 2.753916
v -0.340000 -0.722829 2.753916
v -0.400000 -0.650349 2.790847
v -0.340000 -0.650349 2.790847
v -0.400000 -0.570005 2.803572
v -0.340000 -0.570005 2.803572
v -0.400000 -0.489660 2.790847
v -0.340000 -0.489660 2.790847
v -0.400000 -0.417181 2.753916
v -0.340000 -0.417181 2.753916
v -0.400000 -0.359660 2.696396
v -0.340000 -0.359660 2.696396
v -0.400000 -0.322730 2.623916
v -0.340000 -0.322730 2.623916
v -0.400000 -0.310005 2.543572
v -0.340000 -0.310005 2.543572
v -0.400000 -0.322730 2.463228
v -0.340000 -0.322730 2.463228
v -0.400000 -0.359660 2.390748
v -0.340000 -0.359660 2.390748
v -0.400000 -0.417181 2.333228
v -0.340000 -0.417181 2.333228
v -0.400000 -0.489660 2.296297
v -0.340000 -0.489660 2.296297
v -0.345000 0.779995 1.453572
v -0.295000 0.779995 1.453572
v -0.345000 0.734995 1.465630
v -0.295000 0.734995 1.465630
v -0.345000 0.702053 1.498572
v -0.295000 0.702053 1.498572
v -0.345000 0.689995 1.543572
v -0.295000 0.689995 1.543572
v -0.345000 0.702053 1.588572
v -0.295000 0.702053 1.588572
v -0.345000 0.734995 1.621514
v -0.295000 0.734995 1.621514
v -0.345000 0.779995 1.633572
v -0.295000 0.779995 1.633572
v -0.345000 0.824995 1.621514
v -0.295000 0.824995 1.621514
v -0.345000 0.857937 1.588572
v -0.295000 0.857937 1.588572
v -0.345000 0.869995 1.543572
v -0.295000 0.869995 1.543572
v -0.345000 0.857937 1.498572
v -0.295000 0.857937 1.498572
v -0.345000 0.824995 1.465630
v -0.295000 0.824995 1.465630
v 0.340000 -0.570005 2.283572
v 0.400000 -0.570005 2.283572
v 0.340000 -0.650349 2.296297
v 0.400000 -0.650349 2.296297
v 0.340000 -0.722829 2.333228
v 0.400000 -0.722829 2.333228
v 0.340000 -0.780349 2.390748
v 0.400000 -0.780349 2.390748
v 0.340000 -0.817280 2.463228
v 0.400000 -0.817280 2.463228
v 0.340000 -0.830005 2.543572
v 0.400000 -0.830005 2.543572
v 0.340000 -0.817280 2.623916
v 0.400000 -0.817280 2.623916
v 0.340000 -0.780349 2.696396
v 0.400000 -0.780349 2.696396
v 0.340000 -0.722829 2.753916
v 0.400000 -0.722829 2.753916
v 0.340000 -0.650349 2.790847
v 0.400000 -0.650349 2.790847
v 0.340000 -0.570005 2.803572
v 0.400000 -0.570005 2.803572
v 0.340000 -0.489660 2.790847
v 0.400000 -0.489660 2.790847
v 0.340000 -0.417181 2.753916
v 0.400000 -0.417181 2.753916
v 0.340000 -0.359660 2.696396
v 0.400000 -0.359660 2.696396
v 0.340000 -0.322730 2.623916
v 0.400000 -0.322730 2.623916
v 0.340000 -0.310005 2.543572
v 0.400000 -0.310005 2.543572
v 0.340000 -0.322730 2.463228
v 0.400000 -0.322730 2.463228
v 0.340000 -0.359660 2.390748
v 0.400000 -0.359660 2.390748
v 0.340000 -0.417181 2.333228
v 0.400000 -0.417181 2.333228
v 0.340000 -0.489660 2.296297
v 0.400000 -0.489660 2.296297
v 0.295000 0.779995 1.453572
v 0.345000 0.779995 1.453572
v 0.295000 0.734995 1.465630
v 0.345000 0.734995 1.465630
v 0.295000 0.702053 1.498572
v 0.345000 0.702053 1.498572
v 0.295000 0.689995 1.543572
v 0.345000 0.689995 1.543572
v 0.295000 0.702053 1.588572
v 0.345000 0.702053 1.588572
v 0.295000 0.734995 1.621514
v 0.345000 0.734995 1.621514
v 0.295000 0.779995 1.633572
v 0.345000 0.779995 1.633572
v 0.295000 0.824995 1.621514
v 0.345000 0.824995 1.621514
v 0.295000 0.857937 1.588572
v 0.345000 0.857937 1.588572
v 0.295000 0.869995 1.543572
v 0.345000 0.869995 1.543572
v 0.295000 0.857937 1.498572
v 0.345000 0.857937 1.498572
v 0.295000 0.824995 1.465630
v 0.345000 0.824995 1.465630
vn -0.1794 -0.9673 0.1794
vn -0.1794 -0.1794 0.9673
vn -0.9673 -0.1794 0.1794
vn -0.1479 -0.6993 0.6993
vn -0.5774 -0.5773 0.5774
vn -0.6993 -0.1479 0.6993
vn -0.6993 -0.6993 0.1479
vn -0.1794 0.1794 0.9673
vn -0.1794 0.9673 0.1794
vn -0.9673 0.1794 0.1794
vn -0.1479 0.6993 0.6993
vn -0.5774 0.5773 0.5774
vn -0.6993 0.6993 0.1479
vn -0.6993 0.1479 0.6993
vn -0.1794 -0.9673 -0.1794
vn -0.9673 -0.1794 -0.1794
vn -0.1794 -0.1794 -0.9673
vn -0.6993 -0.6993 -0.1479
vn -0.5773 -0.5774 -0.5774
vn -0.6993 -0.1479 -0.6993
vn -0.1479 -0.6993 -0.6993
vn -0.1794 0.9673 -0.1794
vn -0.1794 0.1794 -0.9673
vn -0.9673 0.1794 -0.1794
vn -0.1479 0.6993 -0.6993
vn -0.5773 0.5774 -0.5774
vn -0.6993 0.1479 -0.6993
vn -0.6993 0.6993 -0.1479
vn 0.1794 -0.9673 0.1794
vn 0.9673 -0.1794 0.1794
vn 0.1794 -0.1794 0.9673
vn 0.6993 -0.6993 0.1479
vn 0.5774 -0.5773 0.5774
vn 0.6993 -0.1479 0.6993
vn 0.1479 -0.6993 0.6993
vn 0.1794 0.9673 0.1794
vn 0.1794 0.1794 0.9673
vn 0.9673 0.1794 0.1794
vn 0.1479 0.6993 0.6993
vn 0.5774 0.5773 0.5774
vn 0.6993 0.1479 0.6993
vn 0.6993 0.6993 0.1479
vn 0.1794 -0.9673 -0.1794
vn 0.1794 -0.1794 -0.9673
vn 0.9673 -0.1794 -0.1794
vn 0.1479 -0.6993 -0.6993
vn 0.5773 -0.5774 -0.5774
vn 0.6993 -0.1479 -0.6993
vn 0.6993 -0.6993 -0.1479
vn 0.1794 0.9673 -0.1794
vn 0.9673 0.1794 -0.1794
vn 0.1794 0.1794 -0.9673
vn 0.6993 0.6993 -0.1479
vn 0.5773 0.5774 -0.5774
vn 0.6993 0.1479 -0.6993
vn 0.1479 0.6993 -0.6993
vn -0.5773 -0.5774 0.5774
vn -0.5774 0.5774 -0.5774
vn 0.5773 -0.5773 0.5774
vn 0.5774 0.5773 0.5773
vn 0.5774 0.5774 -0.5774
vn -0.0000 0.2059 -0.9786
vn -0.0000 0.9811 -0.1936
vn -0.0000 0.7175 -0.6966
vn -0.0000 0.2059 0.9786
vn -0.0000 0.9811 0.1936
vn -0.0000 0.7175 0.6966
vn 0.0402 0.2019 -0.9786
vn 0.1914 0.9622 -0.1936
vn 0.1400 0.7037 -0.6966
vn 0.0402 0.2019 0.9786
vn 0.1914 0.9622 0.1936
vn 0.1400 0.7037 0.6966
vn 0.0788 0.1902 -0.9786
vn 0.3754 0.9064 -0.1936
vn 0.2746 0.6629 -0.6966
vn 0.0788 0.1902 0.9786
vn 0.3754 0.9064 0.1936
vn 0.2746 0.6629 0.6966
vn 0.1144 0.1712 -0.9786
vn 0.5451 0.8157 -0.1936
vn 0.3986 0.5966 -0.6966
vn 0.1144 0.1712 0.9786
vn 0.5451 0.8157 0.1936
vn 0.3986 0.5966 0.6966
vn 0.1456 0.1456 -0.9786
vn 0.6937 0.6937 -0.1936
vn 0.5073 0.5073 -0.6966
vn 0.1456 0.1456 0.9786
vn 0.6937 0.6937 0.1936
vn 0.5073 0.5073 0.6966
vn 0.1712 0.1144 -0.9786
vn 0.8157 0.5451 -0.1936
vn 0.5966 0.3986 -0.6966
vn 0.1712 0.1144 0.9786
vn 0.8157 0.5451 0.1936
vn 0.5966 0.3986 0.6966
vn 0.1902 0.0788 -0.9786
vn 0.9064 0.3754 -0.1936
vn 0.6629 0.2746 -0.6966
vn 0.1902 0.0788 0.9786
vn 0.9064 0.3754 0.1936
vn 0.6629 0.2746 0.6966
vn 0.2019 0.0402 -0.9786
vn 0.9622 0.1914 -0.1936
vn 0.7037 0.1400 -0.6966
vn 0.2019 0.0402 0.9786
vn 0.9622 0.1914 0.1936
vn 0.7037 0.1400 0.6966
vn 0.2059 -0.0000 -0.9786
vn 0.9811 -0.0000 -0.1936
vn 0.7175 -0.0000 -0.6966
vn 0.2059 -0.0000 0.9786
vn 0.9811 -0.0000 0.1936
vn 0.7175 -0.0000 0.6966
vn 0.2019 -0.0402 -0.9786
vn 0.9622 -0.1914 -0.1936
vn 0.7037 -0.1400 -0.6966
vn 0.2019 -0.0402 0.9786
vn 0.9622 -0.1914 0.1936
vn 0.7037 -0.1400 0.6966
vn 0.1902 -0.0788 -0.9786
vn 0.9064 -0.3754 -0.1936
vn 0.6629 -0.2746 -0.6966
vn 0.1902 -0.0788 0.9786
vn 0.9064 -0.3754 0.1936
vn 0.6629 -0.2746 0.6966
vn 0.1712 -0.1144 -0.9786
vn 0.8157 -0.5451 -0.1936
vn 0.5966 -0.3986 -0.6966
vn 0.1712 -0.1144 0.9786
vn 0.8157 -0.5451 0.1936
vn 0.5966 -0.3986 0.6966
vn 0.1456 -0.1456 -0.9786
vn 0.6937 -0.6937 -0.1936
vn 0.5073 -0.5073 -0.6966
vn 0.1456 -0.1456 0.9786
vn 0.6937 -0.6937 0.1936
vn 0.5073 -0.5073 0.6966
vn 0.1144 -0.1712 -0.9786
vn 0.5451 -0.8157 -0.1936
vn 0.3986 -0.5966 -0.6966
vn 0.1144 -0.1712 0.9786
vn 0.5451 -0.8157 0.1936
vn 0.3986 -0.5966 0.6966
vn 0.0788 -0.1902 -0.9786
vn 0.3754 -0.9064 -0.1936
vn 0.2746 -0.6629 -0.6966
vn 0.0788 -0.1902 0.9786
vn 0.3754 -0.9064 0.1936
vn 0.2746 -0.6629 0.6966
vn 0.0402 -0.2019 -0.9786
vn 0.1914 -0.9622 -0.1936
vn 0.1400 -0.7037 -0.6966
vn 0.0402 -0.2019 0.9786
vn 0.1914 -0.9622 0.1936
vn 0.1400 -0.7037 0.6966
vn -0.0000 -0.2059 -0.9786
vn -0.0000 -0.9811 -0.1936
vn -0.0000 -0.7175 -0.6966
vn -0.0000 -0.2059 0.9786
vn -0.0000 -0.9811 0.1936
vn -0.0000 -0.7175 0.6966
vn -0.0402 -0.2019 -0.9786
vn -0.1914 -0.9622 -0.1936
vn -0.1400 -0.7037 -0.6966
vn -0.0402 -0.2019 0.9786
vn -0.1914 -0.9622 0.1936
vn -0.1400 -0.7037 0.6966
vn -0.0788 -0.1902 -0.9786
vn -0.3754 -0.9064 -0.1936
vn -0.2746 -0.6629 -0.6966
vn -0.0788 -0.1902 0.9786
vn -0.3754 -0.9064 0.1936
vn -0.2746 -0.6629 0.6966
vn -0.1144 -0.1712 -0.9786
vn -0.5451 -0.8157 -0.1936
vn -0.3986 -0.5966 -0.6966
vn -0.1144 -0.1712 0.9786
vn -0.5451 -0.8157 0.1936
vn -0.3986 -0.5966 0.6966
vn -0.1456 -0.1456 -0.9786
vn -0.6937 -0.6937 -0.1936
vn -0.5073 -0.5073 -0.6966
vn -0.1456 -0.1456 0.9786
vn -0.6937 -0.6937 0.1936
vn -0.5073 -0.5073 0.6966
vn -0.1712 -0.1144 -0.9786
vn -0.8157 -0.5451 -0.1936
vn -0.5966 -0.3986 -0.6966
vn -0.1712 -0.1144 0.9786
vn -0.8157 -0.5451 0.1936
vn -0.5966 -0.3986 0.6966
vn -0.1902 -0.0788 -0.9786
vn -0.9064 -0.3754 -0.1936
vn -0.6629 -0.2746 -0.6966
vn -0.1902 -0.0788 0.9786
vn -0.9064 -0.3754 0.1936
vn -0.6629 -0.2746 0.6966
vn -0.2019 -0.0402 -0.9786
vn -0.9622 -0.1914 -0.1936
vn -0.7037 -0.1400 -0.6966
vn -0.2019 -0.0402 0.9786
vn -0.9622 -0.1914 0.1936
vn -0.7037 -0.1400 0.6966
vn -0.2059 -0.0000 -0.9786
vn -0.9811 -0.0000 -0.1936
vn -0.7175 -0.0000 -0.6966
vn -0.2059 -0.0000 0.9786
vn -0.9811 -0.0000 0.1936
vn -0.7175 -0.0000 0.6966
vn -0.2019 0.0402 -0.9786
vn -0.9622 0.1914 -0.1936
vn -0.7037 0.1400 -0.6966
vn -0.2019 0.0402 0.9786
vn -0.9622 0.1914 0.1936
vn -0.7037 0.1400 0.6966
vn -0.1902 0.0788 -0.9786
vn -0.9064 0.3754 -0.1936
vn -0.6629 0.2746 -0.6966
vn -0.1902 0.0788 0.9786
vn -0.9064 0.3754 0.1936
vn -0.6629 0.2746 0.6966
vn -0.1712 0.1144 -0.9786
vn -0.8157 0.5451 -0.1936
vn -0.5966 0.3986 -0.6966
vn -0.1712 0.1144 0.9786
vn -0.8157 0.5451 0.1936
vn -0.5966 0.3986 0.6966
vn -0.1456 0.1456 -0.9786
vn -0.6937 0.6937 -0.1936
vn -0.5073 0.5073 -0.6966
vn -0.1456 0.1456 0.9786
vn -0.6937 0.6937 0.1936
vn -0.5073 0.5073 0.6966
vn -0.1144 0.1712 -0.9786
vn -0.5451 0.8157 -0.1936
vn -0.3986 0.5966 -0.6966
vn -0.1144 0.1712 0.9786
vn -0.5451 0.8157 0.1936
vn -0.3986 0.5966 0.6966
vn -0.0788 0.1902 -0.9786
vn -0.3754 0.9064 -0.1936
vn -0.2746 0.6629 -0.6966
vn -0.0788 0.1902 0.9786
vn -0.3754 0.9064 0.1936
vn -0.2746 0.6629 0.6966
vn -0.0402 0.2019 -0.9786
vn -0.1914 0.9622 -0.1936
vn -0.1400 0.7037 -0.6966
vn -0.0402 0.2019 0.9786
vn -0.1914 0.9622 0.1936
vn -0.1400 0.7037 0.6966
vn -0.0000 0.7462 -0.6657
vn -0.0000 0.7462 0.6657
vn 0.2856 0.6894 -0.6657
vn 0.2856 0.6894 0.6657
vn 0.5276 0.5277 -0.6657
vn 0.5277 0.5276 0.6657
vn 0.6894 0.2856 -0.6657
vn 0.6894 0.2856 0.6657
vn 0.7462 -0.0000 -0.6657
vn 0.7462 -0.0000 0.6657
vn 0.6894 -0.2856 -0.6657
vn 0.6894 -0.2856 0.6657
vn 0.5277 -0.5276 -0.6657
vn 0.5277 -0.5277 0.6657
vn 0.2856 -0.6894 -0.6657
vn 0.2856 -0.6894 0.6657
vn -0.0000 -0.7462 -0.6657
vn -0.0000 -0.7462 0.6657
vn -0.2856 -0.6894 -0.6657
vn -0.2856 -0.6894 0.6657
vn -0.5277 -0.5277 -0.6657
vn -0.5277 -0.5277 0.6657
vn -0.6894 -0.2856 -0.6657
vn -0.6894 -0.2856 0.6657
vn -0.7462 -0.0000 -0.6657
vn -0.7462 -0.0000 0.6657
vn -0.6894 0.2856 -0.6657
vn -0.6894 0.2856 0.6657
vn -0.5277 0.5276 -0.6657
vn -0.5277 0.5277 0.6657
vn -0.2856 0.6894 -0.6657
vn -0.2856 0.6894 0.6657
vn -0.5276 -0.5277 -0.6657
vn -0.5276 0.5277 0.6657
vn 0.5277 -0.5277 -0.6657
vn 0.5277 0.5277 -0.6657
vn 0.5277 0.5277 0.6657
vn -0.5277 0.5277 -0.6657
vn -0.0000 0.2072 -0.9783
vn -0.0000 0.9811 -0.1935
vn -0.0000 0.7187 -0.6953
vn -0.0000 0.2073 0.9783
vn -0.0000 0.9811 0.1935
vn -0.0000 0.7187 0.6953
vn 0.0461 0.2020 -0.9783
vn 0.2183 0.9565 -0.1935
vn 0.1599 0.7007 -0.6953
vn 0.0461 0.2021 0.9783
vn 0.2183 0.9565 0.1935
vn 0.1599 0.7007 0.6953
vn 0.0899 0.1867 -0.9783
vn 0.4257 0.8839 -0.1935
vn 0.3118 0.6476 -0.6953
vn 0.0899 0.1867 0.9783
vn 0.4257 0.8839 0.1935
vn 0.3118 0.6476 0.6953
vn 0.1292 0.1620 -0.9783
vn 0.6117 0.7670 -0.1935
vn 0.4481 0.5619 -0.6953
vn 0.1292 0.1620 0.9783
vn 0.6117 0.7670 0.1935
vn 0.4481 0.5619 0.6953
vn 0.1620 0.1292 -0.9783
vn 0.7670 0.6117 -0.1935
vn 0.5619 0.4481 -0.6953
vn 0.1620 0.1292 0.9783
vn 0.7670 0.6117 0.1935
vn 0.5619 0.4481 0.6953
vn 0.1867 0.0899 -0.9783
vn 0.8839 0.4257 -0.1935
vn 0.6476 0.3118 -0.6953
vn 0.1867 0.0899 0.9783
vn 0.8839 0.4257 0.1935
vn 0.6476 0.3118 0.6953
vn 0.2021 0.0461 -0.9783
vn 0.9565 0.2183 -0.1935
vn 0.7007 0.1599 -0.6953
vn 0.2021 0.0461 0.9783
vn 0.9565 0.2183 0.1935
vn 0.7007 0.1599 0.6953
vn 0.2073 -0.0000 -0.9783
vn 0.9811 -0.0000 -0.1935
vn 0.7187 -0.0000 -0.6953
vn 0.2073 -0.0000 0.9783
vn 0.9811 -0.0000 0.1935
vn 0.7187 -0.0000 0.6953
vn 0.2021 -0.0461 -0.9783
vn 0.9565 -0.2183 -0.1935
vn 0.7007 -0.1599 -0.6953
vn 0.2021 -0.0461 0.9783
vn 0.9565 -0.2183 0.1935
vn 0.7007 -0.1599 0.6953
vn 0.1867 -0.0899 -0.9783
vn 0.8839 -0.4257 -0.1935
vn 0.6476 -0.3118 -0.6953
vn 0.1867 -0.0899 0.9783
vn 0.8839 -0.4257 0.1936
vn 0.6476 -0.3118 0.6953
vn 0.1620 -0.1292 -0.9783
vn 0.7671 -0.6117 -0.1935
vn 0.5619 -0.4481 -0.6953
vn 0.1620 -0.1292 0.9783
vn 0.7670 -0.6117 0.1935
vn 0.5619 -0.4481 0.6953
vn 0.1292 -0.1620 -0.9783
vn 0.6117 -0.7670 -0.1935
vn 0.4481 -0.5619 -0.6953
vn 0.1292 -0.1620 0.9783
vn 0.6117 -0.7670 0.1935
vn 0.4481 -0.5619 0.6953
vn 0.0899 -0.1867 -0.9783
vn 0.4257 -0.8839 -0.1935
vn 0.3118 -0.6476 -0.6953
vn 0.0899 -0.1867 0.9783
vn 0.4257 -0.8839 0.1935
vn 0.3118 -0.6476 0.6953
vn 0.0461 -0.2021 -0.9783
vn 0.2183 -0.9565 -0.1935
vn 0.1599 -0.7007 -0.6953
vn 0.0461 -0.2021 0.9783
vn 0.2183 -0.9565 0.1935
vn 0.1599 -0.7007 0.6953
vn -0.0000 -0.2072 -0.9783
vn -0.0000 -0.9811 -0.1935
vn -0.0000 -0.7187 -0.6953
vn -0.0000 -0.2073 0.9783
vn -0.0000 -0.9811 0.1935
vn -0.0000 -0.7187 0.6953
vn -0.0461 -0.2021 -0.9783
vn -0.2183 -0.9565 -0.1935
vn -0.1599 -0.7007 -0.6953
vn -0.0461 -0.2021 0.9783
vn -0.2183 -0.9565 0.1935
vn -0.1599 -0.7007 0.6953
vn -0.0899 -0.1867 -0.9783
vn -0.4257 -0.8839 -0.1936
vn -0.3118 -0.6476 -0.6953
vn -0.0899 -0.1867 0.9783
vn -0.4257 -0.8839 0.1935
vn -0.3118 -0.6476 0.6953
vn -0.1292 -0.1620 -0.9783
vn -0.6117 -0.7670 -0.1935
vn -0.4481 -0.5619 -0.6953
vn -0.1292 -0.1620 0.9783
vn -0.6117 -0.7670 0.1935
vn -0.4481 -0.5619 0.6953
vn -0.1620 -0.1292 -0.9783
vn -0.7670 -0.6117 -0.1935
vn -0.5619 -0.4481 -0.6953
vn -0.1620 -0.1292 0.9783
vn -0.7670 -0.6117 0.1935
vn -0.5619 -0.4481 0.6953
vn -0.1867 -0.0899 -0.9783
vn -0.8839 -0.4257 -0.1935
vn -0.6476 -0.3118 -0.6953
vn -0.1867 -0.0899 0.9783
vn -0.8839 -0.4257 0.1936
vn -0.6476 -0.3118 0.6953
vn -0.2021 -0.0461 -0.9783
vn -0.9565 -0.2183 -0.1935
vn -0.7007 -0.1599 -0.6953
vn -0.2021 -0.0461 0.9783
vn -0.9565 -0.2183 0.1935
vn -0.7007 -0.1599 0.6953
vn -0.2073 -0.0000 -0.9783
vn -0.9811 -0.0000 -0.1935
vn -0.7187 -0.0000 -0.6953
vn -0.2073 -0.0000 0.9783
vn -0.9811 -0.0000 0.1935
vn -0.7187 -0.0000 0.6953
vn -0.2021 0.0461 -0.9783
vn -0.9565 0.2183 -0.1935
vn -0.7007 0.1599 -0.6953
vn -0.2021 0.0461 0.9783
vn -0.9565 0.2183 0.1935
vn -0.7007 0.1599 0.6953
vn -0.1867 0.0899 -0.9783
vn -0.8839 0.4257 -0.1935
vn -0.6476 0.3118 -0.6953
vn -0.1867 0.0899 0.9783
vn -0.8839 0.4257 0.1935
vn -0.6476 0.3118 0.6953
vn -0.1620 0.1292 -0.9783
vn -0.7670 0.6117 -0.1935
vn -0.5619 0.4481 -0.6953
vn -0.1620 0.1292 0.9783
vn -0.7670 0.6117 0.1935
vn -0.5619 0.4481 0.6953
vn -0.1292 0.1620 -0.9783
vn -0.6117 0.7670 -0.1935
vn -0.4481 0.5619 -0.6953
vn -0.1292 0.1620 0.9783
vn -0.6117 0.7670 0.1935
vn -0.4481 0.5619 0.6953
vn -0.0899 0.1867 -0.9783
vn -0.4257 0.8839 -0.1935
vn -0.3118 0.6476 -0.6953
vn -0.0899 0.1867 0.9783
vn -0.4257 0.8839 0.1935
vn -0.3118 0.6476 0.6953
vn -0.0461 0.2021 -0.9783
vn -0.2183 0.9565 -0.1936
vn -0.1599 0.7007 -0.6953
vn -0.0461 0.2021 0.9783
vn -0.2183 0.9565 0.1935
vn -0.1599 0.7007 0.6953
vn -0.5774 -0.5774 0.5774
vn -0.5774 0.5774 0.5774
vn -0.5774 -0.5773 -0.5774
vn -0.5773 0.5773 -0.5774
vn 0.5774 -0.5774 0.5774
vn 0.5773 -0.5773 -0.5774
vn 0.5773 0.5773 -0.5774
vn -0.5774 -0.5774 0.5773
vn -0.5774 0.5774 0.5773
vn -0.5774 -0.5774 -0.5773
vn -0.5774 0.5774 -0.5773
vn 0.5774 -0.5774 0.5773
vn 0.5774 0.5774 0.5773
vn 0.5774 -0.5774 -0.5773
vn 0.5774 0.5774 -0.5773
vn -0.0000 0.2072 0.9783
vn 0.0461 0.2021 -0.9783
vn 0.2183 0.9565 -0.1936
vn 0.0461 0.2020 0.9783
vn 0.2183 0.9565 0.1936
vn 0.8839 -0.4257 0.1935
vn 0.7670 -0.6117 -0.1935
vn 0.4257 -0.8839 -0.1936
vn -0.0461 -0.2020 0.9783
vn -0.8839 -0.4257 0.1935
vn -0.1292 0.1621 -0.9783
vn -0.2183 0.9565 0.1936
vn -0.5774 -0.5773 0.5773
vn -0.5774 0.5773 0.5773
vn -0.5774 0.5773 -0.5774
vn 0.5774 -0.5773 0.5773
vn 0.5774 0.5773 -0.5774
vn -0.5773 0.5774 0.5774
vn 0.5773 0.5774 0.5774
vn 0.5774 -0.5773 -0.5774
vn -0.5774 -0.5773 -0.5773
vn -0.5774 0.5773 -0.5773
vn 0.5774 -0.5773 -0.5773
vn 0.5774 0.5773 -0.5773
vn -0.5773 0.5773 0.5774
vn -0.5774 -0.5774 -0.5774
vn 0.5773 0.5773 0.5774
vn 0.5774 -0.5774 -0.5774
vn 0.5773 -0.5774 0.5774
vn -0.1794 -0.9641 -0.1960
vn -0.1794 -0.5287 0.8297
vn -0.9673 -0.2335 0.0991
vn -0.1479 -0.9104 0.3864
vn -0.5774 -0.7516 0.3190
vn -0.6993 -0.3991 0.5930
vn -0.6993 -0.7038 -0.1248
vn -0.1794 -0.1960 0.9641
vn -0.1794 0.8297 0.5287
vn -0.9673 0.0991 0.2335
vn -0.1479 0.3864 0.9104
vn -0.5773 0.3190 0.7516
vn -0.6993 0.5930 0.3991
vn -0.6993 -0.1248 0.7038
vn -0.1794 -0.8297 -0.5287
vn -0.9673 -0.0991 -0.2335
vn -0.1794 0.1960 -0.9640
vn -0.6993 -0.5930 -0.3991
vn -0.5774 -0.3190 -0.7516
vn -0.6993 0.1248 -0.7038
vn -0.1479 -0.3864 -0.9104
vn -0.1794 0.9641 0.1960
vn -0.1794 0.5287 -0.8297
vn -0.9673 0.2335 -0.0991
vn -0.1479 0.9104 -0.3864
vn -0.5773 0.7516 -0.3190
vn -0.6993 0.3991 -0.5930
vn -0.6993 0.7038 0.1248
vn 0.1794 -0.9641 -0.1960
vn 0.9673 -0.2335 0.0991
vn 0.1794 -0.5287 0.8297
vn 0.6993 -0.7038 -0.1248
vn 0.5774 -0.7516 0.3190
vn 0.6993 -0.3991 0.5930
vn 0.1479 -0.9104 0.3864
vn 0.1794 0.8297 0.5287
vn 0.1794 -0.1960 0.9640
vn 0.9673 0.0991 0.2335
vn 0.1479 0.3864 0.9104
vn 0.5773 0.3190 0.7516
vn 0.6993 -0.1248 0.7038
vn 0.6993 0.5930 0.3991
vn 0.1794 -0.8297 -0.5287
vn 0.1794 0.1960 -0.9641
vn 0.9673 -0.0991 -0.2335
vn 0.1479 -0.3864 -0.9104
vn 0.5774 -0.3190 -0.7516
vn 0.6993 0.1248 -0.7038
vn 0.6993 -0.5930 -0.3991
vn 0.1794 0.9641 0.1960
vn 0.9673 0.2335 -0.0991
vn 0.1794 0.5287 -0.8297
vn 0.6993 0.7038 0.1248
vn 0.5773 0.7516 -0.3190
vn 0.6993 0.3991 -0.5930
vn 0.1479 0.9104 -0.3864
vn -0.6993 -0.7038 -0.1249
vn -0.1794 0.1960 -0.9641
vn -0.5773 -0.3190 -0.7516
vn -0.1794 0.9640 0.1960
vn -0.5774 0.7516 -0.3190
vn 0.5773 -0.7516 0.3190
vn 0.1794 -0.1960 0.9641
vn 0.5773 -0.3190 -0.7516
vn 0.1794 0.9640 0.1960
vn 0.5774 0.7516 -0.3190
vn -0.0000 -1.0000 -0.0000
vn 0.5759 -0.8175 -0.0000
vn 0.9433 -0.3319 -0.0000
vn 0.9584 0.2854 -0.0000
vn 0.6003 0.7998 -0.0000
vn -0.0000 1.0000 -0.0000
vn -0.6003 0.7998 -0.0000
vn -0.9584 0.2854 -0.0000
vn -0.9433 -0.3319 -0.0000
vn -0.5759 -0.8175 -0.0000
vn -0.0000 -0.9659 -0.2588
vn 0.5759 -0.7897 -0.2116
vn 0.9433 -0.3206 -0.0859
vn 0.9584 0.2756 0.0739
vn 0.6003 0.7725 0.2070
vn -0.0000 0.9659 0.2588
vn -0.6003 0.7725 0.2070
vn -0.9584 0.2756 0.0739
vn -0.9433 -0.3206 -0.0859
vn -0.5759 -0.7897 -0.2116
vn -0.0000 -0.8660 -0.5000
vn 0.5759 -0.7080 -0.4088
vn 0.9433 -0.2875 -0.1660
vn 0.9584 0.2471 0.1427
vn 0.6003 0.6926 0.3999
vn -0.0000 0.8660 0.5000
vn -0.6003 0.6926 0.3999
vn -0.9584 0.2471 0.1427
vn -0.9433 -0.2875 -0.1660
vn -0.5759 -0.7080 -0.4088
vn -0.0000 -0.7071 -0.7071
vn 0.5759 -0.5781 -0.5781
vn 0.9433 -0.2347 -0.2347
vn 0.9584 0.2018 0.2018
vn 0.6003 0.5655 0.5655
vn -0.0000 0.7071 0.7071
vn -0.6003 0.5655 0.5655
vn -0.9584 0.2018 0.2018
vn -0.9433 -0.2347 -0.2347
vn -0.5759 -0.5781 -0.5781
vn -0.0000 -0.5000 -0.8660
vn 0.5759 -0.4088 -0.7080
vn 0.9433 -0.1660 -0.2875
vn 0.9584 0.1427 0.2471
vn 0.6003 0.3999 0.6926
vn -0.0000 0.5000 0.8660
vn -0.6003 0.3999 0.6926
vn -0.9584 0.1427 0.2471
vn -0.9433 -0.1660 -0.2875
vn -0.5759 -0.4088 -0.7080
vn -0.0000 -0.2588 -0.9659
vn 0.5759 -0.2116 -0.7897
vn 0.9433 -0.0859 -0.3206
vn 0.9584 0.0739 0.2757
vn 0.6003 0.2070 0.7725
vn -0.0000 0.2588 0.9659
vn -0.6003 0.2070 0.7725
vn -0.9584 0.0739 0.2756
vn -0.9433 -0.0859 -0.3206
vn -0.5759 -0.2116 -0.7897
vn -0.0000 -0.0000 -1.0000
vn 0.5759 -0.0000 -0.8175
vn 0.9433 -0.0000 -0.3319
vn 0.9584 -0.0000 0.2854
vn 0.6003 -0.0000 0.7998
vn -0.0000 -0.0000 1.0000
vn -0.6003 -0.0000 0.7998
vn -0.9584 -0.0000 0.2854
vn -0.9433 -0.0000 -0.3319
vn -0.5759 -0.0000 -0.8175
vn -0.0000 0.2588 -0.9659
vn 0.5759 0.2116 -0.7897
vn 0.9433 0.0859 -0.3206
vn 0.9584 -0.0739 0.2757
vn 0.6003 -0.2070 0.7725
vn -0.0000 -0.2588 0.9659
vn -0.6003 -0.2070 0.7725
vn -0.9584 -0.0739 0.2757
vn -0.9433 0.0859 -0.3206
vn -0.5759 0.2116 -0.7897
vn -0.0000 0.5000 -0.8660
vn 0.5759 0.4088 -0.7080
vn 0.9433 0.1660 -0.2875
vn 0.9584 -0.1427 0.2471
vn 0.6003 -0.3999 0.6926
vn -0.0000 -0.5000 0.8660
vn -0.6003 -0.3999 0.6926
vn -0.9584 -0.1427 0.2471
vn -0.9433 0.1660 -0.2875
vn -0.5759 0.4088 -0.7080
vn -0.0000 0.7071 -0.7071
vn 0.5759 0.5781 -0.5781
vn 0.9433 0.2347 -0.2347
vn 0.9584 -0.2018 0.2018
vn 0.6003 -0.5655 0.5655
vn -0.0000 -0.7071 0.7071
vn -0.6003 -0.5655 0.5655
vn -0.9584 -0.2018 0.2018
vn -0.9433 0.2347 -0.2347
vn -0.5759 0.5781 -0.5781
vn -0.0000 0.8660 -0.5000
vn 0.5759 0.7080 -0.4088
vn 0.9433 0.2875 -0.1660
vn 0.9584 -0.2471 0.1427
vn 0.6003 -0.6926 0.3999
vn -0.0000 -0.8660 0.5000
vn -0.6003 -0.6926 0.3999
vn -0.9584 -0.2471 0.1427
vn -0.9433 0.2875 -0.1660
vn -0.5759 0.7080 -0.4088
vn -0.0000 0.9659 -0.2588
vn 0.5759 0.7897 -0.2116
vn 0.9433 0.3206 -0.0859
vn 0.9584 -0.2757 0.0739
vn 0.6003 -0.7725 0.2070
vn -0.0000 -0.9659 0.2588
vn -0.6003 -0.7725 0.2070
vn -0.9584 -0.2757 0.0739
vn -0.9433 0.3206 -0.0859
vn -0.5759 0.7897 -0.2116
vn 0.5759 0.8175 -0.0000
vn 0.9433 0.3319 -0.0000
vn 0.9584 -0.2854 -0.0000
vn 0.6003 -0.7998 -0.0000
vn -0.6003 -0.7998 -0.0000
vn -0.9584 -0.2854 -0.0000
vn -0.9433 0.3319 -0.0000
vn -0.5759 0.8175 -0.0000
vn 0.5759 0.7897 0.2116
vn 0.9433 0.3206 0.0859
vn 0.9584 -0.2757 -0.0739
vn 0.6003 -0.7725 -0.2070
vn -0.6003 -0.7725 -0.2070
vn -0.9584 -0.2757 -0.0739
vn -0.9433 0.3206 0.0859
vn -0.5759 0.7897 0.2116
vn 0.5759 0.7080 0.4088
vn 0.9433 0.2875 0.1660
vn 0.9584 -0.2471 -0.1427
vn 0.6003 -0.6926 -0.3999
vn -0.6003 -0.6926 -0.3999
vn -0.9584 -0.2471 -0.1427
vn -0.9433 0.2875 0.1660
vn -0.5759 0.7080 0.4088
vn 0.5759 0.5781 0.5781
vn 0.9433 0.2347 0.2347
vn 0.9584 -0.2018 -0.2018
vn 0.6003 -0.5655 -0.5655
vn -0.6003 -0.5655 -0.5655
vn -0.9584 -0.2018 -0.2018
vn -0.9433 0.2347 0.2347
vn -0.5759 0.5781 0.5781
vn 0.5759 0.4088 0.7080
vn 0.9433 0.1660 0.2875
vn 0.9584 -0.1427 -0.2471
vn 0.6003 -0.3999 -0.6926
vn -0.6003 -0.3999 -0.6926
vn -0.9584 -0.1427 -0.2471
vn -0.9433 0.1660 0.2875
vn -0.5759 0.4088 0.7080
vn 0.5759 0.2116 0.7897
vn 0.9433 0.0859 0.3206
vn 0.9584 -0.0739 -0.2757
vn 0.6003 -0.2070 -0.7725
vn -0.6003 -0.2070 -0.7725
vn -0.9584 -0.0739 -0.2757
vn -0.9433 0.0859 0.3206
vn -0.5759 0.2116 0.7897
vn 0.5759 -0.0000 0.8175
vn 0.9433 -0.0000 0.3319
vn 0.9584 -0.0000 -0.2854
vn 0.6003 -0.0000 -0.7998
vn -0.6003 -0.0000 -0.7998
vn -0.9584 -0.0000 -0.2854
vn -0.9433 -0.0000 0.3319
vn -0.5759 -0.0000 0.8175
vn 0.5759 -0.2116 0.7897
vn 0.9433 -0.0859 0.3206
vn 0.9584 0.0739 -0.2757
vn 0.6003 0.2070 -0.7725
vn -0.6003 0.2070 -0.7725
vn -0.9584 0.0739 -0.2757
vn -0.9433 -0.0859 0.3206
vn -0.5759 -0.2116 0.7897
vn 0.5759 -0.4088 0.7080
vn 0.9433 -0.1660 0.2875
vn 0.9584 0.1427 -0.2471
vn 0.6003 0.3999 -0.6926
vn -0.6003 0.3999 -0.6926
vn -0.9584 0.1427 -0.2471
vn -0.9433 -0.1660 0.2875
vn -0.5759 -0.4088 0.7080
vn 0.5759 -0.5781 0.5781
vn 0.9433 -0.2347 0.2347
vn 0.9584 0.2018 -0.2018
vn 0.6003 0.5655 -0.5655
vn -0.6003 0.5655 -0.5655
vn -0.9584 0.2018 -0.2018
vn -0.9433 -0.2347 0.2347
vn -0.5759 -0.5781 0.5781
vn 0.5759 -0.7080 0.4088
vn 0.9433 -0.2875 0.1660
vn 0.9584 0.2471 -0.1427
vn 0.6003 0.6926 -0.3999
vn -0.6003 0.6926 -0.3999
vn -0.9584 0.2471 -0.1427
vn -0.9433 -0.2875 0.1660
vn -0.5759 -0.7080 0.4088
vn 0.5759 -0.7897 0.2116
vn 0.9433 -0.3206 0.0859
vn 0.9584 0.2757 -0.0739
vn 0.6003 0.7725 -0.2070
vn -0.6003 0.7725 -0.2070
vn -0.9584 0.2756 -0.0739
vn -0.9433 -0.3206 0.0859
vn -0.5759 -0.7897 0.2116
vn -0.1794 -0.8879 0.4236
vn -0.1794 0.0771 0.9808
vn -0.9673 -0.1268 0.2197
vn -0.1479 -0.4945 0.8565
vn -0.5774 -0.4082 0.7071
vn -0.6993 0.0381 0.7138
vn -0.6993 -0.6372 0.3239
vn -0.1794 0.4236 0.8879
vn -0.1794 0.9808 -0.0771
vn -0.9673 0.2197 0.1268
vn -0.1479 0.8565 0.4945
vn -0.5774 0.7071 0.4082
vn -0.6993 0.7138 -0.0381
vn -0.6993 0.3239 0.6372
vn -0.1794 -0.9808 0.0771
vn -0.9673 -0.2197 -0.1268
vn -0.1794 -0.4236 -0.8879
vn -0.6993 -0.7138 0.0381
vn -0.5774 -0.7071 -0.4082
vn -0.6993 -0.3239 -0.6372
vn -0.1479 -0.8565 -0.4945
vn -0.1794 0.8879 -0.4236
vn -0.1794 -0.0771 -0.9808
vn -0.9673 0.1268 -0.2197
vn -0.1479 0.4945 -0.8565
vn -0.5773 0.4082 -0.7071
vn -0.6993 -0.0381 -0.7138
vn -0.6993 0.6372 -0.3239
vn 0.1794 -0.8879 0.4236
vn 0.9673 -0.1268 0.2197
vn 0.1794 0.0771 0.9808
vn 0.6993 -0.6372 0.3239
vn 0.5774 -0.4082 0.7071
vn 0.6993 0.0381 0.7138
vn 0.1479 -0.4945 0.8565
vn 0.1794 0.9808 -0.0771
vn 0.1794 0.4236 0.8879
vn 0.9673 0.2197 0.1268
vn 0.1479 0.8565 0.4945
vn 0.5774 0.7071 0.4082
vn 0.6993 0.3239 0.6372
vn 0.6993 0.7138 -0.0381
vn 0.1794 -0.9808 0.0771
vn 0.1794 -0.4236 -0.8879
vn 0.9673 -0.2197 -0.1268
vn 0.1479 -0.8565 -0.4945
vn 0.5773 -0.7071 -0.4082
vn 0.6993 -0.3239 -0.6372
vn 0.6993 -0.7138 0.0381
vn 0.1794 0.8879 -0.4236
vn 0.9673 0.1268 -0.2197
vn 0.1794 -0.0771 -0.9808
vn 0.6993 0.6372 -0.3239
vn 0.5773 0.4082 -0.7071
vn 0.6993 -0.0381 -0.7138
vn 0.1479 0.4945 -0.8565
vn -0.1794 -0.8297 0.5287
vn -0.1794 0.1960 0.9641
vn -0.9673 -0.0991 0.2335
vn -0.1479 -0.3864 0.9104
vn -0.5774 -0.3190 0.7516
vn -0.6993 0.1248 0.7038
vn -0.6993 -0.5930 0.3991
vn -0.1794 0.5287 0.8297
vn -0.1794 0.9640 -0.1960
vn -0.9673 0.2335 0.0991
vn -0.1479 0.9104 0.3864
vn -0.5774 0.7516 0.3190
vn -0.6993 0.7038 -0.1248
vn -0.6993 0.3991 0.5930
vn -0.1794 -0.9641 0.1960
vn -0.9673 -0.2335 -0.0991
vn -0.1794 -0.5287 -0.8297
vn -0.6993 -0.7038 0.1248
vn -0.5774 -0.7516 -0.3190
vn -0.6993 -0.3991 -0.5930
vn -0.1479 -0.9104 -0.3864
vn -0.1794 0.8297 -0.5287
vn -0.1794 -0.1960 -0.9640
vn -0.9673 0.0991 -0.2335
vn -0.1479 0.3864 -0.9104
vn -0.5774 0.3190 -0.7516
vn -0.6993 -0.1248 -0.7038
vn -0.6993 0.5930 -0.3991
vn 0.1794 -0.8297 0.5287
vn 0.9673 -0.0991 0.2335
vn 0.1794 0.1960 0.9641
vn 0.6993 -0.5930 0.3991
vn 0.5774 -0.3190 0.7516
vn 0.6993 0.1248 0.7038
vn 0.1479 -0.3864 0.9104
vn 0.1794 0.9641 -0.1960
vn 0.1794 0.5287 0.8297
vn 0.9673 0.2335 0.0991
vn 0.1479 0.9104 0.3864
vn 0.5774 0.7516 0.3190
vn 0.6993 0.3991 0.5930
vn 0.6993 0.7038 -0.1248
vn 0.1794 -0.9641 0.1960
vn 0.1794 -0.5287 -0.8297
vn 0.9673 -0.2335 -0.0991
vn 0.1479 -0.9104 -0.3864
vn 0.5774 -0.7516 -0.3190
vn 0.6993 -0.3991 -0.5930
vn 0.6993 -0.7038 0.1248
vn 0.1794 0.8297 -0.5287
vn 0.9673 0.0991 -0.2335
vn 0.1794 -0.1960 -0.9641
vn 0.6993 0.5930 -0.3991
vn 0.5774 0.3190 -0.7516
vn 0.6993 -0.1248 -0.7038
vn 0.1479 0.3864 -0.9104
vn -0.5773 -0.3190 0.7516
vn -0.1794 0.9641 -0.1960
vn -0.5773 0.7516 0.3190
vn -0.1794 -0.1960 -0.9641
vn -0.5773 0.3190 -0.7516
vn -0.6993 -0.1249 -0.7038
vn 0.5773 -0.3190 0.7516
vn 0.5773 0.7516 0.3190
vn 0.5773 0.3190 -0.7516
vn 0.6993 -0.1249 -0.7038
vn -0.6735 -0.0000 -0.7392
vn 0.6735 -0.0000 -0.7392
vn -0.6735 -0.2284 -0.7030
vn 0.6735 -0.2284 -0.7030
vn -0.6735 -0.4345 -0.5980
vn 0.6735 -0.4345 -0.5980
vn -0.6735 -0.5980 -0.4345
vn 0.6735 -0.5980 -0.4345
vn -0.6735 -0.7030 -0.2284
vn 0.6735 -0.7030 -0.2284
vn -0.6735 -0.7392 -0.0000
vn 0.6735 -0.7392 -0.0000
vn -0.6735 -0.7030 0.2284
vn 0.6735 -0.7030 0.2284
vn -0.6735 -0.5980 0.4345
vn 0.6735 -0.5980 0.4345
vn -0.6735 -0.4345 0.5980
vn 0.6735 -0.4345 0.5980
vn -0.6735 -0.2284 0.7030
vn 0.6735 -0.2284 0.7030
vn -0.6735 -0.0000 0.7392
vn 0.6735 -0.0000 0.7392
vn -0.6735 0.2284 0.7030
vn 0.6735 0.2284 0.7030
vn -0.6735 0.4345 0.5980
vn 0.6735 0.4345 0.5980
vn -0.6735 0.5980 0.4345
vn 0.6735 0.5980 0.4345
vn -0.6735 0.7030 0.2284
vn 0.6735 0.7030 0.2284
vn -0.6735 0.7392 -0.0000
vn 0.6735 0.7392 -0.0000
vn -0.6735 0.7030 -0.2284
vn 0.6735 0.7030 -0.2284
vn -0.6735 0.5980 -0.4345
vn 0.6735 0.5980 -0.4345
vn -0.6735 0.4345 -0.5980
vn 0.6735 0.4345 -0.5980
vn -0.6735 0.2284 -0.7030
vn 0.6735 0.2284 -0.7030
vn -0.6532 -0.0000 -0.7572
vn 0.6532 -0.0000 -0.7572
vn -0.6532 -0.3786 -0.6557
vn 0.6532 -0.3786 -0.6557
vn -0.6532 -0.6557 -0.3786
vn 0.6532 -0.6557 -0.3786
vn -0.6532 -0.7572 -0.0000
vn 0.6532 -0.7572 -0.0000
vn -0.6532 -0.6557 0.3786
vn 0.6532 -0.6557 0.3786
vn -0.6532 -0.3786 0.6557
vn 0.6532 -0.3786 0.6557
vn -0.6532 -0.0000 0.7572
vn 0.6532 -0.0000 0.7572
vn -0.6532 0.3786 0.6558
vn 0.6532 0.3786 0.6557
vn -0.6532 0.6557 0.3786
vn 0.6532 0.6557 0.3786
vn -0.6532 0.7572 -0.0000
vn 0.6532 0.7572 -0.0000
vn -0.6532 0.6557 -0.3786
vn 0.6532 0.6557 -0.3786
vn -0.6532 0.3786 -0.6557
vn 0.6532 0.3786 -0.6557
vt 0.145161 0.741667
vt 0.133521 0.750000
vt 0.125000 0.741667
vt 0.383929 0.979839
vt 0.378774 1.000000
vt 0.375000 0.979839
vt 0.383929 0.008333
vt 0.375000 0.003522
vt 0.383929 0.000000
vt 0.616071 0.979839
vt 0.625000 0.991479
vt 0.616071 1.000000
vt 0.854839 0.741667
vt 0.875000 0.746478
vt 0.854839 0.750000
vt 0.616071 0.008333
vt 0.621226 0.000000
vt 0.625000 0.008333
vt 0.145161 0.508333
vt 0.125000 0.503522
vt 0.145161 0.500000
vt 0.383929 0.241667
vt 0.376887 0.254261
vt 0.375000 0.241667
vt 0.383929 0.270161
vt 0.383929 0.250000
vt 0.854839 0.508333
vt 0.866479 0.500000
vt 0.875000 0.508333
vt 0.616071 0.270161
vt 0.623113 0.248239
vt 0.625000 0.270161
vt 0.616071 0.241667
vt 0.616071 0.250000
vt 0.354839 0.741667
vt 0.376258 0.751666
vt 0.364919 0.760081
vt 0.383929 0.741667
vt 0.375000 0.741667
vt 0.383929 0.770161
vt 0.383929 0.750000
vt 0.645161 0.741667
vt 0.626583 0.748826
vt 0.625000 0.741667
vt 0.616071 0.770161
vt 0.635081 0.760081
vt 0.616071 0.741667
vt 0.616071 0.750000
vt 0.354839 0.508333
vt 0.373418 0.501174
vt 0.375000 0.508333
vt 0.383929 0.479839
vt 0.364919 0.489919
vt 0.383929 0.508333
vt 0.383929 0.500000
vt 0.645161 0.508333
vt 0.623742 0.498334
vt 0.635081 0.489919
vt 0.616071 0.508333
vt 0.625000 0.508333
vt 0.616071 0.479839
vt 0.616071 0.500000
vt 0.125000 0.508333
vt 0.375000 0.008333
vt 0.383929 1.000000
vt 0.616071 0.000000
vt 0.875000 0.741667
vt 0.625000 0.241667
vt 0.375000 0.270161
vt 0.854839 0.500000
vt 0.145161 0.750000
vt 0.625000 0.979839
vt 0.145833 0.745833
vt 0.133805 0.750000
vt 0.125000 0.745833
vt 0.416667 0.979167
vt 0.392610 1.000000
vt 0.375000 0.979167
vt 0.416667 0.004167
vt 0.375000 0.001761
vt 0.416667 0.000000
vt 0.583333 0.979167
vt 0.625000 0.991195
vt 0.583333 1.000000
vt 0.854167 0.745833
vt 0.875000 0.748239
vt 0.854167 0.750000
vt 0.583333 0.004167
vt 0.607390 0.000000
vt 0.625000 0.004167
vt 0.145833 0.504167
vt 0.125000 0.501761
vt 0.145833 0.500000
vt 0.416667 0.245833
vt 0.383805 0.254403
vt 0.375000 0.245833
vt 0.416667 0.270833
vt 0.416667 0.250000
vt 0.854167 0.504167
vt 0.866195 0.500000
vt 0.875000 0.504167
vt 0.583333 0.270833
vt 0.616195 0.249119
vt 0.625000 0.270833
vt 0.583333 0.245833
vt 0.583333 0.250000
vt 0.354167 0.745833
vt 0.380870 0.752348
vt 0.364583 0.760417
vt 0.416667 0.745833
vt 0.375000 0.745833
vt 0.416667 0.770833
vt 0.416667 0.750000
vt 0.645833 0.745833
vt 0.622065 0.749413
vt 0.625000 0.745833
vt 0.583333 0.770833
vt 0.635417 0.760417
vt 0.583333 0.745833
vt 0.583333 0.750000
vt 0.354167 0.504167
vt 0.377935 0.500587
vt 0.375000 0.504167
vt 0.416667 0.479167
vt 0.364583 0.489583
vt 0.416667 0.504167
vt 0.416667 0.500000
vt 0.645833 0.504167
vt 0.619130 0.497652
vt 0.635417 0.489583
vt 0.583333 0.504167
vt 0.625000 0.504167
vt 0.583333 0.479167
vt 0.583333 0.500000
vt 0.125000 0.504167
vt 0.375000 0.004167
vt 0.416667 1.000000
vt 0.583333 0.000000
vt 0.875000 0.745833
vt 0.625000 0.245833
vt 0.375000 0.270833
vt 0.854167 0.500000
vt 0.145833 0.750000
vt 0.625000 0.979167
vt 1.000000 0.519231
vt 0.968750 0.500000
vt 0.999705 0.500000
vt 0.750000 0.489956
vt 0.793806 0.470227
vt 0.750000 0.474541
vt 1.000000 0.980769
vt 0.968750 1.000000
vt 0.968750 0.980769
vt 0.250000 0.489956
vt 0.293806 0.470227
vt 0.296813 0.485346
vt 0.937500 0.519231
vt 0.968750 0.519231
vt 0.841827 0.471691
vt 0.796813 0.485346
vt 0.937500 0.980769
vt 0.937500 1.000000
vt 0.335928 0.457449
vt 0.341827 0.471691
vt 0.906250 0.500000
vt 0.937500 0.500000
vt 0.883313 0.449517
vt 0.835928 0.457449
vt 0.906250 1.000000
vt 0.906250 0.980769
vt 0.383313 0.449517
vt 0.374748 0.436699
vt 0.906250 0.519231
vt 0.875000 0.500000
vt 0.919675 0.419675
vt 0.874748 0.436699
vt 0.875000 1.000000
vt 0.875000 0.980769
vt 0.408774 0.408774
vt 0.419675 0.419675
vt 0.843750 0.519231
vt 0.875000 0.519231
vt 0.949517 0.383313
vt 0.908775 0.408774
vt 0.843750 1.000000
vt 0.843750 0.980769
vt 0.449517 0.383313
vt 0.436699 0.374748
vt 0.812500 0.519231
vt 0.843750 0.500000
vt 0.971691 0.341827
vt 0.936699 0.374748
vt 0.812500 1.000000
vt 0.812500 0.980769
vt 0.457449 0.335928
vt 0.471691 0.341827
vt 0.781250 0.519231
vt 0.812500 0.500000
vt 0.985346 0.296813
vt 0.957449 0.335928
vt 0.781250 0.980769
vt 0.781250 1.000000
vt 0.485346 0.296813
vt 0.470226 0.293806
vt 0.750000 0.519231
vt 0.781250 0.500000
vt 0.989956 0.250000
vt 0.970227 0.293806
vt 0.750000 0.980769
vt 0.750000 1.000000
vt 0.489956 0.250000
vt 0.474541 0.250000
vt 0.718750 0.500000
vt 0.750000 0.500000
vt 0.970227 0.206194
vt 0.974541 0.250000
vt 0.718750 1.000000
vt 0.718750 0.980769
vt 0.470226 0.206194
vt 0.485346 0.203187
vt 0.718750 0.519231
vt 0.687500 0.500000
vt 0.985346 0.203187
vt 0.957449 0.164072
vt 0.687500 1.000000
vt 0.687500 0.980769
vt 0.457449 0.164072
vt 0.471691 0.158173
vt 0.656250 0.519231
vt 0.687500 0.519231
vt 0.949517 0.116687
vt 0.971691 0.158173
vt 0.656250 0.980769
vt 0.656250 1.000000
vt 0.449517 0.116687
vt 0.436699 0.125252
vt 0.625000 0.500000
vt 0.656250 0.500000
vt 0.908775 0.091226
vt 0.936699 0.125252
vt 0.625000 1.000000
vt 0.625000 0.980769
vt 0.408774 0.091226
vt 0.419675 0.080325
vt 0.625000 0.519231
vt 0.593750 0.500000
vt 0.883313 0.050483
vt 0.919675 0.080325
vt 0.593750 1.000000
vt 0.593750 0.980769
vt 0.383313 0.050483
vt 0.374748 0.063301
vt 0.562500 0.519231
vt 0.593750 0.519231
vt 0.835928 0.042551
vt 0.874748 0.063301
vt 0.562500 0.980769
vt 0.562500 1.000000
vt 0.341827 0.028309
vt 0.335928 0.042551
vt 0.531250 0.500000
vt 0.562500 0.500000
vt 0.796813 0.014654
vt 0.841827 0.028309
vt 0.531250 1.000000
vt 0.531250 0.980769
vt 0.296813 0.014654
vt 0.293806 0.029774
vt 0.500000 0.519231
vt 0.531250 0.519231
vt 0.750000 0.010044
vt 0.793806 0.029774
vt 0.500000 0.980769
vt 0.500000 1.000000
vt 0.250000 0.010044
vt 0.250000 0.025459
vt 0.468750 0.500000
vt 0.500000 0.500000
vt 0.706194 0.029774
vt 0.750000 0.025459
vt 0.468750 1.000000
vt 0.468750 0.980769
vt 0.206194 0.029774
vt 0.203187 0.014654
vt 0.437500 0.519231
vt 0.468750 0.519231
vt 0.703187 0.014654
vt 0.664072 0.042551
vt 0.437500 0.980769
vt 0.437500 1.000000
vt 0.164072 0.042551
vt 0.158173 0.028309
vt 0.406250 0.500000
vt 0.437500 0.500000
vt 0.616687 0.050483
vt 0.658173 0.028309
vt 0.406250 1.000000
vt 0.406250 0.980769
vt 0.125252 0.063301
vt 0.116687 0.050483
vt 0.375000 0.519231
vt 0.406250 0.519231
vt 0.591226 0.091226
vt 0.625252 0.063301
vt 0.375000 1.000000
vt 0.375000 0.980769
vt 0.091226 0.091226
vt 0.080325 0.080325
vt 0.343750 0.519231
vt 0.375000 0.500000
vt 0.550483 0.116687
vt 0.580325 0.080325
vt 0.343750 0.980769
vt 0.343750 1.000000
vt 0.050483 0.116687
vt 0.063301 0.125252
vt 0.312500 0.500000
vt 0.343750 0.500000
vt 0.542551 0.164072
vt 0.563301 0.125252
vt 0.312500 1.000000
vt 0.312500 0.980769
vt 0.042551 0.164072
vt 0.028309 0.158173
vt 0.281250 0.519231
vt 0.312500 0.519231
vt 0.514654 0.203187
vt 0.528309 0.158173
vt 0.281250 0.980769
vt 0.281250 1.000000
vt 0.014654 0.203187
vt 0.029774 0.206194
vt 0.250000 0.519231
vt 0.281250 0.500000
vt 0.510044 0.250000
vt 0.529773 0.206194
vt 0.250000 0.980769
vt 0.250000 1.000000
vt 0.010044 0.250000
vt 0.025459 0.250000
vt 0.218750 0.500000
vt 0.250000 0.500000
vt 0.529773 0.293806
vt 0.525459 0.250000
vt 0.218750 1.000000
vt 0.218750 0.980769
vt 0.029774 0.293806
vt 0.014654 0.296813
vt 0.218750 0.519231
vt 0.187500 0.500000
vt 0.514654 0.296813
vt 0.542551 0.335928
vt 0.187500 1.000000
vt 0.187500 0.980769
vt 0.042551 0.335928
vt 0.028309 0.341827
vt 0.187500 0.519231
vt 0.156250 0.500000
vt 0.528309 0.341827
vt 0.563301 0.374748
vt 0.156250 0.980769
vt 0.156250 1.000000
vt 0.063301 0.374748
vt 0.050483 0.383313
vt 0.156250 0.519231
vt 0.125000 0.500000
vt 0.550483 0.383313
vt 0.591226 0.408774
vt 0.125000 0.980769
vt 0.125000 1.000000
vt 0.091226 0.408774
vt 0.080325 0.419675
vt 0.093750 0.519231
vt 0.125000 0.519231
vt 0.580325 0.419675
vt 0.625252 0.436699
vt 0.093750 0.980769
vt 0.093750 1.000000
vt 0.116687 0.449517
vt 0.125252 0.436699
vt 0.062500 0.519231
vt 0.093750 0.500000
vt 0.616687 0.449517
vt 0.664072 0.457449
vt 0.062500 0.980769
vt 0.062500 1.000000
vt 0.164072 0.457449
vt 0.158173 0.471691
vt 0.031250 0.500000
vt 0.062500 0.500000
vt 0.658173 0.471691
vt 0.706194 0.470226
vt 0.031250 1.000000
vt 0.031250 0.980769
vt 0.203187 0.485346
vt 0.206194 0.470227
vt 0.000000 0.519231
vt 0.031250 0.519231
vt 0.703187 0.485346
vt 0.000000 0.980769
vt 0.000295 1.000000
vt 0.250000 0.474541
vt 1.000000 1.000000
vt 1.000000 0.500000
vt 0.687500 1.000000
vt 0.187500 0.500000
vt 0.080294 0.080294
vt 0.419706 0.080294
vt 0.419706 0.419706
vt 0.062500 0.500000
vt 0.062500 1.000000
vt 0.000000 0.500000
vt 0.658156 0.471731
vt 0.971731 0.341844
vt 0.841844 0.028269
vt 0.528269 0.158156
vt 0.490000 0.250000
vt 0.528269 0.341844
vt 0.964286 0.506452
vt 0.999446 0.500000
vt 1.000000 0.506452
vt 0.750000 0.489907
vt 0.797748 0.459197
vt 0.750000 0.464577
vt 1.000000 0.993548
vt 0.964286 1.000000
vt 0.964286 0.993548
vt 0.250000 0.489907
vt 0.297748 0.459197
vt 0.303384 0.483892
vt 0.928571 0.506452
vt 0.964286 0.500000
vt 0.854092 0.466148
vt 0.803384 0.483892
vt 0.928571 0.993548
vt 0.928571 1.000000
vt 0.354092 0.466148
vt 0.343102 0.443327
vt 0.892857 0.506452
vt 0.928571 0.500000
vt 0.899579 0.437567
vt 0.843102 0.443327
vt 0.892857 0.993548
vt 0.892857 1.000000
vt 0.383787 0.417763
vt 0.399579 0.437567
vt 0.857143 0.500000
vt 0.892857 0.500000
vt 0.937567 0.399579
vt 0.883787 0.417763
vt 0.857143 0.993548
vt 0.857143 1.000000
vt 0.437567 0.399579
vt 0.417763 0.383787
vt 0.857143 0.506452
vt 0.821429 0.500000
vt 0.966148 0.354092
vt 0.917763 0.383787
vt 0.821429 0.993548
vt 0.821429 1.000000
vt 0.443327 0.343102
vt 0.466148 0.354092
vt 0.821429 0.506452
vt 0.785714 0.500000
vt 0.983892 0.303384
vt 0.943327 0.343102
vt 0.785714 0.993548
vt 0.785714 1.000000
vt 0.459197 0.297748
vt 0.483892 0.303384
vt 0.750000 0.506452
vt 0.785714 0.506452
vt 0.989907 0.250000
vt 0.959197 0.297748
vt 0.750000 1.000000
vt 0.750000 0.993548
vt 0.489907 0.250000
vt 0.464577 0.250000
vt 0.714286 0.500000
vt 0.750000 0.500000
vt 0.959197 0.202252
vt 0.964577 0.250000
vt 0.714286 1.000000
vt 0.714286 0.993548
vt 0.459197 0.202252
vt 0.483892 0.196616
vt 0.714286 0.506452
vt 0.678572 0.500000
vt 0.966148 0.145908
vt 0.983892 0.196616
vt 0.678572 1.000000
vt 0.678572 0.993548
vt 0.466148 0.145908
vt 0.443327 0.156898
vt 0.678572 0.506452
vt 0.642857 0.500000
vt 0.937567 0.100421
vt 0.943327 0.156899
vt 0.642857 0.993548
vt 0.642857 1.000000
vt 0.437567 0.100421
vt 0.417763 0.116213
vt 0.642857 0.506452
vt 0.607143 0.500000
vt 0.883787 0.082237
vt 0.917763 0.116213
vt 0.607143 0.993548
vt 0.607143 1.000000
vt 0.399579 0.062433
vt 0.383787 0.082237
vt 0.571429 0.506452
vt 0.607143 0.506452
vt 0.899579 0.062433
vt 0.843102 0.056673
vt 0.571429 0.993548
vt 0.571429 1.000000
vt 0.343102 0.056673
vt 0.354092 0.033852
vt 0.535715 0.506452
vt 0.571429 0.500000
vt 0.854092 0.033852
vt 0.797748 0.040803
vt 0.535715 0.993548
vt 0.535715 1.000000
vt 0.297748 0.040803
vt 0.303384 0.016108
vt 0.500000 0.506452
vt 0.535715 0.500000
vt 0.750000 0.010093
vt 0.803384 0.016108
vt 0.500000 0.993548
vt 0.500000 1.000000
vt 0.250000 0.010093
vt 0.250000 0.035423
vt 0.464286 0.500000
vt 0.500000 0.500000
vt 0.702252 0.040803
vt 0.750000 0.035423
vt 0.464286 1.000000
vt 0.464286 0.993548
vt 0.202252 0.040803
vt 0.196616 0.016108
vt 0.464286 0.506452
vt 0.428572 0.500000
vt 0.645908 0.033852
vt 0.696616 0.016108
vt 0.428572 1.000000
vt 0.428572 0.993548
vt 0.145908 0.033852
vt 0.156899 0.056673
vt 0.392857 0.506452
vt 0.428572 0.506452
vt 0.600421 0.062433
vt 0.656898 0.056673
vt 0.392857 1.000000
vt 0.392857 0.993548
vt 0.100421 0.062433
vt 0.116213 0.082237
vt 0.357143 0.506452
vt 0.392857 0.500000
vt 0.562433 0.100421
vt 0.616213 0.082237
vt 0.357143 1.000000
vt 0.357143 0.993548
vt 0.082237 0.116213
vt 0.062433 0.100421
vt 0.321429 0.506452
vt 0.357143 0.500000
vt 0.556673 0.156899
vt 0.582237 0.116213
vt 0.321429 1.000000
vt 0.321429 0.993548
vt 0.056673 0.156899
vt 0.033852 0.145908
vt 0.285714 0.506452
vt 0.321429 0.500000
vt 0.533852 0.145908
vt 0.540803 0.202252
vt 0.285714 0.993548
vt 0.285714 1.000000
vt 0.040803 0.202252
vt 0.016108 0.196616
vt 0.250000 0.506452
vt 0.285714 0.500000
vt 0.510093 0.250000
vt 0.516108 0.196616
vt 0.250000 0.993548
vt 0.250000 1.000000
vt 0.010093 0.250000
vt 0.035423 0.250000
vt 0.214286 0.500000
vt 0.250000 0.500000
vt 0.540803 0.297748
vt 0.535423 0.250000
vt 0.214286 0.993548
vt 0.214286 1.000000
vt 0.040803 0.297748
vt 0.016108 0.303384
vt 0.178572 0.506452
vt 0.214286 0.506452
vt 0.516108 0.303384
vt 0.556673 0.343102
vt 0.178572 1.000000
vt 0.178572 0.993548
vt 0.033852 0.354092
vt 0.056673 0.343101
vt 0.142857 0.506452
vt 0.178572 0.500000
vt 0.533852 0.354092
vt 0.582237 0.383787
vt 0.142857 1.000000
vt 0.142857 0.993548
vt 0.062433 0.399579
vt 0.082237 0.383787
vt 0.107143 0.506452
vt 0.142857 0.500000
vt 0.562433 0.399579
vt 0.616213 0.417763
vt 0.107143 1.000000
vt 0.107143 0.993548
vt 0.116213 0.417763
vt 0.100421 0.437567
vt 0.071429 0.500000
vt 0.107143 0.500000
vt 0.600421 0.437567
vt 0.656898 0.443327
vt 0.071429 1.000000
vt 0.071429 0.993548
vt 0.145908 0.466148
vt 0.156899 0.443327
vt 0.071429 0.506452
vt 0.035714 0.500000
vt 0.645908 0.466148
vt 0.702252 0.459197
vt 0.035714 1.000000
vt 0.035714 0.993548
vt 0.202252 0.459197
vt 0.196616 0.483892
vt 0.000000 0.506452
vt 0.035714 0.506452
vt 0.696616 0.483892
vt 0.000000 0.993548
vt 0.000554 1.000000
vt 0.250000 0.464577
vt 0.150000 0.744792
vt 0.135566 0.750000
vt 0.125000 0.744792
vt 0.411765 0.975000
vt 0.390539 1.000000
vt 0.375000 0.975000
vt 0.411765 0.005208
vt 0.375000 0.002201
vt 0.411765 0.000000
vt 0.588235 0.975000
vt 0.625000 0.989434
vt 0.588235 1.000000
vt 0.850000 0.744792
vt 0.875000 0.747799
vt 0.850000 0.750000
vt 0.588235 0.005208
vt 0.609461 0.000000
vt 0.625000 0.005208
vt 0.150000 0.505208
vt 0.125000 0.502201
vt 0.150000 0.500000
vt 0.411765 0.244792
vt 0.382769 0.255283
vt 0.375000 0.244792
vt 0.411765 0.275000
vt 0.411765 0.250000
vt 0.850000 0.505208
vt 0.864434 0.500000
vt 0.875000 0.505208
vt 0.588235 0.275000
vt 0.617231 0.248899
vt 0.625000 0.275000
vt 0.588235 0.244792
vt 0.588235 0.250000
vt 0.350000 0.744792
vt 0.380180 0.752788
vt 0.362500 0.762500
vt 0.411765 0.744792
vt 0.375000 0.744792
vt 0.411765 0.775000
vt 0.411765 0.750000
vt 0.650000 0.744792
vt 0.623343 0.749266
vt 0.625000 0.744792
vt 0.588235 0.775000
vt 0.637500 0.762500
vt 0.588235 0.744792
vt 0.588235 0.750000
vt 0.350000 0.505208
vt 0.376657 0.500734
vt 0.375000 0.505208
vt 0.411765 0.475000
vt 0.362500 0.487500
vt 0.411765 0.505208
vt 0.411765 0.500000
vt 0.650000 0.505208
vt 0.619820 0.497212
vt 0.637500 0.487500
vt 0.588235 0.505208
vt 0.625000 0.505208
vt 0.588235 0.475000
vt 0.588235 0.500000
vt 0.125000 0.505208
vt 0.375000 0.005208
vt 0.411765 1.000000
vt 0.875000 0.744792
vt 0.625000 0.244792
vt 0.375000 0.275000
vt 0.850000 0.500000
vt 0.150000 0.750000
vt 0.625000 0.975000
vt 0.162500 0.747500
vt 0.140849 0.750000
vt 0.125000 0.747500
vt 0.428571 0.962500
vt 0.397642 1.000000
vt 0.375000 0.962500
vt 0.428571 0.002500
vt 0.375000 0.001057
vt 0.428571 0.000000
vt 0.571429 0.962500
vt 0.625000 0.984151
vt 0.571429 1.000000
vt 0.837500 0.747500
vt 0.875000 0.748943
vt 0.837500 0.750000
vt 0.571429 0.002500
vt 0.602358 0.000000
vt 0.625000 0.002500
vt 0.162500 0.502500
vt 0.125000 0.501057
vt 0.162500 0.500000
vt 0.428571 0.247500
vt 0.386321 0.257925
vt 0.375000 0.247500
vt 0.428571 0.287500
vt 0.428571 0.250000
vt 0.837500 0.502500
vt 0.859151 0.500000
vt 0.875000 0.502500
vt 0.571429 0.287500
vt 0.613679 0.249472
vt 0.625000 0.287500
vt 0.571429 0.247500
vt 0.571429 0.250000
vt 0.337500 0.747500
vt 0.382547 0.754931
vt 0.356250 0.768750
vt 0.428571 0.747500
vt 0.375000 0.747500
vt 0.428571 0.787500
vt 0.428571 0.750000
vt 0.662500 0.747500
vt 0.622736 0.749648
vt 0.625000 0.747500
vt 0.571429 0.787500
vt 0.643750 0.768750
vt 0.571429 0.747500
vt 0.571429 0.750000
vt 0.337500 0.502500
vt 0.377264 0.500352
vt 0.375000 0.502500
vt 0.428571 0.462500
vt 0.356250 0.481250
vt 0.428571 0.502500
vt 0.428571 0.500000
vt 0.662500 0.502500
vt 0.617453 0.495069
vt 0.643750 0.481250
vt 0.571429 0.502500
vt 0.625000 0.502500
vt 0.571429 0.462500
vt 0.571429 0.500000
vt 0.125000 0.502500
vt 0.375000 0.002500
vt 0.428571 1.000000
vt 0.571429 0.000000
vt 0.875000 0.747500
vt 0.625000 0.247500
vt 0.375000 0.287500
vt 0.837500 0.500000
vt 0.162500 0.750000
vt 0.625000 0.962500
vt 1.000000 0.560000
vt 0.999633 0.500000
vt 0.750000 0.489938
vt 0.799656 0.467555
vt 0.750000 0.473150
vt 1.000000 0.940000
vt 0.964286 0.940000
vt 0.250000 0.489938
vt 0.299656 0.467555
vt 0.303391 0.483922
vt 0.928571 0.560000
vt 0.964286 0.560000
vt 0.854105 0.466177
vt 0.803391 0.483922
vt 0.928571 0.940000
vt 0.354105 0.466177
vt 0.346821 0.451051
vt 0.892857 0.560000
vt 0.899599 0.437591
vt 0.846821 0.451051
vt 0.892857 0.940000
vt 0.399599 0.437591
vt 0.389132 0.424466
vt 0.937591 0.399599
vt 0.889132 0.424466
vt 0.857143 0.940000
vt 0.437591 0.399599
vt 0.424466 0.389132
vt 0.857143 0.560000
vt 0.951051 0.346821
vt 0.924466 0.389132
vt 0.821429 1.000000
vt 0.821429 0.940000
vt 0.451051 0.346821
vt 0.466177 0.354105
vt 0.821429 0.560000
vt 0.983922 0.303391
vt 0.966177 0.354105
vt 0.785714 0.940000
vt 0.483922 0.303391
vt 0.467555 0.299655
vt 0.785714 0.560000
vt 0.989938 0.250000
vt 0.967555 0.299655
vt 0.750000 0.940000
vt 0.489938 0.250000
vt 0.473150 0.250000
vt 0.714286 0.560000
vt 0.750000 0.560000
vt 0.967555 0.200345
vt 0.973150 0.250000
vt 0.714286 0.940000
vt 0.467555 0.200345
vt 0.483922 0.196609
vt 0.678572 0.560000
vt 0.714286 0.500000
vt 0.983922 0.196609
vt 0.951051 0.153179
vt 0.678572 0.940000
vt 0.451051 0.153179
vt 0.466177 0.145895
vt 0.642857 0.560000
vt 0.937591 0.100401
vt 0.966177 0.145895
vt 0.642857 0.940000
vt 0.437591 0.100401
vt 0.424466 0.110868
vt 0.899599 0.062409
vt 0.924466 0.110868
vt 0.607143 0.940000
vt 0.399599 0.062409
vt 0.389132 0.075534
vt 0.607143 0.560000
vt 0.846821 0.048949
vt 0.889132 0.075534
vt 0.571429 0.940000
vt 0.346821 0.048949
vt 0.354105 0.033823
vt 0.535715 0.560000
vt 0.571429 0.560000
vt 0.854105 0.033823
vt 0.799656 0.032445
vt 0.535715 0.940000
vt 0.299656 0.032445
vt 0.303391 0.016078
vt 0.500000 0.560000
vt 0.750000 0.010062
vt 0.803391 0.016078
vt 0.500000 0.940000
vt 0.250000 0.010062
vt 0.250000 0.026850
vt 0.464286 0.500000
vt 0.700345 0.032445
vt 0.750000 0.026850
vt 0.464286 1.000000
vt 0.464286 0.940000
vt 0.200345 0.032445
vt 0.196609 0.016078
vt 0.464286 0.560000
vt 0.645895 0.033823
vt 0.696609 0.016078
vt 0.428572 0.940000
vt 0.145895 0.033823
vt 0.153179 0.048949
vt 0.392857 0.560000
vt 0.428572 0.560000
vt 0.600401 0.062409
vt 0.653179 0.048949
vt 0.392857 0.940000
vt 0.392857 1.000000
vt 0.100401 0.062409
vt 0.110868 0.075534
vt 0.357143 0.560000
vt 0.392857 0.500000
vt 0.575535 0.110868
vt 0.610868 0.075534
vt 0.357143 0.940000
vt 0.075534 0.110868
vt 0.062409 0.100401
vt 0.321429 0.500000
vt 0.562409 0.100401
vt 0.548949 0.153179
vt 0.321429 1.000000
vt 0.321429 0.940000
vt 0.048949 0.153179
vt 0.033823 0.145895
vt 0.321429 0.560000
vt 0.516078 0.196609
vt 0.533823 0.145895
vt 0.285714 0.940000
vt 0.016078 0.196609
vt 0.032445 0.200345
vt 0.285714 0.560000
vt 0.510062 0.250000
vt 0.532445 0.200345
vt 0.250000 0.940000
vt 0.010062 0.250000
vt 0.026850 0.250000
vt 0.214286 0.560000
vt 0.250000 0.560000
vt 0.532445 0.299655
vt 0.526850 0.250000
vt 0.214286 0.940000
vt 0.214286 1.000000
vt 0.032445 0.299655
vt 0.016078 0.303391
vt 0.178572 0.560000
vt 0.214286 0.500000
vt 0.516078 0.303391
vt 0.548949 0.346821
vt 0.178572 0.940000
vt 0.178572 1.000000
vt 0.048949 0.346821
vt 0.033823 0.354105
vt 0.142857 0.560000
vt 0.178572 0.500000
vt 0.562409 0.399599
vt 0.533823 0.354105
vt 0.142857 0.940000
vt 0.142857 1.000000
vt 0.062409 0.399599
vt 0.075534 0.389132
vt 0.107143 0.560000
vt 0.610868 0.424466
vt 0.575534 0.389132
vt 0.107143 0.940000
vt 0.110868 0.424466
vt 0.100401 0.437591
vt 0.071429 0.500000
vt 0.107143 0.500000
vt 0.600401 0.437591
vt 0.653179 0.451051
vt 0.071429 1.000000
vt 0.071429 0.940000
vt 0.153179 0.451051
vt 0.145895 0.466177
vt 0.071429 0.560000
vt 0.035714 0.500000
vt 0.645895 0.466177
vt 0.700345 0.467555
vt 0.035714 1.000000
vt 0.035714 0.940000
vt 0.200345 0.467555
vt 0.196609 0.483922
vt 0.000000 0.560000
vt 0.035714 0.560000
vt 0.696609 0.483922
vt 0.000000 0.940000
vt 0.000367 1.000000
vt 0.250000 0.473150
vt 0.658156 0.028269
vt 0.135714 0.735000
vt 0.129528 0.750000
vt 0.125000 0.735000
vt 0.425000 0.989286
vt 0.396132 1.000000
vt 0.375000 0.989286
vt 0.425000 0.015000
vt 0.375000 0.006340
vt 0.425000 0.000000
vt 0.575000 0.989286
vt 0.625000 0.995472
vt 0.575000 1.000000
vt 0.864286 0.735000
vt 0.875000 0.743660
vt 0.864286 0.750000
vt 0.575000 0.015000
vt 0.603868 0.000000
vt 0.625000 0.015000
vt 0.135714 0.515000
vt 0.125000 0.506340
vt 0.135714 0.500000
vt 0.425000 0.235000
vt 0.385566 0.252264
vt 0.375000 0.235000
vt 0.425000 0.260714
vt 0.425000 0.250000
vt 0.864286 0.515000
vt 0.870472 0.500000
vt 0.875000 0.515000
vt 0.575000 0.260714
vt 0.614434 0.246830
vt 0.625000 0.260714
vt 0.575000 0.235000
vt 0.575000 0.250000
vt 0.364286 0.735000
vt 0.382044 0.749396
vt 0.369643 0.755357
vt 0.425000 0.735000
vt 0.375000 0.735000
vt 0.425000 0.760714
vt 0.425000 0.750000
vt 0.635714 0.735000
vt 0.619465 0.747887
vt 0.625000 0.735000
vt 0.575000 0.760714
vt 0.630357 0.755357
vt 0.575000 0.735000
vt 0.575000 0.750000
vt 0.364286 0.515000
vt 0.380535 0.502113
vt 0.375000 0.515000
vt 0.425000 0.489286
vt 0.369643 0.494643
vt 0.425000 0.515000
vt 0.425000 0.500000
vt 0.635714 0.515000
vt 0.617956 0.500604
vt 0.630357 0.494643
vt 0.575000 0.515000
vt 0.625000 0.515000
vt 0.575000 0.489286
vt 0.575000 0.500000
vt 0.125000 0.515000
vt 0.375000 0.015000
vt 0.425000 1.000000
vt 0.575000 0.000000
vt 0.875000 0.735000
vt 0.625000 0.235000
vt 0.375000 0.260714
vt 0.864286 0.500000
vt 0.135714 0.750000
vt 0.625000 0.989286
vt 0.156250 0.725000
vt 0.138208 0.750000
vt 0.125000 0.725000
vt 0.391667 0.968750
vt 0.382044 1.000000
vt 0.375000 0.968750
vt 0.391667 0.025000
vt 0.375000 0.010566
vt 0.391667 0.000000
vt 0.608333 0.968750
vt 0.625000 0.986792
vt 0.608333 1.000000
vt 0.843750 0.725000
vt 0.875000 0.739434
vt 0.843750 0.750000
vt 0.608333 0.025000
vt 0.617956 0.000000
vt 0.625000 0.025000
vt 0.156250 0.525000
vt 0.125000 0.510566
vt 0.391667 0.225000
vt 0.378522 0.256604
vt 0.375000 0.225000
vt 0.391667 0.281250
vt 0.391667 0.250000
vt 0.843750 0.525000
vt 0.861792 0.500000
vt 0.875000 0.525000
vt 0.608333 0.281250
vt 0.621478 0.244717
vt 0.625000 0.281250
vt 0.608333 0.225000
vt 0.608333 0.250000
vt 0.343750 0.725000
vt 0.377348 0.750881
vt 0.359375 0.765625
vt 0.391667 0.725000
vt 0.375000 0.725000
vt 0.391667 0.781250
vt 0.391667 0.750000
vt 0.656250 0.725000
vt 0.627055 0.746478
vt 0.625000 0.725000
vt 0.608333 0.781250
vt 0.640625 0.765625
vt 0.608333 0.725000
vt 0.608333 0.750000
vt 0.343750 0.525000
vt 0.372945 0.503522
vt 0.375000 0.525000
vt 0.391667 0.468750
vt 0.359375 0.484375
vt 0.391667 0.525000
vt 0.391667 0.500000
vt 0.656250 0.525000
vt 0.622652 0.499119
vt 0.640625 0.484375
vt 0.608333 0.525000
vt 0.625000 0.525000
vt 0.608333 0.468750
vt 0.608333 0.500000
vt 0.125000 0.525000
vt 0.375000 0.025000
vt 0.391667 1.000000
vt 0.875000 0.725000
vt 0.625000 0.225000
vt 0.375000 0.281250
vt 0.156250 0.750000
vt 0.625000 0.968750
vt 0.625000 0.000000
vt 0.375000 0.250000
vt 0.375000 0.000000
vt 0.625000 0.250000
vt 0.375000 0.750000
vt 0.625000 0.750000
vt 0.125000 0.750000
vt 0.150000 0.737500
vt 0.135566 0.750000
vt 0.125000 0.737500
vt 0.421875 0.975000
vt 0.394812 1.000000
vt 0.375000 0.975000
vt 0.421875 0.012500
vt 0.375000 0.005283
vt 0.421875 0.000000
vt 0.578125 0.975000
vt 0.578125 1.000000
vt 0.850000 0.737500
vt 0.875000 0.744717
vt 0.850000 0.750000
vt 0.578125 0.012500
vt 0.605188 0.000000
vt 0.625000 0.012500
vt 0.150000 0.512500
vt 0.125000 0.505283
vt 0.421875 0.237500
vt 0.384906 0.255283
vt 0.375000 0.237500
vt 0.421875 0.275000
vt 0.421875 0.250000
vt 0.850000 0.512500
vt 0.875000 0.512500
vt 0.578125 0.275000
vt 0.615094 0.247358
vt 0.578125 0.237500
vt 0.578125 0.250000
vt 0.350000 0.737500
vt 0.381604 0.751761
vt 0.362500 0.762500
vt 0.421875 0.737500
vt 0.375000 0.737500
vt 0.421875 0.775000
vt 0.421875 0.750000
vt 0.650000 0.737500
vt 0.621918 0.748239
vt 0.625000 0.737500
vt 0.578125 0.775000
vt 0.637500 0.762500
vt 0.578125 0.737500
vt 0.578125 0.750000
vt 0.350000 0.512500
vt 0.378082 0.501761
vt 0.375000 0.512500
vt 0.421875 0.475000
vt 0.421875 0.512500
vt 0.421875 0.500000
vt 0.650000 0.512500
vt 0.618396 0.498239
vt 0.637500 0.487500
vt 0.578125 0.512500
vt 0.625000 0.512500
vt 0.578125 0.475000
vt 0.578125 0.500000
vt 0.125000 0.512500
vt 0.375000 0.012500
vt 0.421875 1.000000
vt 0.578125 0.000000
vt 0.875000 0.737500
vt 0.625000 0.237500
vt 0.375000 0.275000
vt 0.850000 0.500000
vt 0.150000 0.750000
vt 0.156250 0.718750
vt 0.125000 0.718750
vt 0.389706 0.968750
vt 0.381215 1.000000
vt 0.389706 0.031250
vt 0.375000 0.013208
vt 0.389706 0.000000
vt 0.610294 0.968750
vt 0.610294 1.000000
vt 0.843750 0.718750
vt 0.875000 0.736792
vt 0.610294 0.031250
vt 0.618785 0.000000
vt 0.625000 0.031250
vt 0.156250 0.531250
vt 0.125000 0.513208
vt 0.156250 0.500000
vt 0.389706 0.218750
vt 0.378108 0.256604
vt 0.375000 0.218750
vt 0.389706 0.281250
vt 0.389706 0.250000
vt 0.843750 0.531250
vt 0.875000 0.531250
vt 0.610294 0.281250
vt 0.621892 0.243396
vt 0.610294 0.218750
vt 0.610294 0.250000
vt 0.343750 0.718750
vt 0.377072 0.750000
vt 0.389706 0.718750
vt 0.375000 0.718750
vt 0.389706 0.781250
vt 0.389706 0.750000
vt 0.656250 0.718750
vt 0.627331 0.745597
vt 0.625000 0.718750
vt 0.610294 0.781250
vt 0.610294 0.718750
vt 0.610294 0.750000
vt 0.343750 0.531250
vt 0.372669 0.504403
vt 0.375000 0.531250
vt 0.389706 0.468750
vt 0.389706 0.531250
vt 0.389706 0.500000
vt 0.656250 0.531250
vt 0.622928 0.500000
vt 0.610294 0.531250
vt 0.625000 0.531250
vt 0.610294 0.468750
vt 0.610294 0.500000
vt 0.125000 0.531250
vt 0.375000 0.031250
vt 0.389706 1.000000
vt 0.610294 0.000000
vt 0.875000 0.718750
vt 0.625000 0.218750
vt 0.156250 0.750000
vt 0.166667 0.727778
vt 0.142610 0.750000
vt 0.125000 0.727778
vt 0.387500 0.958333
vt 0.380283 1.000000
vt 0.375000 0.958333
vt 0.387500 0.022222
vt 0.375000 0.009392
vt 0.387500 0.000000
vt 0.612500 0.958333
vt 0.625000 0.982390
vt 0.612500 1.000000
vt 0.833333 0.727778
vt 0.875000 0.740608
vt 0.833333 0.750000
vt 0.612500 0.022222
vt 0.619717 0.000000
vt 0.625000 0.022222
vt 0.166667 0.522222
vt 0.125000 0.509392
vt 0.166667 0.500000
vt 0.387500 0.227778
vt 0.377642 0.258805
vt 0.375000 0.227778
vt 0.387500 0.291667
vt 0.387500 0.250000
vt 0.833333 0.522222
vt 0.857390 0.500000
vt 0.875000 0.522222
vt 0.612500 0.291667
vt 0.622358 0.245304
vt 0.625000 0.291667
vt 0.612500 0.227778
vt 0.612500 0.250000
vt 0.333333 0.727778
vt 0.376761 0.752739
vt 0.354167 0.770833
vt 0.387500 0.727778
vt 0.375000 0.727778
vt 0.387500 0.791667
vt 0.387500 0.750000
vt 0.666667 0.727778
vt 0.629109 0.746869
vt 0.625000 0.727778
vt 0.612500 0.791667
vt 0.645833 0.770833
vt 0.612500 0.727778
vt 0.612500 0.750000
vt 0.333333 0.522222
vt 0.370891 0.503131
vt 0.375000 0.522222
vt 0.387500 0.458333
vt 0.354167 0.479167
vt 0.387500 0.522222
vt 0.387500 0.500000
vt 0.666667 0.522222
vt 0.623239 0.497261
vt 0.645833 0.479167
vt 0.612500 0.522222
vt 0.625000 0.522222
vt 0.612500 0.458333
vt 0.612500 0.500000
vt 0.125000 0.522222
vt 0.387500 1.000000
vt 0.875000 0.727778
vt 0.375000 0.291667
vt 0.833333 0.500000
vt 0.166667 0.750000
vt 0.625000 0.958333
vt 0.147059 0.731250
vt 0.134323 0.750000
vt 0.125000 0.731250
vt 0.421875 0.977941
vt 0.375000 0.977941
vt 0.421875 0.018750
vt 0.375000 0.007925
vt 0.578125 0.977941
vt 0.625000 0.990677
vt 0.578125 1.000000
vt 0.852941 0.731250
vt 0.875000 0.742075
vt 0.852941 0.750000
vt 0.578125 0.018750
vt 0.625000 0.018750
vt 0.147059 0.518750
vt 0.125000 0.507925
vt 0.147059 0.500000
vt 0.421875 0.231250
vt 0.384906 0.254662
vt 0.375000 0.231250
vt 0.421875 0.272059
vt 0.852941 0.518750
vt 0.865677 0.500000
vt 0.875000 0.518750
vt 0.578125 0.272059
vt 0.615094 0.246038
vt 0.625000 0.272059
vt 0.578125 0.231250
vt 0.352941 0.731250
vt 0.381604 0.750466
vt 0.363971 0.761029
vt 0.421875 0.731250
vt 0.375000 0.731250
vt 0.421875 0.772059
vt 0.647059 0.731250
vt 0.621504 0.747359
vt 0.625000 0.731250
vt 0.578125 0.772059
vt 0.636029 0.761029
vt 0.578125 0.731250
vt 0.352941 0.518750
vt 0.378496 0.502642
vt 0.375000 0.518750
vt 0.421875 0.477941
vt 0.363971 0.488971
vt 0.421875 0.518750
vt 0.647059 0.518750
vt 0.618396 0.499534
vt 0.636029 0.488971
vt 0.578125 0.518750
vt 0.625000 0.518750
vt 0.578125 0.477941
vt 0.125000 0.518750
vt 0.375000 0.018750
vt 0.875000 0.731250
vt 0.625000 0.231250
vt 0.375000 0.272059
vt 0.852941 0.500000
vt 0.147059 0.750000
vt 0.625000 0.977941
vt 0.541667 0.600000
vt 0.500000 0.700000
vt 0.500000 0.600000
vt 0.541667 0.800000
vt 0.500000 0.800000
vt 0.500000 0.900000
vt 0.541667 0.900000
vt 0.541667 -0.000000
vt 0.500000 0.100000
vt 0.500000 -0.000000
vt 0.541667 0.200000
vt 0.500000 0.200000
vt 0.541667 0.300000
vt 0.500000 0.300000
vt 0.541667 0.400000
vt 0.500000 0.400000
vt 0.541667 0.500000
vt 0.583333 0.600000
vt 0.541667 0.700000
vt 0.583333 0.800000
vt 0.583333 0.900000
vt 0.541667 1.000000
vt 0.583333 -0.000000
vt 0.541667 0.100000
vt 0.583333 0.200000
vt 0.583333 0.300000
vt 0.583333 0.400000
vt 0.625000 0.600000
vt 0.583333 0.700000
vt 0.625000 0.800000
vt 0.625000 0.900000
vt 0.625000 -0.000000
vt 0.583333 0.100000
vt 0.625000 0.200000
vt 0.625000 0.300000
vt 0.625000 0.400000
vt 0.666667 0.600000
vt 0.625000 0.700000
vt 0.666667 0.800000
vt 0.666667 0.900000
vt 0.666667 0.100000
vt 0.625000 0.100000
vt 0.666667 0.300000
vt 0.666667 0.400000
vt 0.708333 0.600000
vt 0.666667 0.700000
vt 0.708333 0.800000
vt 0.708333 0.900000
vt 0.666667 1.000000
vt 0.666667 -0.000000
vt 0.708333 0.100000
vt 0.666667 0.200000
vt 0.708333 0.300000
vt 0.708333 0.400000
vt 0.666667 0.500000
vt 0.750000 0.700000
vt 0.708333 0.700000
vt 0.750000 0.800000
vt 0.750000 0.900000
vt 0.708333 1.000000
vt 0.708333 -0.000000
vt 0.750000 0.100000
vt 0.750000 0.200000
vt 0.708333 0.200000
vt 0.750000 0.300000
vt 0.750000 0.400000
vt 0.708333 0.500000
vt 0.750000 0.600000
vt 0.791667 0.700000
vt 0.791667 0.800000
vt 0.791667 1.000000
vt 0.750000 -0.000000
vt 0.791667 0.100000
vt 0.791667 0.200000
vt 0.791667 0.300000
vt 0.791667 0.500000
vt 0.791667 0.600000
vt 0.833333 0.700000
vt 0.833333 0.800000
vt 0.791667 0.900000
vt 0.833333 0.900000
vt 0.791667 -0.000000
vt 0.833333 0.100000
vt 0.833333 0.300000
vt 0.833333 0.400000
vt 0.791667 0.400000
vt 0.875000 0.600000
vt 0.833333 0.600000
vt 0.875000 0.800000
vt 0.875000 0.900000
vt 0.833333 1.000000
vt 0.833333 -0.000000
vt 0.875000 0.100000
vt 0.833333 0.200000
vt 0.875000 0.200000
vt 0.875000 0.400000
vt 0.916667 0.700000
vt 0.875000 0.700000
vt 0.916667 0.800000
vt 0.916667 0.900000
vt 0.916667 1.000000
vt 0.916667 -0.000000
vt 0.875000 -0.000000
vt 0.916667 0.100000
vt 0.916667 0.200000
vt 0.875000 0.300000
vt 0.916667 0.300000
vt 0.916667 0.400000
vt 0.916667 0.500000
vt 0.916667 0.600000
vt 0.958333 0.700000
vt 0.958333 0.900000
vt 0.958333 0.100000
vt 0.958333 0.300000
vt 0.958333 0.500000
vt 0.958333 0.600000
vt 1.000000 0.700000
vt 0.958333 0.800000
vt 1.000000 0.900000
vt 0.958333 1.000000
vt 1.000000 -0.000000
vt 0.958333 -0.000000
vt 1.000000 0.200000
vt 0.958333 0.200000
vt 1.000000 0.300000
vt 0.958333 0.400000
vt -0.000000 0.600000
vt 0.041667 0.700000
vt -0.000000 0.700000
vt 0.041667 0.800000
vt -0.000000 0.800000
vt 0.041667 0.900000
vt -0.000000 0.900000
vt 0.041667 1.000000
vt -0.000000 1.000000
vt 0.041667 -0.000000
vt -0.000000 0.100000
vt -0.000000 -0.000000
vt 0.041667 0.200000
vt -0.000000 0.200000
vt -0.000000 0.300000
vt 0.041667 0.300000
vt -0.000000 0.400000
vt 0.041667 0.400000
vt -0.000000 0.500000
vt 0.041667 0.500000
vt 0.083333 0.600000
vt 0.041667 0.600000
vt 0.083333 0.800000
vt 0.083333 0.900000
vt 0.083333 1.000000
vt 0.083333 -0.000000
vt 0.041667 0.100000
vt 0.083333 0.200000
vt 0.083333 0.300000
vt 0.083333 0.400000
vt 0.125000 0.600000
vt 0.083333 0.700000
vt 0.125000 0.700000
vt 0.125000 0.800000
vt 0.125000 0.900000
vt 0.125000 0.100000
vt 0.083333 0.100000
vt 0.125000 0.300000
vt 0.125000 0.400000
vt 0.083333 0.500000
vt 0.166667 0.600000
vt 0.166667 0.700000
vt 0.166667 0.900000
vt 0.166667 -0.000000
vt 0.125000 -0.000000
vt 0.166667 0.200000
vt 0.125000 0.200000
vt 0.166667 0.300000
vt 0.166667 0.400000
vt 0.208333 0.600000
vt 0.208333 0.700000
vt 0.166667 0.800000
vt 0.208333 0.900000
vt 0.208333 1.000000
vt 0.166667 1.000000
vt 0.208333 -0.000000
vt 0.166667 0.100000
vt 0.208333 0.200000
vt 0.208333 0.300000
vt 0.208333 0.500000
vt 0.250000 0.700000
vt 0.208333 0.800000
vt 0.250000 0.900000
vt 0.250000 -0.000000
vt 0.208333 0.100000
vt 0.250000 0.200000
vt 0.250000 0.300000
vt 0.250000 0.400000
vt 0.208333 0.400000
vt 0.291667 0.600000
vt 0.250000 0.600000
vt 0.291667 0.800000
vt 0.250000 0.800000
vt 0.291667 0.900000
vt 0.291667 1.000000
vt 0.291667 -0.000000
vt 0.250000 0.100000
vt 0.291667 0.100000
vt 0.291667 0.300000
vt 0.291667 0.400000
vt 0.333333 0.600000
vt 0.291667 0.700000
vt 0.333333 0.700000
vt 0.333333 0.900000
vt 0.333333 1.000000
vt 0.333333 -0.000000
vt 0.333333 0.200000
vt 0.291667 0.200000
vt 0.333333 0.300000
vt 0.333333 0.500000
vt 0.291667 0.500000
vt 0.375000 0.700000
vt 0.333333 0.800000
vt 0.375000 0.900000
vt 0.375000 -0.000000
vt 0.333333 0.100000
vt 0.375000 0.200000
vt 0.375000 0.300000
vt 0.333333 0.400000
vt 0.375000 0.600000
vt 0.416667 0.700000
vt 0.416667 0.800000
vt 0.375000 0.800000
vt 0.416667 0.900000
vt 0.416667 1.000000
vt 0.416667 0.100000
vt 0.375000 0.100000
vt 0.416667 0.200000
vt 0.416667 0.300000
vt 0.375000 0.400000
vt 0.416667 0.400000
vt 0.416667 0.500000
vt 0.416667 0.600000
vt 0.458333 0.700000
vt 0.458333 0.800000
vt 0.458333 0.900000
vt 0.416667 -0.000000
vt 0.458333 0.100000
vt 0.458333 0.300000
vt 0.458333 0.400000
vt 0.458333 0.500000
vt 0.458333 0.600000
vt 0.458333 1.000000
vt 0.458333 -0.000000
vt 0.458333 0.200000
vt 0.178571 0.696429
vt 0.147642 0.750000
vt 0.125000 0.696429
vt 0.391667 0.946429
vt 0.375000 0.946429
vt 0.391667 0.053571
vt 0.375000 0.022642
vt 0.608333 0.946429
vt 0.625000 0.977358
vt 0.608333 1.000000
vt 0.821429 0.696429
vt 0.875000 0.727358
vt 0.821429 0.750000
vt 0.608333 0.053571
vt 0.617956 0.000000
vt 0.625000 0.053571
vt 0.178571 0.553571
vt 0.125000 0.522642
vt 0.178571 0.500000
vt 0.391667 0.196429
vt 0.378522 0.261321
vt 0.375000 0.196429
vt 0.391667 0.303571
vt 0.821429 0.553571
vt 0.852358 0.500000
vt 0.875000 0.553571
vt 0.608333 0.303571
vt 0.621478 0.238679
vt 0.625000 0.303571
vt 0.608333 0.196429
vt 0.608333 0.250000
vt 0.321429 0.696429
vt 0.377348 0.750000
vt 0.348214 0.776786
vt 0.391667 0.696429
vt 0.375000 0.696429
vt 0.391667 0.803571
vt 0.391667 0.750000
vt 0.678571 0.696429
vt 0.630199 0.742453
vt 0.625000 0.696429
vt 0.608333 0.803571
vt 0.651786 0.776786
vt 0.608333 0.696429
vt 0.608333 0.750000
vt 0.321429 0.553571
vt 0.369801 0.507547
vt 0.375000 0.553571
vt 0.391667 0.446429
vt 0.348214 0.473214
vt 0.391667 0.553571
vt 0.678571 0.553571
vt 0.622652 0.500000
vt 0.651786 0.473214
vt 0.608333 0.553571
vt 0.625000 0.553571
vt 0.608333 0.446429
vt 0.125000 0.553571
vt 0.375000 0.053571
vt 0.608333 0.000000
vt 0.875000 0.696429
vt 0.375000 0.303571
vt 0.821429 0.500000
vt 0.178571 0.750000
vt 0.625000 0.946429
vt 0.166667 0.725000
vt 0.142610 0.750000
vt 0.387500 0.025000
vt 0.375000 0.010566
vt 0.625000 0.982390
vt 0.612500 1.000000
vt 0.833333 0.725000
vt 0.875000 0.739434
vt 0.612500 0.025000
vt 0.619717 0.000000
vt 0.625000 0.025000
vt 0.166667 0.525000
vt 0.387500 0.225000
vt 0.377642 0.258805
vt 0.375000 0.225000
vt 0.387500 0.291667
vt 0.833333 0.525000
vt 0.875000 0.525000
vt 0.622358 0.244717
vt 0.612500 0.225000
vt 0.612500 0.250000
vt 0.333333 0.725000
vt 0.376761 0.752348
vt 0.354167 0.770833
vt 0.387500 0.725000
vt 0.387500 0.791667
vt 0.387500 0.750000
vt 0.666667 0.725000
vt 0.629109 0.746478
vt 0.612500 0.791667
vt 0.645833 0.770833
vt 0.612500 0.725000
vt 0.612500 0.750000
vt 0.333333 0.525000
vt 0.370891 0.503522
vt 0.387500 0.458333
vt 0.354167 0.479167
vt 0.387500 0.525000
vt 0.387500 0.500000
vt 0.666667 0.525000
vt 0.623239 0.497652
vt 0.645833 0.479167
vt 0.612500 0.525000
vt 0.612500 0.458333
vt 0.612500 0.500000
vt 0.375000 0.291667
vt 0.166667 0.750000
vt 0.625000 0.958333
vt 0.141026 0.740079
vt 0.131773 0.750000
vt 0.125000 0.740079
vt 0.437500 0.983974
vt 0.401416 1.000000
vt 0.375000 0.983974
vt 0.437500 0.009921
vt 0.375000 0.004193
vt 0.437500 0.000000
vt 0.562500 0.983974
vt 0.625000 0.993227
vt 0.858974 0.740079
vt 0.875000 0.745807
vt 0.858974 0.750000
vt 0.562500 0.009921
vt 0.598584 0.000000
vt 0.625000 0.009921
vt 0.141026 0.509921
vt 0.125000 0.504193
vt 0.141026 0.500000
vt 0.437500 0.240079
vt 0.388208 0.253387
vt 0.375000 0.240079
vt 0.437500 0.266026
vt 0.437500 0.250000
vt 0.858975 0.509921
vt 0.868227 0.500000
vt 0.875000 0.509921
vt 0.562500 0.266026
vt 0.611792 0.247903
vt 0.625000 0.266026
vt 0.562500 0.240079
vt 0.562500 0.250000
vt 0.358974 0.740079
vt 0.383805 0.750860
vt 0.366987 0.758013
vt 0.437500 0.740079
vt 0.375000 0.740079
vt 0.437500 0.766026
vt 0.437500 0.750000
vt 0.641026 0.740079
vt 0.618453 0.748602
vt 0.625000 0.740079
vt 0.562500 0.766026
vt 0.633013 0.758013
vt 0.562500 0.740079
vt 0.562500 0.750000
vt 0.358974 0.509921
vt 0.381548 0.501398
vt 0.375000 0.509921
vt 0.437500 0.483974
vt 0.366987 0.491987
vt 0.437500 0.509921
vt 0.641026 0.509921
vt 0.616195 0.499140
vt 0.633013 0.491987
vt 0.562500 0.509921
vt 0.625000 0.509921
vt 0.562500 0.483974
vt 0.125000 0.509921
vt 0.375000 0.009921
vt 0.562500 0.000000
vt 0.875000 0.740079
vt 0.625000 0.240079
vt 0.375000 0.266026
vt 0.858974 0.500000
vt 0.141026 0.750000
vt 0.625000 0.983974
vt 0.950000 0.500000
vt 0.950000 1.000000
vt 0.900000 0.500000
vt 0.900000 1.000000
vt 0.850000 1.000000
vt 0.800000 0.500000
vt 0.800000 1.000000
vt 0.750000 0.500000
vt 0.750000 1.000000
vt 0.700000 0.500000
vt 0.700000 1.000000
vt 0.650000 0.500000
vt 0.650000 1.000000
vt 0.600000 0.500000
vt 0.600000 1.000000
vt 0.550000 0.500000
vt 0.550000 1.000000
vt 0.500000 0.500000
vt 0.500000 1.000000
vt 0.450000 0.500000
vt 0.450000 1.000000
vt 0.400000 0.500000
vt 0.400000 1.000000
vt 0.350000 0.500000
vt 0.350000 1.000000
vt 0.300000 0.500000
vt 0.300000 1.000000
vt 0.250000 0.500000
vt 0.250000 1.000000
vt 0.200000 0.500000
vt 0.200000 1.000000
vt 0.150000 0.500000
vt 0.150000 1.000000
vt 0.100000 0.500000
vt 0.021746 0.175836
vt 0.478254 0.175836
vt 0.391068 0.444164
vt 0.100000 1.000000
vt 0.050000 0.500000
vt 0.050000 1.000000
vt -0.000000 0.500000
vt 0.675836 0.021746
vt 0.510000 0.250000
vt 0.675836 0.478254
vt 0.833333 0.500000
vt 0.833333 1.000000
vt 0.750000 0.500000
vt 0.750000 1.000000
vt 0.666667 0.500000
vt 0.666667 1.000000
vt 0.583333 0.500000
vt 0.583333 1.000000
vt 0.500000 0.500000
vt 0.500000 1.000000
vt 0.416667 0.500000
vt 0.416667 1.000000
vt 0.333333 0.500000
vt 0.333333 1.000000
vt 0.250000 0.500000
vt 0.250000 1.000000
vt 0.166667 0.500000
vt 0.457846 0.130000
vt 0.457846 0.370000
vt 0.042154 0.370000
vt 0.166667 1.000000
vt 0.083333 0.500000
vt 0.083333 1.000000
vt 0.000000 0.500000
vt 0.870000 0.457846
vt 0.990000 0.250000
vt 0.630000 0.042154
vt 0.999705 1.000000
vt 0.000295 0.500000
vt 0.341844 0.471731
vt 0.080294 0.419706
vt 0.250000 0.490000
vt 0.158156 0.471731
vt 0.028269 0.341844
vt 0.010000 0.250000
vt 0.028269 0.158156
vt 0.158156 0.028269
vt 0.250000 0.010000
vt 0.341844 0.028269
vt 0.471731 0.158156
vt 0.471731 0.341844
vt 0.000000 1.000000
vt 0.750000 0.490000
vt 0.841844 0.471731
vt 0.919706 0.419706
vt 0.971731 0.158156
vt 0.919706 0.080294
vt 0.750000 0.010000
vt 0.580294 0.080294
vt 0.580294 0.419706
vt 0.999446 1.000000
vt 0.000554 0.500000
vt 0.588235 0.000000
vt 0.999633 1.000000
vt 0.000367 0.500000
vt 0.608333 0.000000
vt 0.875000 0.750000
vt 0.375000 0.022222
vt 0.612500 0.000000
vt 0.625000 0.227778
vt 1.000000 0.600000
vt 1.000000 0.800000
vt 1.000000 0.100000
vt 1.000000 0.400000
vt 0.625000 0.196429
vt 0.324164 0.478254
vt 0.175836 0.478254
vt 0.108932 0.444164
vt 0.055836 0.391068
vt 0.021746 0.324164
vt 0.055836 0.108932
vt 0.108932 0.055836
vt 0.175836 0.021746
vt 0.324164 0.021746
vt 0.391068 0.055836
vt 0.444164 0.108932
vt 0.478254 0.324164
vt 0.444164 0.391068
vt -0.000000 1.000000
vt 0.824164 0.478254
vt 0.891068 0.444164
vt 0.944164 0.391068
vt 0.978254 0.324164
vt 0.944164 0.108932
vt 0.978254 0.175836
vt 0.891068 0.055836
vt 0.824164 0.021746
vt 0.608932 0.055836
vt 0.555836 0.108932
vt 0.521746 0.175836
vt 0.521746 0.324164
vt 0.555836 0.391068
vt 0.608932 0.444164
vt 0.370000 0.457846
vt 0.130000 0.457846
vt 0.042154 0.130000
vt 0.130000 0.042154
vt 0.370000 0.042154
vt 0.000000 1.000000
vt 0.630000 0.457846
vt 0.957846 0.370000
vt 0.957846 0.130000
vt 0.870000 0.042154
vt 0.542154 0.130000
vt 0.542154 0.370000
s 1
usemtl gun_navy
f 1/1/1 5/2/5 7/3/7
f 2/4/2 5/5/5 4/6/4
f 3/7/3 5/8/5 6/9/6
f 8/10/8 12/11/12 14/12/14
f 9/13/9 12/14/12 11/15/11
f 10/16/10 12/17/12 13/18/13
f 15/19/15 19/20/19 21/21/21
f 16/22/16 19/23/19 18/24/18
f 17/25/17 19/23/19 20/26/20
f 22/27/22 26/28/26 28/29/28
f 23/30/23 26/31/26 25/32/25
f 24/33/24 26/31/26 27/34/27
f 29/35/29 33/36/33 35/37/35
f 30/38/30 33/36/33 32/39/32
f 31/40/31 33/36/33 34/41/34
f 36/42/36 40/43/40 42/44/42
f 37/45/37 40/43/40 39/46/39
f 38/47/38 40/43/40 41/48/41
f 43/49/43 47/50/47 49/51/49
f 44/52/44 47/50/47 46/53/46
f 45/54/45 47/50/47 48/55/48
f 50/56/50 54/57/54 56/58/56
f 51/59/51 54/57/54 53/60/53
f 52/61/52 54/57/54 55/62/55
f 1/1/1 18/63/18 15/19/15
f 7/64/7 16/22/16 18/24/18
f 8/10/8 6/65/6 2/4/2
f 14/66/14 3/7/3 6/9/6
f 22/27/22 13/67/13 9/13/9
f 28/68/28 10/16/10 13/18/13
f 17/25/17 27/34/27 23/30/23
f 20/26/20 24/33/24 27/34/27
f 15/19/15 46/53/46 43/49/43
f 21/69/21 44/52/44 46/53/46
f 50/56/50 25/70/25 22/27/22
f 56/58/56 23/30/23 25/32/25
f 45/54/45 55/62/55 51/59/51
f 48/55/48 52/61/52 55/62/55
f 43/49/43 32/39/32 29/35/29
f 49/51/49 30/38/30 32/39/32
f 36/42/36 53/60/53 50/56/50
f 42/44/42 51/59/51 53/60/53
f 31/40/31 41/48/41 37/45/37
f 34/41/34 38/47/38 41/48/41
f 29/35/29 4/71/4 1/1/1
f 35/37/35 2/4/2 4/6/4
f 9/13/9 39/46/39 36/42/36
f 11/72/11 37/45/37 39/46/39
f 43/49/43 1/1/1 15/19/15
f 10/16/10 16/22/16 3/7/3
f 37/45/37 2/4/2 31/40/31
f 22/27/22 36/42/36 50/56/50
f 23/30/23 44/52/44 17/25/17
f 51/59/51 30/38/30 45/54/45
f 57/73/1 61/74/57 63/75/7
f 58/76/2 61/77/57 60/78/4
f 59/79/3 61/80/57 62/81/6
f 64/82/8 68/83/12 70/84/14
f 65/85/9 68/86/12 67/87/11
f 66/88/10 68/89/12 69/90/13
f 71/91/15 75/92/19 77/93/21
f 72/94/16 75/95/19 74/96/18
f 73/97/17 75/95/19 76/98/20
f 78/99/22 82/100/58 84/101/28
f 79/102/23 82/103/58 81/104/25
f 80/105/24 82/103/58 83/106/27
f 85/107/29 89/108/59 91/109/35
f 86/110/30 89/108/59 88/111/32
f 87/112/31 89/108/59 90/113/34
f 92/114/36 96/115/60 98/116/42
f 93/117/37 96/115/60 95/118/39
f 94/119/38 96/115/60 97/120/41
f 99/121/43 103/122/47 105/123/49
f 100/124/44 103/122/47 102/125/46
f 101/126/45 103/122/47 104/127/48
f 106/128/50 110/129/61 112/130/56
f 107/131/51 110/129/61 109/132/53
f 108/133/52 110/129/61 111/134/55
f 57/73/1 74/135/18 71/91/15
f 63/136/7 72/94/16 74/96/18
f 64/82/8 62/137/6 58/76/2
f 70/138/14 59/79/3 62/81/6
f 78/99/22 69/139/13 65/85/9
f 84/140/28 66/88/10 69/90/13
f 73/97/17 83/106/27 79/102/23
f 76/98/20 80/105/24 83/106/27
f 71/91/15 102/125/46 99/121/43
f 77/141/21 100/124/44 102/125/46
f 106/128/50 81/142/25 78/99/22
f 112/130/56 79/102/23 81/104/25
f 101/126/45 111/134/55 107/131/51
f 104/127/48 108/133/52 111/134/55
f 99/121/43 88/111/32 85/107/29
f 105/123/49 86/110/30 88/111/32
f 92/114/36 109/132/53 106/128/50
f 98/116/42 107/131/51 109/132/53
f 87/112/31 97/120/41 93/117/37
f 90/113/34 94/119/38 97/120/41
f 85/107/29 60/143/4 57/73/1
f 91/109/35 58/76/2 60/78/4
f 65/85/9 95/118/39 92/114/36
f 67/144/11 93/117/37 95/118/39
f 99/121/43 57/73/1 71/91/15
f 66/88/10 72/94/16 59/79/3
f 93/117/37 58/76/2 87/112/31
f 78/99/22 92/114/36 106/128/50
f 79/102/23 100/124/44 73/97/17
f 107/131/51 86/110/30 101/126/45
f 504/419/299 499/420/294 498/421/293
f 499/422/294 503/423/298 497/424/292
f 501/425/296 508/426/303 507/427/302
f 502/428/297 506/429/301 508/430/303
f 510/431/305 505/432/300 504/419/299
f 511/433/306 503/423/298 505/434/300
f 513/435/308 508/426/303 514/436/309
f 514/437/309 506/429/301 512/438/307
f 516/439/311 511/440/306 510/431/305
f 517/441/312 509/442/304 511/433/306
f 519/443/314 514/436/309 520/444/315
f 514/437/309 518/445/313 520/446/315
f 516/439/311 523/447/318 517/448/312
f 523/449/318 515/450/310 517/441/312
f 525/451/320 520/444/315 526/452/321
f 526/453/321 518/445/313 524/454/319
f 522/455/317 529/456/324 523/447/318
f 529/457/324 521/458/316 523/449/318
f 531/459/326 526/452/321 532/460/327
f 526/453/321 530/461/325 532/462/327
f 528/463/323 535/464/330 529/456/324
f 535/465/330 527/466/322 529/457/324
f 537/467/332 532/460/327 538/468/333
f 532/462/327 536/469/331 538/470/333
f 540/471/335 535/464/330 534/472/329
f 541/473/336 533/474/328 535/465/330
f 537/467/332 544/475/339 543/476/338
f 544/477/339 536/469/331 542/478/337
f 540/471/335 547/479/342 541/480/336
f 541/473/336 545/481/340 539/482/334
f 543/476/338 550/483/345 549/484/344
f 544/477/339 548/485/343 550/486/345
f 546/487/341 553/488/348 547/479/342
f 553/489/348 545/481/340 547/490/342
f 549/484/344 556/491/351 555/492/350
f 556/493/351 548/485/343 554/494/349
f 552/495/347 559/496/354 553/488/348
f 559/497/354 551/498/346 553/489/348
f 561/499/356 556/491/351 562/500/357
f 562/501/357 554/494/349 560/502/355
f 558/503/353 565/504/360 559/496/354
f 559/497/354 563/505/358 557/506/352
f 567/507/362 562/500/357 568/508/363
f 568/509/363 560/502/355 566/510/361
f 570/511/365 565/504/360 564/512/359
f 565/513/360 569/514/364 563/505/358
f 573/515/368 568/508/363 574/516/369
f 568/509/363 572/517/367 574/518/369
f 576/519/371 571/520/366 570/511/365
f 571/521/366 575/522/370 569/514/364
f 579/523/374 574/516/369 580/524/375
f 574/518/369 578/525/373 580/526/375
f 582/527/377 577/528/372 576/519/371
f 583/529/378 575/522/370 577/530/372
f 585/531/380 580/524/375 586/532/381
f 586/533/381 578/525/373 584/534/379
f 582/527/377 589/535/384 583/536/378
f 583/529/378 587/537/382 581/538/376
f 585/531/380 592/539/387 591/540/386
f 586/533/381 590/541/385 592/542/387
f 588/543/383 595/544/390 589/535/384
f 595/545/390 587/537/382 589/546/384
f 591/540/386 598/547/393 597/548/392
f 598/549/393 590/541/385 596/550/391
f 600/551/395 595/544/390 594/552/389
f 601/553/396 593/554/388 595/545/390
f 597/548/392 604/555/399 603/556/398
f 604/557/399 596/550/391 602/558/397
f 606/559/401 601/560/396 600/551/395
f 607/561/402 599/562/394 601/553/396
f 603/556/398 610/563/405 609/564/404
f 604/557/399 608/565/403 610/566/405
f 612/567/407 607/568/402 606/559/401
f 607/561/402 611/569/406 605/570/400
f 609/564/404 616/571/411 615/572/410
f 610/566/405 614/573/409 616/574/411
f 618/575/413 613/576/408 612/567/407
f 613/577/408 617/578/412 611/569/406
f 621/579/416 616/571/411 622/580/417
f 616/574/411 620/581/415 622/582/417
f 624/583/419 619/584/414 618/575/413
f 625/585/420 617/578/412 619/586/414
f 627/587/422 622/580/417 628/588/423
f 628/589/423 620/581/415 626/590/421
f 624/583/419 631/591/426 625/592/420
f 625/585/420 629/593/424 623/594/418
f 633/595/428 628/588/423 634/596/429
f 628/589/423 632/597/427 634/598/429
f 636/599/431 631/591/426 630/600/425
f 631/601/426 635/602/430 629/593/424
f 633/595/428 640/603/435 639/604/434
f 640/605/435 632/597/427 638/606/433
f 642/607/437 637/608/432 636/599/431
f 637/609/432 641/610/436 635/602/430
f 639/604/434 646/611/441 645/612/440
f 646/613/441 638/606/433 644/614/439
f 648/615/443 643/616/438 642/607/437
f 643/617/438 647/618/442 641/610/436
f 645/612/440 652/619/447 651/620/446
f 646/613/441 650/621/445 652/622/447
f 648/615/443 655/623/450 649/624/444
f 649/625/444 653/626/448 647/618/442
f 651/620/446 658/627/453 657/628/452
f 658/629/453 650/621/445 656/630/451
f 654/631/449 661/632/456 655/623/450
f 655/633/450 659/634/454 653/626/448
f 657/628/452 664/635/459 663/636/458
f 658/629/453 662/637/457 664/638/459
f 498/639/293 661/632/456 660/640/455
f 499/422/294 659/634/454 661/641/456
f 501/642/296 664/635/459 502/643/297
f 502/428/297 662/637/457 500/644/295
f 611/569/406 635/602/430 539/482/334
f 501/425/296 504/419/299 498/421/293
f 663/636/458 498/639/293 660/640/455
f 632/597/427 584/534/379 536/469/331
f 507/427/302 510/431/305 504/419/299
f 513/435/308 516/439/311 510/431/305
f 519/443/314 522/455/317 516/439/311
f 525/451/320 528/463/323 522/455/317
f 531/459/326 534/472/329 528/463/323
f 537/467/332 540/471/335 534/472/329
f 543/476/338 546/487/341 540/471/335
f 549/484/344 552/495/347 546/487/341
f 555/492/350 558/503/353 552/495/347
f 561/499/356 564/512/359 558/503/353
f 567/507/362 570/511/365 564/512/359
f 573/515/368 576/519/371 570/511/365
f 579/523/374 582/527/377 576/519/371
f 585/531/380 588/543/383 582/527/377
f 591/540/386 594/552/389 588/543/383
f 597/548/392 600/551/395 594/552/389
f 603/556/398 606/559/401 600/551/395
f 609/564/404 612/567/407 606/559/401
f 615/572/410 618/575/413 612/567/407
f 621/579/416 624/583/419 618/575/413
f 627/587/422 630/600/425 624/583/419
f 633/595/428 636/599/431 630/600/425
f 639/604/434 642/607/437 636/599/431
f 645/612/440 648/615/443 642/607/437
f 651/620/446 654/631/449 648/615/443
f 657/628/452 660/640/455 654/631/449
f 665/645/1 669/646/460 671/647/7
f 666/648/2 669/649/460 668/650/4
f 667/651/3 669/652/460 670/653/6
f 672/654/8 676/655/461 678/656/14
f 673/657/9 676/658/461 675/659/11
f 674/660/10 676/661/461 677/662/13
f 679/663/15 683/664/462 685/665/21
f 680/666/16 683/667/462 682/668/18
f 681/669/17 683/667/462 684/670/20
f 686/671/22 690/672/463 692/673/28
f 687/674/23 690/675/463 689/676/25
f 688/677/24 690/675/463 691/678/27
f 693/679/29 697/680/464 699/681/35
f 694/682/30 697/680/464 696/683/32
f 695/684/31 697/680/464 698/685/34
f 700/686/36 704/687/40 706/688/42
f 701/689/37 704/687/40 703/690/39
f 702/691/38 704/687/40 705/692/41
f 707/693/43 711/694/465 713/695/49
f 708/696/44 711/694/465 710/697/46
f 709/698/45 711/694/465 712/699/48
f 714/700/50 718/701/466 720/702/56
f 715/703/51 718/701/466 717/704/53
f 716/705/52 718/701/466 719/706/55
f 665/645/1 682/707/18 679/663/15
f 671/708/7 680/666/16 682/668/18
f 672/654/8 670/709/6 666/648/2
f 670/653/6 674/660/10 667/651/3
f 686/671/22 677/710/13 673/657/9
f 692/711/28 674/660/10 677/662/13
f 687/674/23 684/670/20 691/678/27
f 684/670/20 688/677/24 691/678/27
f 679/663/15 710/697/46 707/693/43
f 685/712/21 708/696/44 710/697/46
f 714/700/50 689/713/25 686/671/22
f 720/702/56 687/674/23 689/676/25
f 715/703/51 712/699/48 719/706/55
f 712/699/48 716/705/52 719/706/55
f 707/693/43 696/683/32 693/679/29
f 713/695/49 694/682/30 696/683/32
f 700/686/36 717/704/53 714/700/50
f 706/688/42 715/703/51 717/704/53
f 701/689/37 698/685/34 705/692/41
f 698/685/34 702/691/38 705/692/41
f 693/679/29 668/714/4 665/645/1
f 699/681/35 666/648/2 668/650/4
f 673/657/9 703/690/39 700/686/36
f 675/715/11 701/689/37 703/690/39
f 707/693/43 665/645/1 679/663/15
f 674/660/10 680/666/16 667/651/3
f 701/689/37 666/648/2 695/684/31
f 686/671/22 700/686/36 714/700/50
f 687/674/23 708/696/44 681/669/17
f 715/703/51 694/682/30 709/698/45
f 721/716/1 725/717/467 727/718/7
f 722/719/2 725/720/467 724/721/4
f 723/722/3 725/723/467 726/724/6
f 728/725/8 732/726/468 734/727/14
f 729/728/9 732/729/468 731/730/11
f 730/731/10 732/732/468 733/733/13
f 735/734/15 739/735/469 741/736/21
f 736/737/16 739/738/469 738/739/18
f 737/740/17 739/738/469 740/741/20
f 742/742/22 746/743/470 748/744/28
f 743/745/23 746/746/470 745/747/25
f 744/748/24 746/746/470 747/749/27
f 749/750/29 753/751/471 755/752/35
f 750/753/30 753/751/471 752/754/32
f 751/755/31 753/751/471 754/756/34
f 756/757/36 760/758/472 762/759/42
f 757/760/37 760/758/472 759/761/39
f 758/762/38 760/758/472 761/763/41
f 763/764/43 767/765/473 769/766/49
f 764/767/44 767/765/473 766/768/46
f 765/769/45 767/765/473 768/770/48
f 770/771/50 774/772/474 776/773/56
f 771/774/51 774/772/474 773/775/53
f 772/776/52 774/772/474 775/777/55
f 721/716/1 738/778/18 735/734/15
f 727/779/7 736/737/16 738/739/18
f 728/725/8 726/780/6 722/719/2
f 734/781/14 723/722/3 726/724/6
f 742/742/22 733/782/13 729/728/9
f 748/783/28 730/731/10 733/733/13
f 737/740/17 747/749/27 743/745/23
f 740/741/20 744/748/24 747/749/27
f 735/734/15 766/768/46 763/764/43
f 741/784/21 764/767/44 766/768/46
f 770/771/50 745/785/25 742/742/22
f 776/773/56 743/745/23 745/747/25
f 765/769/45 775/777/55 771/774/51
f 768/770/48 772/776/52 775/777/55
f 763/764/43 752/754/32 749/750/29
f 769/766/49 750/753/30 752/754/32
f 756/757/36 773/775/53 770/771/50
f 762/759/42 771/774/51 773/775/53
f 751/755/31 761/763/41 757/760/37
f 754/756/34 758/762/38 761/763/41
f 749/750/29 724/786/4 721/716/1
f 755/752/35 722/719/2 724/721/4
f 729/728/9 759/761/39 756/757/36
f 731/787/11 757/760/37 759/761/39
f 763/764/43 721/716/1 735/734/15
f 730/731/10 736/737/16 723/722/3
f 757/760/37 722/719/2 751/755/31
f 742/742/22 756/757/36 770/771/50
f 743/745/23 764/767/44 737/740/17
f 771/774/51 750/753/30 765/769/45
f 977/979/1 981/980/487 983/981/7
f 978/982/2 981/983/487 980/984/4
f 979/985/3 981/986/487 982/987/6
f 984/988/8 988/989/488 990/990/14
f 985/991/9 988/992/488 987/993/11
f 986/994/10 988/995/488 989/996/13
f 991/997/15 995/998/19 997/999/21
f 992/1000/16 995/1001/19 994/1002/18
f 993/1003/17 995/1001/19 996/1004/20
f 998/1005/22 1002/1006/489 1004/1007/28
f 999/1008/23 1002/1009/489 1001/1010/25
f 1000/1011/24 1002/1009/489 1003/1012/27
f 1005/1013/29 1009/1014/490 1011/1015/35
f 1006/1016/30 1009/1014/490 1008/1017/32
f 1007/1018/31 1009/1014/490 1010/1019/34
f 1012/1020/36 1016/1021/60 1018/1022/42
f 1013/1023/37 1016/1021/60 1015/1024/39
f 1014/1025/38 1016/1021/60 1017/1026/41
f 1019/1027/43 1023/1028/47 1025/1029/49
f 1020/1030/44 1023/1028/47 1022/1031/46
f 1021/1032/45 1023/1028/47 1024/1033/48
f 1026/1034/50 1030/1035/491 1032/1036/56
f 1027/1037/51 1030/1035/491 1029/1038/53
f 1028/1039/52 1030/1035/491 1031/1040/55
f 977/979/1 994/1041/18 991/997/15
f 983/1042/7 992/1000/16 994/1002/18
f 984/988/8 982/1043/6 978/982/2
f 990/1044/14 979/985/3 982/987/6
f 998/1005/22 989/1045/13 985/991/9
f 1004/1046/28 986/994/10 989/996/13
f 993/1003/17 1003/1012/27 999/1008/23
f 996/1004/20 1000/1011/24 1003/1012/27
f 991/997/15 1022/1031/46 1019/1027/43
f 997/1047/21 1020/1030/44 1022/1031/46
f 1026/1034/50 1001/1048/25 998/1005/22
f 1032/1036/56 999/1008/23 1001/1010/25
f 1021/1032/45 1031/1040/55 1027/1037/51
f 1024/1033/48 1028/1039/52 1031/1040/55
f 1019/1027/43 1008/1017/32 1005/1013/29
f 1025/1029/49 1006/1016/30 1008/1017/32
f 1012/1020/36 1029/1038/53 1026/1034/50
f 1018/1022/42 1027/1037/51 1029/1038/53
f 1007/1018/31 1017/1026/41 1013/1023/37
f 1010/1019/34 1014/1025/38 1017/1026/41
f 1005/1013/29 980/1049/4 977/979/1
f 1011/1015/35 978/982/2 980/984/4
f 985/991/9 1015/1024/39 1012/1020/36
f 987/1050/11 1013/1023/37 1015/1024/39
f 1019/1027/43 977/979/1 991/997/15
f 986/994/10 992/1000/16 979/985/3
f 1013/1023/37 978/982/2 1007/1018/31
f 998/1005/22 1012/1020/36 1026/1034/50
f 999/1008/23 1020/1030/44 993/1003/17
f 1027/1037/51 1006/1016/30 1021/1032/45
f 1033/1051/1 1037/1052/5 1039/1053/7
f 1034/1054/2 1037/1055/5 1036/1056/4
f 1035/1057/3 1037/1058/5 1038/1059/6
f 1040/1060/8 1044/1061/492 1046/1062/14
f 1041/1063/9 1044/1064/492 1043/1065/11
f 1042/1066/10 1044/1067/492 1045/1068/13
f 1047/1069/15 1051/1070/462 1053/358/21
f 1048/1071/16 1051/1072/462 1050/1073/18
f 1049/1074/17 1051/1072/462 1052/1075/20
f 1054/1076/22 1058/1077/26 1060/1078/28
f 1055/1079/23 1058/1080/26 1057/1081/25
f 1056/1082/24 1058/1080/26 1059/1083/27
f 1061/1084/29 1065/1085/33 1067/1086/35
f 1062/1087/30 1065/1085/33 1064/1088/32
f 1063/1089/31 1065/1085/33 1066/1090/34
f 1068/1091/36 1072/1092/493 1074/1093/42
f 1069/1094/37 1072/1092/493 1071/1095/39
f 1070/1096/38 1072/1092/493 1073/1097/41
f 1075/1098/43 1079/1099/494 1081/1100/49
f 1076/1101/44 1079/1099/494 1078/1102/46
f 1077/1103/45 1079/1099/494 1080/1104/48
f 1082/1105/50 1086/1106/54 1088/1107/56
f 1083/1108/51 1086/1106/54 1085/1109/53
f 1084/1110/52 1086/1106/54 1087/1111/55
f 1033/1051/1 1050/1112/18 1047/1069/15
f 1039/1113/7 1048/1071/16 1050/1073/18
f 1040/1060/8 1038/1114/6 1034/1054/2
f 1038/1059/6 1042/1066/10 1035/1057/3
f 1054/1076/22 1045/1115/13 1041/1063/9
f 1060/1116/28 1042/1066/10 1045/1068/13
f 1055/1079/23 1052/1075/20 1059/1083/27
f 1052/1075/20 1056/1082/24 1059/1083/27
f 1047/1069/15 1078/1102/46 1075/1098/43
f 1053/1117/21 1076/1101/44 1078/1102/46
f 1082/1105/50 1057/190/25 1054/1076/22
f 1088/1107/56 1055/1079/23 1057/1081/25
f 1083/1108/51 1080/1104/48 1087/1111/55
f 1080/1104/48 1084/1110/52 1087/1111/55
f 1075/1098/43 1064/1088/32 1061/1084/29
f 1081/1100/49 1062/1087/30 1064/1088/32
f 1068/1091/36 1085/1109/53 1082/1105/50
f 1074/1093/42 1083/1108/51 1085/1109/53
f 1069/1094/37 1066/1090/34 1073/1097/41
f 1066/1090/34 1070/1096/38 1073/1097/41
f 1061/1084/29 1036/1118/4 1033/1051/1
f 1067/1086/35 1034/1054/2 1036/1056/4
f 1041/1063/9 1071/1095/39 1068/1091/36
f 1043/1119/11 1069/1094/37 1071/1095/39
f 1075/1098/43 1033/1051/1 1047/1069/15
f 1042/1066/10 1048/1071/16 1035/1057/3
f 1069/1094/37 1034/1054/2 1063/1089/31
f 1054/1076/22 1068/1091/36 1082/1105/50
f 1055/1079/23 1076/1101/44 1049/1074/17
f 1083/1108/51 1062/1087/30 1077/1103/45
f 1089/1051/1 1093/1052/5 1095/1053/7
f 1090/1054/2 1093/1055/5 1092/1056/4
f 1091/1057/3 1093/1058/5 1094/1059/6
f 1096/1060/8 1100/1061/492 1102/1062/14
f 1097/1063/9 1100/1064/492 1099/1065/11
f 1098/1066/10 1100/1067/492 1101/1068/13
f 1103/1069/15 1107/1070/462 1109/358/21
f 1104/1071/16 1107/1072/462 1106/1073/18
f 1105/1074/17 1107/1072/462 1108/1075/20
f 1110/1076/22 1114/1077/26 1116/1078/28
f 1111/1079/23 1114/1080/26 1113/1081/25
f 1112/1082/24 1114/1080/26 1115/1083/27
f 1117/1084/29 1121/1085/33 1123/1086/35
f 1118/1087/30 1121/1085/33 1120/1088/32
f 1119/1089/31 1121/1085/33 1122/1090/34
f 1124/1091/36 1128/1092/493 1130/1093/42
f 1125/1094/37 1128/1092/493 1127/1095/39
f 1126/1096/38 1128/1092/493 1129/1097/41
f 1131/1098/43 1135/1099/494 1137/1100/49
f 1132/1101/44 1135/1099/494 1134/1102/46
f 1133/1103/45 1135/1099/494 1136/1104/48
f 1138/1105/50 1142/1106/54 1144/1107/56
f 1139/1108/51 1142/1106/54 1141/1109/53
f 1140/1110/52 1142/1106/54 1143/1111/55
f 1089/1051/1 1106/1112/18 1103/1069/15
f 1095/1113/7 1104/1071/16 1106/1073/18
f 1096/1060/8 1094/1114/6 1090/1054/2
f 1094/1059/6 1098/1066/10 1091/1057/3
f 1110/1076/22 1101/1115/13 1097/1063/9
f 1116/1116/28 1098/1066/10 1101/1068/13
f 1111/1079/23 1108/1075/20 1115/1083/27
f 1108/1075/20 1112/1082/24 1115/1083/27
f 1103/1069/15 1134/1102/46 1131/1098/43
f 1109/1117/21 1132/1101/44 1134/1102/46
f 1138/1105/50 1113/190/25 1110/1076/22
f 1144/1107/56 1111/1079/23 1113/1081/25
f 1139/1108/51 1136/1104/48 1143/1111/55
f 1136/1104/48 1140/1110/52 1143/1111/55
f 1131/1098/43 1120/1088/32 1117/1084/29
f 1137/1100/49 1118/1087/30 1120/1088/32
f 1124/1091/36 1141/1109/53 1138/1105/50
f 1130/1093/42 1139/1108/51 1141/1109/53
f 1125/1094/37 1122/1090/34 1129/1097/41
f 1122/1090/34 1126/1096/38 1129/1097/41
f 1117/1084/29 1092/1118/4 1089/1051/1
f 1123/1086/35 1090/1054/2 1092/1056/4
f 1097/1063/9 1127/1095/39 1124/1091/36
f 1099/1119/11 1125/1094/37 1127/1095/39
f 1131/1098/43 1089/1051/1 1103/1069/15
f 1098/1066/10 1104/1071/16 1091/1057/3
f 1125/1094/37 1090/1054/2 1119/1089/31
f 1110/1076/22 1124/1091/36 1138/1105/50
f 1111/1079/23 1132/1101/44 1105/1074/17
f 1139/1108/51 1118/1087/30 1133/1103/45
f 1161/1127/1 1165/1128/5 1167/1129/7
f 1162/1130/2 1165/1131/5 1164/1132/4
f 1163/1133/3 1165/1134/5 1166/1135/6
f 1168/1136/8 1172/655/499 1174/1137/14
f 1169/1138/9 1172/1139/499 1171/1140/11
f 1170/1141/10 1172/1142/499 1173/1143/13
f 1175/1144/15 1179/1145/500 1181/665/21
f 1176/1146/16 1179/1147/500 1178/1148/18
f 1177/1149/17 1179/1147/500 1180/1150/20
f 1182/1151/22 1186/672/463 1188/1152/28
f 1183/1153/23 1186/1154/463 1185/676/25
f 1184/1155/24 1186/1154/463 1187/1156/27
f 1189/1157/29 1193/1158/33 1195/1159/35
f 1190/1160/30 1193/1158/33 1192/1161/32
f 1191/1162/31 1193/1158/33 1194/1163/34
f 1196/1164/36 1200/1165/501 1202/1166/42
f 1197/1167/37 1200/1165/501 1199/1168/39
f 1198/1169/38 1200/1165/501 1201/1170/41
f 1203/1171/43 1207/1172/502 1209/1173/49
f 1204/1174/44 1207/1172/502 1206/697/46
f 1205/1175/45 1207/1172/502 1208/1176/48
f 1210/1177/50 1214/1178/466 1216/1179/56
f 1211/1180/51 1214/1178/466 1213/1181/53
f 1212/1182/52 1214/1178/466 1215/1183/55
f 1161/1127/1 1178/1184/18 1175/1144/15
f 1167/1185/7 1176/1146/16 1178/1148/18
f 1168/1136/8 1166/1186/6 1162/1130/2
f 1174/1187/14 1163/1133/3 1166/1135/6
f 1182/1151/22 1173/1188/13 1169/1138/9
f 1188/1189/28 1170/1141/10 1173/1143/13
f 1177/1149/17 1187/1156/27 1183/1153/23
f 1180/1150/20 1184/1155/24 1187/1156/27
f 1175/1144/15 1206/697/46 1203/1171/43
f 1181/1190/21 1204/1174/44 1206/697/46
f 1210/1177/50 1185/1191/25 1182/1151/22
f 1216/1179/56 1183/1153/23 1185/676/25
f 1205/1175/45 1215/1183/55 1211/1180/51
f 1208/1176/48 1212/1182/52 1215/1183/55
f 1203/1171/43 1192/1161/32 1189/1157/29
f 1209/1173/49 1190/1160/30 1192/1161/32
f 1196/1164/36 1213/1181/53 1210/1177/50
f 1202/1166/42 1211/1180/51 1213/1181/53
f 1191/1162/31 1201/1170/41 1197/1167/37
f 1194/1163/34 1198/1169/38 1201/1170/41
f 1189/1157/29 1164/1192/4 1161/1127/1
f 1195/1159/35 1162/1130/2 1164/1132/4
f 1169/1138/9 1199/1168/39 1196/1164/36
f 1171/715/11 1197/1167/37 1199/1168/39
f 1203/1171/43 1161/1127/1 1175/1144/15
f 1170/1141/10 1176/1146/16 1163/1133/3
f 1197/1167/37 1162/1130/2 1191/1162/31
f 1182/1151/22 1196/1164/36 1210/1177/50
f 1183/1153/23 1204/1174/44 1177/1149/17
f 1211/1180/51 1190/1160/30 1205/1175/45
f 1273/1252/504 1277/1253/508 1279/1254/510
f 1274/1255/505 1277/1256/508 1276/1257/507
f 1275/1258/506 1277/1259/508 1278/1260/509
f 1280/1261/511 1284/1262/515 1286/1263/517
f 1281/1264/512 1284/1265/515 1283/1266/514
f 1282/1267/513 1284/1268/515 1285/1269/516
f 1287/1270/518 1291/1271/522 1293/1272/524
f 1288/1273/519 1291/1274/522 1290/1275/521
f 1289/1276/520 1291/1274/522 1292/1277/523
f 1294/1278/525 1298/1279/529 1300/1280/531
f 1295/1281/526 1298/1282/529 1297/1283/528
f 1296/1284/527 1298/1282/529 1299/1285/530
f 1301/1286/532 1305/1287/536 1307/1288/538
f 1302/1289/533 1305/1287/536 1304/1290/535
f 1303/1291/534 1305/1287/536 1306/1292/537
f 1308/1293/539 1312/1294/543 1314/1295/545
f 1309/1296/540 1312/1294/543 1311/1297/542
f 1310/1298/541 1312/1294/543 1313/1299/544
f 1315/1300/546 1319/1301/550 1321/1302/552
f 1316/1303/547 1319/1301/550 1318/1304/549
f 1317/1305/548 1319/1301/550 1320/1306/551
f 1322/1307/553 1326/1308/557 1328/1309/559
f 1323/1310/554 1326/1308/557 1325/1311/556
f 1324/1312/555 1326/1308/557 1327/1313/558
f 1273/1252/504 1290/1314/521 1287/1270/518
f 1290/1275/521 1275/1258/506 1288/1273/519
f 1280/1261/511 1278/1315/509 1274/1255/505
f 1278/1260/509 1282/1267/513 1275/1258/506
f 1294/1278/525 1285/1316/516 1281/1264/512
f 1285/1269/516 1296/1284/527 1282/1267/513
f 1289/1276/520 1299/1285/530 1295/1281/526
f 1292/1277/523 1296/1284/527 1299/1285/530
f 1315/1300/546 1293/1272/524 1318/1304/549
f 1293/1317/524 1316/1303/547 1318/1304/549
f 1294/1278/525 1328/1309/559 1297/1318/528
f 1328/1309/559 1295/1281/526 1297/1283/528
f 1317/1305/548 1327/1313/558 1323/1310/554
f 1327/1313/558 1316/1303/547 1324/1312/555
f 1301/1286/532 1321/1302/552 1304/1290/535
f 1321/1302/552 1302/1289/533 1304/1290/535
f 1322/1307/553 1314/1295/545 1325/1311/556
f 1314/1295/545 1323/1310/554 1325/1311/556
f 1309/1296/540 1306/1292/537 1313/1299/544
f 1306/1292/537 1310/1298/541 1313/1299/544
f 1273/1252/504 1307/1288/538 1276/1319/507
f 1307/1288/538 1274/1255/505 1276/1257/507
f 1281/1264/512 1311/1297/542 1308/1293/539
f 1283/1320/514 1309/1296/540 1311/1297/542
f 1315/1300/546 1273/1252/504 1287/1270/518
f 1275/1258/506 1296/1284/527 1288/1273/519
f 1309/1296/540 1274/1255/505 1303/1291/534
f 1294/1278/525 1308/1293/539 1322/1307/553
f 1295/1281/526 1316/1303/547 1289/1276/520
f 1323/1310/554 1302/1289/533 1317/1305/548
f 1329/1321/504 1333/1322/508 1335/1323/560
f 1330/1324/505 1333/1131/508 1332/1325/507
f 1331/1326/506 1333/1327/508 1334/1135/509
f 1336/1328/511 1340/1329/515 1342/1330/517
f 1337/1331/512 1340/1332/515 1339/1333/514
f 1338/1334/513 1340/1142/515 1341/1335/516
f 1343/1336/518 1347/1337/562 1349/1338/524
f 1344/1339/519 1347/1340/562 1346/1341/521
f 1345/1342/561 1347/1340/562 1348/1150/523
f 1350/1343/563 1354/1344/564 1356/1345/531
f 1351/1346/526 1354/1347/564 1353/1348/528
f 1352/1349/527 1354/1347/564 1355/1156/530
f 1357/1350/532 1361/1351/565 1363/1352/538
f 1358/1353/533 1361/1351/565 1360/1354/535
f 1359/1355/534 1361/1351/565 1362/1163/537
f 1364/1356/539 1368/1357/543 1370/1358/545
f 1365/1359/566 1368/1357/543 1367/1360/542
f 1366/1361/541 1368/1357/543 1369/1170/544
f 1371/1362/546 1375/1363/567 1377/1364/552
f 1372/1365/547 1375/1363/567 1374/1366/549
f 1373/1367/548 1375/1363/567 1376/1176/551
f 1378/1368/568 1382/1369/569 1384/1370/559
f 1379/1371/554 1382/1369/569 1381/1372/556
f 1380/1373/555 1382/1369/569 1383/1183/558
f 1343/1336/518 1335/1323/560 1346/1374/521
f 1335/1375/560 1344/1339/519 1346/1341/521
f 1330/1324/505 1342/1330/517 1334/1186/509
f 1334/1135/509 1338/1334/513 1331/1326/506
f 1350/1343/563 1341/1376/516 1337/1331/512
f 1356/1377/531 1338/1334/513 1341/1335/516
f 1351/1346/526 1348/1150/523 1355/1156/530
f 1348/1150/523 1352/1349/527 1355/1156/530
f 1343/1336/518 1374/1366/549 1371/1362/546
f 1349/1378/524 1372/1365/547 1374/1366/549
f 1378/1368/568 1353/1379/528 1350/1343/563
f 1384/1370/559 1351/1346/526 1353/1348/528
f 1379/1371/554 1376/1176/551 1383/1183/558
f 1376/1176/551 1380/1373/555 1383/1183/558
f 1357/1350/532 1377/1364/552 1360/1354/535
f 1377/1364/552 1358/1353/533 1360/1354/535
f 1378/1368/568 1370/1358/545 1381/1372/556
f 1381/1372/556 1366/1361/541 1379/1371/554
f 1359/1355/534 1369/1170/544 1365/1359/566
f 1362/1163/537 1366/1361/541 1369/1170/544
f 1357/1350/532 1332/1380/507 1329/1321/504
f 1363/1352/538 1330/1324/505 1332/1325/507
f 1337/1331/512 1367/1360/542 1364/1356/539
f 1339/1381/514 1365/1359/566 1367/1360/542
f 1371/1362/546 1329/1321/504 1343/1336/518
f 1338/1334/513 1344/1339/519 1331/1326/506
f 1365/1359/566 1330/1324/505 1359/1355/534
f 1350/1343/563 1364/1356/539 1378/1368/568
f 1351/1346/526 1372/1365/547 1345/1342/561
f 1379/1371/554 1358/1353/533 1373/1367/548
f 1395/1382/580 1386/1383/571 1385/1384/570
f 1386/1383/571 1397/1385/582 1387/1386/572
f 1397/1385/582 1388/1387/573 1387/1386/572
f 1398/1388/583 1389/274/574 1388/1387/573
f 1399/1389/584 1390/1390/575 1389/1391/574
f 1390/1390/575 1401/1392/586 1391/1393/576
f 1391/1393/576 1402/1394/587 1392/1395/577
f 1392/1395/577 1403/1396/588 1393/1397/578
f 1403/1396/588 1394/278/579 1393/1397/578
f 1404/1398/589 1385/1384/570 1394/278/579
f 1405/1399/590 1396/1400/581 1395/1382/580
f 1396/1400/581 1407/1401/592 1397/1385/582
f 1397/1385/582 1408/1402/593 1398/1388/583
f 1398/1388/583 1409/84/594 1399/1403/584
f 1409/1404/594 1400/1405/585 1399/1389/584
f 1400/1405/585 1411/1406/596 1401/1392/586
f 1411/1406/596 1402/1394/587 1401/1392/586
f 1412/1407/597 1403/1396/588 1402/1394/587
f 1413/1408/598 1404/1398/589 1403/1396/588
f 1404/1398/589 1405/1399/590 1395/1382/580
f 1415/1409/600 1406/1410/591 1405/1399/590
f 1406/1410/591 1417/1411/602 1407/1401/592
f 1407/1401/592 1418/1412/603 1408/1402/593
f 1408/1402/593 1419/241/604 1409/84/594
f 1419/1413/604 1410/1414/595 1409/1404/594
f 1410/1414/595 1421/1415/606 1411/1406/596
f 1421/1415/606 1412/1407/597 1411/1406/596
f 1422/1416/607 1413/1408/598 1412/1407/597
f 1423/1417/608 1414/134/599 1413/1408/598
f 1414/134/599 1415/1409/600 1405/1399/590
f 1425/1418/610 1416/1419/601 1415/1409/600
f 1416/1419/601 1427/1420/612 1417/1411/602
f 1427/1420/612 1418/1412/603 1417/1411/602
f 1428/1421/613 1419/241/604 1418/1412/603
f 1419/1413/604 1430/1422/615 1420/1423/605
f 1430/1422/615 1421/1415/606 1420/1423/605
f 1421/1415/606 1432/1424/617 1422/1416/607
f 1422/1416/607 1433/1425/618 1423/1417/608
f 1433/1425/618 1424/237/609 1423/1417/608
f 1424/237/609 1425/1418/610 1415/1409/600
f 1435/1426/620 1426/1427/611 1425/1418/610
f 1426/1427/611 1437/1428/622 1427/1420/612
f 1437/1428/622 1428/1421/613 1427/1420/612
f 1438/1429/623 1429/1430/614 1428/1421/613
f 1429/1431/614 1440/1432/625 1430/1422/615
f 1440/1432/625 1431/1433/616 1430/1422/615
f 1431/1433/616 1442/1434/627 1432/1424/617
f 1432/1424/617 1443/1435/628 1433/1425/618
f 1443/1435/628 1434/1436/619 1433/1425/618
f 1434/1436/619 1435/1426/620 1425/1418/610
f 1435/1426/620 1446/1437/631 1436/1438/621
f 1436/1438/621 1447/1439/632 1437/1428/622
f 1447/1439/632 1438/1429/623 1437/1428/622
f 1448/1440/633 1439/1441/624 1438/1429/623
f 1439/1442/624 1450/1443/635 1440/1432/625
f 1440/1432/625 1451/1444/636 1441/1445/626
f 1451/1444/636 1442/1434/627 1441/1445/626
f 1452/1446/637 1443/1435/628 1442/1434/627
f 1453/1447/638 1444/1448/629 1443/1435/628
f 1444/1448/629 1445/1449/630 1435/1426/620
f 1445/1449/630 1456/1450/641 1446/1437/631
f 1456/1450/641 1447/1439/632 1446/1437/631
f 1457/1451/642 1448/1440/633 1447/1439/632
f 1448/1440/633 1459/1452/644 1449/210/634
f 1449/1453/634 1460/1454/645 1450/1443/635
f 1460/1454/645 1451/1444/636 1450/1443/635
f 1461/1455/646 1452/1446/637 1451/1444/636
f 1462/1456/647 1453/1447/638 1452/1446/637
f 1453/1447/638 1464/1457/649 1454/214/639
f 1454/214/639 1455/1458/640 1445/1449/630
f 1455/1458/640 1466/1459/651 1456/1450/641
f 1456/1450/641 1467/1460/652 1457/1451/642
f 1467/1460/652 1458/1461/643 1457/1451/642
f 1468/1462/653 1459/1452/644 1458/1461/643
f 1459/1463/644 1470/1464/655 1460/1454/645
f 1470/1464/655 1461/1455/646 1460/1454/645
f 1461/1455/646 1472/1465/657 1462/1456/647
f 1462/1456/647 1473/1466/658 1463/1467/648
f 1463/1467/648 1474/1318/659 1464/1457/649
f 1474/1318/659 1455/1458/640 1464/1457/649
f 1475/1468/660 1466/1459/651 1465/1469/650
f 1466/1459/651 1477/1470/662 1467/1460/652
f 1477/1470/662 1468/1462/653 1467/1460/652
f 1478/1471/663 1469/1472/654 1468/1462/653
f 1469/1473/654 1480/1474/665 1470/1464/655
f 1480/1474/665 1471/1475/656 1470/1464/655
f 1481/1476/666 1472/1465/657 1471/1475/656
f 1472/1465/657 1483/1477/668 1473/1466/658
f 1483/1477/668 1474/1318/659 1473/1466/658
f 1474/1318/659 1475/1468/660 1465/1469/650
f 1475/1468/660 1486/1478/671 1476/1479/661
f 1476/1479/661 1487/1480/672 1477/1470/662
f 1477/1470/662 1488/1481/673 1478/1471/663
f 1478/1471/663 1489/1482/674 1479/177/664
f 1489/1483/674 1480/1474/665 1479/1484/664
f 1490/1485/675 1481/1476/666 1480/1474/665
f 1491/1486/676 1482/1487/667 1481/1476/666
f 1492/1488/677 1483/1477/668 1482/1487/667
f 1493/1489/678 1484/174/669 1483/1477/668
f 1494/1490/679 1475/1468/660 1484/174/669
f 1485/1491/670 1496/1492/681 1486/1478/671
f 1496/1492/681 1487/1480/672 1486/1478/671
f 1487/1480/672 1498/1493/683 1488/1481/673
f 1498/1493/683 1489/1482/674 1488/1481/673
f 1489/1483/674 1500/1494/685 1490/1485/675
f 1500/1494/685 1491/1486/676 1490/1485/675
f 1491/1486/676 1502/1495/687 1492/1488/677
f 1502/1495/687 1493/1489/678 1492/1488/677
f 1493/1489/678 1504/1496/689 1494/1490/679
f 1504/1496/689 1485/1491/670 1494/1490/679
f 1495/1497/680 1506/1498/690 1496/1492/681
f 1506/1498/690 1497/1499/682 1496/1492/681
f 1497/1499/682 1508/1500/692 1498/1493/683
f 1508/1500/692 1499/1501/684 1498/1493/683
f 1509/1502/693 1500/1494/685 1499/1503/684
f 1500/1494/685 1511/1504/694 1501/1505/686
f 1501/1505/686 1512/1506/695 1502/1495/687
f 1512/1506/695 1503/1507/688 1502/1495/687
f 1503/1507/688 1514/404/697 1504/1496/689
f 1514/404/697 1495/1497/680 1504/1496/689
f 1505/1508/575 1516/1509/698 1506/1510/690
f 1506/1510/690 1517/1511/699 1507/1512/691
f 1507/1512/691 1518/1513/700 1508/1514/692
f 1508/1514/692 1519/1515/701 1509/1516/693
f 1519/1517/701 1510/1518/570 1509/1519/693
f 1510/1518/570 1521/1520/702 1511/1521/694
f 1521/1520/702 1512/1522/695 1511/1521/694
f 1522/1523/703 1513/1524/696 1512/1522/695
f 1523/1525/704 1514/1526/697 1513/1524/696
f 1524/1527/705 1505/1508/575 1514/1526/697
f 1525/1528/595 1516/1509/698 1515/1529/585
f 1516/1509/698 1527/1530/707 1517/1511/699
f 1517/1511/699 1528/1531/708 1518/1513/700
f 1518/1513/700 1529/1532/709 1519/1515/701
f 1529/1533/709 1520/1534/580 1519/1517/701
f 1520/1534/580 1531/1535/710 1521/1520/702
f 1531/1535/710 1522/1523/703 1521/1520/702
f 1532/1536/711 1523/1525/704 1522/1523/703
f 1533/1537/712 1524/1527/705 1523/1525/704
f 1524/1527/705 1525/1528/595 1515/1529/585
f 1535/1538/605 1526/1539/706 1525/1528/595
f 1536/1540/714 1527/1530/707 1526/1539/706
f 1537/1541/715 1528/1531/708 1527/1530/707
f 1538/1542/716 1529/1532/709 1528/1531/708
f 1529/1533/709 1540/1543/600 1530/1544/590
f 1540/1543/600 1531/1535/710 1530/1544/590
f 1531/1535/710 1542/1545/719 1532/1536/711
f 1532/1536/711 1543/1546/720 1533/1537/712
f 1543/1546/720 1534/1547/713 1533/1537/712
f 1534/1547/713 1535/1538/605 1525/1528/595
f 1545/1548/615 1536/1540/714 1535/1538/605
f 1546/1549/722 1537/1541/715 1536/1540/714
f 1537/1541/715 1548/1550/724 1538/1542/716
f 1548/1550/724 1539/370/717 1538/1542/716
f 1549/1551/725 1540/1543/600 1539/1552/717
f 1540/1543/600 1551/1553/726 1541/1554/718
f 1541/1554/718 1552/1555/727 1542/1545/719
f 1552/1555/727 1543/1546/720 1542/1545/719
f 1553/1556/728 1544/366/721 1543/1546/720
f 1544/366/721 1545/1548/615 1535/1538/605
f 1555/1557/625 1546/1549/722 1545/1548/615
f 1556/1558/730 1547/1559/723 1546/1549/722
f 1547/1559/723 1558/1560/732 1548/1550/724
f 1548/1550/724 1559/1561/733 1549/1562/725
f 1559/1563/733 1550/1564/610 1549/1551/725
f 1550/1564/610 1561/1565/734 1551/1553/726
f 1561/1565/734 1552/1555/727 1551/1553/726
f 1562/1566/735 1553/1556/728 1552/1555/727
f 1553/1556/728 1564/1567/737 1554/1272/729
f 1564/1567/737 1545/1548/615 1554/1272/729
f 1555/1557/625 1566/1568/738 1556/1558/730
f 1566/1568/738 1557/1569/731 1556/1558/730
f 1557/1569/731 1568/1570/740 1558/1560/732
f 1558/1560/732 1569/338/741 1559/1561/733
f 1569/1571/741 1560/1572/620 1559/1563/733
f 1560/1572/620 1571/1573/742 1561/1565/734
f 1561/1565/734 1572/1574/743 1562/1566/735
f 1562/1566/735 1573/1575/744 1563/1576/736
f 1563/1576/736 1574/342/745 1564/1567/737
f 1574/342/745 1555/1557/625 1564/1567/737
f 1575/1577/645 1566/1568/738 1565/1578/635
f 1566/1568/738 1577/1579/747 1567/1580/739
f 1567/1580/739 1578/1581/748 1568/1570/740
f 1568/1570/740 1579/1582/749 1569/338/741
f 1579/1583/749 1570/1584/630 1569/1571/741
f 1580/1585/640 1571/1573/742 1570/1584/630
f 1571/1573/742 1582/1586/751 1572/1574/743
f 1582/1586/751 1573/1575/744 1572/1574/743
f 1583/1587/752 1574/342/745 1573/1575/744
f 1574/342/745 1575/1577/645 1565/1578/635
f 1585/1588/655 1576/1589/746 1575/1577/645
f 1586/1590/754 1577/1579/747 1576/1589/746
f 1577/1579/747 1588/1591/756 1578/1581/748
f 1578/1581/748 1589/1592/757 1579/1582/749
f 1589/1593/757 1580/1585/640 1579/1583/749
f 1580/1585/640 1591/1594/758 1581/1595/750
f 1581/1595/750 1592/1596/759 1582/1586/751
f 1592/1596/759 1583/1587/752 1582/1586/751
f 1583/1587/752 1594/1597/761 1584/1598/753
f 1584/1598/753 1585/1588/655 1575/1577/645
f 1585/1588/655 1596/1599/762 1586/1590/754
f 1596/1599/762 1587/1600/755 1586/1590/754
f 1587/1600/755 1598/1601/764 1588/1591/756
f 1588/1591/756 1599/305/765 1589/1592/757
f 1599/1602/765 1590/1603/650 1589/1593/757
f 1590/1603/650 1601/1604/766 1591/1594/758
f 1601/1604/766 1592/1596/759 1591/1594/758
f 1602/1605/767 1593/1606/760 1592/1596/759
f 1593/1606/760 1604/310/769 1594/1597/761
f 1604/310/769 1585/1588/655 1594/1597/761
f 1595/1607/665 1606/1608/770 1596/1599/762
f 1596/1599/762 1607/1609/771 1597/1610/763
f 1597/1610/763 1608/1611/772 1598/1601/764
f 1598/1601/764 1609/1612/773 1599/305/765
f 1599/1602/765 1610/1613/670 1600/1614/660
f 1610/1613/670 1601/1604/766 1600/1614/660
f 1611/1615/774 1602/1605/767 1601/1604/766
f 1612/1616/775 1603/1617/768 1602/1605/767
f 1613/1618/776 1604/310/769 1603/1617/768
f 1614/1619/777 1595/1607/665 1604/310/769
f 1605/1620/675 1616/1621/778 1606/1608/770
f 1606/1608/770 1617/1622/779 1607/1609/771
f 1617/1622/779 1608/1611/772 1607/1609/771
f 1618/1623/780 1609/1612/773 1608/1611/772
f 1609/1624/773 1620/1625/680 1610/1613/670
f 1620/1625/680 1611/1615/774 1610/1613/670
f 1611/1615/774 1622/1626/783 1612/1616/775
f 1612/1616/775 1623/1627/784 1613/1618/776
f 1623/1627/784 1614/1619/777 1613/1618/776
f 1624/1628/785 1605/1620/675 1614/1619/777
f 1385/1384/570 1616/1621/778 1615/1629/685
f 1616/1621/778 1387/1386/572 1617/1622/779
f 1387/1386/572 1618/1623/780 1617/1622/779
f 1618/1623/780 1389/274/574 1619/1630/781
f 1619/1631/781 1390/1390/575 1620/1625/680
f 1390/1390/575 1621/1632/782 1620/1625/680
f 1391/1393/576 1622/1626/783 1621/1632/782
f 1392/1395/577 1623/1627/784 1622/1626/783
f 1393/1397/578 1624/1628/785 1623/1627/784
f 1624/1628/785 1385/1384/570 1615/1629/685
f 1625/1633/786 1629/1634/790 1631/1635/792
f 1626/1636/787 1629/1055/790 1628/1637/789
f 1627/1638/788 1629/1639/790 1630/1059/791
f 1632/1640/793 1636/1641/797 1638/1642/799
f 1633/1643/794 1636/1644/797 1635/1645/796
f 1634/1646/795 1636/1647/797 1637/1648/798
f 1639/1649/800 1643/1650/804 1645/1651/806
f 1640/1652/801 1643/1653/804 1642/1654/803
f 1641/1655/802 1643/1653/804 1644/1075/805
f 1646/1656/807 1650/1657/811 1652/1658/813
f 1647/1659/808 1650/1660/811 1649/1661/810
f 1648/1662/809 1650/1660/811 1651/1663/812
f 1653/1664/814 1657/1665/818 1659/1666/820
f 1654/1667/815 1657/1665/818 1656/1668/817
f 1655/1669/816 1657/1665/818 1658/1670/819
f 1660/1671/821 1664/1672/825 1666/1673/827
f 1661/1674/822 1664/1672/825 1663/1675/824
f 1662/1676/823 1664/1672/825 1665/1677/826
f 1667/1678/828 1671/1679/832 1673/1680/834
f 1668/1681/829 1671/1679/832 1670/1682/831
f 1669/1683/830 1671/1679/832 1672/1104/833
f 1674/1684/835 1678/1685/839 1680/1686/841
f 1675/1687/836 1678/1685/839 1677/1688/838
f 1676/1689/837 1678/1685/839 1679/1111/840
f 1639/1649/800 1631/1635/792 1642/1690/803
f 1631/1691/792 1640/1652/801 1642/1654/803
f 1626/1636/787 1638/1642/799 1630/1114/791
f 1638/1692/799 1627/1638/788 1630/1059/791
f 1633/1643/794 1652/1658/813 1637/1693/798
f 1637/1648/798 1648/1662/809 1634/1646/795
f 1641/1655/802 1651/1663/812 1647/1659/808
f 1651/1663/812 1640/1652/801 1648/1662/809
f 1639/1649/800 1670/1682/831 1667/1678/828
f 1645/1694/806 1668/1681/829 1670/1682/831
f 1674/1684/835 1649/1695/810 1646/1656/807
f 1680/1686/841 1647/1659/808 1649/1661/810
f 1669/1683/830 1679/1111/840 1675/1687/836
f 1679/1111/840 1668/1681/829 1676/1689/837
f 1667/1678/828 1656/1668/817 1653/1664/814
f 1656/1668/817 1669/1683/830 1654/1667/815
f 1660/1671/821 1677/1688/838 1674/1684/835
f 1666/1673/827 1675/1687/836 1677/1688/838
f 1655/1669/816 1665/1677/826 1661/1674/822
f 1665/1677/826 1654/1667/815 1662/1676/823
f 1653/1664/814 1628/1696/789 1625/1633/786
f 1659/1666/820 1626/1636/787 1628/1637/789
f 1633/1643/794 1663/1675/824 1660/1671/821
f 1635/1697/796 1661/1674/822 1663/1675/824
f 1667/1678/828 1625/1633/786 1639/1649/800
f 1634/1646/795 1640/1652/801 1627/1638/788
f 1661/1674/822 1626/1636/787 1655/1669/816
f 1646/1656/807 1660/1671/821 1674/1684/835
f 1647/1659/808 1668/1681/829 1641/1655/802
f 1669/1683/830 1662/1676/823 1654/1667/815
f 1/1/1 4/71/4 5/2/5
f 2/4/2 6/65/6 5/5/5
f 3/7/3 7/64/7 5/8/5
f 8/10/8 11/72/11 12/11/12
f 9/13/9 13/67/13 12/14/12
f 10/16/10 14/66/14 12/17/12
f 15/19/15 18/63/18 19/20/19
f 16/22/16 20/26/20 19/23/19
f 17/25/17 21/69/21 19/23/19
f 22/27/22 25/70/25 26/28/26
f 23/30/23 27/34/27 26/31/26
f 24/33/24 28/68/28 26/31/26
f 29/35/29 32/39/32 33/36/33
f 30/38/30 34/41/34 33/36/33
f 31/40/31 35/37/35 33/36/33
f 36/42/36 39/46/39 40/43/40
f 37/45/37 41/48/41 40/43/40
f 38/47/38 42/44/42 40/43/40
f 43/49/43 46/53/46 47/50/47
f 44/52/44 48/55/48 47/50/47
f 45/54/45 49/51/49 47/50/47
f 50/56/50 53/60/53 54/57/54
f 51/59/51 55/62/55 54/57/54
f 52/61/52 56/58/56 54/57/54
f 1/1/1 7/3/7 18/63/18
f 7/64/7 3/7/3 16/22/16
f 8/10/8 14/12/14 6/65/6
f 14/66/14 10/16/10 3/7/3
f 22/27/22 28/29/28 13/67/13
f 28/68/28 24/33/24 10/16/10
f 17/25/17 20/26/20 27/34/27
f 20/26/20 16/22/16 24/33/24
f 15/19/15 21/21/21 46/53/46
f 21/69/21 17/25/17 44/52/44
f 50/56/50 56/58/56 25/70/25
f 56/58/56 52/61/52 23/30/23
f 45/54/45 48/55/48 55/62/55
f 48/55/48 44/52/44 52/61/52
f 43/49/43 49/51/49 32/39/32
f 49/51/49 45/54/45 30/38/30
f 36/42/36 42/44/42 53/60/53
f 42/44/42 38/47/38 51/59/51
f 31/40/31 34/41/34 41/48/41
f 34/41/34 30/38/30 38/47/38
f 29/35/29 35/37/35 4/71/4
f 35/37/35 31/40/31 2/4/2
f 9/13/9 11/15/11 39/46/39
f 11/72/11 8/10/8 37/45/37
f 43/49/43 29/35/29 1/1/1
f 10/16/10 24/33/24 16/22/16
f 37/45/37 8/10/8 2/4/2
f 22/27/22 9/13/9 36/42/36
f 23/30/23 52/61/52 44/52/44
f 51/59/51 38/47/38 30/38/30
f 57/73/1 60/143/4 61/74/57
f 58/76/2 62/137/6 61/77/57
f 59/79/3 63/136/7 61/80/57
f 64/82/8 67/144/11 68/83/12
f 65/85/9 69/139/13 68/86/12
f 66/88/10 70/138/14 68/89/12
f 71/91/15 74/135/18 75/92/19
f 72/94/16 76/98/20 75/95/19
f 73/97/17 77/141/21 75/95/19
f 78/99/22 81/142/25 82/100/58
f 79/102/23 83/106/27 82/103/58
f 80/105/24 84/140/28 82/103/58
f 85/107/29 88/111/32 89/108/59
f 86/110/30 90/113/34 89/108/59
f 87/112/31 91/109/35 89/108/59
f 92/114/36 95/118/39 96/115/60
f 93/117/37 97/120/41 96/115/60
f 94/119/38 98/116/42 96/115/60
f 99/121/43 102/125/46 103/122/47
f 100/124/44 104/127/48 103/122/47
f 101/126/45 105/123/49 103/122/47
f 106/128/50 109/132/53 110/129/61
f 107/131/51 111/134/55 110/129/61
f 108/133/52 112/130/56 110/129/61
f 57/73/1 63/75/7 74/135/18
f 63/136/7 59/79/3 72/94/16
f 64/82/8 70/84/14 62/137/6
f 70/138/14 66/88/10 59/79/3
f 78/99/22 84/101/28 69/139/13
f 84/140/28 80/105/24 66/88/10
f 73/97/17 76/98/20 83/106/27
f 76/98/20 72/94/16 80/105/24
f 71/91/15 77/93/21 102/125/46
f 77/141/21 73/97/17 100/124/44
f 106/128/50 112/130/56 81/142/25
f 112/130/56 108/133/52 79/102/23
f 101/126/45 104/127/48 111/134/55
f 104/127/48 100/124/44 108/133/52
f 99/121/43 105/123/49 88/111/32
f 105/123/49 101/126/45 86/110/30
f 92/114/36 98/116/42 109/132/53
f 98/116/42 94/119/38 107/131/51
f 87/112/31 90/113/34 97/120/41
f 90/113/34 86/110/30 94/119/38
f 85/107/29 91/109/35 60/143/4
f 91/109/35 87/112/31 58/76/2
f 65/85/9 67/87/11 95/118/39
f 67/144/11 64/82/8 93/117/37
f 99/121/43 85/107/29 57/73/1
f 66/88/10 80/105/24 72/94/16
f 93/117/37 64/82/8 58/76/2
f 78/99/22 65/85/9 92/114/36
f 79/102/23 108/133/52 100/124/44
f 107/131/51 94/119/38 86/110/30
f 504/419/299 505/432/300 499/420/294
f 499/422/294 505/434/300 503/423/298
f 501/425/296 502/1908/297 508/426/303
f 502/428/297 500/644/295 506/429/301
f 510/431/305 511/440/306 505/432/300
f 511/433/306 509/442/304 503/423/298
f 513/435/308 507/427/302 508/426/303
f 514/437/309 508/430/303 506/429/301
f 516/439/311 517/448/312 511/440/306
f 517/441/312 515/450/310 509/442/304
f 519/443/314 513/435/308 514/436/309
f 514/437/309 512/438/307 518/445/313
f 516/439/311 522/455/317 523/447/318
f 523/449/318 521/458/316 515/450/310
f 525/451/320 519/443/314 520/444/315
f 526/453/321 520/446/315 518/445/313
f 522/455/317 528/463/323 529/456/324
f 529/457/324 527/466/322 521/458/316
f 531/459/326 525/451/320 526/452/321
f 526/453/321 524/454/319 530/461/325
f 528/463/323 534/472/329 535/464/330
f 535/465/330 533/474/328 527/466/322
f 537/467/332 531/459/326 532/460/327
f 532/462/327 530/461/325 536/469/331
f 540/471/335 541/480/336 535/464/330
f 541/473/336 539/482/334 533/474/328
f 537/467/332 538/468/333 544/475/339
f 544/477/339 538/470/333 536/469/331
f 540/471/335 546/487/341 547/479/342
f 541/473/336 547/490/342 545/481/340
f 543/476/338 544/475/339 550/483/345
f 544/477/339 542/478/337 548/485/343
f 546/487/341 552/495/347 553/488/348
f 553/489/348 551/498/346 545/481/340
f 549/484/344 550/483/345 556/491/351
f 556/493/351 550/486/345 548/485/343
f 552/495/347 558/503/353 559/496/354
f 559/497/354 557/506/352 551/498/346
f 561/499/356 555/492/350 556/491/351
f 562/501/357 556/493/351 554/494/349
f 558/503/353 564/512/359 565/504/360
f 559/497/354 565/513/360 563/505/358
f 567/507/362 561/499/356 562/500/357
f 568/509/363 562/501/357 560/502/355
f 570/511/365 571/520/366 565/504/360
f 565/513/360 571/521/366 569/514/364
f 573/515/368 567/507/362 568/508/363
f 568/509/363 566/510/361 572/517/367
f 576/519/371 577/528/372 571/520/366
f 571/521/366 577/530/372 575/522/370
f 579/523/374 573/515/368 574/516/369
f 574/518/369 572/517/367 578/525/373
f 582/527/377 583/536/378 577/528/372
f 583/529/378 581/538/376 575/522/370
f 585/531/380 579/523/374 580/524/375
f 586/533/381 580/526/375 578/525/373
f 582/527/377 588/543/383 589/535/384
f 583/529/378 589/546/384 587/537/382
f 585/531/380 586/532/381 592/539/387
f 586/533/381 584/534/379 590/541/385
f 588/543/383 594/552/389 595/544/390
f 595/545/390 593/554/388 587/537/382
f 591/540/386 592/539/387 598/547/393
f 598/549/393 592/542/387 590/541/385
f 600/551/395 601/560/396 595/544/390
f 601/553/396 599/562/394 593/554/388
f 597/548/392 598/547/393 604/555/399
f 604/557/399 598/549/393 596/550/391
f 606/559/401 607/568/402 601/560/396
f 607/561/402 605/570/400 599/562/394
f 603/556/398 604/555/399 610/563/405
f 604/557/399 602/558/397 608/565/403
f 612/567/407 613/576/408 607/568/402
f 607/561/402 613/577/408 611/569/406
f 609/564/404 610/563/405 616/571/411
f 610/566/405 608/565/403 614/573/409
f 618/575/413 619/584/414 613/576/408
f 613/577/408 619/586/414 617/578/412
f 621/579/416 615/572/410 616/571/411
f 616/574/411 614/573/409 620/581/415
f 624/583/419 625/592/420 619/584/414
f 625/585/420 623/594/418 617/578/412
f 627/587/422 621/579/416 622/580/417
f 628/589/423 622/582/417 620/581/415
f 624/583/419 630/600/425 631/591/426
f 625/585/420 631/601/426 629/593/424
f 633/595/428 627/587/422 628/588/423
f 628/589/423 626/590/421 632/597/427
f 636/599/431 637/608/432 631/591/426
f 631/601/426 637/609/432 635/602/430
f 633/595/428 634/596/429 640/603/435
f 640/605/435 634/598/429 632/597/427
f 642/607/437 643/616/438 637/608/432
f 637/609/432 643/617/438 641/610/436
f 639/604/434 640/603/435 646/611/441
f 646/613/441 640/605/435 638/606/433
f 648/615/443 649/624/444 643/616/438
f 643/617/438 649/625/444 647/618/442
f 645/612/440 646/611/441 652/619/447
f 646/613/441 644/614/439 650/621/445
f 648/615/443 654/631/449 655/623/450
f 649/625/444 655/633/450 653/626/448
f 651/620/446 652/619/447 658/627/453
f 658/629/453 652/622/447 650/621/445
f 654/631/449 660/640/455 661/632/456
f 655/633/450 661/641/456 659/634/454
f 657/628/452 658/627/453 664/635/459
f 658/629/453 656/630/451 662/637/457
f 498/639/293 499/1909/294 661/632/456
f 499/422/294 497/424/292 659/634/454
f 501/642/296 663/636/458 664/635/459
f 502/428/297 664/638/459 662/637/457
f 659/634/454 497/424/292 503/423/298
f 503/423/298 509/442/304 515/450/310
f 515/450/310 521/458/316 527/466/322
f 527/466/322 533/474/328 515/450/310
f 533/474/328 539/482/334 515/450/310
f 539/482/334 545/481/340 551/498/346
f 551/498/346 557/506/352 563/505/358
f 563/505/358 569/514/364 587/537/382
f 569/514/364 575/522/370 587/537/382
f 575/522/370 581/538/376 587/537/382
f 587/537/382 593/554/388 611/569/406
f 593/554/388 599/562/394 611/569/406
f 599/562/394 605/570/400 611/569/406
f 611/569/406 617/578/412 635/602/430
f 617/578/412 623/594/418 635/602/430
f 623/594/418 629/593/424 635/602/430
f 635/602/430 641/610/436 647/618/442
f 647/618/442 653/626/448 659/634/454
f 659/634/454 503/423/298 515/450/310
f 539/482/334 551/498/346 587/537/382
f 551/498/346 563/505/358 587/537/382
f 635/602/430 647/618/442 539/482/334
f 647/618/442 659/634/454 539/482/334
f 659/634/454 515/450/310 539/482/334
f 587/537/382 611/569/406 539/482/334
f 501/425/296 507/427/302 504/419/299
f 663/636/458 501/642/296 498/639/293
f 512/438/307 506/429/301 500/644/295
f 500/644/295 662/637/457 656/630/451
f 656/630/451 650/621/445 644/614/439
f 644/614/439 638/606/433 632/597/427
f 632/597/427 626/590/421 620/581/415
f 620/581/415 614/573/409 632/597/427
f 614/573/409 608/565/403 632/597/427
f 608/565/403 602/558/397 596/550/391
f 596/550/391 590/541/385 584/534/379
f 584/534/379 578/525/373 572/517/367
f 572/517/367 566/510/361 560/502/355
f 560/502/355 554/494/349 536/469/331
f 554/494/349 548/485/343 536/469/331
f 548/485/343 542/478/337 536/469/331
f 536/469/331 530/461/325 524/454/319
f 524/454/319 518/445/313 512/438/307
f 512/438/307 500/644/295 632/597/427
f 500/644/295 656/630/451 632/597/427
f 656/630/451 644/614/439 632/597/427
f 608/565/403 596/550/391 632/597/427
f 596/550/391 584/534/379 632/597/427
f 584/534/379 572/517/367 536/469/331
f 572/517/367 560/502/355 536/469/331
f 536/469/331 524/454/319 512/438/307
f 536/469/331 512/438/307 632/597/427
f 507/427/302 513/435/308 510/431/305
f 513/435/308 519/443/314 516/439/311
f 519/443/314 525/451/320 522/455/317
f 525/451/320 531/459/326 528/463/323
f 531/459/326 537/467/332 534/472/329
f 537/467/332 543/476/338 540/471/335
f 543/476/338 549/484/344 546/487/341
f 549/484/344 555/492/350 552/495/347
f 555/492/350 561/499/356 558/503/353
f 561/499/356 567/507/362 564/512/359
f 567/507/362 573/515/368 570/511/365
f 573/515/368 579/523/374 576/519/371
f 579/523/374 585/531/380 582/527/377
f 585/531/380 591/540/386 588/543/383
f 591/540/386 597/548/392 594/552/389
f 597/548/392 603/556/398 600/551/395
f 603/556/398 609/564/404 606/559/401
f 609/564/404 615/572/410 612/567/407
f 615/572/410 621/579/416 618/575/413
f 621/579/416 627/587/422 624/583/419
f 627/587/422 633/595/428 630/600/425
f 633/595/428 639/604/434 636/599/431
f 639/604/434 645/612/440 642/607/437
f 645/612/440 651/620/446 648/615/443
f 651/620/446 657/628/452 654/631/449
f 657/628/452 663/636/458 660/640/455
f 665/645/1 668/714/4 669/646/460
f 666/648/2 670/709/6 669/649/460
f 667/651/3 671/708/7 669/652/460
f 672/654/8 675/715/11 676/655/461
f 673/657/9 677/710/13 676/658/461
f 674/660/10 678/1910/14 676/661/461
f 679/663/15 682/707/18 683/664/462
f 680/666/16 684/670/20 683/667/462
f 681/669/17 685/712/21 683/667/462
f 686/671/22 689/713/25 690/672/463
f 687/674/23 691/678/27 690/675/463
f 688/677/24 692/711/28 690/675/463
f 693/679/29 696/683/32 697/680/464
f 694/682/30 698/685/34 697/680/464
f 695/684/31 699/681/35 697/680/464
f 700/686/36 703/690/39 704/687/40
f 701/689/37 705/692/41 704/687/40
f 702/691/38 706/688/42 704/687/40
f 707/693/43 710/697/46 711/694/465
f 708/696/44 712/699/48 711/694/465
f 709/698/45 713/695/49 711/694/465
f 714/700/50 717/704/53 718/701/466
f 715/703/51 719/706/55 718/701/466
f 716/705/52 720/702/56 718/701/466
f 665/645/1 671/647/7 682/707/18
f 671/708/7 667/651/3 680/666/16
f 672/654/8 678/656/14 670/709/6
f 670/653/6 678/1910/14 674/660/10
f 686/671/22 692/673/28 677/710/13
f 692/711/28 688/677/24 674/660/10
f 687/674/23 681/669/17 684/670/20
f 684/670/20 680/666/16 688/677/24
f 679/663/15 685/665/21 710/697/46
f 685/712/21 681/669/17 708/696/44
f 714/700/50 720/702/56 689/713/25
f 720/702/56 716/705/52 687/674/23
f 715/703/51 709/698/45 712/699/48
f 712/699/48 708/696/44 716/705/52
f 707/693/43 713/695/49 696/683/32
f 713/695/49 709/698/45 694/682/30
f 700/686/36 706/688/42 717/704/53
f 706/688/42 702/691/38 715/703/51
f 701/689/37 695/684/31 698/685/34
f 698/685/34 694/682/30 702/691/38
f 693/679/29 699/681/35 668/714/4
f 699/681/35 695/684/31 666/648/2
f 673/657/9 675/659/11 703/690/39
f 675/715/11 672/654/8 701/689/37
f 707/693/43 693/679/29 665/645/1
f 674/660/10 688/677/24 680/666/16
f 701/689/37 672/654/8 666/648/2
f 686/671/22 673/657/9 700/686/36
f 687/674/23 716/705/52 708/696/44
f 715/703/51 702/691/38 694/682/30
f 721/716/1 724/786/4 725/717/467
f 722/719/2 726/780/6 725/720/467
f 723/722/3 727/779/7 725/723/467
f 728/725/8 731/787/11 732/726/468
f 729/728/9 733/782/13 732/729/468
f 730/731/10 734/781/14 732/732/468
f 735/734/15 738/778/18 739/735/469
f 736/737/16 740/741/20 739/738/469
f 737/740/17 741/784/21 739/738/469
f 742/742/22 745/785/25 746/743/470
f 743/745/23 747/749/27 746/746/470
f 744/748/24 748/783/28 746/746/470
f 749/750/29 752/754/32 753/751/471
f 750/753/30 754/756/34 753/751/471
f 751/755/31 755/752/35 753/751/471
f 756/757/36 759/761/39 760/758/472
f 757/760/37 761/763/41 760/758/472
f 758/762/38 762/759/42 760/758/472
f 763/764/43 766/768/46 767/765/473
f 764/767/44 768/770/48 767/765/473
f 765/769/45 769/766/49 767/765/473
f 770/771/50 773/775/53 774/772/474
f 771/774/51 775/777/55 774/772/474
f 772/776/52 776/773/56 774/772/474
f 721/716/1 727/718/7 738/778/18
f 727/779/7 723/722/3 736/737/16
f 728/725/8 734/727/14 726/780/6
f 734/781/14 730/731/10 723/722/3
f 742/742/22 748/744/28 733/782/13
f 748/783/28 744/748/24 730/731/10
f 737/740/17 740/741/20 747/749/27
f 740/741/20 736/737/16 744/748/24
f 735/734/15 741/736/21 766/768/46
f 741/784/21 737/740/17 764/767/44
f 770/771/50 776/773/56 745/785/25
f 776/773/56 772/776/52 743/745/23
f 765/769/45 768/770/48 775/777/55
f 768/770/48 764/767/44 772/776/52
f 763/764/43 769/766/49 752/754/32
f 769/766/49 765/769/45 750/753/30
f 756/757/36 762/759/42 773/775/53
f 762/759/42 758/762/38 771/774/51
f 751/755/31 754/756/34 761/763/41
f 754/756/34 750/753/30 758/762/38
f 749/750/29 755/752/35 724/786/4
f 755/752/35 751/755/31 722/719/2
f 729/728/9 731/730/11 759/761/39
f 731/787/11 728/725/8 757/760/37
f 763/764/43 749/750/29 721/716/1
f 730/731/10 744/748/24 736/737/16
f 757/760/37 728/725/8 722/719/2
f 742/742/22 729/728/9 756/757/36
f 743/745/23 772/776/52 764/767/44
f 771/774/51 758/762/38 750/753/30
f 977/979/1 980/1049/4 981/980/487
f 978/982/2 982/1043/6 981/983/487
f 979/985/3 983/1042/7 981/986/487
f 984/988/8 987/1050/11 988/989/488
f 985/991/9 989/1045/13 988/992/488
f 986/994/10 990/1044/14 988/995/488
f 991/997/15 994/1041/18 995/998/19
f 992/1000/16 996/1004/20 995/1001/19
f 993/1003/17 997/1047/21 995/1001/19
f 998/1005/22 1001/1048/25 1002/1006/489
f 999/1008/23 1003/1012/27 1002/1009/489
f 1000/1011/24 1004/1046/28 1002/1009/489
f 1005/1013/29 1008/1017/32 1009/1014/490
f 1006/1016/30 1010/1019/34 1009/1014/490
f 1007/1018/31 1011/1015/35 1009/1014/490
f 1012/1020/36 1015/1024/39 1016/1021/60
f 1013/1023/37 1017/1026/41 1016/1021/60
f 1014/1025/38 1018/1022/42 1016/1021/60
f 1019/1027/43 1022/1031/46 1023/1028/47
f 1020/1030/44 1024/1033/48 1023/1028/47
f 1021/1032/45 1025/1029/49 1023/1028/47
f 1026/1034/50 1029/1038/53 1030/1035/491
f 1027/1037/51 1031/1040/55 1030/1035/491
f 1028/1039/52 1032/1036/56 1030/1035/491
f 977/979/1 983/981/7 994/1041/18
f 983/1042/7 979/985/3 992/1000/16
f 984/988/8 990/990/14 982/1043/6
f 990/1044/14 986/994/10 979/985/3
f 998/1005/22 1004/1007/28 989/1045/13
f 1004/1046/28 1000/1011/24 986/994/10
f 993/1003/17 996/1004/20 1003/1012/27
f 996/1004/20 992/1000/16 1000/1011/24
f 991/997/15 997/999/21 1022/1031/46
f 997/1047/21 993/1003/17 1020/1030/44
f 1026/1034/50 1032/1036/56 1001/1048/25
f 1032/1036/56 1028/1039/52 999/1008/23
f 1021/1032/45 1024/1033/48 1031/1040/55
f 1024/1033/48 1020/1030/44 1028/1039/52
f 1019/1027/43 1025/1029/49 1008/1017/32
f 1025/1029/49 1021/1032/45 1006/1016/30
f 1012/1020/36 1018/1022/42 1029/1038/53
f 1018/1022/42 1014/1025/38 1027/1037/51
f 1007/1018/31 1010/1019/34 1017/1026/41
f 1010/1019/34 1006/1016/30 1014/1025/38
f 1005/1013/29 1011/1015/35 980/1049/4
f 1011/1015/35 1007/1018/31 978/982/2
f 985/991/9 987/993/11 1015/1024/39
f 987/1050/11 984/988/8 1013/1023/37
f 1019/1027/43 1005/1013/29 977/979/1
f 986/994/10 1000/1011/24 992/1000/16
f 1013/1023/37 984/988/8 978/982/2
f 998/1005/22 985/991/9 1012/1020/36
f 999/1008/23 1028/1039/52 1020/1030/44
f 1027/1037/51 1014/1025/38 1006/1016/30
f 1033/1051/1 1036/1118/4 1037/1052/5
f 1034/1054/2 1038/1114/6 1037/1055/5
f 1035/1057/3 1039/1113/7 1037/1058/5
f 1040/1060/8 1043/1119/11 1044/1061/492
f 1041/1063/9 1045/1115/13 1044/1064/492
f 1042/1066/10 1046/1913/14 1044/1067/492
f 1047/1069/15 1050/1112/18 1051/1070/462
f 1048/1071/16 1052/1075/20 1051/1072/462
f 1049/1074/17 1053/1117/21 1051/1072/462
f 1054/1076/22 1057/190/25 1058/1077/26
f 1055/1079/23 1059/1083/27 1058/1080/26
f 1056/1082/24 1060/1116/28 1058/1080/26
f 1061/1084/29 1064/1088/32 1065/1085/33
f 1062/1087/30 1066/1090/34 1065/1085/33
f 1063/1089/31 1067/1086/35 1065/1085/33
f 1068/1091/36 1071/1095/39 1072/1092/493
f 1069/1094/37 1073/1097/41 1072/1092/493
f 1070/1096/38 1074/1093/42 1072/1092/493
f 1075/1098/43 1078/1102/46 1079/1099/494
f 1076/1101/44 1080/1104/48 1079/1099/494
f 1077/1103/45 1081/1100/49 1079/1099/494
f 1082/1105/50 1085/1109/53 1086/1106/54
f 1083/1108/51 1087/1111/55 1086/1106/54
f 1084/1110/52 1088/1107/56 1086/1106/54
f 1033/1051/1 1039/1053/7 1050/1112/18
f 1039/1113/7 1035/1057/3 1048/1071/16
f 1040/1060/8 1046/1062/14 1038/1114/6
f 1038/1059/6 1046/1913/14 1042/1066/10
f 1054/1076/22 1060/1078/28 1045/1115/13
f 1060/1116/28 1056/1082/24 1042/1066/10
f 1055/1079/23 1049/1074/17 1052/1075/20
f 1052/1075/20 1048/1071/16 1056/1082/24
f 1047/1069/15 1053/358/21 1078/1102/46
f 1053/1117/21 1049/1074/17 1076/1101/44
f 1082/1105/50 1088/1107/56 1057/190/25
f 1088/1107/56 1084/1110/52 1055/1079/23
f 1083/1108/51 1077/1103/45 1080/1104/48
f 1080/1104/48 1076/1101/44 1084/1110/52
f 1075/1098/43 1081/1100/49 1064/1088/32
f 1081/1100/49 1077/1103/45 1062/1087/30
f 1068/1091/36 1074/1093/42 1085/1109/53
f 1074/1093/42 1070/1096/38 1083/1108/51
f 1069/1094/37 1063/1089/31 1066/1090/34
f 1066/1090/34 1062/1087/30 1070/1096/38
f 1061/1084/29 1067/1086/35 1036/1118/4
f 1067/1086/35 1063/1089/31 1034/1054/2
f 1041/1063/9 1043/1065/11 1071/1095/39
f 1043/1119/11 1040/1060/8 1069/1094/37
f 1075/1098/43 1061/1084/29 1033/1051/1
f 1042/1066/10 1056/1082/24 1048/1071/16
f 1069/1094/37 1040/1060/8 1034/1054/2
f 1054/1076/22 1041/1063/9 1068/1091/36
f 1055/1079/23 1084/1110/52 1076/1101/44
f 1083/1108/51 1070/1096/38 1062/1087/30
f 1089/1051/1 1092/1118/4 1093/1052/5
f 1090/1054/2 1094/1114/6 1093/1055/5
f 1091/1057/3 1095/1113/7 1093/1058/5
f 1096/1060/8 1099/1119/11 1100/1061/492
f 1097/1063/9 1101/1115/13 1100/1064/492
f 1098/1066/10 1102/1913/14 1100/1067/492
f 1103/1069/15 1106/1112/18 1107/1070/462
f 1104/1071/16 1108/1075/20 1107/1072/462
f 1105/1074/17 1109/1117/21 1107/1072/462
f 1110/1076/22 1113/190/25 1114/1077/26
f 1111/1079/23 1115/1083/27 1114/1080/26
f 1112/1082/24 1116/1116/28 1114/1080/26
f 1117/1084/29 1120/1088/32 1121/1085/33
f 1118/1087/30 1122/1090/34 1121/1085/33
f 1119/1089/31 1123/1086/35 1121/1085/33
f 1124/1091/36 1127/1095/39 1128/1092/493
f 1125/1094/37 1129/1097/41 1128/1092/493
f 1126/1096/38 1130/1093/42 1128/1092/493
f 1131/1098/43 1134/1102/46 1135/1099/494
f 1132/1101/44 1136/1104/48 1135/1099/494
f 1133/1103/45 1137/1100/49 1135/1099/494
f 1138/1105/50 1141/1109/53 1142/1106/54
f 1139/1108/51 1143/1111/55 1142/1106/54
f 1140/1110/52 1144/1107/56 1142/1106/54
f 1089/1051/1 1095/1053/7 1106/1112/18
f 1095/1113/7 1091/1057/3 1104/1071/16
f 1096/1060/8 1102/1062/14 1094/1114/6
f 1094/1059/6 1102/1913/14 1098/1066/10
f 1110/1076/22 1116/1078/28 1101/1115/13
f 1116/1116/28 1112/1082/24 1098/1066/10
f 1111/1079/23 1105/1074/17 1108/1075/20
f 1108/1075/20 1104/1071/16 1112/1082/24
f 1103/1069/15 1109/358/21 1134/1102/46
f 1109/1117/21 1105/1074/17 1132/1101/44
f 1138/1105/50 1144/1107/56 1113/190/25
f 1144/1107/56 1140/1110/52 1111/1079/23
f 1139/1108/51 1133/1103/45 1136/1104/48
f 1136/1104/48 1132/1101/44 1140/1110/52
f 1131/1098/43 1137/1100/49 1120/1088/32
f 1137/1100/49 1133/1103/45 1118/1087/30
f 1124/1091/36 1130/1093/42 1141/1109/53
f 1130/1093/42 1126/1096/38 1139/1108/51
f 1125/1094/37 1119/1089/31 1122/1090/34
f 1122/1090/34 1118/1087/30 1126/1096/38
f 1117/1084/29 1123/1086/35 1092/1118/4
f 1123/1086/35 1119/1089/31 1090/1054/2
f 1097/1063/9 1099/1065/11 1127/1095/39
f 1099/1119/11 1096/1060/8 1125/1094/37
f 1131/1098/43 1117/1084/29 1089/1051/1
f 1098/1066/10 1112/1082/24 1104/1071/16
f 1125/1094/37 1096/1060/8 1090/1054/2
f 1110/1076/22 1097/1063/9 1124/1091/36
f 1111/1079/23 1140/1110/52 1132/1101/44
f 1139/1108/51 1126/1096/38 1118/1087/30
f 1161/1127/1 1164/1192/4 1165/1128/5
f 1162/1130/2 1166/1186/6 1165/1131/5
f 1163/1133/3 1167/1185/7 1165/1134/5
f 1168/1136/8 1171/715/11 1172/655/499
f 1169/1138/9 1173/1188/13 1172/1139/499
f 1170/1141/10 1174/1187/14 1172/1142/499
f 1175/1144/15 1178/1184/18 1179/1145/500
f 1176/1146/16 1180/1150/20 1179/1147/500
f 1177/1149/17 1181/1190/21 1179/1147/500
f 1182/1151/22 1185/1191/25 1186/672/463
f 1183/1153/23 1187/1156/27 1186/1154/463
f 1184/1155/24 1188/1189/28 1186/1154/463
f 1189/1157/29 1192/1161/32 1193/1158/33
f 1190/1160/30 1194/1163/34 1193/1158/33
f 1191/1162/31 1195/1159/35 1193/1158/33
f 1196/1164/36 1199/1168/39 1200/1165/501
f 1197/1167/37 1201/1170/41 1200/1165/501
f 1198/1169/38 1202/1166/42 1200/1165/501
f 1203/1171/43 1206/697/46 1207/1172/502
f 1204/1174/44 1208/1176/48 1207/1172/502
f 1205/1175/45 1209/1173/49 1207/1172/502
f 1210/1177/50 1213/1181/53 1214/1178/466
f 1211/1180/51 1215/1183/55 1214/1178/466
f 1212/1182/52 1216/1179/56 1214/1178/466
f 1161/1127/1 1167/1129/7 1178/1184/18
f 1167/1185/7 1163/1133/3 1176/1146/16
f 1168/1136/8 1174/1137/14 1166/1186/6
f 1174/1187/14 1170/1141/10 1163/1133/3
f 1182/1151/22 1188/1152/28 1173/1188/13
f 1188/1189/28 1184/1155/24 1170/1141/10
f 1177/1149/17 1180/1150/20 1187/1156/27
f 1180/1150/20 1176/1146/16 1184/1155/24
f 1175/1144/15 1181/665/21 1206/697/46
f 1181/1190/21 1177/1149/17 1204/1174/44
f 1210/1177/50 1216/1179/56 1185/1191/25
f 1216/1179/56 1212/1182/52 1183/1153/23
f 1205/1175/45 1208/1176/48 1215/1183/55
f 1208/1176/48 1204/1174/44 1212/1182/52
f 1203/1171/43 1209/1173/49 1192/1161/32
f 1209/1173/49 1205/1175/45 1190/1160/30
f 1196/1164/36 1202/1166/42 1213/1181/53
f 1202/1166/42 1198/1169/38 1211/1180/51
f 1191/1162/31 1194/1163/34 1201/1170/41
f 1194/1163/34 1190/1160/30 1198/1169/38
f 1189/1157/29 1195/1159/35 1164/1192/4
f 1195/1159/35 1191/1162/31 1162/1130/2
f 1169/1138/9 1171/1140/11 1199/1168/39
f 1171/715/11 1168/1136/8 1197/1167/37
f 1203/1171/43 1189/1157/29 1161/1127/1
f 1170/1141/10 1184/1155/24 1176/1146/16
f 1197/1167/37 1168/1136/8 1162/1130/2
f 1182/1151/22 1169/1138/9 1196/1164/36
f 1183/1153/23 1212/1182/52 1204/1174/44
f 1211/1180/51 1198/1169/38 1190/1160/30
f 1273/1252/504 1276/1319/507 1277/1253/508
f 1274/1255/505 1278/1315/509 1277/1256/508
f 1275/1258/506 1279/1915/510 1277/1259/508
f 1280/1261/511 1283/1320/514 1284/1262/515
f 1281/1264/512 1285/1316/516 1284/1265/515
f 1282/1267/513 1286/1916/517 1284/1268/515
f 1287/1270/518 1290/1314/521 1291/1271/522
f 1288/1273/519 1292/1277/523 1291/1274/522
f 1289/1276/520 1293/1317/524 1291/1274/522
f 1294/1278/525 1297/1318/528 1298/1279/529
f 1295/1281/526 1299/1285/530 1298/1282/529
f 1296/1284/527 1300/1917/531 1298/1282/529
f 1301/1286/532 1304/1290/535 1305/1287/536
f 1302/1289/533 1306/1292/537 1305/1287/536
f 1303/1291/534 1307/1288/538 1305/1287/536
f 1308/1293/539 1311/1297/542 1312/1294/543
f 1309/1296/540 1313/1299/544 1312/1294/543
f 1310/1298/541 1314/1295/545 1312/1294/543
f 1315/1300/546 1318/1304/549 1319/1301/550
f 1316/1303/547 1320/1306/551 1319/1301/550
f 1317/1305/548 1321/1302/552 1319/1301/550
f 1322/1307/553 1325/1311/556 1326/1308/557
f 1323/1310/554 1327/1313/558 1326/1308/557
f 1324/1312/555 1328/1309/559 1326/1308/557
f 1273/1252/504 1279/1254/510 1290/1314/521
f 1290/1275/521 1279/1915/510 1275/1258/506
f 1280/1261/511 1286/1263/517 1278/1315/509
f 1278/1260/509 1286/1916/517 1282/1267/513
f 1294/1278/525 1300/1280/531 1285/1316/516
f 1285/1269/516 1300/1917/531 1296/1284/527
f 1289/1276/520 1292/1277/523 1299/1285/530
f 1292/1277/523 1288/1273/519 1296/1284/527
f 1315/1300/546 1287/1270/518 1293/1272/524
f 1293/1317/524 1289/1276/520 1316/1303/547
f 1294/1278/525 1322/1307/553 1328/1309/559
f 1328/1309/559 1324/1312/555 1295/1281/526
f 1317/1305/548 1320/1306/551 1327/1313/558
f 1327/1313/558 1320/1306/551 1316/1303/547
f 1301/1286/532 1315/1300/546 1321/1302/552
f 1321/1302/552 1317/1305/548 1302/1289/533
f 1322/1307/553 1308/1293/539 1314/1295/545
f 1314/1295/545 1310/1298/541 1323/1310/554
f 1309/1296/540 1303/1291/534 1306/1292/537
f 1306/1292/537 1302/1289/533 1310/1298/541
f 1273/1252/504 1301/1286/532 1307/1288/538
f 1307/1288/538 1303/1291/534 1274/1255/505
f 1281/1264/512 1283/1266/514 1311/1297/542
f 1283/1320/514 1280/1261/511 1309/1296/540
f 1315/1300/546 1301/1286/532 1273/1252/504
f 1275/1258/506 1282/1267/513 1296/1284/527
f 1309/1296/540 1280/1261/511 1274/1255/505
f 1294/1278/525 1281/1264/512 1308/1293/539
f 1295/1281/526 1324/1312/555 1316/1303/547
f 1323/1310/554 1310/1298/541 1302/1289/533
f 1329/1321/504 1332/1380/507 1333/1322/508
f 1330/1324/505 1334/1186/509 1333/1131/508
f 1331/1326/506 1335/1375/560 1333/1327/508
f 1336/1328/511 1339/1381/514 1340/1329/515
f 1337/1331/512 1341/1376/516 1340/1332/515
f 1338/1334/513 1342/1187/517 1340/1142/515
f 1343/1336/518 1346/1374/521 1347/1337/562
f 1344/1339/519 1348/1150/523 1347/1340/562
f 1345/1342/561 1349/1378/524 1347/1340/562
f 1350/1343/563 1353/1379/528 1354/1344/564
f 1351/1346/526 1355/1156/530 1354/1347/564
f 1352/1349/527 1356/1377/531 1354/1347/564
f 1357/1350/532 1360/1354/535 1361/1351/565
f 1358/1353/533 1362/1163/537 1361/1351/565
f 1359/1355/534 1363/1352/538 1361/1351/565
f 1364/1356/539 1367/1360/542 1368/1357/543
f 1365/1359/566 1369/1170/544 1368/1357/543
f 1366/1361/541 1370/1358/545 1368/1357/543
f 1371/1362/546 1374/1366/549 1375/1363/567
f 1372/1365/547 1376/1176/551 1375/1363/567
f 1373/1367/548 1377/1364/552 1375/1363/567
f 1378/1368/568 1381/1372/556 1382/1369/569
f 1379/1371/554 1383/1183/558 1382/1369/569
f 1380/1373/555 1384/1370/559 1382/1369/569
f 1343/1336/518 1329/1321/504 1335/1323/560
f 1335/1375/560 1331/1326/506 1344/1339/519
f 1330/1324/505 1336/1328/511 1342/1330/517
f 1334/1135/509 1342/1187/517 1338/1334/513
f 1350/1343/563 1356/1345/531 1341/1376/516
f 1356/1377/531 1352/1349/527 1338/1334/513
f 1351/1346/526 1345/1342/561 1348/1150/523
f 1348/1150/523 1344/1339/519 1352/1349/527
f 1343/1336/518 1349/1338/524 1374/1366/549
f 1349/1378/524 1345/1342/561 1372/1365/547
f 1378/1368/568 1384/1370/559 1353/1379/528
f 1384/1370/559 1380/1373/555 1351/1346/526
f 1379/1371/554 1373/1367/548 1376/1176/551
f 1376/1176/551 1372/1365/547 1380/1373/555
f 1357/1350/532 1371/1362/546 1377/1364/552
f 1377/1364/552 1373/1367/548 1358/1353/533
f 1378/1368/568 1364/1356/539 1370/1358/545
f 1381/1372/556 1370/1358/545 1366/1361/541
f 1359/1355/534 1362/1163/537 1369/1170/544
f 1362/1163/537 1358/1353/533 1366/1361/541
f 1357/1350/532 1363/1352/538 1332/1380/507
f 1363/1352/538 1359/1355/534 1330/1324/505
f 1337/1331/512 1339/1333/514 1367/1360/542
f 1339/1381/514 1336/1328/511 1365/1359/566
f 1371/1362/546 1357/1350/532 1329/1321/504
f 1338/1334/513 1352/1349/527 1344/1339/519
f 1365/1359/566 1336/1328/511 1330/1324/505
f 1350/1343/563 1337/1331/512 1364/1356/539
f 1351/1346/526 1380/1373/555 1372/1365/547
f 1379/1371/554 1366/1361/541 1358/1353/533
f 1395/1382/580 1396/1400/581 1386/1383/571
f 1386/1383/571 1396/1400/581 1397/1385/582
f 1397/1385/582 1398/1388/583 1388/1387/573
f 1398/1388/583 1399/1403/584 1389/274/574
f 1399/1389/584 1400/1405/585 1390/1390/575
f 1390/1390/575 1400/1405/585 1401/1392/586
f 1391/1393/576 1401/1392/586 1402/1394/587
f 1392/1395/577 1402/1394/587 1403/1396/588
f 1403/1396/588 1404/1398/589 1394/278/579
f 1404/1398/589 1395/1382/580 1385/1384/570
f 1405/1399/590 1406/1410/591 1396/1400/581
f 1396/1400/581 1406/1410/591 1407/1401/592
f 1397/1385/582 1407/1401/592 1408/1402/593
f 1398/1388/583 1408/1402/593 1409/84/594
f 1409/1404/594 1410/1414/595 1400/1405/585
f 1400/1405/585 1410/1414/595 1411/1406/596
f 1411/1406/596 1412/1407/597 1402/1394/587
f 1412/1407/597 1413/1408/598 1403/1396/588
f 1413/1408/598 1414/134/599 1404/1398/589
f 1404/1398/589 1414/134/599 1405/1399/590
f 1415/1409/600 1416/1419/601 1406/1410/591
f 1406/1410/591 1416/1419/601 1417/1411/602
f 1407/1401/592 1417/1411/602 1418/1412/603
f 1408/1402/593 1418/1412/603 1419/241/604
f 1419/1413/604 1420/1423/605 1410/1414/595
f 1410/1414/595 1420/1423/605 1421/1415/606
f 1421/1415/606 1422/1416/607 1412/1407/597
f 1422/1416/607 1423/1417/608 1413/1408/598
f 1423/1417/608 1424/237/609 1414/134/599
f 1414/134/599 1424/237/609 1415/1409/600
f 1425/1418/610 1426/1427/611 1416/1419/601
f 1416/1419/601 1426/1427/611 1427/1420/612
f 1427/1420/612 1428/1421/613 1418/1412/603
f 1428/1421/613 1429/1430/614 1419/241/604
f 1419/1413/604 1429/1431/614 1430/1422/615
f 1430/1422/615 1431/1433/616 1421/1415/606
f 1421/1415/606 1431/1433/616 1432/1424/617
f 1422/1416/607 1432/1424/617 1433/1425/618
f 1433/1425/618 1434/1436/619 1424/237/609
f 1424/237/609 1434/1436/619 1425/1418/610
f 1435/1426/620 1436/1438/621 1426/1427/611
f 1426/1427/611 1436/1438/621 1437/1428/622
f 1437/1428/622 1438/1429/623 1428/1421/613
f 1438/1429/623 1439/1441/624 1429/1430/614
f 1429/1431/614 1439/1442/624 1440/1432/625
f 1440/1432/625 1441/1445/626 1431/1433/616
f 1431/1433/616 1441/1445/626 1442/1434/627
f 1432/1424/617 1442/1434/627 1443/1435/628
f 1443/1435/628 1444/1448/629 1434/1436/619
f 1434/1436/619 1444/1448/629 1435/1426/620
f 1435/1426/620 1445/1449/630 1446/1437/631
f 1436/1438/621 1446/1437/631 1447/1439/632
f 1447/1439/632 1448/1440/633 1438/1429/623
f 1448/1440/633 1449/210/634 1439/1441/624
f 1439/1442/624 1449/1453/634 1450/1443/635
f 1440/1432/625 1450/1443/635 1451/1444/636
f 1451/1444/636 1452/1446/637 1442/1434/627
f 1452/1446/637 1453/1447/638 1443/1435/628
f 1453/1447/638 1454/214/639 1444/1448/629
f 1444/1448/629 1454/214/639 1445/1449/630
f 1445/1449/630 1455/1458/640 1456/1450/641
f 1456/1450/641 1457/1451/642 1447/1439/632
f 1457/1451/642 1458/1461/643 1448/1440/633
f 1448/1440/633 1458/1461/643 1459/1452/644
f 1449/1453/634 1459/1463/644 1460/1454/645
f 1460/1454/645 1461/1455/646 1451/1444/636
f 1461/1455/646 1462/1456/647 1452/1446/637
f 1462/1456/647 1463/1467/648 1453/1447/638
f 1453/1447/638 1463/1467/648 1464/1457/649
f 1454/214/639 1464/1457/649 1455/1458/640
f 1455/1458/640 1465/1469/650 1466/1459/651
f 1456/1450/641 1466/1459/651 1467/1460/652
f 1467/1460/652 1468/1462/653 1458/1461/643
f 1468/1462/653 1469/1472/654 1459/1452/644
f 1459/1463/644 1469/1473/654 1470/1464/655
f 1470/1464/655 1471/1475/656 1461/1455/646
f 1461/1455/646 1471/1475/656 1472/1465/657
f 1462/1456/647 1472/1465/657 1473/1466/658
f 1463/1467/648 1473/1466/658 1474/1318/659
f 1474/1318/659 1465/1469/650 1455/1458/640
f 1475/1468/660 1476/1479/661 1466/1459/651
f 1466/1459/651 1476/1479/661 1477/1470/662
f 1477/1470/662 1478/1471/663 1468/1462/653
f 1478/1471/663 1479/177/664 1469/1472/654
f 1469/1473/654 1479/1484/664 1480/1474/665
f 1480/1474/665 1481/1476/666 1471/1475/656
f 1481/1476/666 1482/1487/667 1472/1465/657
f 1472/1465/657 1482/1487/667 1483/1477/668
f 1483/1477/668 1484/174/669 1474/1318/659
f 1474/1318/659 1484/174/669 1475/1468/660
f 1475/1468/660 1485/1491/670 1486/1478/671
f 1476/1479/661 1486/1478/671 1487/1480/672
f 1477/1470/662 1487/1480/672 1488/1481/673
f 1478/1471/663 1488/1481/673 1489/1482/674
f 1489/1483/674 1490/1485/675 1480/1474/665
f 1490/1485/675 1491/1486/676 1481/1476/666
f 1491/1486/676 1492/1488/677 1482/1487/667
f 1492/1488/677 1493/1489/678 1483/1477/668
f 1493/1489/678 1494/1490/679 1484/174/669
f 1494/1490/679 1485/1491/670 1475/1468/660
f 1485/1491/670 1495/1497/680 1496/1492/681
f 1496/1492/681 1497/1499/682 1487/1480/672
f 1487/1480/672 1497/1499/682 1498/1493/683
f 1498/1493/683 1499/1501/684 1489/1482/674
f 1489/1483/674 1499/1503/684 1500/1494/685
f 1500/1494/685 1501/1505/686 1491/1486/676
f 1491/1486/676 1501/1505/686 1502/1495/687
f 1502/1495/687 1503/1507/688 1493/1489/678
f 1493/1489/678 1503/1507/688 1504/1496/689
f 1504/1496/689 1495/1497/680 1485/1491/670
f 1495/1497/680 1505/1918/575 1506/1498/690
f 1506/1498/690 1507/1919/691 1497/1499/682
f 1497/1499/682 1507/1919/691 1508/1500/692
f 1508/1500/692 1509/403/693 1499/1501/684
f 1509/1502/693 1510/1920/570 1500/1494/685
f 1500/1494/685 1510/1920/570 1511/1504/694
f 1501/1505/686 1511/1504/694 1512/1506/695
f 1512/1506/695 1513/1921/696 1503/1507/688
f 1503/1507/688 1513/1921/696 1514/404/697
f 1514/404/697 1505/1918/575 1495/1497/680
f 1505/1508/575 1515/1529/585 1516/1509/698
f 1506/1510/690 1516/1509/698 1517/1511/699
f 1507/1512/691 1517/1511/699 1518/1513/700
f 1508/1514/692 1518/1513/700 1519/1515/701
f 1519/1517/701 1520/1534/580 1510/1518/570
f 1510/1518/570 1520/1534/580 1521/1520/702
f 1521/1520/702 1522/1523/703 1512/1522/695
f 1522/1523/703 1523/1525/704 1513/1524/696
f 1523/1525/704 1524/1527/705 1514/1526/697
f 1524/1527/705 1515/1529/585 1505/1508/575
f 1525/1528/595 1526/1539/706 1516/1509/698
f 1516/1509/698 1526/1539/706 1527/1530/707
f 1517/1511/699 1527/1530/707 1528/1531/708
f 1518/1513/700 1528/1531/708 1529/1532/709
f 1529/1533/709 1530/1544/590 1520/1534/580
f 1520/1534/580 1530/1544/590 1531/1535/710
f 1531/1535/710 1532/1536/711 1522/1523/703
f 1532/1536/711 1533/1537/712 1523/1525/704
f 1533/1537/712 1534/1547/713 1524/1527/705
f 1524/1527/705 1534/1547/713 1525/1528/595
f 1535/1538/605 1536/1540/714 1526/1539/706
f 1536/1540/714 1537/1541/715 1527/1530/707
f 1537/1541/715 1538/1542/716 1528/1531/708
f 1538/1542/716 1539/370/717 1529/1532/709
f 1529/1533/709 1539/1552/717 1540/1543/600
f 1540/1543/600 1541/1554/718 1531/1535/710
f 1531/1535/710 1541/1554/718 1542/1545/719
f 1532/1536/711 1542/1545/719 1543/1546/720
f 1543/1546/720 1544/366/721 1534/1547/713
f 1534/1547/713 1544/366/721 1535/1538/605
f 1545/1548/615 1546/1549/722 1536/1540/714
f 1546/1549/722 1547/1559/723 1537/1541/715
f 1537/1541/715 1547/1559/723 1548/1550/724
f 1548/1550/724 1549/1562/725 1539/370/717
f 1549/1551/725 1550/1564/610 1540/1543/600
f 1540/1543/600 1550/1564/610 1551/1553/726
f 1541/1554/718 1551/1553/726 1552/1555/727
f 1552/1555/727 1553/1556/728 1543/1546/720
f 1553/1556/728 1554/1272/729 1544/366/721
f 1544/366/721 1554/1272/729 1545/1548/615
f 1555/1557/625 1556/1558/730 1546/1549/722
f 1556/1558/730 1557/1569/731 1547/1559/723
f 1547/1559/723 1557/1569/731 1558/1560/732
f 1548/1550/724 1558/1560/732 1559/1561/733
f 1559/1563/733 1560/1572/620 1550/1564/610
f 1550/1564/610 1560/1572/620 1561/1565/734
f 1561/1565/734 1562/1566/735 1552/1555/727
f 1562/1566/735 1563/1576/736 1553/1556/728
f 1553/1556/728 1563/1576/736 1564/1567/737
f 1564/1567/737 1555/1557/625 1545/1548/615
f 1555/1557/625 1565/1578/635 1566/1568/738
f 1566/1568/738 1567/1580/739 1557/1569/731
f 1557/1569/731 1567/1580/739 1568/1570/740
f 1558/1560/732 1568/1570/740 1569/338/741
f 1569/1571/741 1570/1584/630 1560/1572/620
f 1560/1572/620 1570/1584/630 1571/1573/742
f 1561/1565/734 1571/1573/742 1572/1574/743
f 1562/1566/735 1572/1574/743 1573/1575/744
f 1563/1576/736 1573/1575/744 1574/342/745
f 1574/342/745 1565/1578/635 1555/1557/625
f 1575/1577/645 1576/1589/746 1566/1568/738
f 1566/1568/738 1576/1589/746 1577/1579/747
f 1567/1580/739 1577/1579/747 1578/1581/748
f 1568/1570/740 1578/1581/748 1579/1582/749
f 1579/1583/749 1580/1585/640 1570/1584/630
f 1580/1585/640 1581/1595/750 1571/1573/742
f 1571/1573/742 1581/1595/750 1582/1586/751
f 1582/1586/751 1583/1587/752 1573/1575/744
f 1583/1587/752 1584/1598/753 1574/342/745
f 1574/342/745 1584/1598/753 1575/1577/645
f 1585/1588/655 1586/1590/754 1576/1589/746
f 1586/1590/754 1587/1600/755 1577/1579/747
f 1577/1579/747 1587/1600/755 1588/1591/756
f 1578/1581/748 1588/1591/756 1589/1592/757
f 1589/1593/757 1590/1603/650 1580/1585/640
f 1580/1585/640 1590/1603/650 1591/1594/758
f 1581/1595/750 1591/1594/758 1592/1596/759
f 1592/1596/759 1593/1606/760 1583/1587/752
f 1583/1587/752 1593/1606/760 1594/1597/761
f 1584/1598/753 1594/1597/761 1585/1588/655
f 1585/1588/655 1595/1607/665 1596/1599/762
f 1596/1599/762 1597/1610/763 1587/1600/755
f 1587/1600/755 1597/1610/763 1598/1601/764
f 1588/1591/756 1598/1601/764 1599/305/765
f 1599/1602/765 1600/1614/660 1590/1603/650
f 1590/1603/650 1600/1614/660 1601/1604/766
f 1601/1604/766 1602/1605/767 1592/1596/759
f 1602/1605/767 1603/1617/768 1593/1606/760
f 1593/1606/760 1603/1617/768 1604/310/769
f 1604/310/769 1595/1607/665 1585/1588/655
f 1595/1607/665 1605/1620/675 1606/1608/770
f 1596/1599/762 1606/1608/770 1607/1609/771
f 1597/1610/763 1607/1609/771 1608/1611/772
f 1598/1601/764 1608/1611/772 1609/1612/773
f 1599/1602/765 1609/1624/773 1610/1613/670
f 1610/1613/670 1611/1615/774 1601/1604/766
f 1611/1615/774 1612/1616/775 1602/1605/767
f 1612/1616/775 1613/1618/776 1603/1617/768
f 1613/1618/776 1614/1619/777 1604/310/769
f 1614/1619/777 1605/1620/675 1595/1607/665
f 1605/1620/675 1615/1629/685 1616/1621/778
f 1606/1608/770 1616/1621/778 1617/1622/779
f 1617/1622/779 1618/1623/780 1608/1611/772
f 1618/1623/780 1619/1630/781 1609/1612/773
f 1609/1624/773 1619/1631/781 1620/1625/680
f 1620/1625/680 1621/1632/782 1611/1615/774
f 1611/1615/774 1621/1632/782 1622/1626/783
f 1612/1616/775 1622/1626/783 1623/1627/784
f 1623/1627/784 1624/1628/785 1614/1619/777
f 1624/1628/785 1615/1629/685 1605/1620/675
f 1385/1384/570 1386/1383/571 1616/1621/778
f 1616/1621/778 1386/1383/571 1387/1386/572
f 1387/1386/572 1388/1387/573 1618/1623/780
f 1618/1623/780 1388/1387/573 1389/274/574
f 1619/1631/781 1389/1391/574 1390/1390/575
f 1390/1390/575 1391/1393/576 1621/1632/782
f 1391/1393/576 1392/1395/577 1622/1626/783
f 1392/1395/577 1393/1397/578 1623/1627/784
f 1393/1397/578 1394/278/579 1624/1628/785
f 1624/1628/785 1394/278/579 1385/1384/570
f 1625/1633/786 1628/1696/789 1629/1634/790
f 1626/1636/787 1630/1114/791 1629/1055/790
f 1627/1638/788 1631/1691/792 1629/1639/790
f 1632/1640/793 1635/1697/796 1636/1641/797
f 1633/1643/794 1637/1693/798 1636/1644/797
f 1634/1646/795 1638/1692/799 1636/1647/797
f 1639/1649/800 1642/1690/803 1643/1650/804
f 1640/1652/801 1644/1075/805 1643/1653/804
f 1641/1655/802 1645/1694/806 1643/1653/804
f 1646/1656/807 1649/1695/810 1650/1657/811
f 1647/1659/808 1651/1663/812 1650/1660/811
f 1648/1662/809 1652/1922/813 1650/1660/811
f 1653/1664/814 1656/1668/817 1657/1665/818
f 1654/1667/815 1658/1670/819 1657/1665/818
f 1655/1669/816 1659/1666/820 1657/1665/818
f 1660/1671/821 1663/1675/824 1664/1672/825
f 1661/1674/822 1665/1677/826 1664/1672/825
f 1662/1676/823 1666/1673/827 1664/1672/825
f 1667/1678/828 1670/1682/831 1671/1679/832
f 1668/1681/829 1672/1104/833 1671/1679/832
f 1669/1683/830 1673/1680/834 1671/1679/832
f 1674/1684/835 1677/1688/838 1678/1685/839
f 1675/1687/836 1679/1111/840 1678/1685/839
f 1676/1689/837 1680/1686/841 1678/1685/839
f 1639/1649/800 1625/1633/786 1631/1635/792
f 1631/1691/792 1627/1638/788 1640/1652/801
f 1626/1636/787 1632/1640/793 1638/1642/799
f 1638/1692/799 1634/1646/795 1627/1638/788
f 1633/1643/794 1646/1656/807 1652/1658/813
f 1637/1648/798 1652/1922/813 1648/1662/809
f 1641/1655/802 1644/1075/805 1651/1663/812
f 1651/1663/812 1644/1075/805 1640/1652/801
f 1639/1649/800 1645/1651/806 1670/1682/831
f 1645/1694/806 1641/1655/802 1668/1681/829
f 1674/1684/835 1680/1686/841 1649/1695/810
f 1680/1686/841 1676/1689/837 1647/1659/808
f 1669/1683/830 1672/1104/833 1679/1111/840
f 1679/1111/840 1672/1104/833 1668/1681/829
f 1667/1678/828 1673/1680/834 1656/1668/817
f 1656/1668/817 1673/1680/834 1669/1683/830
f 1660/1671/821 1666/1673/827 1677/1688/838
f 1666/1673/827 1662/1676/823 1675/1687/836
f 1655/1669/816 1658/1670/819 1665/1677/826
f 1665/1677/826 1658/1670/819 1654/1667/815
f 1653/1664/814 1659/1666/820 1628/1696/789
f 1659/1666/820 1655/1669/816 1626/1636/787
f 1633/1643/794 1635/1645/796 1663/1675/824
f 1635/1697/796 1632/1640/793 1661/1674/822
f 1667/1678/828 1653/1664/814 1625/1633/786
f 1634/1646/795 1648/1662/809 1640/1652/801
f 1661/1674/822 1632/1640/793 1626/1636/787
f 1646/1656/807 1633/1643/794 1660/1671/821
f 1647/1659/808 1676/1689/837 1668/1681/829
f 1669/1683/830 1675/1687/836 1662/1676/823
usemtl gun_steel
f 114/145/63 121/146/70 115/147/64
f 115/148/64 119/149/68 113/150/62
f 117/151/66 124/152/73 123/153/72
f 118/154/67 122/155/71 124/156/73
f 126/157/75 121/146/70 120/158/69
f 127/159/76 119/149/68 121/160/70
f 129/161/78 124/152/73 130/162/79
f 124/156/73 128/163/77 130/164/79
f 126/157/75 133/165/82 127/166/76
f 133/167/82 125/168/74 127/159/76
f 129/161/78 136/169/85 135/170/84
f 136/171/85 128/163/77 134/172/83
f 132/173/81 139/174/88 133/165/82
f 139/175/88 131/176/80 133/167/82
f 135/170/84 142/177/91 141/178/90
f 136/171/85 140/179/89 142/180/91
f 144/181/93 139/174/88 138/182/87
f 145/183/94 137/184/86 139/175/88
f 141/178/90 148/185/97 147/186/96
f 148/187/97 140/179/89 146/188/95
f 150/189/99 145/190/94 144/181/93
f 151/191/100 143/192/92 145/183/94
f 147/186/96 154/193/103 153/194/102
f 148/187/97 152/195/101 154/196/103
f 156/197/105 151/198/100 150/189/99
f 157/199/106 149/200/98 151/191/100
f 159/201/108 154/193/103 160/202/109
f 160/203/109 152/195/101 158/204/107
f 162/205/111 157/206/106 156/197/105
f 163/207/112 155/208/104 157/199/106
f 165/209/114 160/202/109 166/210/115
f 166/211/115 158/204/107 164/212/113
f 162/205/111 169/213/118 163/214/112
f 163/207/112 167/215/116 161/216/110
f 165/209/114 172/217/121 171/218/120
f 166/211/115 170/219/119 172/220/121
f 168/221/117 175/222/124 169/213/118
f 169/223/118 173/224/122 167/215/116
f 171/218/120 178/225/127 177/226/126
f 172/220/121 176/227/125 178/228/127
f 180/229/129 175/222/124 174/230/123
f 181/231/130 173/224/122 175/232/124
f 183/233/132 178/225/127 184/234/133
f 184/235/133 176/227/125 182/236/131
f 180/229/129 187/237/136 181/238/130
f 181/231/130 185/239/134 179/240/128
f 183/233/132 190/241/139 189/242/138
f 184/235/133 188/243/137 190/244/139
f 186/245/135 193/246/142 187/237/136
f 193/247/142 185/239/134 187/248/136
f 189/242/138 196/249/145 195/250/144
f 196/251/145 188/243/137 194/252/143
f 198/253/147 193/246/142 192/254/141
f 193/247/142 197/255/146 191/256/140
f 201/257/150 196/249/145 202/258/151
f 202/259/151 194/252/143 200/260/149
f 198/253/147 205/261/154 199/262/148
f 205/263/154 197/255/146 199/264/148
f 201/257/150 208/265/157 207/266/156
f 208/267/157 200/260/149 206/268/155
f 210/269/159 205/261/154 204/270/153
f 211/271/160 203/272/152 205/263/154
f 213/273/162 208/265/157 214/274/163
f 214/275/163 206/268/155 212/276/161
f 210/269/159 217/277/166 211/278/160
f 211/271/160 215/279/164 209/280/158
f 213/273/162 220/281/169 219/282/168
f 214/275/163 218/283/167 220/284/169
f 222/285/171 217/277/166 216/286/165
f 217/287/166 221/288/170 215/279/164
f 225/289/174 220/281/169 226/290/175
f 220/284/169 224/291/173 226/292/175
f 222/285/171 229/293/178 223/294/172
f 229/295/178 221/288/170 223/296/172
f 225/289/174 232/297/181 231/298/180
f 226/292/175 230/299/179 232/300/181
f 234/301/183 229/293/178 228/302/177
f 229/295/178 233/303/182 227/304/176
f 231/298/180 238/305/187 237/306/186
f 232/300/181 236/307/185 238/308/187
f 240/309/189 235/310/184 234/301/183
f 241/311/190 233/303/182 235/312/184
f 243/313/192 238/305/187 244/314/193
f 244/315/193 236/307/185 242/316/191
f 240/309/189 247/317/196 241/318/190
f 241/311/190 245/319/194 239/320/188
f 243/313/192 250/321/199 249/322/198
f 244/315/193 248/323/197 250/324/199
f 252/325/201 247/317/196 246/326/195
f 253/327/202 245/319/194 247/328/196
f 255/329/204 250/321/199 256/330/205
f 256/331/205 248/323/197 254/332/203
f 258/333/207 253/334/202 252/325/201
f 259/335/208 251/336/200 253/327/202
f 261/337/210 256/330/205 262/338/211
f 262/339/211 254/332/203 260/340/209
f 258/333/207 265/341/214 259/342/208
f 259/335/208 263/343/212 257/344/206
f 261/337/210 268/345/217 267/346/216
f 262/339/211 266/347/215 268/348/217
f 264/349/213 271/350/220 265/341/214
f 265/351/214 269/352/218 263/343/212
f 267/346/216 274/353/223 273/354/222
f 268/348/217 272/355/221 274/356/223
f 270/357/219 277/358/226 271/350/220
f 271/359/220 275/360/224 269/352/218
f 279/361/228 274/353/223 280/362/229
f 274/356/223 278/363/227 280/364/229
f 276/365/225 283/366/232 277/358/226
f 277/367/226 281/368/230 275/360/224
f 285/369/234 280/362/229 286/370/235
f 280/364/229 284/371/233 286/372/235
f 288/373/237 283/366/232 282/374/231
f 283/375/232 287/376/236 281/368/230
f 291/377/240 286/370/235 292/378/241
f 292/379/241 284/371/233 290/380/239
f 294/381/243 289/382/238 288/373/237
f 289/383/238 293/384/242 287/376/236
f 297/385/246 292/378/241 298/386/247
f 292/379/241 296/387/245 298/388/247
f 294/381/243 301/389/250 295/390/244
f 295/391/244 299/392/248 293/384/242
f 297/385/246 304/393/253 303/394/252
f 304/395/253 296/387/245 302/396/251
f 114/397/63 301/389/250 300/398/249
f 115/148/64 299/392/248 301/399/250
f 117/400/66 304/393/253 118/401/67
f 118/154/67 302/396/251 116/402/65
f 203/272/152 251/336/200 299/392/248
f 117/151/66 120/158/69 114/145/63
f 303/394/252 114/397/63 300/398/249
f 224/291/173 176/227/125 128/163/77
f 123/153/72 126/157/75 120/158/69
f 126/157/75 135/170/84 132/173/81
f 135/170/84 138/182/87 132/173/81
f 141/178/90 144/181/93 138/182/87
f 147/186/96 150/189/99 144/181/93
f 153/194/102 156/197/105 150/189/99
f 159/201/108 162/205/111 156/197/105
f 165/209/114 168/221/117 162/205/111
f 171/218/120 174/230/123 168/221/117
f 177/226/126 180/229/129 174/230/123
f 183/233/132 186/245/135 180/229/129
f 189/242/138 192/254/141 186/245/135
f 195/250/144 198/253/147 192/254/141
f 201/257/150 204/270/153 198/253/147
f 207/266/156 210/269/159 204/270/153
f 213/273/162 216/286/165 210/269/159
f 219/282/168 222/285/171 216/286/165
f 225/289/174 228/302/177 222/285/171
f 231/298/180 234/301/183 228/302/177
f 237/306/186 240/309/189 234/301/183
f 243/313/192 246/326/195 240/309/189
f 249/322/198 252/325/201 246/326/195
f 255/329/204 258/333/207 252/325/201
f 261/337/210 264/349/213 258/333/207
f 267/346/216 270/357/219 264/349/213
f 270/357/219 279/361/228 276/365/225
f 279/361/228 282/374/231 276/365/225
f 285/369/234 288/373/237 282/374/231
f 291/377/240 294/381/243 288/373/237
f 297/385/246 300/398/249 294/381/243
f 114/145/63 120/158/69 121/146/70
f 115/148/64 121/160/70 119/149/68
f 117/151/66 118/1885/67 124/152/73
f 118/154/67 116/402/65 122/155/71
f 126/157/75 127/166/76 121/146/70
f 127/159/76 125/168/74 119/149/68
f 129/161/78 123/153/72 124/152/73
f 124/156/73 122/155/71 128/163/77
f 126/157/75 132/173/81 133/165/82
f 133/167/82 131/176/80 125/168/74
f 129/161/78 130/162/79 136/169/85
f 136/171/85 130/164/79 128/163/77
f 132/173/81 138/182/87 139/174/88
f 139/175/88 137/184/86 131/176/80
f 135/170/84 136/169/85 142/177/91
f 136/171/85 134/172/83 140/179/89
f 144/181/93 145/190/94 139/174/88
f 145/183/94 143/192/92 137/184/86
f 141/178/90 142/177/91 148/185/97
f 148/187/97 142/180/91 140/179/89
f 150/189/99 151/198/100 145/190/94
f 151/191/100 149/200/98 143/192/92
f 147/186/96 148/185/97 154/193/103
f 148/187/97 146/188/95 152/195/101
f 156/197/105 157/206/106 151/198/100
f 157/199/106 155/208/104 149/200/98
f 159/201/108 153/194/102 154/193/103
f 160/203/109 154/196/103 152/195/101
f 162/205/111 163/214/112 157/206/106
f 163/207/112 161/216/110 155/208/104
f 165/209/114 159/201/108 160/202/109
f 166/211/115 160/203/109 158/204/107
f 162/205/111 168/221/117 169/213/118
f 163/207/112 169/223/118 167/215/116
f 165/209/114 166/210/115 172/217/121
f 166/211/115 164/212/113 170/219/119
f 168/221/117 174/230/123 175/222/124
f 169/223/118 175/232/124 173/224/122
f 171/218/120 172/217/121 178/225/127
f 172/220/121 170/219/119 176/227/125
f 180/229/129 181/238/130 175/222/124
f 181/231/130 179/240/128 173/224/122
f 183/233/132 177/226/126 178/225/127
f 184/235/133 178/228/127 176/227/125
f 180/229/129 186/245/135 187/237/136
f 181/231/130 187/248/136 185/239/134
f 183/233/132 184/234/133 190/241/139
f 184/235/133 182/236/131 188/243/137
f 186/245/135 192/254/141 193/246/142
f 193/247/142 191/256/140 185/239/134
f 189/242/138 190/241/139 196/249/145
f 196/251/145 190/244/139 188/243/137
f 198/253/147 199/262/148 193/246/142
f 193/247/142 199/264/148 197/255/146
f 201/257/150 195/250/144 196/249/145
f 202/259/151 196/251/145 194/252/143
f 198/253/147 204/270/153 205/261/154
f 205/263/154 203/272/152 197/255/146
f 201/257/150 202/258/151 208/265/157
f 208/267/157 202/259/151 200/260/149
f 210/269/159 211/278/160 205/261/154
f 211/271/160 209/280/158 203/272/152
f 213/273/162 207/266/156 208/265/157
f 214/275/163 208/267/157 206/268/155
f 210/269/159 216/286/165 217/277/166
f 211/271/160 217/287/166 215/279/164
f 213/273/162 214/274/163 220/281/169
f 214/275/163 212/276/161 218/283/167
f 222/285/171 223/294/172 217/277/166
f 217/287/166 223/296/172 221/288/170
f 225/289/174 219/282/168 220/281/169
f 220/284/169 218/283/167 224/291/173
f 222/285/171 228/302/177 229/293/178
f 229/295/178 227/304/176 221/288/170
f 225/289/174 226/290/175 232/297/181
f 226/292/175 224/291/173 230/299/179
f 234/301/183 235/310/184 229/293/178
f 229/295/178 235/312/184 233/303/182
f 231/298/180 232/297/181 238/305/187
f 232/300/181 230/299/179 236/307/185
f 240/309/189 241/318/190 235/310/184
f 241/311/190 239/320/188 233/303/182
f 243/313/192 237/306/186 238/305/187
f 244/315/193 238/308/187 236/307/185
f 240/309/189 246/326/195 247/317/196
f 241/311/190 247/328/196 245/319/194
f 243/313/192 244/314/193 250/321/199
f 244/315/193 242/316/191 248/323/197
f 252/325/201 253/334/202 247/317/196
f 253/327/202 251/336/200 245/319/194
f 255/329/204 249/322/198 250/321/199
f 256/331/205 250/324/199 248/323/197
f 258/333/207 259/342/208 253/334/202
f 259/335/208 257/344/206 251/336/200
f 261/337/210 255/329/204 256/330/205
f 262/339/211 256/331/205 254/332/203
f 258/333/207 264/349/213 265/341/214
f 259/335/208 265/351/214 263/343/212
f 261/337/210 262/338/211 268/345/217
f 262/339/211 260/340/209 266/347/215
f 264/349/213 270/357/219 271/350/220
f 265/351/214 271/359/220 269/352/218
f 267/346/216 268/345/217 274/353/223
f 268/348/217 266/347/215 272/355/221
f 270/357/219 276/365/225 277/358/226
f 271/359/220 277/367/226 275/360/224
f 279/361/228 273/354/222 274/353/223
f 274/356/223 272/355/221 278/363/227
f 276/365/225 282/374/231 283/366/232
f 277/367/226 283/375/232 281/368/230
f 285/369/234 279/361/228 280/362/229
f 280/364/229 278/363/227 284/371/233
f 288/373/237 289/382/238 283/366/232
f 283/375/232 289/383/238 287/376/236
f 291/377/240 285/369/234 286/370/235
f 292/379/241 286/372/235 284/371/233
f 294/381/243 295/390/244 289/382/238
f 289/383/238 295/391/244 293/384/242
f 297/385/246 291/377/240 292/378/241
f 292/379/241 290/380/239 296/387/245
f 294/381/243 300/398/249 301/389/250
f 295/391/244 301/399/250 299/392/248
f 297/385/246 298/386/247 304/393/253
f 304/395/253 298/388/247 296/387/245
f 114/397/63 115/1886/64 301/389/250
f 115/148/64 113/150/62 299/392/248
f 117/400/66 303/394/252 304/393/253
f 118/154/67 304/395/253 302/396/251
f 299/392/248 113/150/62 119/149/68
f 119/149/68 125/168/74 131/176/80
f 131/176/80 137/184/86 155/208/104
f 137/184/86 143/192/92 155/208/104
f 143/192/92 149/200/98 155/208/104
f 155/208/104 161/216/110 167/215/116
f 167/215/116 173/224/122 155/208/104
f 173/224/122 179/240/128 155/208/104
f 179/240/128 185/239/134 203/272/152
f 185/239/134 191/256/140 203/272/152
f 191/256/140 197/255/146 203/272/152
f 203/272/152 209/280/158 215/279/164
f 215/279/164 221/288/170 227/304/176
f 227/304/176 233/303/182 251/336/200
f 233/303/182 239/320/188 251/336/200
f 239/320/188 245/319/194 251/336/200
f 251/336/200 257/344/206 263/343/212
f 263/343/212 269/352/218 251/336/200
f 269/352/218 275/360/224 251/336/200
f 275/360/224 281/368/230 299/392/248
f 281/368/230 287/376/236 299/392/248
f 287/376/236 293/384/242 299/392/248
f 299/392/248 119/149/68 155/208/104
f 119/149/68 131/176/80 155/208/104
f 203/272/152 215/279/164 251/336/200
f 215/279/164 227/304/176 251/336/200
f 155/208/104 179/240/128 203/272/152
f 251/336/200 275/360/224 299/392/248
f 299/392/248 155/208/104 203/272/152
f 117/151/66 123/153/72 120/158/69
f 303/394/252 117/400/66 114/397/63
f 128/163/77 122/155/71 116/402/65
f 116/402/65 302/396/251 128/163/77
f 302/396/251 296/387/245 128/163/77
f 296/387/245 290/380/239 284/371/233
f 284/371/233 278/363/227 272/355/221
f 272/355/221 266/347/215 260/340/209
f 260/340/209 254/332/203 272/355/221
f 254/332/203 248/323/197 272/355/221
f 248/323/197 242/316/191 236/307/185
f 236/307/185 230/299/179 224/291/173
f 224/291/173 218/283/167 200/260/149
f 218/283/167 212/276/161 200/260/149
f 212/276/161 206/268/155 200/260/149
f 200/260/149 194/252/143 188/243/137
f 188/243/137 182/236/131 176/227/125
f 176/227/125 170/219/119 164/212/113
f 164/212/113 158/204/107 176/227/125
f 158/204/107 152/195/101 176/227/125
f 152/195/101 146/188/95 140/179/89
f 140/179/89 134/172/83 128/163/77
f 296/387/245 284/371/233 272/355/221
f 248/323/197 236/307/185 224/291/173
f 200/260/149 188/243/137 176/227/125
f 152/195/101 140/179/89 128/163/77
f 128/163/77 296/387/245 272/355/221
f 272/355/221 248/323/197 224/291/173
f 224/291/173 200/260/149 176/227/125
f 176/227/125 152/195/101 128/163/77
f 128/163/77 272/355/221 224/291/173
f 123/153/72 129/161/78 126/157/75
f 126/157/75 129/161/78 135/170/84
f 135/170/84 141/178/90 138/182/87
f 141/178/90 147/186/96 144/181/93
f 147/186/96 153/194/102 150/189/99
f 153/194/102 159/201/108 156/197/105
f 159/201/108 165/209/114 162/205/111
f 165/209/114 171/218/120 168/221/117
f 171/218/120 177/226/126 174/230/123
f 177/226/126 183/233/132 180/229/129
f 183/233/132 189/242/138 186/245/135
f 189/242/138 195/250/144 192/254/141
f 195/250/144 201/257/150 198/253/147
f 201/257/150 207/266/156 204/270/153
f 207/266/156 213/273/162 210/269/159
f 213/273/162 219/282/168 216/286/165
f 219/282/168 225/289/174 222/285/171
f 225/289/174 231/298/180 228/302/177
f 231/298/180 237/306/186 234/301/183
f 237/306/186 243/313/192 240/309/189
f 243/313/192 249/322/198 246/326/195
f 249/322/198 255/329/204 252/325/201
f 255/329/204 261/337/210 258/333/207
f 261/337/210 267/346/216 264/349/213
f 267/346/216 273/354/222 270/357/219
f 270/357/219 273/354/222 279/361/228
f 279/361/228 285/369/234 282/374/231
f 285/369/234 291/377/240 288/373/237
f 291/377/240 297/385/246 294/381/243
f 297/385/246 303/394/252 300/398/249
usemtl gun_black
f 306/403/255 307/166/256 305/404/254
f 308/162/257 309/174/258 307/166/256
f 310/177/259 311/198/260 309/174/258
f 312/193/261 313/214/262 311/198/260
f 314/210/263 315/222/264 313/214/262
f 316/405/265 317/237/266 315/222/264
f 318/241/267 319/262/268 317/237/266
f 320/258/269 321/278/270 319/262/268
f 322/274/271 323/294/272 321/278/270
f 324/290/273 325/310/274 323/294/272
f 326/305/275 327/317/276 325/310/274
f 328/321/277 329/342/278 327/317/276
f 330/338/279 331/406/280 329/342/278
f 332/353/281 333/366/282 331/406/280
f 326/407/275 318/408/267 310/409/259
f 334/370/283 335/410/284 333/366/282
f 336/411/285 305/412/254 335/410/284
f 335/413/284 311/414/260 319/415/268
f 338/403/255 339/166/256 337/404/254
f 340/162/257 341/174/258 339/166/256
f 342/177/259 343/198/260 341/174/258
f 344/193/261 345/214/262 343/198/260
f 346/210/263 347/222/264 345/214/262
f 348/405/265 349/237/266 347/222/264
f 350/241/267 351/262/268 349/237/266
f 352/258/269 353/278/270 351/262/268
f 354/274/271 355/294/272 353/278/270
f 356/290/273 357/310/286 355/294/272
f 358/305/275 359/317/276 357/310/286
f 360/321/277 361/342/278 359/317/276
f 362/338/279 363/406/280 361/342/278
f 364/353/281 365/366/282 363/406/280
f 358/407/275 350/408/267 342/409/259
f 366/370/287 367/410/284 365/366/282
f 368/411/285 337/412/254 367/410/284
f 351/415/268 359/416/276 367/413/284
f 370/403/255 371/166/256 369/404/254
f 372/162/257 373/174/258 371/166/256
f 374/177/259 375/198/260 373/174/258
f 376/193/261 377/214/262 375/198/260
f 378/210/263 379/222/264 377/214/262
f 380/405/265 381/237/288 379/222/264
f 382/241/267 383/262/268 381/237/288
f 384/258/269 385/278/270 383/262/268
f 386/274/271 387/294/272 385/278/270
f 388/290/273 389/310/286 387/294/272
f 390/305/275 391/317/276 389/310/286
f 392/321/277 393/342/278 391/317/276
f 394/338/279 395/406/280 393/342/278
f 396/353/281 397/366/282 395/406/280
f 390/407/275 382/408/267 374/409/259
f 398/370/283 399/410/284 397/366/282
f 400/411/285 369/412/254 399/410/284
f 399/413/284 375/414/260 383/415/268
f 402/403/255 403/166/256 401/404/254
f 404/162/257 405/174/289 403/166/256
f 406/177/290 407/198/260 405/174/289
f 408/193/261 409/214/262 407/198/260
f 410/210/263 411/222/264 409/214/262
f 412/405/265 413/237/266 411/222/264
f 414/241/267 415/262/268 413/237/266
f 416/258/269 417/278/270 415/262/268
f 418/274/271 419/294/272 417/278/270
f 420/290/273 421/310/286 419/294/272
f 422/305/275 423/317/276 421/310/286
f 424/321/277 425/342/278 423/317/276
f 426/338/279 427/406/280 425/342/278
f 428/353/281 429/366/282 427/406/280
f 422/407/275 414/408/267 406/409/290
f 430/370/283 431/410/284 429/366/282
f 432/411/285 401/412/254 431/410/284
f 415/415/268 423/416/276 431/413/284
f 434/403/255 435/166/256 433/404/254
f 436/162/257 437/174/258 435/166/256
f 438/177/290 439/198/260 437/174/258
f 440/193/261 441/214/262 439/198/260
f 442/210/263 443/222/264 441/214/262
f 444/405/265 445/237/266 443/222/264
f 446/241/267 447/262/268 445/237/266
f 448/258/269 449/278/270 447/262/268
f 450/274/271 451/294/272 449/278/270
f 452/290/273 453/310/286 451/294/272
f 454/305/275 455/317/276 453/310/286
f 456/321/277 457/342/278 455/317/276
f 458/338/279 459/406/280 457/342/278
f 460/353/281 461/366/282 459/406/280
f 442/417/263 438/409/290 454/407/275
f 462/370/283 463/410/284 461/366/282
f 464/411/285 433/412/254 463/410/284
f 455/416/276 459/418/280 463/413/284
f 466/403/255 467/166/256 465/404/254
f 468/162/257 469/174/258 467/166/256
f 470/177/290 471/198/260 469/174/258
f 472/193/261 473/214/262 471/198/260
f 474/210/263 475/222/264 473/214/262
f 476/405/265 477/237/266 475/222/264
f 478/241/267 479/262/268 477/237/266
f 480/258/269 481/278/270 479/262/268
f 482/274/271 483/294/272 481/278/270
f 484/290/273 485/310/274 483/294/272
f 486/305/275 487/317/276 485/310/274
f 488/321/277 489/342/278 487/317/276
f 490/338/279 491/406/280 489/342/278
f 492/353/281 493/366/291 491/406/280
f 474/417/263 470/409/290 486/407/275
f 494/370/283 495/410/284 493/366/291
f 496/411/285 465/412/254 495/410/284
f 479/415/268 487/416/276 495/413/284
f 946/403/255 947/166/256 945/404/254
f 948/162/257 949/174/258 947/166/256
f 950/177/290 951/198/260 949/174/258
f 952/193/261 953/214/262 951/198/260
f 954/210/263 955/222/264 953/214/262
f 956/405/265 957/237/266 955/222/264
f 958/241/267 959/262/268 957/237/266
f 960/258/269 961/278/270 959/262/268
f 962/274/271 963/294/272 961/278/270
f 964/290/273 965/310/286 963/294/272
f 966/305/275 967/317/276 965/310/286
f 968/321/277 969/342/278 967/317/276
f 970/338/279 971/406/280 969/342/278
f 972/353/281 973/366/291 971/406/280
f 966/407/275 958/408/267 950/409/290
f 974/370/283 975/410/284 973/366/291
f 976/411/285 945/412/254 975/410/284
f 963/978/272 967/416/276 975/413/284
f 306/403/255 308/162/257 307/166/256
f 308/162/257 310/177/259 309/174/258
f 310/177/259 312/193/261 311/198/260
f 312/193/261 314/210/263 313/214/262
f 314/210/263 316/405/265 315/222/264
f 316/405/265 318/241/267 317/237/266
f 318/241/267 320/258/269 319/262/268
f 320/258/269 322/274/271 321/278/270
f 322/274/271 324/290/273 323/294/272
f 324/290/273 326/305/275 325/310/274
f 326/305/275 328/321/277 327/317/276
f 328/321/277 330/338/279 329/342/278
f 330/338/279 332/353/281 331/406/280
f 332/353/281 334/370/283 333/366/282
f 310/409/259 308/1887/257 334/1888/283
f 308/1887/257 306/1889/255 334/1888/283
f 306/1889/255 336/1890/285 334/1888/283
f 334/1888/283 332/1891/281 326/407/275
f 332/1891/281 330/1892/279 326/407/275
f 330/1892/279 328/1893/277 326/407/275
f 326/407/275 324/1894/273 322/1895/271
f 322/1895/271 320/1896/269 318/408/267
f 318/408/267 316/1897/265 314/417/263
f 314/417/263 312/1898/261 310/409/259
f 326/407/275 322/1895/271 318/408/267
f 318/408/267 314/417/263 310/409/259
f 310/409/259 334/1888/283 326/407/275
f 334/370/283 336/411/285 335/410/284
f 336/411/285 306/1899/255 305/412/254
f 335/413/284 305/1900/254 307/1901/256
f 307/1901/256 309/1902/258 311/414/260
f 311/414/260 313/1883/262 319/415/268
f 313/1883/262 315/1903/264 319/415/268
f 315/1903/264 317/1904/266 319/415/268
f 319/415/268 321/1905/270 323/978/272
f 323/978/272 325/1906/274 319/415/268
f 325/1906/274 327/416/276 319/415/268
f 327/416/276 329/1856/278 331/418/280
f 331/418/280 333/1907/282 335/413/284
f 335/413/284 307/1901/256 311/414/260
f 327/416/276 331/418/280 319/415/268
f 331/418/280 335/413/284 319/415/268
f 338/403/255 340/162/257 339/166/256
f 340/162/257 342/177/259 341/174/258
f 342/177/259 344/193/261 343/198/260
f 344/193/261 346/210/263 345/214/262
f 346/210/263 348/405/265 347/222/264
f 348/405/265 350/241/267 349/237/266
f 350/241/267 352/258/269 351/262/268
f 352/258/269 354/274/271 353/278/270
f 354/274/271 356/290/273 355/294/272
f 356/290/273 358/305/275 357/310/286
f 358/305/275 360/321/277 359/317/276
f 360/321/277 362/338/279 361/342/278
f 362/338/279 364/353/281 363/406/280
f 364/353/281 366/370/287 365/366/282
f 342/409/259 340/1887/257 338/1889/255
f 338/1889/255 368/1890/285 342/409/259
f 368/1890/285 366/1888/287 342/409/259
f 366/1888/287 364/1891/281 358/407/275
f 364/1891/281 362/1892/279 358/407/275
f 362/1892/279 360/1893/277 358/407/275
f 358/407/275 356/1894/273 354/1895/271
f 354/1895/271 352/1896/269 350/408/267
f 350/408/267 348/1897/265 346/417/263
f 346/417/263 344/1898/261 350/408/267
f 344/1898/261 342/409/259 350/408/267
f 358/407/275 354/1895/271 350/408/267
f 342/409/259 366/1888/287 358/407/275
f 366/370/287 368/411/285 367/410/284
f 368/411/285 338/1899/255 337/412/254
f 367/413/284 337/1900/254 339/1901/256
f 339/1901/256 341/1902/258 343/414/260
f 343/414/260 345/1883/262 347/1903/264
f 347/1903/264 349/1904/266 351/415/268
f 351/415/268 353/1905/270 359/416/276
f 353/1905/270 355/978/272 359/416/276
f 355/978/272 357/1906/286 359/416/276
f 359/416/276 361/1856/278 363/418/280
f 363/418/280 365/1907/282 367/413/284
f 367/413/284 339/1901/256 343/414/260
f 343/414/260 347/1903/264 351/415/268
f 359/416/276 363/418/280 367/413/284
f 367/413/284 343/414/260 351/415/268
f 370/403/255 372/162/257 371/166/256
f 372/162/257 374/177/259 373/174/258
f 374/177/259 376/193/261 375/198/260
f 376/193/261 378/210/263 377/214/262
f 378/210/263 380/405/265 379/222/264
f 380/405/265 382/241/267 381/237/288
f 382/241/267 384/258/269 383/262/268
f 384/258/269 386/274/271 385/278/270
f 386/274/271 388/290/273 387/294/272
f 388/290/273 390/305/275 389/310/286
f 390/305/275 392/321/277 391/317/276
f 392/321/277 394/338/279 393/342/278
f 394/338/279 396/353/281 395/406/280
f 396/353/281 398/370/283 397/366/282
f 374/409/259 372/1887/257 370/1889/255
f 370/1889/255 400/1890/285 374/409/259
f 400/1890/285 398/1888/283 374/409/259
f 398/1888/283 396/1891/281 394/1892/279
f 394/1892/279 392/1893/277 390/407/275
f 390/407/275 388/1894/273 386/1895/271
f 386/1895/271 384/1896/269 382/408/267
f 382/408/267 380/1897/265 378/417/263
f 378/417/263 376/1898/261 382/408/267
f 376/1898/261 374/409/259 382/408/267
f 398/1888/283 394/1892/279 390/407/275
f 390/407/275 386/1895/271 382/408/267
f 374/409/259 398/1888/283 390/407/275
f 398/370/283 400/411/285 399/410/284
f 400/411/285 370/1899/255 369/412/254
f 399/413/284 369/1900/254 371/1901/256
f 371/1901/256 373/1902/258 375/414/260
f 375/414/260 377/1883/262 379/1903/264
f 379/1903/264 381/1904/288 375/414/260
f 381/1904/288 383/415/268 375/414/260
f 383/415/268 385/1905/270 387/978/272
f 387/978/272 389/1906/286 391/416/276
f 391/416/276 393/1856/278 399/413/284
f 393/1856/278 395/418/280 399/413/284
f 395/418/280 397/1907/282 399/413/284
f 399/413/284 371/1901/256 375/414/260
f 383/415/268 387/978/272 399/413/284
f 387/978/272 391/416/276 399/413/284
f 402/403/255 404/162/257 403/166/256
f 404/162/257 406/177/290 405/174/289
f 406/177/290 408/193/261 407/198/260
f 408/193/261 410/210/263 409/214/262
f 410/210/263 412/405/265 411/222/264
f 412/405/265 414/241/267 413/237/266
f 414/241/267 416/258/269 415/262/268
f 416/258/269 418/274/271 417/278/270
f 418/274/271 420/290/273 419/294/272
f 420/290/273 422/305/275 421/310/286
f 422/305/275 424/321/277 423/317/276
f 424/321/277 426/338/279 425/342/278
f 426/338/279 428/353/281 427/406/280
f 428/353/281 430/370/283 429/366/282
f 406/409/290 404/1887/257 402/1889/255
f 402/1889/255 432/1890/285 430/1888/283
f 430/1888/283 428/1891/281 426/1892/279
f 426/1892/279 424/1893/277 422/407/275
f 422/407/275 420/1894/273 418/1895/271
f 418/1895/271 416/1896/269 414/408/267
f 414/408/267 412/1897/265 410/417/263
f 410/417/263 408/1898/261 406/409/290
f 406/409/290 402/1889/255 430/1888/283
f 430/1888/283 426/1892/279 406/409/290
f 426/1892/279 422/407/275 406/409/290
f 422/407/275 418/1895/271 414/408/267
f 414/408/267 410/417/263 406/409/290
f 430/370/283 432/411/285 431/410/284
f 432/411/285 402/1899/255 401/412/254
f 431/413/284 401/1900/254 403/1901/256
f 403/1901/256 405/1902/289 431/413/284
f 405/1902/289 407/414/260 431/413/284
f 407/414/260 409/1883/262 411/1903/264
f 411/1903/264 413/1904/266 415/415/268
f 415/415/268 417/1905/270 423/416/276
f 417/1905/270 419/978/272 423/416/276
f 419/978/272 421/1906/286 423/416/276
f 423/416/276 425/1856/278 431/413/284
f 425/1856/278 427/418/280 431/413/284
f 427/418/280 429/1907/282 431/413/284
f 407/414/260 411/1903/264 431/413/284
f 411/1903/264 415/415/268 431/413/284
f 434/403/255 436/162/257 435/166/256
f 436/162/257 438/177/290 437/174/258
f 438/177/290 440/193/261 439/198/260
f 440/193/261 442/210/263 441/214/262
f 442/210/263 444/405/265 443/222/264
f 444/405/265 446/241/267 445/237/266
f 446/241/267 448/258/269 447/262/268
f 448/258/269 450/274/271 449/278/270
f 450/274/271 452/290/273 451/294/272
f 452/290/273 454/305/275 453/310/286
f 454/305/275 456/321/277 455/317/276
f 456/321/277 458/338/279 457/342/278
f 458/338/279 460/353/281 459/406/280
f 460/353/281 462/370/283 461/366/282
f 438/409/290 436/1887/257 434/1889/255
f 434/1889/255 464/1890/285 462/1888/283
f 462/1888/283 460/1891/281 458/1892/279
f 458/1892/279 456/1893/277 454/407/275
f 454/407/275 452/1894/273 450/1895/271
f 450/1895/271 448/1896/269 446/408/267
f 446/408/267 444/1897/265 442/417/263
f 442/417/263 440/1898/261 438/409/290
f 438/409/290 434/1889/255 462/1888/283
f 462/1888/283 458/1892/279 438/409/290
f 458/1892/279 454/407/275 438/409/290
f 454/407/275 450/1895/271 446/408/267
f 446/408/267 442/417/263 454/407/275
f 462/370/283 464/411/285 463/410/284
f 464/411/285 434/1899/255 433/412/254
f 463/413/284 433/1900/254 435/1901/256
f 435/1901/256 437/1902/258 439/414/260
f 439/414/260 441/1883/262 443/1903/264
f 443/1903/264 445/1904/266 447/415/268
f 447/415/268 449/1905/270 451/978/272
f 451/978/272 453/1906/286 455/416/276
f 455/416/276 457/1856/278 459/418/280
f 459/418/280 461/1907/282 463/413/284
f 463/413/284 435/1901/256 447/415/268
f 435/1901/256 439/414/260 447/415/268
f 439/414/260 443/1903/264 447/415/268
f 447/415/268 451/978/272 463/413/284
f 451/978/272 455/416/276 463/413/284
f 466/403/255 468/162/257 467/166/256
f 468/162/257 470/177/290 469/174/258
f 470/177/290 472/193/261 471/198/260
f 472/193/261 474/210/263 473/214/262
f 474/210/263 476/405/265 475/222/264
f 476/405/265 478/241/267 477/237/266
f 478/241/267 480/258/269 479/262/268
f 480/258/269 482/274/271 481/278/270
f 482/274/271 484/290/273 483/294/272
f 484/290/273 486/305/275 485/310/274
f 486/305/275 488/321/277 487/317/276
f 488/321/277 490/338/279 489/342/278
f 490/338/279 492/353/281 491/406/280
f 492/353/281 494/370/283 493/366/291
f 470/409/290 468/1887/257 466/1889/255
f 466/1889/255 496/1890/285 494/1888/283
f 494/1888/283 492/1891/281 490/1892/279
f 490/1892/279 488/1893/277 486/407/275
f 486/407/275 484/1894/273 482/1895/271
f 482/1895/271 480/1896/269 478/408/267
f 478/408/267 476/1897/265 474/417/263
f 474/417/263 472/1898/261 470/409/290
f 470/409/290 466/1889/255 494/1888/283
f 494/1888/283 490/1892/279 470/409/290
f 490/1892/279 486/407/275 470/409/290
f 486/407/275 482/1895/271 478/408/267
f 478/408/267 474/417/263 486/407/275
f 494/370/283 496/411/285 495/410/284
f 496/411/285 466/1899/255 465/412/254
f 495/413/284 465/1900/254 467/1901/256
f 467/1901/256 469/1902/258 471/414/260
f 471/414/260 473/1883/262 479/415/268
f 473/1883/262 475/1903/264 479/415/268
f 475/1903/264 477/1904/266 479/415/268
f 479/415/268 481/1905/270 483/978/272
f 483/978/272 485/1906/274 479/415/268
f 485/1906/274 487/416/276 479/415/268
f 487/416/276 489/1856/278 491/418/280
f 491/418/280 493/1907/291 487/416/276
f 493/1907/291 495/413/284 487/416/276
f 495/413/284 467/1901/256 479/415/268
f 467/1901/256 471/414/260 479/415/268
f 946/403/255 948/162/257 947/166/256
f 948/162/257 950/177/290 949/174/258
f 950/177/290 952/193/261 951/198/260
f 952/193/261 954/210/263 953/214/262
f 954/210/263 956/405/265 955/222/264
f 956/405/265 958/241/267 957/237/266
f 958/241/267 960/258/269 959/262/268
f 960/258/269 962/274/271 961/278/270
f 962/274/271 964/290/273 963/294/272
f 964/290/273 966/305/275 965/310/286
f 966/305/275 968/321/277 967/317/276
f 968/321/277 970/338/279 969/342/278
f 970/338/279 972/353/281 971/406/280
f 972/353/281 974/370/283 973/366/291
f 950/409/290 948/1887/257 946/1889/255
f 946/1889/255 976/1890/285 950/409/290
f 976/1890/285 974/1888/283 950/409/290
f 974/1888/283 972/1891/281 970/1892/279
f 970/1892/279 968/1893/277 966/407/275
f 966/407/275 964/1894/273 962/1895/271
f 962/1895/271 960/1896/269 966/407/275
f 960/1896/269 958/408/267 966/407/275
f 958/408/267 956/1897/265 954/417/263
f 954/417/263 952/1898/261 950/409/290
f 974/1888/283 970/1892/279 966/407/275
f 958/408/267 954/417/263 950/409/290
f 950/409/290 974/1888/283 966/407/275
f 974/370/283 976/411/285 975/410/284
f 976/411/285 946/1899/255 945/412/254
f 975/413/284 945/1900/254 947/1901/256
f 947/1901/256 949/1902/258 951/414/260
f 951/414/260 953/1883/262 959/415/268
f 953/1883/262 955/1903/264 959/415/268
f 955/1903/264 957/1904/266 959/415/268
f 959/415/268 961/1905/270 963/978/272
f 963/978/272 965/1906/286 967/416/276
f 967/416/276 969/1856/278 971/418/280
f 971/418/280 973/1907/291 967/416/276
f 973/1907/291 975/413/284 967/416/276
f 975/413/284 947/1901/256 959/415/268
f 947/1901/256 951/414/260 959/415/268
f 959/415/268 963/978/272 975/413/284
usemtl gun_brass
f 778/788/293 785/432/300 779/789/294
f 779/790/294 783/791/476 777/792/292
f 781/793/296 788/426/303 787/794/479
f 782/795/297 786/796/478 788/797/303
f 790/798/305 785/432/300 784/799/477
f 791/800/306 783/791/476 785/801/300
f 793/802/308 788/426/303 794/436/309
f 794/803/309 786/796/478 792/804/307
f 796/805/311 791/440/306 790/798/305
f 797/806/312 789/807/304 791/800/306
f 799/808/314 794/436/309 800/444/315
f 800/809/315 792/804/307 798/810/313
f 796/805/311 803/447/318 797/448/312
f 803/811/318 795/812/310 797/806/312
f 799/808/314 806/452/321 805/813/320
f 806/814/321 798/810/313 804/815/319
f 802/816/317 809/456/324 803/447/318
f 803/811/318 807/817/322 801/818/316
f 805/813/320 812/819/327 811/820/326
f 806/814/321 810/821/325 812/822/327
f 808/823/323 815/464/330 809/456/324
f 815/824/330 807/817/322 809/825/324
f 811/820/326 818/468/333 817/826/332
f 818/827/333 810/821/325 816/828/331
f 814/829/329 821/480/336 815/464/330
f 821/830/336 813/831/328 815/824/330
f 817/826/332 824/475/339 823/832/338
f 824/833/339 816/828/331 822/834/337
f 826/835/341 821/480/336 820/836/335
f 821/830/336 825/837/340 819/838/334
f 829/839/344 824/475/339 830/483/345
f 824/833/339 828/840/343 830/841/345
f 832/842/347 827/843/342 826/835/341
f 827/844/342 831/845/346 825/837/340
f 835/846/480 830/483/345 836/491/351
f 830/841/345 834/847/349 836/848/351
f 838/849/481 833/488/348 832/842/347
f 839/850/354 831/845/346 833/851/348
f 841/852/356 836/491/351 842/500/357
f 842/853/357 834/847/349 840/854/355
f 838/849/481 845/504/360 839/496/354
f 845/855/360 837/856/352 839/850/354
f 841/852/356 848/508/363 847/857/362
f 848/858/363 840/854/355 846/859/361
f 844/860/359 851/520/366 845/504/360
f 845/855/360 849/861/364 843/862/358
f 847/857/362 854/516/369 853/863/368
f 848/858/363 852/864/367 854/865/369
f 856/866/371 851/520/366 850/867/482
f 851/868/366 855/869/370 849/861/364
f 859/870/374 854/516/369 860/524/375
f 854/865/369 858/871/373 860/872/375
f 862/873/377 857/528/372 856/866/371
f 863/874/378 855/869/370 857/875/372
f 865/876/380 860/524/375 866/532/381
f 866/877/381 858/871/373 864/878/379
f 862/873/377 869/879/384 863/536/378
f 863/874/378 867/880/382 861/881/376
f 865/876/380 872/882/387 871/883/386
f 866/877/381 870/884/483 872/885/387
f 868/886/383 875/544/390 869/879/384
f 875/887/390 867/880/382 869/888/384
f 871/883/386 878/547/393 877/889/392
f 878/890/393 870/884/483 876/891/391
f 880/892/395 875/544/390 874/893/389
f 881/894/396 873/895/388 875/887/390
f 883/896/398 878/547/393 884/897/399
f 884/898/399 876/891/391 882/899/397
f 886/900/401 881/901/396 880/892/395
f 881/894/396 885/902/400 879/903/394
f 889/904/404 884/897/399 890/563/405
f 884/898/399 888/905/403 890/906/405
f 886/900/401 893/907/408 887/568/402
f 887/908/402 891/909/406 885/902/400
f 889/904/404 896/910/411 895/911/484
f 890/906/405 894/912/409 896/913/411
f 892/914/407 899/584/414 893/907/408
f 899/915/414 891/909/406 893/916/408
f 895/911/484 902/580/417 901/917/416
f 902/918/417 894/912/409 900/919/415
f 898/920/413 905/592/420 899/584/414
f 905/921/420 897/922/412 899/915/414
f 901/917/416 908/588/423 907/923/422
f 908/924/423 900/919/415 906/925/421
f 910/926/425 905/592/420 904/927/419
f 905/921/420 909/928/424 903/929/418
f 913/930/428 908/588/423 914/931/429
f 908/924/423 912/932/427 914/933/429
f 916/934/431 911/935/426 910/926/425
f 911/936/426 915/937/430 909/928/424
f 919/938/434 914/931/429 920/939/435
f 914/933/429 918/940/433 920/941/435
f 922/942/437 917/943/432 916/934/431
f 923/944/438 915/937/430 917/945/432
f 925/946/440 920/939/435 926/947/441
f 926/948/441 918/940/433 924/949/439
f 928/950/443 923/616/438 922/942/437
f 923/944/438 927/951/485 921/952/436
f 931/953/446 926/947/441 932/619/447
f 926/948/441 930/954/445 932/955/447
f 928/950/443 935/956/450 929/957/444
f 929/958/444 933/959/448 927/951/485
f 931/953/446 938/960/453 937/961/452
f 932/955/447 936/962/451 938/963/453
f 934/964/449 941/965/456 935/956/450
f 935/966/450 939/967/454 933/959/448
f 937/961/452 944/968/459 943/969/486
f 938/963/453 942/970/457 944/971/459
f 778/972/293 941/965/456 940/973/455
f 779/790/294 939/967/454 941/974/456
f 781/975/296 944/968/459 782/976/297
f 782/795/297 942/970/457 780/977/475
f 939/967/454 819/838/334 867/880/382
f 781/793/296 784/799/477 778/788/293
f 943/969/486 778/972/293 940/973/455
f 912/932/427 864/878/379 816/828/331
f 787/794/479 790/798/305 784/799/477
f 793/802/308 796/805/311 790/798/305
f 799/808/314 802/816/317 796/805/311
f 805/813/320 808/823/323 802/816/317
f 811/820/326 814/829/329 808/823/323
f 817/826/332 820/836/335 814/829/329
f 823/832/338 826/835/341 820/836/335
f 829/839/344 832/842/347 826/835/341
f 835/846/480 838/849/481 832/842/347
f 841/852/356 844/860/359 838/849/481
f 847/857/362 850/867/482 844/860/359
f 853/863/368 856/866/371 850/867/482
f 859/870/374 862/873/377 856/866/371
f 865/876/380 868/886/383 862/873/377
f 871/883/386 874/893/389 868/886/383
f 877/889/392 880/892/395 874/893/389
f 883/896/398 886/900/401 880/892/395
f 889/904/404 892/914/407 886/900/401
f 895/911/484 898/920/413 892/914/407
f 901/917/416 904/927/419 898/920/413
f 907/923/422 910/926/425 904/927/419
f 913/930/428 916/934/431 910/926/425
f 919/938/434 922/942/437 916/934/431
f 925/946/440 928/950/443 922/942/437
f 931/953/446 934/964/449 928/950/443
f 937/961/452 940/973/455 934/964/449
f 1737/1746/842 1741/1747/898 1743/1748/848
f 1738/1749/843 1741/1750/898 1740/1751/845
f 1739/1752/844 1741/1753/898 1742/1754/847
f 1744/1755/849 1748/1756/900 1750/258/855
f 1745/1757/899 1748/1758/900 1747/1759/852
f 1746/1760/851 1748/1761/900 1749/1762/854
f 1751/1763/856 1755/1764/860 1757/1765/862
f 1752/1766/857 1755/1767/860 1754/1768/859
f 1753/1769/858 1755/1767/860 1756/1770/861
f 1758/1771/863 1762/1772/902 1764/1773/869
f 1759/1774/901 1762/1775/902 1761/1776/866
f 1760/1777/865 1762/1775/902 1763/1778/903
f 1765/1779/870 1769/1780/904 1771/1781/876
f 1766/1782/871 1769/1780/904 1768/1783/873
f 1767/1784/872 1769/1780/904 1770/1785/875
f 1772/1786/877 1776/1787/905 1778/1788/883
f 1773/1789/878 1776/1787/905 1775/1790/880
f 1774/1791/879 1776/1787/905 1777/1792/882
f 1779/1793/884 1783/1794/888 1785/1795/890
f 1780/1796/885 1783/1794/888 1782/1797/887
f 1781/1798/886 1783/1794/888 1784/294/889
f 1786/1799/891 1790/1800/906 1792/1801/897
f 1787/1802/892 1790/1800/906 1789/1803/894
f 1788/1804/893 1790/1800/906 1791/262/907
f 1751/1763/856 1743/1748/848 1754/1805/859
f 1743/1806/848 1752/1766/857 1754/1768/859
f 1738/1749/843 1750/258/855 1742/290/847
f 1750/1807/855 1739/1752/844 1742/1754/847
f 1745/1757/899 1764/1773/869 1749/1808/854
f 1764/1809/869 1746/1760/851 1749/1762/854
f 1759/1774/901 1756/1770/861 1763/1778/903
f 1756/1770/861 1760/1777/865 1763/1778/903
f 1751/1763/856 1782/1797/887 1779/1793/884
f 1757/1810/862 1780/1796/885 1782/1797/887
f 1786/1799/891 1761/1811/866 1758/1771/863
f 1792/1801/897 1759/1774/901 1761/1776/866
f 1787/1802/892 1784/294/889 1791/262/907
f 1784/294/889 1788/1804/893 1791/262/907
f 1779/1793/884 1768/1783/873 1765/1779/870
f 1768/1783/873 1781/1798/886 1766/1782/871
f 1772/1786/877 1789/1803/894 1786/1799/891
f 1789/1803/894 1774/1791/879 1787/1802/892
f 1767/1784/872 1777/1792/882 1773/1789/878
f 1777/1792/882 1766/1782/871 1774/1791/879
f 1765/1779/870 1740/1812/845 1737/1746/842
f 1771/1781/876 1738/1749/843 1740/1751/845
f 1745/1757/899 1775/1790/880 1772/1786/877
f 1747/1813/852 1773/1789/878 1775/1790/880
f 1779/1793/884 1737/1746/842 1751/1763/856
f 1746/1760/851 1752/1766/857 1739/1752/844
f 1773/1789/878 1738/1749/843 1767/1784/872
f 1758/1771/863 1772/1786/877 1786/1799/891
f 1759/1774/901 1780/1796/885 1753/1769/858
f 1781/1798/886 1774/1791/879 1766/1782/871
f 1794/403/909 1795/1814/910 1793/404/908
f 1796/1815/911 1797/1816/912 1795/1814/910
f 1798/1817/913 1799/713/914 1797/1816/912
f 1800/1818/915 1801/1819/916 1799/713/914
f 1802/1820/917 1803/1821/918 1801/1819/916
f 1804/1822/919 1805/1823/920 1803/1821/918
f 1806/1824/921 1807/1825/922 1805/1823/920
f 1808/1826/923 1809/1827/924 1807/1825/922
f 1810/1828/925 1811/1829/926 1809/1827/924
f 1812/1830/927 1813/1831/928 1811/1829/926
f 1814/1832/929 1815/1833/930 1813/1831/928
f 1816/1834/931 1817/1835/932 1815/1833/930
f 1818/1836/933 1819/1837/934 1817/1835/932
f 1820/1838/935 1821/1839/936 1819/1837/934
f 1822/1840/937 1823/1841/938 1821/1839/936
f 1824/1842/939 1825/1843/940 1823/1841/938
f 1826/1844/941 1827/1845/942 1825/1843/940
f 1828/1846/943 1829/1847/944 1827/1845/942
f 1822/1848/937 1806/1849/921 1798/1850/913
f 1830/1851/945 1831/1852/946 1829/1847/944
f 1832/1853/947 1793/1854/908 1831/1852/946
f 1815/1855/930 1823/1856/938 1831/1857/946
f 1834/403/949 1835/1490/950 1833/404/948
f 1836/1482/951 1837/1858/952 1835/1490/950
f 1838/1859/953 1839/1860/954 1837/1858/952
f 1840/1861/955 1841/1862/956 1839/1860/954
f 1842/1863/957 1843/1864/958 1841/1862/956
f 1844/1865/959 1845/1866/960 1843/1864/958
f 1846/1867/961 1847/1868/962 1845/1866/960
f 1848/1869/963 1849/1870/964 1847/1868/962
f 1850/1871/965 1851/1872/966 1849/1870/964
f 1852/1873/967 1853/1874/968 1851/1872/966
f 1842/1875/957 1838/1876/953 1854/1877/969
f 1854/1878/969 1855/1879/970 1853/1874/968
f 1856/1880/971 1833/1881/948 1855/1879/970
f 1835/1882/950 1839/1883/954 1847/1884/962
f 1858/403/909 1859/1814/910 1857/404/908
f 1860/1815/911 1861/1816/912 1859/1814/910
f 1862/1817/913 1863/713/914 1861/1816/912
f 1864/1818/915 1865/1819/916 1863/713/914
f 1866/1820/917 1867/1821/918 1865/1819/916
f 1868/1822/919 1869/1823/920 1867/1821/918
f 1870/1824/921 1871/1825/922 1869/1823/920
f 1872/1826/923 1873/1827/924 1871/1825/922
f 1874/1828/925 1875/1829/926 1873/1827/924
f 1876/1830/927 1877/1831/928 1875/1829/926
f 1878/1832/929 1879/1833/930 1877/1831/928
f 1880/1834/931 1881/1835/932 1879/1833/930
f 1882/1836/933 1883/1837/934 1881/1835/932
f 1884/1838/935 1885/1839/936 1883/1837/934
f 1886/1840/937 1887/1841/938 1885/1839/936
f 1888/1842/939 1889/1843/940 1887/1841/938
f 1890/1844/941 1891/1845/942 1889/1843/940
f 1892/1846/943 1893/1847/944 1891/1845/942
f 1886/1848/937 1870/1849/921 1862/1850/913
f 1894/1851/945 1895/1852/946 1893/1847/944
f 1896/1853/947 1857/1854/908 1895/1852/946
f 1879/1855/930 1887/1856/938 1895/1857/946
f 1898/403/949 1899/1490/950 1897/404/948
f 1900/1482/951 1901/1858/952 1899/1490/950
f 1902/1859/953 1903/1860/954 1901/1858/952
f 1904/1861/955 1905/1862/956 1903/1860/954
f 1906/1863/957 1907/1864/958 1905/1862/956
f 1908/1865/959 1909/1866/960 1907/1864/958
f 1910/1867/961 1911/1868/962 1909/1866/960
f 1912/1869/963 1913/1870/964 1911/1868/962
f 1914/1871/965 1915/1872/966 1913/1870/964
f 1916/1873/967 1917/1874/968 1915/1872/966
f 1906/1875/957 1902/1876/953 1918/1877/969
f 1918/1878/969 1919/1879/970 1917/1874/968
f 1920/1880/971 1897/1881/948 1919/1879/970
f 1899/1882/950 1903/1883/954 1911/1884/962
f 778/788/293 784/799/477 785/432/300
f 779/790/294 785/801/300 783/791/476
f 781/793/296 782/1911/297 788/426/303
f 782/795/297 780/977/475 786/796/478
f 790/798/305 791/440/306 785/432/300
f 791/800/306 789/807/304 783/791/476
f 793/802/308 787/794/479 788/426/303
f 794/803/309 788/797/303 786/796/478
f 796/805/311 797/448/312 791/440/306
f 797/806/312 795/812/310 789/807/304
f 799/808/314 793/802/308 794/436/309
f 800/809/315 794/803/309 792/804/307
f 796/805/311 802/816/317 803/447/318
f 803/811/318 801/818/316 795/812/310
f 799/808/314 800/444/315 806/452/321
f 806/814/321 800/809/315 798/810/313
f 802/816/317 808/823/323 809/456/324
f 803/811/318 809/825/324 807/817/322
f 805/813/320 806/452/321 812/819/327
f 806/814/321 804/815/319 810/821/325
f 808/823/323 814/829/329 815/464/330
f 815/824/330 813/831/328 807/817/322
f 811/820/326 812/819/327 818/468/333
f 818/827/333 812/822/327 810/821/325
f 814/829/329 820/836/335 821/480/336
f 821/830/336 819/838/334 813/831/328
f 817/826/332 818/468/333 824/475/339
f 824/833/339 818/827/333 816/828/331
f 826/835/341 827/843/342 821/480/336
f 821/830/336 827/844/342 825/837/340
f 829/839/344 823/832/338 824/475/339
f 824/833/339 822/834/337 828/840/343
f 832/842/347 833/488/348 827/843/342
f 827/844/342 833/851/348 831/845/346
f 835/846/480 829/839/344 830/483/345
f 830/841/345 828/840/343 834/847/349
f 838/849/481 839/496/354 833/488/348
f 839/850/354 837/856/352 831/845/346
f 841/852/356 835/846/480 836/491/351
f 842/853/357 836/848/351 834/847/349
f 838/849/481 844/860/359 845/504/360
f 845/855/360 843/862/358 837/856/352
f 841/852/356 842/500/357 848/508/363
f 848/858/363 842/853/357 840/854/355
f 844/860/359 850/867/482 851/520/366
f 845/855/360 851/868/366 849/861/364
f 847/857/362 848/508/363 854/516/369
f 848/858/363 846/859/361 852/864/367
f 856/866/371 857/528/372 851/520/366
f 851/868/366 857/875/372 855/869/370
f 859/870/374 853/863/368 854/516/369
f 854/865/369 852/864/367 858/871/373
f 862/873/377 863/536/378 857/528/372
f 863/874/378 861/881/376 855/869/370
f 865/876/380 859/870/374 860/524/375
f 866/877/381 860/872/375 858/871/373
f 862/873/377 868/886/383 869/879/384
f 863/874/378 869/888/384 867/880/382
f 865/876/380 866/532/381 872/882/387
f 866/877/381 864/878/379 870/884/483
f 868/886/383 874/893/389 875/544/390
f 875/887/390 873/895/388 867/880/382
f 871/883/386 872/882/387 878/547/393
f 878/890/393 872/885/387 870/884/483
f 880/892/395 881/901/396 875/544/390
f 881/894/396 879/903/394 873/895/388
f 883/896/398 877/889/392 878/547/393
f 884/898/399 878/890/393 876/891/391
f 886/900/401 887/568/402 881/901/396
f 881/894/396 887/908/402 885/902/400
f 889/904/404 883/896/398 884/897/399
f 884/898/399 882/899/397 888/905/403
f 886/900/401 892/914/407 893/907/408
f 887/908/402 893/916/408 891/909/406
f 889/904/404 890/563/405 896/910/411
f 890/906/405 888/905/403 894/912/409
f 892/914/407 898/920/413 899/584/414
f 899/915/414 897/922/412 891/909/406
f 895/911/484 896/910/411 902/580/417
f 902/918/417 896/913/411 894/912/409
f 898/920/413 904/927/419 905/592/420
f 905/921/420 903/929/418 897/922/412
f 901/917/416 902/580/417 908/588/423
f 908/924/423 902/918/417 900/919/415
f 910/926/425 911/935/426 905/592/420
f 905/921/420 911/936/426 909/928/424
f 913/930/428 907/923/422 908/588/423
f 908/924/423 906/925/421 912/932/427
f 916/934/431 917/943/432 911/935/426
f 911/936/426 917/945/432 915/937/430
f 919/938/434 913/930/428 914/931/429
f 914/933/429 912/932/427 918/940/433
f 922/942/437 923/616/438 917/943/432
f 923/944/438 921/952/436 915/937/430
f 925/946/440 919/938/434 920/939/435
f 926/948/441 920/941/435 918/940/433
f 928/950/443 929/957/444 923/616/438
f 923/944/438 929/958/444 927/951/485
f 931/953/446 925/946/440 926/947/441
f 926/948/441 924/949/439 930/954/445
f 928/950/443 934/964/449 935/956/450
f 929/958/444 935/966/450 933/959/448
f 931/953/446 932/619/447 938/960/453
f 932/955/447 930/954/445 936/962/451
f 934/964/449 940/973/455 941/965/456
f 935/966/450 941/974/456 939/967/454
f 937/961/452 938/960/453 944/968/459
f 938/963/453 936/962/451 942/970/457
f 778/972/293 779/1912/294 941/965/456
f 779/790/294 777/792/292 939/967/454
f 781/975/296 943/969/486 944/968/459
f 782/795/297 944/971/459 942/970/457
f 939/967/454 777/792/292 783/791/476
f 783/791/476 789/807/304 795/812/310
f 795/812/310 801/818/316 807/817/322
f 807/817/322 813/831/328 795/812/310
f 813/831/328 819/838/334 795/812/310
f 819/838/334 825/837/340 843/862/358
f 825/837/340 831/845/346 843/862/358
f 831/845/346 837/856/352 843/862/358
f 843/862/358 849/861/364 855/869/370
f 855/869/370 861/881/376 867/880/382
f 867/880/382 873/895/388 879/903/394
f 879/903/394 885/902/400 891/909/406
f 891/909/406 897/922/412 903/929/418
f 903/929/418 909/928/424 891/909/406
f 909/928/424 915/937/430 891/909/406
f 915/937/430 921/952/436 939/967/454
f 921/952/436 927/951/485 939/967/454
f 927/951/485 933/959/448 939/967/454
f 939/967/454 783/791/476 795/812/310
f 843/862/358 855/869/370 867/880/382
f 867/880/382 879/903/394 915/937/430
f 879/903/394 891/909/406 915/937/430
f 939/967/454 795/812/310 819/838/334
f 819/838/334 843/862/358 867/880/382
f 915/937/430 939/967/454 867/880/382
f 781/793/296 787/794/479 784/799/477
f 943/969/486 781/975/296 778/972/293
f 792/804/307 786/796/478 780/977/475
f 780/977/475 942/970/457 792/804/307
f 942/970/457 936/962/451 792/804/307
f 936/962/451 930/954/445 924/949/439
f 924/949/439 918/940/433 912/932/427
f 912/932/427 906/925/421 900/919/415
f 900/919/415 894/912/409 888/905/403
f 888/905/403 882/899/397 864/878/379
f 882/899/397 876/891/391 864/878/379
f 876/891/391 870/884/483 864/878/379
f 864/878/379 858/871/373 840/854/355
f 858/871/373 852/864/367 840/854/355
f 852/864/367 846/859/361 840/854/355
f 840/854/355 834/847/349 828/840/343
f 828/840/343 822/834/337 816/828/331
f 816/828/331 810/821/325 804/815/319
f 804/815/319 798/810/313 792/804/307
f 936/962/451 924/949/439 912/932/427
f 912/932/427 900/919/415 888/905/403
f 840/854/355 828/840/343 816/828/331
f 816/828/331 804/815/319 792/804/307
f 792/804/307 936/962/451 912/932/427
f 912/932/427 888/905/403 864/878/379
f 864/878/379 840/854/355 816/828/331
f 816/828/331 792/804/307 912/932/427
f 787/794/479 793/802/308 790/798/305
f 793/802/308 799/808/314 796/805/311
f 799/808/314 805/813/320 802/816/317
f 805/813/320 811/820/326 808/823/323
f 811/820/326 817/826/332 814/829/329
f 817/826/332 823/832/338 820/836/335
f 823/832/338 829/839/344 826/835/341
f 829/839/344 835/846/480 832/842/347
f 835/846/480 841/852/356 838/849/481
f 841/852/356 847/857/362 844/860/359
f 847/857/362 853/863/368 850/867/482
f 853/863/368 859/870/374 856/866/371
f 859/870/374 865/876/380 862/873/377
f 865/876/380 871/883/386 868/886/383
f 871/883/386 877/889/392 874/893/389
f 877/889/392 883/896/398 880/892/395
f 883/896/398 889/904/404 886/900/401
f 889/904/404 895/911/484 892/914/407
f 895/911/484 901/917/416 898/920/413
f 901/917/416 907/923/422 904/927/419
f 907/923/422 913/930/428 910/926/425
f 913/930/428 919/938/434 916/934/431
f 919/938/434 925/946/440 922/942/437
f 925/946/440 931/953/446 928/950/443
f 931/953/446 937/961/452 934/964/449
f 937/961/452 943/969/486 940/973/455
f 1737/1746/842 1740/1812/845 1741/1747/898
f 1738/1749/843 1742/290/847 1741/1750/898
f 1739/1752/844 1743/1806/848 1741/1753/898
f 1744/1755/849 1747/1813/852 1748/1756/900
f 1745/1757/899 1749/1808/854 1748/1758/900
f 1746/1760/851 1750/1807/855 1748/1761/900
f 1751/1763/856 1754/1805/859 1755/1764/860
f 1752/1766/857 1756/1770/861 1755/1767/860
f 1753/1769/858 1757/1810/862 1755/1767/860
f 1758/1771/863 1761/1811/866 1762/1772/902
f 1759/1774/901 1763/1778/903 1762/1775/902
f 1760/1777/865 1764/1809/869 1762/1775/902
f 1765/1779/870 1768/1783/873 1769/1780/904
f 1766/1782/871 1770/1785/875 1769/1780/904
f 1767/1784/872 1771/1781/876 1769/1780/904
f 1772/1786/877 1775/1790/880 1776/1787/905
f 1773/1789/878 1777/1792/882 1776/1787/905
f 1774/1791/879 1778/1788/883 1776/1787/905
f 1779/1793/884 1782/1797/887 1783/1794/888
f 1780/1796/885 1784/294/889 1783/1794/888
f 1781/1798/886 1785/1795/890 1783/1794/888
f 1786/1799/891 1789/1803/894 1790/1800/906
f 1787/1802/892 1791/262/907 1790/1800/906
f 1788/1804/893 1792/1801/897 1790/1800/906
f 1751/1763/856 1737/1746/842 1743/1748/848
f 1743/1806/848 1739/1752/844 1752/1766/857
f 1738/1749/843 1744/1755/849 1750/258/855
f 1750/1807/855 1746/1760/851 1739/1752/844
f 1745/1757/899 1758/1771/863 1764/1773/869
f 1764/1809/869 1760/1777/865 1746/1760/851
f 1759/1774/901 1753/1769/858 1756/1770/861
f 1756/1770/861 1752/1766/857 1760/1777/865
f 1751/1763/856 1757/1765/862 1782/1797/887
f 1757/1810/862 1753/1769/858 1780/1796/885
f 1786/1799/891 1792/1801/897 1761/1811/866
f 1792/1801/897 1788/1804/893 1759/1774/901
f 1787/1802/892 1781/1798/886 1784/294/889
f 1784/294/889 1780/1796/885 1788/1804/893
f 1779/1793/884 1785/1795/890 1768/1783/873
f 1768/1783/873 1785/1795/890 1781/1798/886
f 1772/1786/877 1778/1788/883 1789/1803/894
f 1789/1803/894 1778/1788/883 1774/1791/879
f 1767/1784/872 1770/1785/875 1777/1792/882
f 1777/1792/882 1770/1785/875 1766/1782/871
f 1765/1779/870 1771/1781/876 1740/1812/845
f 1771/1781/876 1767/1784/872 1738/1749/843
f 1745/1757/899 1747/1759/852 1775/1790/880
f 1747/1813/852 1744/1755/849 1773/1789/878
f 1779/1793/884 1765/1779/870 1737/1746/842
f 1746/1760/851 1760/1777/865 1752/1766/857
f 1773/1789/878 1744/1755/849 1738/1749/843
f 1758/1771/863 1745/1757/899 1772/1786/877
f 1759/1774/901 1788/1804/893 1780/1796/885
f 1781/1798/886 1787/1802/892 1774/1791/879
f 1794/403/909 1796/1815/911 1795/1814/910
f 1796/1815/911 1798/1817/913 1797/1816/912
f 1798/1817/913 1800/1818/915 1799/713/914
f 1800/1818/915 1802/1820/917 1801/1819/916
f 1802/1820/917 1804/1822/919 1803/1821/918
f 1804/1822/919 1806/1824/921 1805/1823/920
f 1806/1824/921 1808/1826/923 1807/1825/922
f 1808/1826/923 1810/1828/925 1809/1827/924
f 1810/1828/925 1812/1830/927 1811/1829/926
f 1812/1830/927 1814/1832/929 1813/1831/928
f 1814/1832/929 1816/1834/931 1815/1833/930
f 1816/1834/931 1818/1836/933 1817/1835/932
f 1818/1836/933 1820/1838/935 1819/1837/934
f 1820/1838/935 1822/1840/937 1821/1839/936
f 1822/1840/937 1824/1842/939 1823/1841/938
f 1824/1842/939 1826/1844/941 1825/1843/940
f 1826/1844/941 1828/1846/943 1827/1845/942
f 1828/1846/943 1830/1851/945 1829/1847/944
f 1798/1850/913 1796/1923/911 1794/1889/909
f 1794/1889/909 1832/1924/947 1798/1850/913
f 1832/1924/947 1830/1925/945 1798/1850/913
f 1830/1925/945 1828/1926/943 1826/1927/941
f 1826/1927/941 1824/1892/939 1822/1848/937
f 1822/1848/937 1820/1928/935 1818/1929/933
f 1818/1929/933 1816/1930/931 1814/1895/929
f 1814/1895/929 1812/1931/927 1810/1932/925
f 1810/1932/925 1808/1933/923 1806/1849/921
f 1806/1849/921 1804/417/919 1802/1934/917
f 1802/1934/917 1800/1935/915 1798/1850/913
f 1830/1925/945 1826/1927/941 1822/1848/937
f 1822/1848/937 1818/1929/933 1814/1895/929
f 1814/1895/929 1810/1932/925 1822/1848/937
f 1810/1932/925 1806/1849/921 1822/1848/937
f 1806/1849/921 1802/1934/917 1798/1850/913
f 1798/1850/913 1830/1925/945 1822/1848/937
f 1830/1851/945 1832/1853/947 1831/1852/946
f 1832/1853/947 1794/1936/909 1793/1854/908
f 1831/1857/946 1793/1900/908 1795/1937/910
f 1795/1937/910 1797/1938/912 1831/1857/946
f 1797/1938/912 1799/1939/914 1831/1857/946
f 1799/1939/914 1801/1940/916 1807/1941/922
f 1801/1940/916 1803/1883/918 1807/1941/922
f 1803/1883/918 1805/1942/920 1807/1941/922
f 1807/1941/922 1809/1943/924 1815/1855/930
f 1809/1943/924 1811/1944/926 1815/1855/930
f 1811/1944/926 1813/1905/928 1815/1855/930
f 1815/1855/930 1817/1945/932 1823/1856/938
f 1817/1945/932 1819/1946/934 1823/1856/938
f 1819/1946/934 1821/1947/936 1823/1856/938
f 1823/1856/938 1825/1948/940 1827/1949/942
f 1827/1949/942 1829/1950/944 1823/1856/938
f 1829/1950/944 1831/1857/946 1823/1856/938
f 1831/1857/946 1799/1939/914 1807/1941/922
f 1807/1941/922 1815/1855/930 1831/1857/946
f 1834/403/949 1836/1482/951 1835/1490/950
f 1836/1482/951 1838/1859/953 1837/1858/952
f 1838/1859/953 1840/1861/955 1839/1860/954
f 1840/1861/955 1842/1863/957 1841/1862/956
f 1842/1863/957 1844/1865/959 1843/1864/958
f 1844/1865/959 1846/1867/961 1845/1866/960
f 1846/1867/961 1848/1869/963 1847/1868/962
f 1848/1869/963 1850/1871/965 1849/1870/964
f 1850/1871/965 1852/1873/967 1851/1872/966
f 1852/1873/967 1854/1878/969 1853/1874/968
f 1838/1876/953 1836/1951/951 1854/1877/969
f 1836/1951/951 1834/1889/949 1854/1877/969
f 1834/1889/949 1856/1952/971 1854/1877/969
f 1854/1877/969 1852/1892/967 1850/1953/965
f 1850/1953/965 1848/1954/963 1846/1895/961
f 1846/1895/961 1844/1955/959 1842/1875/957
f 1842/1875/957 1840/417/955 1838/1876/953
f 1854/1877/969 1850/1953/965 1846/1895/961
f 1846/1895/961 1842/1875/957 1854/1877/969
f 1854/1878/969 1856/1880/971 1855/1879/970
f 1856/1880/971 1834/1956/949 1833/1881/948
f 1855/1957/970 1833/1900/948 1835/1882/950
f 1835/1882/950 1837/1958/952 1839/1883/954
f 1839/1883/954 1841/1959/956 1847/1884/962
f 1841/1959/956 1843/1960/958 1847/1884/962
f 1843/1960/958 1845/1905/960 1847/1884/962
f 1847/1884/962 1849/1961/964 1851/1856/966
f 1851/1856/966 1853/1962/968 1847/1884/962
f 1853/1962/968 1855/1957/970 1847/1884/962
f 1855/1957/970 1835/1882/950 1847/1884/962
f 1858/403/909 1860/1815/911 1859/1814/910
f 1860/1815/911 1862/1817/913 1861/1816/912
f 1862/1817/913 1864/1818/915 1863/713/914
f 1864/1818/915 1866/1820/917 1865/1819/916
f 1866/1820/917 1868/1822/919 1867/1821/918
f 1868/1822/919 1870/1824/921 1869/1823/920
f 1870/1824/921 1872/1826/923 1871/1825/922
f 1872/1826/923 1874/1828/925 1873/1827/924
f 1874/1828/925 1876/1830/927 1875/1829/926
f 1876/1830/927 1878/1832/929 1877/1831/928
f 1878/1832/929 1880/1834/931 1879/1833/930
f 1880/1834/931 1882/1836/933 1881/1835/932
f 1882/1836/933 1884/1838/935 1883/1837/934
f 1884/1838/935 1886/1840/937 1885/1839/936
f 1886/1840/937 1888/1842/939 1887/1841/938
f 1888/1842/939 1890/1844/941 1889/1843/940
f 1890/1844/941 1892/1846/943 1891/1845/942
f 1892/1846/943 1894/1851/945 1893/1847/944
f 1862/1850/913 1860/1923/911 1858/1889/909
f 1858/1889/909 1896/1924/947 1862/1850/913
f 1896/1924/947 1894/1925/945 1862/1850/913
f 1894/1925/945 1892/1926/943 1890/1927/941
f 1890/1927/941 1888/1892/939 1886/1848/937
f 1886/1848/937 1884/1928/935 1882/1929/933
f 1882/1929/933 1880/1930/931 1878/1895/929
f 1878/1895/929 1876/1931/927 1874/1932/925
f 1874/1932/925 1872/1933/923 1870/1849/921
f 1870/1849/921 1868/417/919 1866/1934/917
f 1866/1934/917 1864/1935/915 1862/1850/913
f 1894/1925/945 1890/1927/941 1886/1848/937
f 1886/1848/937 1882/1929/933 1878/1895/929
f 1878/1895/929 1874/1932/925 1886/1848/937
f 1874/1932/925 1870/1849/921 1886/1848/937
f 1870/1849/921 1866/1934/917 1862/1850/913
f 1862/1850/913 1894/1925/945 1886/1848/937
f 1894/1851/945 1896/1853/947 1895/1852/946
f 1896/1853/947 1858/1936/909 1857/1854/908
f 1895/1857/946 1857/1900/908 1859/1937/910
f 1859/1937/910 1861/1938/912 1895/1857/946
f 1861/1938/912 1863/1939/914 1895/1857/946
f 1863/1939/914 1865/1940/916 1871/1941/922
f 1865/1940/916 1867/1883/918 1871/1941/922
f 1867/1883/918 1869/1942/920 1871/1941/922
f 1871/1941/922 1873/1943/924 1879/1855/930
f 1873/1943/924 1875/1944/926 1879/1855/930
f 1875/1944/926 1877/1905/928 1879/1855/930
f 1879/1855/930 1881/1945/932 1887/1856/938
f 1881/1945/932 1883/1946/934 1887/1856/938
f 1883/1946/934 1885/1947/936 1887/1856/938
f 1887/1856/938 1889/1948/940 1891/1949/942
f 1891/1949/942 1893/1950/944 1887/1856/938
f 1893/1950/944 1895/1857/946 1887/1856/938
f 1895/1857/946 1863/1939/914 1871/1941/922
f 1871/1941/922 1879/1855/930 1895/1857/946
f 1898/403/949 1900/1482/951 1899/1490/950
f 1900/1482/951 1902/1859/953 1901/1858/952
f 1902/1859/953 1904/1861/955 1903/1860/954
f 1904/1861/955 1906/1863/957 1905/1862/956
f 1906/1863/957 1908/1865/959 1907/1864/958
f 1908/1865/959 1910/1867/961 1909/1866/960
f 1910/1867/961 1912/1869/963 1911/1868/962
f 1912/1869/963 1914/1871/965 1913/1870/964
f 1914/1871/965 1916/1873/967 1915/1872/966
f 1916/1873/967 1918/1878/969 1917/1874/968
f 1902/1876/953 1900/1951/951 1918/1877/969
f 1900/1951/951 1898/1889/949 1918/1877/969
f 1898/1889/949 1920/1952/971 1918/1877/969
f 1918/1877/969 1916/1892/967 1914/1953/965
f 1914/1953/965 1912/1954/963 1910/1895/961
f 1910/1895/961 1908/1955/959 1906/1875/957
f 1906/1875/957 1904/417/955 1902/1876/953
f 1918/1877/969 1914/1953/965 1910/1895/961
f 1910/1895/961 1906/1875/957 1918/1877/969
f 1918/1878/969 1920/1880/971 1919/1879/970
f 1920/1880/971 1898/1956/949 1897/1881/948
f 1919/1957/970 1897/1900/948 1899/1882/950
f 1899/1882/950 1901/1958/952 1903/1883/954
f 1903/1883/954 1905/1959/956 1911/1884/962
f 1905/1959/956 1907/1960/958 1911/1884/962
f 1907/1960/958 1909/1905/960 1911/1884/962
f 1911/1884/962 1913/1961/964 1915/1856/966
f 1915/1856/966 1917/1962/968 1911/1884/962
f 1917/1962/968 1919/1957/970 1911/1884/962
f 1919/1957/970 1899/1882/950 1911/1884/962
usemtl gun_white
f 1146/1120/488 1147/1121/495 1145/1122/487
f 1148/1123/496 1151/310/497 1147/1121/495
f 1152/237/498 1149/1124/490 1151/310/497
f 1150/1125/60 1145/305/487 1149/1124/490
f 1151/310/497 1145/1126/487 1147/366/495
f 1148/174/496 1150/1125/60 1152/237/498
f 1154/1120/488 1155/1121/495 1153/1122/487
f 1156/1123/496 1159/310/497 1155/1121/495
f 1160/237/498 1157/1124/490 1159/310/497
f 1158/1125/60 1153/305/487 1157/1124/490
f 1159/310/497 1153/1126/487 1155/366/495
f 1156/174/496 1158/1125/60 1160/237/498
f 1146/1120/488 1148/1123/496 1147/1121/495
f 1148/1123/496 1152/237/498 1151/310/497
f 1152/237/498 1150/1125/60 1149/1124/490
f 1150/1125/60 1146/241/488 1145/305/487
f 1151/310/497 1149/1124/490 1145/1126/487
f 1148/174/496 1146/1914/488 1150/1125/60
f 1154/1120/488 1156/1123/496 1155/1121/495
f 1156/1123/496 1160/237/498 1159/310/497
f 1160/237/498 1158/1125/60 1157/1124/490
f 1158/1125/60 1154/241/488 1153/305/487
f 1159/310/497 1157/1124/490 1153/1126/487
f 1156/174/496 1154/1914/488 1158/1125/60
usemtl gun_orange
f 1217/1193/1 1221/1052/57 1223/1194/7
f 1218/1195/2 1221/1196/57 1220/1056/4
f 1219/1197/3 1221/1198/57 1222/1199/6
f 1224/1200/8 1228/1061/492 1230/1201/14
f 1225/1202/9 1228/1203/492 1227/1065/11
f 1226/1204/10 1228/1205/492 1229/1206/13
f 1231/1207/15 1235/1208/19 1237/1209/21
f 1232/1210/16 1235/1211/19 1234/1212/18
f 1233/1213/17 1235/1211/19 1236/1214/20
f 1238/1215/22 1242/1077/26 1244/1216/28
f 1239/1217/23 1242/1218/26 1241/1081/25
f 1240/1219/24 1242/1218/26 1243/1220/27
f 1245/1221/29 1249/1222/503 1251/1086/35
f 1246/1223/30 1249/1222/503 1248/1224/32
f 1247/1225/31 1249/1222/503 1250/1226/34
f 1252/1227/36 1256/1228/493 1258/1229/42
f 1253/1230/37 1256/1228/493 1255/1095/39
f 1254/1231/38 1256/1228/493 1257/1232/41
f 1259/1233/43 1263/1234/47 1265/1235/49
f 1260/1236/44 1263/1234/47 1262/1102/46
f 1261/1237/45 1263/1234/47 1264/1238/48
f 1266/1239/50 1270/1240/466 1272/1107/56
f 1267/1241/51 1270/1240/466 1269/1242/53
f 1268/1243/52 1270/1240/466 1271/1244/55
f 1217/1193/1 1234/1245/18 1231/1207/15
f 1223/1246/7 1232/1210/16 1234/1212/18
f 1224/1200/8 1222/1247/6 1218/1195/2
f 1230/1248/14 1219/1197/3 1222/1199/6
f 1238/1215/22 1229/1249/13 1225/1202/9
f 1244/1250/28 1226/1204/10 1229/1206/13
f 1233/1213/17 1243/1220/27 1239/1217/23
f 1236/1214/20 1240/1219/24 1243/1220/27
f 1231/1207/15 1262/1102/46 1259/1233/43
f 1262/1102/46 1233/1213/17 1260/1236/44
f 1266/1239/50 1241/190/25 1238/1215/22
f 1241/1081/25 1268/1243/52 1239/1217/23
f 1261/1237/45 1271/1244/55 1267/1241/51
f 1264/1238/48 1268/1243/52 1271/1244/55
f 1259/1233/43 1248/1224/32 1245/1221/29
f 1265/1235/49 1246/1223/30 1248/1224/32
f 1252/1227/36 1269/1242/53 1266/1239/50
f 1258/1229/42 1267/1241/51 1269/1242/53
f 1247/1225/31 1257/1232/41 1253/1230/37
f 1250/1226/34 1254/1231/38 1257/1232/41
f 1245/1221/29 1220/1251/4 1217/1193/1
f 1220/1056/4 1247/1225/31 1218/1195/2
f 1225/1202/9 1255/1095/39 1252/1227/36
f 1227/1119/11 1253/1230/37 1255/1095/39
f 1259/1233/43 1217/1193/1 1231/1207/15
f 1226/1204/10 1232/1210/16 1219/1197/3
f 1253/1230/37 1218/1195/2 1247/1225/31
f 1238/1215/22 1252/1227/36 1266/1239/50
f 1239/1217/23 1260/1236/44 1233/1213/17
f 1267/1241/51 1246/1223/30 1261/1237/45
f 1217/1193/1 1220/1251/4 1221/1052/57
f 1218/1195/2 1222/1247/6 1221/1196/57
f 1219/1197/3 1223/1246/7 1221/1198/57
f 1224/1200/8 1227/1119/11 1228/1061/492
f 1225/1202/9 1229/1249/13 1228/1203/492
f 1226/1204/10 1230/1248/14 1228/1205/492
f 1231/1207/15 1234/1245/18 1235/1208/19
f 1232/1210/16 1236/1214/20 1235/1211/19
f 1233/1213/17 1237/1117/21 1235/1211/19
f 1238/1215/22 1241/190/25 1242/1077/26
f 1239/1217/23 1243/1220/27 1242/1218/26
f 1240/1219/24 1244/1250/28 1242/1218/26
f 1245/1221/29 1248/1224/32 1249/1222/503
f 1246/1223/30 1250/1226/34 1249/1222/503
f 1247/1225/31 1251/1086/35 1249/1222/503
f 1252/1227/36 1255/1095/39 1256/1228/493
f 1253/1230/37 1257/1232/41 1256/1228/493
f 1254/1231/38 1258/1229/42 1256/1228/493
f 1259/1233/43 1262/1102/46 1263/1234/47
f 1260/1236/44 1264/1238/48 1263/1234/47
f 1261/1237/45 1265/1235/49 1263/1234/47
f 1266/1239/50 1269/1242/53 1270/1240/466
f 1267/1241/51 1271/1244/55 1270/1240/466
f 1268/1243/52 1272/1107/56 1270/1240/466
f 1217/1193/1 1223/1194/7 1234/1245/18
f 1223/1246/7 1219/1197/3 1232/1210/16
f 1224/1200/8 1230/1201/14 1222/1247/6
f 1230/1248/14 1226/1204/10 1219/1197/3
f 1238/1215/22 1244/1216/28 1229/1249/13
f 1244/1250/28 1240/1219/24 1226/1204/10
f 1233/1213/17 1236/1214/20 1243/1220/27
f 1236/1214/20 1232/1210/16 1240/1219/24
f 1231/1207/15 1237/1209/21 1262/1102/46
f 1262/1102/46 1237/1117/21 1233/1213/17
f 1266/1239/50 1272/1107/56 1241/190/25
f 1241/1081/25 1272/1107/56 1268/1243/52
f 1261/1237/45 1264/1238/48 1271/1244/55
f 1264/1238/48 1260/1236/44 1268/1243/52
f 1259/1233/43 1265/1235/49 1248/1224/32
f 1265/1235/49 1261/1237/45 1246/1223/30
f 1252/1227/36 1258/1229/42 1269/1242/53
f 1258/1229/42 1254/1231/38 1267/1241/51
f 1247/1225/31 1250/1226/34 1257/1232/41
f 1250/1226/34 1246/1223/30 1254/1231/38
f 1245/1221/29 1251/1086/35 1220/1251/4
f 1220/1056/4 1251/1086/35 1247/1225/31
f 1225/1202/9 1227/1065/11 1255/1095/39
f 1227/1119/11 1224/1200/8 1253/1230/37
f 1259/1233/43 1245/1221/29 1217/1193/1
f 1226/1204/10 1240/1219/24 1232/1210/16
f 1253/1230/37 1224/1200/8 1218/1195/2
f 1238/1215/22 1225/1202/9 1252/1227/36
f 1239/1217/23 1268/1243/52 1260/1236/44
f 1267/1241/51 1254/1231/38 1246/1223/30
usemtl gun_wood
f 1681/1698/842 1685/1699/846 1687/1053/848
f 1682/1255/843 1685/1256/846 1684/1257/845
f 1683/1700/844 1685/1701/846 1686/1260/847
f 1688/1261/849 1692/1702/853 1694/1703/855
f 1689/1704/850 1692/1705/853 1691/1266/852
f 1690/1706/851 1692/1707/853 1693/1708/854
f 1695/1709/856 1699/1070/860 1701/1272/862
f 1696/1710/857 1699/1711/860 1698/1712/859
f 1697/1713/858 1699/1711/860 1700/1277/861
f 1702/1714/863 1706/1279/867 1708/1715/869
f 1703/1281/864 1706/1716/867 1705/1283/866
f 1704/1717/865 1706/1716/867 1707/1718/868
f 1709/1719/870 1713/1720/874 1715/1721/876
f 1710/1722/871 1713/1720/874 1712/1088/873
f 1711/1723/872 1713/1720/874 1714/1724/875
f 1716/1725/877 1720/1726/881 1722/1093/883
f 1717/1727/878 1720/1726/881 1719/1728/880
f 1718/1729/879 1720/1726/881 1721/1730/882
f 1723/1731/884 1727/1732/888 1729/1100/890
f 1724/1733/885 1727/1732/888 1726/1734/887
f 1725/1735/886 1727/1732/888 1728/1736/889
f 1730/1737/891 1734/1738/895 1736/1739/897
f 1731/1740/892 1734/1738/895 1733/1109/894
f 1732/1741/893 1734/1738/895 1735/1742/896
f 1681/1698/842 1698/1112/859 1695/1709/856
f 1698/1712/859 1683/1700/844 1696/1710/857
f 1688/1261/849 1686/1315/847 1682/1255/843
f 1686/1260/847 1690/1706/851 1683/1700/844
f 1689/1704/850 1708/1715/869 1693/1115/854
f 1708/1116/869 1690/1706/851 1693/1708/854
f 1703/1281/864 1700/1277/861 1707/1718/868
f 1707/1718/868 1696/1710/857 1704/1717/865
f 1695/1709/856 1726/1734/887 1723/1731/884
f 1701/1743/862 1724/1733/885 1726/1734/887
f 1730/1737/891 1705/1318/866 1702/1714/863
f 1736/1739/897 1703/1281/864 1705/1283/866
f 1725/1735/886 1735/1742/896 1731/1740/892
f 1735/1742/896 1724/1733/885 1732/1741/893
f 1709/1719/870 1729/1100/890 1712/1088/873
f 1729/1100/890 1710/1722/871 1712/1088/873
f 1716/1725/877 1733/1109/894 1730/1737/891
f 1733/1109/894 1718/1729/879 1731/1740/892
f 1717/1727/878 1714/1724/875 1721/1730/882
f 1714/1724/875 1718/1729/879 1721/1730/882
f 1709/1719/870 1684/1744/845 1681/1698/842
f 1715/1721/876 1682/1255/843 1684/1257/845
f 1689/1704/850 1719/1728/880 1716/1725/877
f 1691/1745/852 1717/1727/878 1719/1728/880
f 1723/1731/884 1681/1698/842 1695/1709/856
f 1690/1706/851 1696/1710/857 1683/1700/844
f 1717/1727/878 1682/1255/843 1711/1723/872
f 1702/1714/863 1716/1725/877 1730/1737/891
f 1703/1281/864 1724/1733/885 1697/1713/858
f 1731/1740/892 1710/1722/871 1725/1735/886
f 1681/1698/842 1684/1744/845 1685/1699/846
f 1682/1255/843 1686/1315/847 1685/1256/846
f 1683/1700/844 1687/1113/848 1685/1701/846
f 1688/1261/849 1691/1745/852 1692/1702/853
f 1689/1704/850 1693/1115/854 1692/1705/853
f 1690/1706/851 1694/1916/855 1692/1707/853
f 1695/1709/856 1698/1112/859 1699/1070/860
f 1696/1710/857 1700/1277/861 1699/1711/860
f 1697/1713/858 1701/1743/862 1699/1711/860
f 1702/1714/863 1705/1318/866 1706/1279/867
f 1703/1281/864 1707/1718/868 1706/1716/867
f 1704/1717/865 1708/1116/869 1706/1716/867
f 1709/1719/870 1712/1088/873 1713/1720/874
f 1710/1722/871 1714/1724/875 1713/1720/874
f 1711/1723/872 1715/1721/876 1713/1720/874
f 1716/1725/877 1719/1728/880 1720/1726/881
f 1717/1727/878 1721/1730/882 1720/1726/881
f 1718/1729/879 1722/1093/883 1720/1726/881
f 1723/1731/884 1726/1734/887 1727/1732/888
f 1724/1733/885 1728/1736/889 1727/1732/888
f 1725/1735/886 1729/1100/890 1727/1732/888
f 1730/1737/891 1733/1109/894 1734/1738/895
f 1731/1740/892 1735/1742/896 1734/1738/895
f 1732/1741/893 1736/1739/897 1734/1738/895
f 1681/1698/842 1687/1053/848 1698/1112/859
f 1698/1712/859 1687/1113/848 1683/1700/844
f 1688/1261/849 1694/1703/855 1686/1315/847
f 1686/1260/847 1694/1916/855 1690/1706/851
f 1689/1704/850 1702/1714/863 1708/1715/869
f 1708/1116/869 1704/1717/865 1690/1706/851
f 1703/1281/864 1697/1713/858 1700/1277/861
f 1707/1718/868 1700/1277/861 1696/1710/857
f 1695/1709/856 1701/1272/862 1726/1734/887
f 1701/1743/862 1697/1713/858 1724/1733/885
f 1730/1737/891 1736/1739/897 1705/1318/866
f 1736/1739/897 1732/1741/893 1703/1281/864
f 1725/1735/886 1728/1736/889 1735/1742/896
f 1735/1742/896 1728/1736/889 1724/1733/885
f 1709/1719/870 1723/1731/884 1729/1100/890
f 1729/1100/890 1725/1735/886 1710/1722/871
f 1716/1725/877 1722/1093/883 1733/1109/894
f 1733/1109/894 1722/1093/883 1718/1729/879
f 1717/1727/878 1711/1723/872 1714/1724/875
f 1714/1724/875 1710/1722/871 1718/1729/879
f 1709/1719/870 1715/1721/876 1684/1744/845
f 1715/1721/876 1711/1723/872 1682/1255/843
f 1689/1704/850 1691/1266/852 1719/1728/880
f 1691/1745/852 1688/1261/849 1717/1727/878
f 1723/1731/884 1709/1719/870 1681/1698/842
f 1690/1706/851 1704/1717/865 1696/1710/857
f 1717/1727/878 1688/1261/849 1682/1255/843
f 1702/1714/863 1689/1704/850 1716/1725/877
f 1703/1281/864 1732/1741/893 1724/1733/885
f 1731/1740/892 1718/1729/879 1710/1722/871
