# Blender 5.2.1 LTS
# www.blender.org
mtllib Duckling.mtl
o Duckling
v 0.000000 2.900000 0.300000
v 0.000000 2.855704 -0.114110
v 0.866025 3.100000 -1.400000
v 0.836516 3.345878 -1.382963
v 0.000000 2.250000 -1.085641
v 0.000000 1.936465 -1.245481
v 0.000000 1.600000 -1.300000
v 0.000000 1.263535 -1.245481
v 0.000000 0.950000 -1.085641
v 0.000000 0.680761 -0.831371
v 0.750000 3.575000 -1.333013
v 0.000000 0.344296 -0.114110
v 0.000000 0.300000 0.300000
v 0.612372 3.771751 -1.253553
v 0.090433 2.855704 -0.100000
v 0.174703 2.725833 -0.472741
v 0.247067 2.519239 -0.792820
v 0.302594 2.250000 -1.038426
v 0.337500 1.936465 -1.192820
v 0.349406 1.600000 -1.245481
v 0.337500 1.263535 -1.192820
v 0.302594 0.950000 -1.038426
v 0.247067 0.680761 -0.792820
v 0.174703 0.474167 -0.472741
v 0.090433 0.344296 -0.100000
v 0.433013 3.922724 -1.150000
v 0.224144 4.017630 -1.029410
v 0.174703 2.855704 -0.058630
v 0.337500 2.725833 -0.392820
v 0.477297 2.519239 -0.679796
v 0.584567 2.250000 -0.900000
v 0.652000 1.936465 -1.038426
v 0.675000 1.600000 -1.085641
v 0.652000 1.263535 -1.038426
v 0.584567 0.950000 -0.900000
v 0.477297 0.680761 -0.679796
v 0.337500 0.474167 -0.392820
v 0.174703 0.344296 -0.058630
v 0.000000 4.050000 -0.900000
v 0.388909 2.950000 -1.455025
v 0.247067 2.855704 0.007180
v 0.477297 2.725833 -0.265685
v 0.675000 2.519239 -0.500000
v 0.826703 2.250000 -0.679796
v 0.922067 1.936465 -0.792820
v 0.954594 1.600000 -0.831371
v 0.922067 1.263535 -0.792820
v 0.826703 0.950000 -0.679796
v 0.675000 0.680761 -0.500000
v 0.477297 0.474167 -0.265685
v 0.247067 0.344296 0.007180
v 0.183013 4.017630 -1.083013
v 0.353553 3.922724 -1.253553
v 0.302594 2.855704 0.092945
v 0.584567 2.725833 -0.100000
v 0.826703 2.519239 -0.265685
v 1.012500 2.250000 -0.392820
v 1.129297 1.936465 -0.472741
v 1.169134 1.600000 -0.500000
v 1.129297 1.263535 -0.472741
v 1.012500 0.950000 -0.392820
v 0.826703 0.680761 -0.265685
v 0.584567 0.474167 -0.100000
v 0.302594 0.344296 0.092945
v 0.500000 3.771751 -1.400000
v 0.612372 3.575000 -1.512372
v 0.337500 2.855704 0.192820
v 0.652000 2.725833 0.092945
v 0.922067 2.519239 0.007180
v 1.129297 2.250000 -0.058630
v 1.259567 1.936465 -0.100000
v 1.304000 1.600000 -0.114110
v 1.259567 1.263535 -0.100000
v 1.129297 0.950000 -0.058630
v 0.922067 0.680761 0.007180
v 0.652000 0.474167 0.092945
v 0.337500 0.344296 0.192820
v 0.683013 3.345878 -1.583013
v 0.707107 3.100000 -1.607107
v 0.349406 2.855704 0.300000
v 0.675000 2.725833 0.300000
v 0.954594 2.519239 0.300000
v 1.169134 2.250000 0.300000
v 1.304000 1.936465 0.300000
v 1.350000 1.600000 0.300000
v 1.304000 1.263535 0.300000
v 1.169134 0.950000 0.300000
v 0.954594 0.680761 0.300000
v 0.675000 0.474167 0.300000
v 0.349406 0.344296 0.300000
v 0.683013 2.854122 -1.583013
v 0.612372 2.625000 -1.512372
v 0.337500 2.855704 0.407180
v 0.652000 2.725833 0.507055
v 0.922067 2.519239 0.592820
v 1.129297 2.250000 0.658630
v 1.259567 1.936465 0.700000
v 1.304000 1.600000 0.714110
v 1.259567 1.263535 0.700000
v 1.129297 0.950000 0.658630
v 0.922067 0.680761 0.592820
v 0.652000 0.474167 0.507055
v 0.337500 0.344296 0.407180
v 0.500000 2.428248 -1.400000
v 0.353553 2.277276 -1.253553
v 0.302594 2.855704 0.507055
v 0.584567 2.725833 0.700000
v 0.826703 2.519239 0.865685
v 1.012500 2.250000 0.992820
v 1.129297 1.936465 1.072741
v 1.169134 1.600000 1.100000
v 1.129297 1.263535 1.072741
v 1.012500 0.950000 0.992820
v 0.826703 0.680761 0.865685
v 0.584567 0.474167 0.700000
v 0.302594 0.344296 0.507055
v 0.183013 2.182370 -1.083013
v 0.000000 2.150000 -0.900000
v 0.247067 2.855704 0.592820
v 0.477297 2.725833 0.865685
v 0.675000 2.519239 1.100000
v 0.826703 2.250000 1.279796
v 0.922067 1.936465 1.392820
v 0.954594 1.600000 1.431371
v 0.922067 1.263535 1.392820
v 0.826703 0.950000 1.279796
v 0.675000 0.680761 1.100000
v 0.477297 0.474167 0.865685
v 0.247067 0.344296 0.592820
v 0.359305 3.018883 -1.492703
v 0.129410 2.182370 -1.124144
v 0.174703 2.855704 0.658630
v 0.337500 2.725833 0.992820
v 0.477297 2.519239 1.279796
v 0.584567 2.250000 1.500000
v 0.652000 1.936465 1.638426
v 0.675000 1.600000 1.685640
v 0.652000 1.263535 1.638426
v 0.584567 0.950000 1.500000
v 0.477297 0.680761 1.279796
v 0.337500 0.474167 0.992820
v 0.174703 0.344296 0.658630
v 0.250000 2.277276 -1.333013
v 0.353553 2.428248 -1.512372
v 0.090433 2.855704 0.700000
v 0.174703 2.725833 1.072741
v 0.247067 2.519239 1.392820
v 0.302594 2.250000 1.638426
v 0.337500 1.936465 1.792820
v 0.349406 1.600000 1.845481
v 0.337500 1.263535 1.792820
v 0.302594 0.950000 1.638426
v 0.247067 0.680761 1.392820
v 0.174703 0.474167 1.072741
v 0.090433 0.344296 0.700000
v 0.433013 2.625000 -1.650000
v 0.482963 2.854122 -1.736516
v 0.000000 2.855704 0.714110
v -0.000000 2.725833 1.100000
v 0.000000 2.519239 1.431370
v -0.000000 2.250000 1.685641
v -0.000000 1.936465 1.845481
v -0.000000 1.600000 1.900000
v -0.000000 1.263535 1.845481
v -0.000000 0.950000 1.685641
v 0.000000 0.680761 1.431370
v -0.000000 0.474167 1.100000
v 0.000000 0.344296 0.714110
v 0.500000 3.100000 -1.766025
v 0.482963 3.345878 -1.736516
v -0.090433 2.855704 0.700000
v -0.174703 2.725833 1.072740
v -0.247067 2.519239 1.392820
v -0.302594 2.250000 1.638426
v -0.337500 1.936465 1.792820
v -0.349406 1.600000 1.845481
v -0.337500 1.263535 1.792820
v -0.302594 0.950000 1.638426
v -0.247067 0.680761 1.392820
v -0.174703 0.474167 1.072740
v -0.090433 0.344296 0.700000
v 0.433013 3.575000 -1.650000
v 0.353553 3.771751 -1.512372
v -0.174703 2.855704 0.658630
v -0.337500 2.725833 0.992820
v -0.477297 2.519239 1.279795
v -0.584567 2.250000 1.500000
v -0.652000 1.936465 1.638426
v -0.675000 1.600000 1.685640
v -0.652000 1.263535 1.638426
v -0.584567 0.950000 1.500000
v -0.477297 0.680761 1.279795
v -0.337500 0.474167 0.992820
v -0.174703 0.344296 0.658630
v 0.250000 3.922724 -1.333013
v 0.129410 4.017630 -1.124144
v -0.247067 2.855704 0.592820
v -0.477297 2.725833 0.865685
v -0.675000 2.519239 1.100000
v -0.826703 2.250000 1.279796
v -0.922067 1.936465 1.392820
v -0.954594 1.600000 1.431370
v -0.922067 1.263535 1.392820
v -0.826703 0.950000 1.279796
v -0.675000 0.680761 1.100000
v -0.477297 0.474167 0.865685
v -0.247067 0.344296 0.592820
v 0.275000 3.077279 -1.600000
v 0.148829 3.116298 -1.760581
v -0.302594 2.855704 0.507055
v -0.584567 2.725833 0.700000
v -0.826702 2.519239 0.865685
v -1.012500 2.250000 0.992820
v -1.129297 1.936465 1.072741
v -1.169134 1.600000 1.100000
v -1.129297 1.263535 1.072741
v -1.012500 0.950000 0.992820
v -0.826702 0.680761 0.865685
v -0.584567 0.474167 0.700000
v -0.302594 0.344296 0.507055
v 0.066987 4.017630 -1.150000
v 0.129410 3.922724 -1.382963
v -0.337500 2.855704 0.407180
v -0.652000 2.725833 0.507055
v -0.922067 2.519239 0.592820
v -1.129297 2.250000 0.658630
v -1.259567 1.936465 0.700000
v -1.303999 1.600000 0.714110
v -1.259567 1.263535 0.700000
v -1.129297 0.950000 0.658630
v -0.922067 0.680761 0.592820
v -0.652000 0.474167 0.507055
v -0.337500 0.344296 0.407180
v 0.183013 3.771751 -1.583013
v 0.224144 3.575000 -1.736516
v -0.349406 2.855704 0.300000
v -0.675000 2.725833 0.300000
v -0.954594 2.519239 0.300000
v -1.169134 2.250000 0.300000
v -1.304000 1.936465 0.300000
v -1.349999 1.600000 0.300000
v -1.304000 1.263535 0.300000
v -1.169134 0.950000 0.300000
v -0.954594 0.680761 0.300000
v -0.675000 0.474167 0.300000
v -0.349406 0.344296 0.300000
v 0.250000 3.345878 -1.833013
v 0.258819 3.100000 -1.865926
v -0.337500 2.855704 0.192820
v -0.652000 2.725833 0.092945
v -0.922067 2.519239 0.007180
v -1.129297 2.250000 -0.058630
v -1.259567 1.936465 -0.100000
v -1.303999 1.600000 -0.114110
v -1.259567 1.263535 -0.100000
v -1.129297 0.950000 -0.058630
v -0.922067 0.680761 0.007180
v -0.652000 0.474167 0.092945
v -0.337500 0.344296 0.192820
v 0.250000 2.854122 -1.833013
v 0.224144 2.625000 -1.736516
v -0.302594 2.855704 0.092945
v -0.584567 2.725833 -0.100000
v -0.826702 2.519239 -0.265685
v -1.012500 2.250000 -0.392820
v -1.129297 1.936465 -0.472741
v -1.169134 1.600000 -0.500000
v -1.129297 1.263535 -0.472741
v -1.012500 0.950000 -0.392820
v -0.826702 0.680761 -0.265685
v -0.584567 0.474167 -0.100000
v -0.302594 0.344296 0.092945
v 0.183013 2.428248 -1.583013
v 0.129410 2.277276 -1.382963
v -0.247067 2.855704 0.007180
v -0.477297 2.725833 -0.265685
v -0.674999 2.519239 -0.499999
v -0.826703 2.250000 -0.679796
v -0.922067 1.936465 -0.792820
v -0.954594 1.600000 -0.831370
v -0.922067 1.263535 -0.792820
v -0.826703 0.950000 -0.679796
v -0.674999 0.680761 -0.499999
v -0.477297 0.474167 -0.265685
v -0.247067 0.344296 0.007180
v 0.066987 2.182370 -1.150000
v 0.000000 3.130000 -1.950000
v -0.174703 2.855704 -0.058630
v -0.337500 2.725833 -0.392820
v -0.477297 2.519239 -0.679795
v -0.584567 2.250000 -0.900000
v -0.652000 1.936465 -1.038426
v -0.675000 1.600000 -1.085640
v -0.652000 1.263535 -1.038426
v -0.584567 0.950000 -0.900000
v -0.477297 0.680761 -0.679795
v -0.337500 0.474167 -0.392820
v -0.174703 0.344296 -0.058630
v 0.339411 2.811924 -1.850000
v 0.000000 2.182370 -1.158819
v -0.090433 2.855704 -0.100000
v -0.174703 2.725833 -0.472740
v -0.247067 2.519239 -0.792819
v -0.302594 2.250000 -1.038426
v -0.337500 1.936465 -1.192820
v -0.349405 1.600000 -1.245481
v -0.337500 1.263535 -1.192820
v -0.302594 0.950000 -1.038426
v -0.247067 0.680761 -0.792819
v -0.174703 0.474167 -0.472740
v -0.090433 0.344296 -0.100000
v 0.194454 3.116298 -1.847487
v 0.359305 3.077279 -1.760581
v 0.469454 3.018883 -1.702513
v 0.000000 2.725833 -0.500000
v 0.000000 2.519239 -0.831370
v 0.508134 2.950000 -1.682122
v 0.000000 3.100000 -1.900000
v 0.000000 3.345878 -1.865926
v 0.000000 3.575000 -1.766025
v 0.000000 3.771751 -1.607107
v 0.469454 2.881117 -1.702513
v 0.000000 0.474167 -0.500000
v 0.000000 4.017630 -1.158819
v 0.359305 2.822721 -1.760581
v 0.836516 2.854122 -1.382963
v 0.750000 2.625000 -1.333013
v 0.612372 2.428248 -1.253553
v 0.433013 2.277276 -1.150000
v 0.224144 2.182370 -1.029410
v 0.194454 2.783702 -1.847487
v 0.965926 3.100000 -1.158819
v 0.933013 3.345878 -1.150000
v 0.836516 3.575000 -1.124144
v 0.683013 3.771751 -1.083013
v 0.482963 3.922724 -1.029409
v 0.250000 4.017630 -0.966987
v 0.000000 2.770000 -1.950000
v 0.933013 2.854122 -1.150000
v 0.836516 2.625000 -1.124144
v 0.683013 2.428248 -1.083013
v 0.482963 2.277276 -1.029409
v 0.250000 2.182370 -0.966987
v 0.183688 2.840104 -1.850000
v 1.000000 3.100000 -0.900000
v 0.965926 3.345878 -0.900000
v 0.866025 3.575000 -0.900000
v 0.707107 3.771751 -0.900000
v 0.500000 3.922724 -0.900000
v 0.258819 4.017630 -0.900000
v 0.210476 2.783702 -1.950000
v 0.965926 2.854122 -0.900000
v 0.866025 2.625000 -0.900000
v 0.707107 2.428248 -0.900000
v 0.500000 2.277276 -0.900000
v 0.258819 2.182370 -0.900000
v 0.388909 2.822721 -1.950000
v 0.965926 3.100000 -0.641181
v 0.933013 3.345878 -0.650000
v 0.836516 3.575000 -0.675856
v 0.683013 3.771751 -0.716987
v 0.482963 3.922724 -0.770590
v 0.250000 4.017630 -0.833013
v 0.508134 2.881117 -1.950000
v 0.933013 2.854122 -0.650000
v 0.836516 2.625000 -0.675856
v 0.683013 2.428248 -0.716987
v 0.482963 2.277276 -0.770590
v 0.250000 2.182370 -0.833013
v 0.550000 2.950000 -1.950000
v 0.866025 3.100000 -0.400000
v 0.836516 3.345878 -0.417037
v 0.750000 3.575000 -0.466987
v 0.612372 3.771751 -0.546447
v 0.433013 3.922724 -0.650000
v 0.224144 4.017630 -0.770590
v 0.508134 3.018883 -1.950000
v 0.836516 2.854122 -0.417037
v 0.750000 2.625000 -0.466987
v 0.612372 2.428248 -0.546447
v 0.433013 2.277276 -0.650000
v 0.224144 2.182370 -0.770590
v 0.388909 3.077279 -1.950000
v 0.707107 3.100000 -0.192893
v 0.683013 3.345878 -0.216987
v 0.612372 3.575000 -0.287628
v 0.500000 3.771751 -0.400000
v 0.353553 3.922724 -0.546447
v 0.183013 4.017630 -0.716987
v 0.210476 3.116298 -1.950000
v 0.683013 2.854122 -0.216987
v 0.612372 2.625000 -0.287628
v 0.500000 2.428248 -0.400000
v 0.353553 2.277276 -0.546447
v 0.183013 2.182370 -0.716987
v 0.000000 2.850000 -1.850000
v 0.500000 3.100000 -0.033975
v 0.482963 3.345878 -0.063484
v 0.433013 3.575000 -0.150000
v 0.353553 3.771751 -0.287628
v 0.250000 3.922724 -0.466987
v 0.129410 4.017630 -0.675856
v -0.550000 3.400000 -1.497660
v 0.482963 2.854122 -0.063484
v 0.433013 2.625000 -0.150000
v 0.353553 2.428248 -0.287628
v 0.250000 2.277276 -0.466987
v 0.129410 2.182370 -0.675856
v 0.194454 3.116298 -2.052513
v 0.258819 3.100000 0.065926
v 0.250000 3.345878 0.033013
v 0.224144 3.575000 -0.063484
v 0.183013 3.771751 -0.216988
v 0.129409 3.922724 -0.417037
v 0.066987 4.017630 -0.650000
v 0.359305 3.077279 -2.139419
v 0.250000 2.854122 0.033013
v 0.224144 2.625000 -0.063484
v 0.183013 2.428248 -0.216988
v 0.129409 2.277276 -0.417037
v 0.066987 2.182370 -0.650000
v 0.469454 3.018883 -2.197487
v -0.000000 3.100000 0.100000
v -0.000000 3.345878 0.065926
v -0.000000 3.575000 -0.033975
v 0.000000 3.771751 -0.192894
v -0.000000 3.922724 -0.400000
v 0.000000 4.017630 -0.641181
v 0.508134 2.950000 -2.217878
v -0.000000 2.854122 0.065926
v -0.000000 2.625000 -0.033975
v 0.000000 2.428248 -0.192894
v -0.000000 2.277276 -0.400000
v 0.000000 2.182370 -0.641181
v 0.469454 2.881117 -2.197487
v -0.258819 3.100000 0.065926
v -0.250000 3.345878 0.033013
v -0.224144 3.575000 -0.063484
v -0.183013 3.771751 -0.216988
v -0.129410 3.922724 -0.417037
v -0.066987 4.017630 -0.650000
v 0.359305 2.822721 -2.139419
v -0.250000 2.854122 0.033013
v -0.224144 2.625000 -0.063484
v -0.183013 2.428248 -0.216988
v -0.129410 2.277276 -0.417037
v -0.066987 2.182370 -0.650000
v 0.194454 2.783702 -2.052513
v -0.500000 3.100000 -0.033975
v -0.482963 3.345878 -0.063484
v -0.433013 3.575000 -0.150000
v -0.353553 3.771751 -0.287628
v -0.250000 3.922724 -0.466987
v -0.129410 4.017630 -0.675856
v 0.169706 2.840104 -1.930546
v -0.482963 2.854122 -0.063484
v -0.433013 2.625000 -0.150000
v -0.353553 2.428248 -0.287628
v -0.250000 2.277276 -0.466987
v -0.129410 2.182370 -0.675856
v 0.313575 2.811924 -1.998829
v -0.707107 3.100000 -0.192894
v -0.683013 3.345878 -0.216987
v -0.612372 3.575000 -0.287628
v -0.500000 3.771751 -0.400000
v -0.353553 3.922724 -0.546447
v -0.183013 4.017630 -0.716987
v 0.148829 2.783702 -2.139419
v -0.683013 2.854122 -0.216987
v -0.612372 2.625000 -0.287628
v -0.500000 2.428248 -0.400000
v -0.353553 2.277276 -0.546447
v -0.183013 2.182370 -0.716987
v 0.275000 2.822721 -2.300000
v -0.866025 3.100000 -0.400000
v -0.836516 3.345878 -0.417037
v -0.750000 3.575000 -0.466987
v -0.612372 3.771751 -0.546447
v -0.433013 3.922724 -0.650000
v -0.224144 4.017630 -0.770590
v 0.359305 2.881117 -2.407297
v -0.836516 2.854122 -0.417037
v -0.750000 2.625000 -0.466987
v -0.612372 2.428248 -0.546447
v -0.433013 2.277276 -0.650000
v -0.224144 2.182370 -0.770590
v 0.388909 2.950000 -2.444975
v -0.965925 3.100000 -0.641181
v -0.933013 3.345878 -0.650000
v -0.836516 3.575000 -0.675856
v -0.683012 3.771751 -0.716987
v -0.482963 3.922724 -0.770591
v -0.250000 4.017630 -0.833013
v 0.359305 3.018883 -2.407297
v -0.933013 2.854122 -0.650000
v -0.836516 2.625000 -0.675856
v -0.683012 2.428248 -0.716987
v -0.482963 2.277276 -0.770591
v -0.250000 2.182370 -0.833013
v 0.275000 3.077279 -2.300000
v -0.999999 3.100000 -0.900000
v -0.965926 3.345878 -0.900000
v -0.866025 3.575000 -0.900000
v -0.707106 3.771751 -0.900000
v -0.500000 3.922724 -0.900000
v -0.258819 4.017630 -0.900000
v 0.148829 3.116298 -2.139419
v -0.965926 2.854122 -0.900000
v -0.866025 2.625000 -0.900000
v -0.707106 2.428248 -0.900000
v -0.500000 2.277276 -0.900000
v -0.258819 2.182370 -0.900000
v 0.409706 2.769749 -2.044454
v -0.965925 3.100000 -1.158819
v -0.933013 3.345878 -1.150000
v -0.836516 3.575000 -1.124144
v -0.683012 3.771751 -1.083013
v -0.482963 3.922724 -1.029410
v -0.250000 4.017630 -0.966987
v 0.443462 2.720000 -2.060476
v -0.933013 2.854122 -1.150000
v -0.836516 2.625000 -1.124144
v -0.683012 2.428248 -1.083013
v -0.482963 2.277276 -1.029410
v -0.250000 2.182370 -0.966987
v 0.080546 3.116298 -2.197487
v -0.866025 3.100000 -1.400000
v -0.836516 3.345878 -1.382963
v -0.750000 3.575000 -1.333013
v -0.612372 3.771751 -1.253553
v -0.433012 3.922724 -1.150000
v -0.224144 4.017630 -1.029410
v 0.148829 3.077279 -2.407297
v -0.836516 2.854122 -1.382963
v -0.750000 2.625000 -1.333013
v -0.612372 2.428248 -1.253553
v -0.433012 2.277276 -1.150000
v -0.224144 2.182370 -1.029410
v 0.194454 3.018883 -2.547487
v -0.707106 3.100000 -1.607106
v -0.683013 3.345878 -1.583013
v -0.612372 3.575000 -1.512372
v -0.500000 3.771751 -1.400000
v -0.353553 3.922724 -1.253553
v -0.183013 4.017630 -1.083013
v 0.210476 2.950000 -2.596716
v -0.683013 2.854122 -1.583013
v -0.612372 2.625000 -1.512372
v -0.500000 2.428248 -1.400000
v -0.353553 2.277276 -1.253553
v -0.183013 2.182370 -1.083013
v 0.194454 2.881117 -2.547487
v -0.500000 3.100000 -1.766025
v -0.482963 3.345878 -1.736516
v -0.433012 3.575000 -1.650000
v -0.353553 3.771751 -1.512372
v -0.250000 3.922724 -1.333012
v -0.129410 4.017630 -1.124144
v 0.148829 2.822721 -2.407297
v -0.482963 2.854122 -1.736516
v -0.433012 2.625000 -1.650000
v -0.353553 2.428248 -1.512372
v -0.250000 2.277276 -1.333012
v -0.129410 2.182370 -1.124144
v 0.080546 2.783702 -2.197487
v -0.258819 3.100000 -1.865925
v -0.250000 3.345878 -1.833013
v -0.224144 3.575000 -1.736516
v -0.183013 3.771751 -1.583012
v -0.129409 3.922724 -1.382963
v -0.066987 4.017630 -1.150000
v 0.409706 2.670251 -2.044454
v -0.250000 2.854122 -1.833013
v -0.224144 2.625000 -1.736516
v -0.183013 2.428248 -1.583012
v -0.129409 2.277276 -1.382963
v -0.066987 2.182370 -1.150000
v 0.313575 2.628076 -1.998829
v 0.169706 2.599896 -1.930546
v 0.000000 2.590000 -1.850000
v -0.550000 3.290000 -1.515077
v 0.000000 2.950000 -2.650000
v 0.000000 3.922724 -1.400000
v 0.000000 3.018883 -2.596716
v 0.129887 2.599896 -1.998829
v 0.000000 2.854122 -1.865926
v 0.000000 2.625000 -1.766025
v 0.000000 2.428248 -1.607106
v 0.000000 2.277276 -1.400000
v 0.000000 3.116298 -2.217878
v 0.240000 2.628076 -2.125000
v 0.359305 2.881117 -1.492703
v 0.275000 2.822721 -1.600000
v 0.148829 2.783702 -1.760581
v 0.313575 2.670251 -2.209305
v 0.210476 2.950000 -1.303284
v 0.194454 3.018883 -1.352513
v 0.148829 3.077279 -1.492703
v 0.080546 3.116298 -1.702513
v 0.339411 2.720000 -2.238909
v 0.194454 2.881117 -1.352513
v 0.148829 2.822721 -1.492703
v 0.080546 2.783702 -1.702513
v 0.313575 2.769749 -2.209305
v -0.000000 2.950000 -1.250000
v -0.000000 3.018883 -1.303284
v -0.000000 3.077279 -1.455025
v -0.000000 3.116298 -1.682122
v 0.240000 2.811924 -2.125000
v -0.000000 2.881117 -1.303284
v -0.000000 2.822721 -1.455025
v -0.000000 2.783702 -1.682122
v 0.129887 2.840104 -1.998829
v -0.210476 2.950000 -1.303284
v -0.194454 3.018883 -1.352513
v -0.148829 3.077279 -1.492703
v -0.080546 3.116298 -1.702513
v -0.550000 3.209475 -1.562660
v -0.194454 2.881117 -1.352513
v -0.148829 2.822721 -1.492703
v -0.080546 2.783702 -1.702513
v -0.550000 3.180000 -1.627660
v -0.388909 2.950000 -1.455026
v -0.359305 3.018883 -1.492703
v -0.275000 3.077279 -1.600000
v -0.148829 3.116298 -1.760581
v 0.070294 2.840104 -2.044454
v -0.359305 2.881117 -1.492703
v -0.275000 2.822721 -1.600000
v -0.148829 2.783702 -1.760581
v 0.129887 2.811924 -2.209305
v -0.508134 2.950000 -1.682122
v -0.469454 3.018883 -1.702513
v -0.359305 3.077279 -1.760582
v -0.194454 3.116298 -1.847488
v 0.169706 2.769749 -2.319454
v -0.469454 2.881117 -1.702513
v -0.359305 2.822721 -1.760582
v -0.194454 2.783702 -1.847488
v 0.183688 2.720000 -2.358134
v -0.550000 2.950000 -1.950000
v -0.508134 3.018883 -1.950000
v -0.388909 3.077279 -1.950000
v -0.210476 3.116298 -1.950000
v 0.169706 2.670251 -2.319454
v -0.508134 2.881117 -1.950000
v -0.388909 2.822721 -1.950000
v -0.210476 2.783702 -1.950000
v 0.129887 2.628076 -2.209305
v -0.508134 2.950000 -2.217879
v -0.469454 3.018883 -2.197488
v -0.359305 3.077279 -2.139419
v -0.194454 3.116298 -2.052513
v 0.070294 2.599896 -2.044454
v -0.469454 2.881117 -2.197488
v -0.359305 2.822721 -2.139419
v -0.194454 2.783702 -2.052513
v -0.374948 3.499000 -1.719609
v -0.388909 2.950000 -2.444975
v -0.359305 3.018883 -2.407297
v -0.275000 3.077279 -2.300000
v -0.148829 3.116298 -2.139419
v -0.497099 3.209475 -1.575074
v -0.359305 2.881117 -2.407297
v -0.275000 2.822721 -2.300000
v -0.148829 2.783702 -2.139419
v 0.000000 2.599896 -2.060476
v -0.210476 2.950000 -2.596716
v -0.194454 3.018883 -2.547487
v -0.148829 3.077279 -2.407297
v -0.080546 3.116298 -2.197488
v 0.000000 2.628076 -2.238909
v -0.194454 2.881117 -2.547487
v -0.148829 2.822721 -2.407297
v -0.080546 2.783702 -2.197488
v 0.000000 2.670251 -2.358134
v 0.000000 2.720000 -2.400000
v 0.000000 2.769749 -2.358134
v 0.000000 3.077279 -2.444975
v 0.000000 2.811924 -2.238909
v -0.458373 3.290000 -1.536579
v 0.000000 2.881117 -2.596715
v 0.000000 2.822721 -2.444975
v 0.000000 2.783702 -2.217878
v -0.444199 3.400000 -1.522488
v 0.443462 2.769749 -1.850000
v 0.480000 2.720000 -1.850000
v 0.443462 2.670251 -1.850000
v 0.339411 2.628076 -1.850000
v 0.183688 2.599896 -1.850000
v -0.458373 3.510000 -1.536579
v 0.313575 2.811924 -1.701171
v 0.169706 2.840104 -1.769454
v -0.497099 3.590526 -1.575074
v 0.409706 2.769749 -1.655546
v 0.443462 2.720000 -1.639524
v 0.409706 2.670251 -1.655546
v 0.313575 2.628076 -1.701171
v 0.169706 2.599896 -1.769454
v -0.550000 3.620000 -1.627660
v 0.240000 2.811924 -1.575000
v 0.129887 2.840104 -1.701171
v -0.383663 3.457200 -1.721223
v 0.313575 2.769749 -1.490695
v 0.339411 2.720000 -1.461091
v 0.313575 2.670251 -1.490695
v 0.240000 2.628076 -1.575000
v 0.129887 2.599896 -1.701171
v -0.464405 3.590526 -1.607574
v 0.129887 2.811924 -1.490695
v 0.070294 2.840104 -1.655546
v -0.401745 3.510000 -1.592870
v 0.169706 2.769749 -1.380546
v 0.183688 2.720000 -1.341866
v 0.169706 2.670251 -1.380546
v 0.129887 2.628076 -1.490695
v 0.070294 2.599896 -1.655546
v -0.378810 3.400000 -1.587488
v -0.000000 2.811924 -1.461091
v -0.000000 2.840104 -1.639524
v -0.401745 3.290000 -1.592870
v -0.000000 2.769749 -1.341866
v -0.000000 2.720000 -1.300000
v -0.000000 2.670251 -1.341866
v -0.000000 2.628076 -1.461091
v -0.000000 2.599896 -1.639524
v -0.464405 3.209475 -1.607574
v -0.129887 2.811924 -1.490695
v -0.070294 2.840104 -1.655546
v -0.407474 3.426600 -1.725635
v -0.169706 2.769749 -1.380546
v -0.183688 2.720000 -1.341866
v -0.169706 2.670251 -1.380546
v -0.129887 2.628076 -1.490695
v -0.070294 2.599896 -1.655546
v -0.440000 3.415400 -1.731660
v -0.240000 2.811924 -1.575000
v -0.129887 2.840104 -1.701171
v -0.464405 3.209475 -1.647746
v -0.313575 2.769749 -1.490695
v -0.339411 2.720000 -1.461092
v -0.313575 2.670251 -1.490695
v -0.240000 2.628076 -1.575000
v -0.129887 2.599896 -1.701171
v -0.401745 3.290000 -1.662451
v -0.313575 2.811924 -1.701171
v -0.169706 2.840104 -1.769454
v -0.378810 3.400000 -1.667833
v -0.409706 2.769749 -1.655546
v -0.443462 2.720000 -1.639524
v -0.409706 2.670251 -1.655546
v -0.313575 2.628076 -1.701171
v -0.169706 2.599896 -1.769454
v -0.401745 3.510000 -1.662451
v -0.339411 2.811924 -1.850000
v -0.183688 2.840104 -1.850000
v -0.464405 3.590526 -1.647746
v -0.443462 2.769749 -1.850000
v -0.480000 2.720000 -1.850000
v -0.443462 2.670251 -1.850000
v -0.339411 2.628076 -1.850000
v -0.183688 2.599896 -1.850000
v 0.721190 3.400000 -1.587488
v -0.313575 2.811924 -1.998829
v -0.169706 2.840104 -1.930546
v -0.407474 3.426600 -1.737686
v -0.409705 2.769749 -2.044455
v -0.443462 2.720000 -2.060476
v -0.409705 2.670251 -2.044455
v -0.313575 2.628076 -1.998829
v -0.169706 2.599896 -1.930546
v -0.497099 3.590526 -1.680246
v -0.240000 2.811924 -2.125000
v -0.129887 2.840104 -1.998829
v -0.458373 3.510000 -1.718742
v -0.313575 2.769749 -2.209305
v -0.339411 2.720000 -2.238909
v -0.313575 2.670251 -2.209305
v -0.240000 2.628076 -2.125000
v -0.129887 2.599896 -1.998829
v -0.444199 3.400000 -1.732833
v -0.129887 2.811924 -2.209305
v -0.070294 2.840104 -2.044455
v -0.458373 3.290000 -1.718742
v -0.169705 2.769749 -2.319454
v -0.183688 2.720000 -2.358134
v -0.169705 2.670251 -2.319454
v -0.129887 2.628076 -2.209305
v -0.070294 2.599896 -2.044455
v -0.497099 3.209475 -1.680246
v -0.383663 3.457200 -1.742097
v 0.000000 2.840104 -2.060476
v -0.374948 3.499000 -1.743712
v -0.550000 3.209475 -1.692660
v -0.383663 3.540800 -1.742097
v -0.550000 3.400000 -1.757660
v -0.407474 3.571400 -1.737686
v -0.550000 3.590526 -1.692660
v -0.440000 3.582600 -1.731660
v -0.550000 3.510000 -1.515077
v -0.550000 3.590526 -1.562660
v 0.698255 3.290000 -1.592870
v -0.655801 3.400000 -1.522488
v -0.641627 3.290000 -1.536579
v -0.602901 3.209475 -1.575074
v -0.419898 3.571400 -1.747436
v -0.641627 3.510000 -1.536579
v -0.602901 3.590526 -1.575074
v -0.405182 3.540800 -1.758985
v -0.721190 3.400000 -1.587488
v -0.698255 3.290000 -1.592870
v -0.635595 3.209475 -1.607574
v -0.399795 3.499000 -1.763212
v -0.698255 3.510000 -1.592870
v -0.635595 3.590526 -1.607574
v -0.405182 3.457200 -1.758985
v -0.721190 3.400000 -1.667833
v -0.698255 3.290000 -1.662451
v -0.635595 3.209475 -1.647746
v -0.419898 3.426600 -1.747436
v -0.698255 3.510000 -1.662451
v -0.635595 3.590526 -1.647746
v 0.635595 3.209475 -1.607574
v -0.655801 3.400000 -1.732833
v -0.641627 3.290000 -1.718742
v -0.602901 3.209475 -1.680246
v 0.550000 3.180000 -1.627660
v -0.641627 3.510000 -1.718742
v -0.602901 3.590526 -1.680246
v -0.440000 3.426600 -1.751160
v 0.505052 3.499000 -1.719609
v -0.550000 3.290000 -1.740244
v -0.440000 3.499000 -1.770660
v 0.635595 3.209475 -1.647746
v -0.550000 3.510000 -1.740244
v -0.440000 3.571400 -1.751160
v 0.698255 3.290000 -1.662451
v -0.383663 3.540800 -1.721223
v -0.407474 3.571400 -1.725635
v 0.721190 3.400000 -1.667833
v -0.399795 3.499000 -1.700109
v -0.405182 3.457200 -1.704336
v -0.419898 3.426600 -1.715885
v 0.698255 3.510000 -1.662451
v -0.405182 3.540800 -1.704336
v -0.419898 3.571400 -1.715885
v 0.635595 3.590526 -1.647746
v -0.440000 3.499000 -1.692660
v -0.440000 3.457200 -1.697885
v -0.440000 3.426600 -1.712160
v 0.550000 3.620000 -1.627660
v -0.440000 3.540800 -1.697885
v -0.440000 3.571400 -1.712160
v 0.496337 3.457200 -1.721223
v -0.480205 3.499000 -1.700109
v -0.474818 3.457200 -1.704336
v -0.460102 3.426600 -1.715885
v 0.602901 3.590526 -1.680246
v -0.474818 3.540800 -1.704336
v -0.460102 3.571400 -1.715885
v 0.641627 3.510000 -1.718742
v -0.505052 3.499000 -1.719609
v -0.496337 3.457200 -1.721223
v -0.472526 3.426600 -1.725635
v 0.655801 3.400000 -1.732833
v -0.496337 3.540800 -1.721223
v -0.472526 3.571400 -1.725635
v 0.641627 3.290000 -1.718742
v -0.505052 3.499000 -1.743712
v -0.496337 3.457200 -1.742097
v -0.472526 3.426600 -1.737686
v 0.602901 3.209475 -1.680246
v -0.496337 3.540800 -1.742097
v -0.472526 3.571400 -1.737686
v 0.472526 3.426600 -1.725635
v -0.480205 3.499000 -1.763212
v -0.474818 3.457200 -1.758985
v -0.460102 3.426600 -1.747436
v 0.440000 3.415400 -1.731660
v -0.474818 3.540800 -1.758985
v -0.460102 3.571400 -1.747436
v 0.550000 3.209475 -1.692660
v -0.591746 2.920000 -1.319098
v -0.440000 3.457200 -1.765435
v 0.550000 3.400000 -1.757660
v 0.472526 3.426600 -1.737686
v -0.440000 3.540800 -1.765435
v 0.550000 3.590526 -1.692660
v 0.496337 3.457200 -1.742097
v 0.698255 3.510000 -1.592870
v 0.635595 3.590526 -1.607574
v 0.505052 3.499000 -1.743712
v 0.655801 3.400000 -1.522488
v 0.641627 3.290000 -1.536579
v 0.602901 3.209475 -1.575074
v 0.496337 3.540800 -1.742097
v 0.641627 3.510000 -1.536579
v 0.602901 3.590526 -1.575074
v 0.472526 3.571400 -1.737686
v 0.550000 3.400000 -1.497660
v 0.550000 3.290000 -1.515077
v 0.550000 3.209475 -1.562660
v 0.440000 3.582600 -1.731660
v 0.550000 3.510000 -1.515077
v 0.550000 3.590526 -1.562660
v -0.622327 2.835000 -1.323238
v 0.444199 3.400000 -1.522488
v 0.458373 3.290000 -1.536579
v 0.497099 3.209475 -1.575074
v 0.460102 3.571400 -1.747436
v 0.458373 3.510000 -1.536579
v 0.497099 3.590526 -1.575074
v 0.474818 3.540800 -1.758985
v 0.378810 3.400000 -1.587488
v 0.401745 3.290000 -1.592870
v 0.464405 3.209475 -1.607574
v 0.480205 3.499000 -1.763212
v 0.401745 3.510000 -1.592870
v 0.464405 3.590526 -1.607574
v 0.474818 3.457200 -1.758985
v 0.378810 3.400000 -1.667833
v 0.401745 3.290000 -1.662451
v 0.464405 3.209475 -1.647746
v 0.460102 3.426600 -1.747436
v 0.401745 3.510000 -1.662451
v 0.464405 3.590526 -1.647746
v -0.705873 2.772776 -1.334549
v 0.444199 3.400000 -1.732833
v 0.458373 3.290000 -1.718742
v 0.497099 3.209475 -1.680246
v -0.820000 2.750000 -1.350000
v 0.458373 3.510000 -1.718742
v 0.497099 3.590526 -1.680246
v 0.440000 3.426600 -1.751160
v -1.181922 1.205025 -0.105555
v 0.550000 3.290000 -1.740244
v 0.440000 3.499000 -1.770660
v -0.705873 2.772776 -1.365451
v 0.550000 3.510000 -1.740244
v 0.440000 3.571400 -1.751160
v -0.622327 2.835000 -1.376762
v 0.496337 3.540800 -1.721223
v 0.472526 3.571400 -1.725635
v -0.591746 2.920000 -1.380902
v 0.480205 3.499000 -1.700109
v 0.474818 3.457200 -1.704336
v 0.460102 3.426600 -1.715885
v -0.622327 3.005000 -1.376762
v 0.474818 3.540800 -1.704336
v 0.460102 3.571400 -1.715885
v -0.705873 3.067225 -1.365451
v 0.440000 3.499000 -1.692660
v 0.440000 3.457200 -1.697885
v 0.440000 3.426600 -1.712160
v -0.820000 3.090000 -1.350000
v 0.440000 3.540800 -1.697885
v 0.440000 3.571400 -1.712160
v -1.130395 1.432122 -0.229883
v 0.399795 3.499000 -1.700109
v 0.405182 3.457200 -1.704336
v 0.419898 3.426600 -1.715885
v -0.749466 3.067225 -1.390451
v 0.405182 3.540800 -1.704336
v 0.419898 3.571400 -1.715885
v -0.697831 3.005000 -1.420063
v 0.374948 3.499000 -1.719609
v 0.383663 3.457200 -1.721223
v 0.407474 3.426600 -1.725635
v -0.678932 2.920000 -1.430902
v 0.383663 3.540800 -1.721223
v 0.407474 3.571400 -1.725635
v -0.697831 2.835000 -1.420063
v 0.374948 3.499000 -1.743712
v 0.383663 3.457200 -1.742097
v 0.407474 3.426600 -1.737686
v -0.749466 2.772776 -1.390451
v 0.383663 3.540800 -1.742097
v 0.407474 3.571400 -1.737686
v -1.112302 1.700000 -0.273541
v 0.399795 3.499000 -1.763212
v 0.405182 3.457200 -1.758985
v 0.419898 3.426600 -1.747436
v -1.130395 1.967878 -0.229883
v 0.405182 3.540800 -1.758985
v 0.419898 3.571400 -1.747436
v -0.820000 2.772776 -1.400000
v -1.181922 2.194975 -0.105555
v 0.440000 3.457200 -1.765435
v -0.820000 2.920000 -1.450000
v -1.259037 2.346716 0.080515
v 0.440000 3.540800 -1.765435
v -0.820000 3.067225 -1.400000
v -1.350000 2.400000 0.300000
v -0.622327 3.005000 -1.323238
v -0.705873 3.067225 -1.334549
v -1.335669 1.950000 0.046107
v -0.678931 2.920000 -1.269098
v -0.697831 2.835000 -1.279937
v -0.749466 2.772776 -1.309549
v -1.276271 2.346716 0.006888
v -0.697831 3.005000 -1.279937
v -0.749466 3.067225 -1.309549
v -1.213766 2.194975 -0.241600
v -0.820000 2.920000 -1.250000
v -0.820000 2.835000 -1.263397
v -0.820000 2.772776 -1.300000
v -1.172002 1.967878 -0.407634
v -0.820000 3.005000 -1.263397
v -0.820000 3.067225 -1.300000
v -1.157337 1.700000 -0.465938
v -0.961068 2.920000 -1.269098
v -0.942169 2.835000 -1.279937
v -0.890534 2.772776 -1.309549
v -1.172002 1.432122 -0.407634
v -0.942169 3.005000 -1.279937
v -0.890534 3.067225 -1.309549
v -1.213766 1.205025 -0.241600
v -1.048254 2.920000 -1.319098
v -1.017673 2.835000 -1.323238
v -0.934127 2.772776 -1.334549
v -1.276271 1.053284 0.006888
v -1.017673 3.005000 -1.323238
v -0.934127 3.067225 -1.334549
v -1.350000 1.000000 0.300000
v -1.048254 2.920000 -1.380902
v -1.017673 2.835000 -1.376762
v -0.934127 2.772776 -1.365451
v -1.328211 1.750000 -0.006961
v -1.017673 3.005000 -1.376762
v -0.934127 3.067225 -1.365451
v -1.307835 1.603590 -0.151946
v -0.961069 2.920000 -1.430902
v -0.942169 2.835000 -1.420063
v -0.890534 2.772776 -1.390451
v -1.266351 1.205025 -0.295191
v -0.942169 3.005000 -1.420063
v -0.890534 3.067225 -1.390451
v -1.240708 1.432122 -0.477655
v -1.231703 1.700000 -0.541728
v -0.820000 2.835000 -1.436603
v -1.240708 1.967878 -0.477655
v -1.280000 1.550000 -0.350000
v -0.820000 3.005000 -1.436603
v -1.304730 2.346716 -0.022115
v -0.404894 0.400000 -0.169098
v -1.259037 1.053284 0.080515
v -1.250133 1.603590 -0.182409
v -1.175666 1.205025 0.092232
v -1.122221 1.432122 0.028538
v -1.103454 1.700000 0.006172
v -1.122221 1.967878 0.028538
v -1.175666 2.194975 0.092232
v -1.255651 2.346716 0.187557
v -1.228269 1.750000 -0.059724
v -1.255651 1.053284 0.187557
v -1.220266 1.950000 -0.014818
v -1.195951 1.205025 0.321650
v -1.148725 1.432122 0.328288
v -1.132141 1.700000 0.330618
v -1.148725 1.967878 0.328288
v -1.195951 2.194975 0.321650
v -1.266629 2.346716 0.311717
v -1.228269 2.150000 -0.059724
v -1.266629 1.053284 0.311717
v -1.250133 2.296410 -0.182409
v -1.239688 1.205025 0.547772
v -1.205870 1.432122 0.623730
v -1.193995 1.700000 0.650403
v -1.205870 1.967878 0.623730
v -1.239688 2.194975 0.547772
v -1.290299 2.346716 0.434093
v -1.280000 2.350000 -0.350000
v -1.290299 1.053284 0.434093
v -0.417636 0.190000 -0.173238
v -1.300219 1.205025 0.736173
v -1.284958 1.432122 0.869888
v -1.279599 1.700000 0.916842
v -1.284958 1.967878 0.869888
v -1.300219 2.194975 0.736173
v -1.323059 2.346716 0.536055
v -1.203839 2.296410 -0.276886
v -1.323059 1.053284 0.536055
v -1.148086 2.150000 -0.223362
v -1.368329 1.205025 0.858170
v -1.373948 1.432122 1.029285
v -1.375921 1.700000 1.089372
v -1.373948 1.967878 1.029285
v -1.368329 2.194975 0.858170
v -1.359920 2.346716 0.602080
v -1.127679 1.950000 -0.203771
v -1.359920 1.053284 0.602080
v -1.148086 1.750000 -0.223362
v -1.433649 1.205025 0.895191
v -1.459292 1.432122 1.077655
v -1.468297 1.700000 1.141728
v -1.459292 1.967878 1.077655
v -1.433649 2.194975 0.895191
v -1.395270 2.346716 0.622115
v -1.203839 1.603590 -0.276886
v -1.395270 1.053284 0.622115
v -0.452447 0.036269 -0.184549
v -1.486234 1.205025 0.841600
v -1.527998 1.432122 1.007634
v -1.542663 1.700000 1.065938
v -1.527998 1.967878 1.007634
v -1.486234 2.194975 0.841600
v -1.423729 2.346716 0.593112
v -0.500000 -0.020000 -0.200000
v -1.423729 1.053284 0.593112
v -1.186637 1.603590 -0.399289
v -1.518078 1.205025 0.705555
v -1.569605 1.432122 0.829883
v -1.587698 1.700000 0.873541
v -1.569605 1.967878 0.829883
v -1.518078 2.194975 0.705555
v -1.440963 2.346716 0.519485
v -1.118290 1.750000 -0.435372
v -1.440963 1.053284 0.519485
v -1.093273 1.950000 -0.448579
v -1.524334 1.205025 0.507767
v -1.577779 1.432122 0.571461
v -1.596546 1.700000 0.593827
v -1.577779 1.967878 0.571461
v -1.524334 2.194975 0.507767
v -1.444349 2.346716 0.412443
v -1.118290 2.150000 -0.435372
v -1.444349 1.053284 0.412443
v -1.186637 2.296410 -0.399289
v -1.504050 1.205025 0.278349
v -1.551275 1.432122 0.271712
v -1.567859 1.700000 0.269381
v -1.551275 1.967878 0.271712
v -1.504050 2.194975 0.278349
v -1.433371 2.346716 0.288283
v -0.290000 0.050503 -0.825000
v -1.433371 1.053284 0.288283
v -0.452447 0.036269 -0.215451
v -1.460312 1.205025 0.052228
v -1.494130 1.432122 -0.023730
v -1.506005 1.700000 -0.050403
v -1.494130 1.967878 -0.023730
v -1.460312 2.194975 0.052228
v -1.409701 2.346716 0.165907
v -1.205095 2.296410 -0.502866
v -1.409701 1.053284 0.165907
v -1.150262 2.150000 -0.614772
v -1.399781 1.205025 -0.136173
v -1.415042 1.432122 -0.269888
v -1.420401 1.700000 -0.316842
v -1.415042 1.967878 -0.269888
v -1.399781 2.194975 -0.136173
v -1.376941 2.346716 0.063945
v -1.130191 1.950000 -0.655733
v -1.376941 1.053284 0.063945
v -1.150262 1.750000 -0.614772
v -1.331671 1.205025 -0.258170
v -1.326052 1.432122 -0.429285
v -1.324079 1.700000 -0.489372
v -1.326052 1.967878 -0.429285
v -1.331671 2.194975 -0.258170
v -1.340080 2.346716 -0.002080
v -1.205095 1.603590 -0.502866
v -1.340080 1.053284 -0.002080
v -0.417636 0.190000 -0.226762
v -0.404894 0.400000 -0.230902
v -1.252165 1.603590 -0.548054
v -0.417636 0.610000 -0.226762
v -1.224331 1.950000 -0.746107
v -1.266351 2.194975 -0.295191
v -0.452447 0.763731 -0.215451
v -1.252165 2.296410 -0.548054
v -1.304730 1.053284 -0.022115
v -0.500000 0.820000 -0.200000
v -1.328211 2.150000 -0.006961
v -1.307835 2.296410 -0.151946
v -0.225622 0.073212 -0.909305
v -1.429809 1.950000 -0.044267
v -1.409738 1.750000 -0.085228
v -1.354905 1.603590 -0.197134
v -0.470611 0.763731 -0.240451
v -1.409738 2.150000 -0.085228
v -1.354905 2.296410 -0.197134
v -0.449096 0.610000 -0.270063
v -1.466727 1.950000 -0.251421
v -1.441710 1.750000 -0.264628
v -1.373363 1.603590 -0.300711
v -0.441221 0.400000 -0.280902
v -1.441710 2.150000 -0.264628
v -1.373363 2.296410 -0.300711
v -0.449096 0.190000 -0.270063
v -1.432321 1.950000 -0.496229
v -1.411914 1.750000 -0.476638
v -1.356161 1.603590 -0.423114
v -0.470611 0.036269 -0.240451
v -1.411914 2.150000 -0.476638
v -1.356161 2.296410 -0.423114
v -0.203015 0.100000 -0.938909
v -1.339734 1.950000 -0.685182
v -1.331731 1.750000 -0.640276
v -1.309867 1.603590 -0.517591
v -0.225622 0.126788 -0.909305
v -1.331731 2.150000 -0.640276
v -1.309867 2.296410 -0.517591
v -0.500000 0.036269 -0.250000
v -0.290000 0.149497 -0.825000
v -1.231789 1.750000 -0.693039
v -0.500000 0.400000 -0.300000
v -0.386349 0.164672 -0.698829
v -1.231789 2.150000 -0.693039
v -0.500000 0.763731 -0.250000
v -0.500000 0.170000 -0.550000
v -0.417636 0.610000 -0.173238
v -0.452447 0.763731 -0.184549
v -0.720000 0.090000 -0.720000
v -0.441221 0.400000 -0.119098
v -0.449096 0.190000 -0.129937
v -0.470611 0.036269 -0.159549
v -0.438492 0.164672 -0.744454
v -0.449096 0.610000 -0.129937
v -0.470611 0.763731 -0.159549
v -0.386349 0.149497 -0.909305
v -0.500000 0.400000 -0.100000
v -0.500000 0.190000 -0.113397
v -0.500000 0.036269 -0.150000
v -0.351508 0.126788 -1.019454
v -0.500000 0.610000 -0.113397
v -0.500000 0.763731 -0.150000
v -0.339273 0.100000 -1.058134
v -0.558779 0.400000 -0.119098
v -0.550904 0.190000 -0.129937
v -0.529389 0.036269 -0.159549
v -0.351508 0.073212 -1.019454
v -0.550904 0.610000 -0.129937
v -0.529389 0.763731 -0.159549
v -0.386349 0.050503 -0.909305
v -0.595106 0.400000 -0.169098
v -0.582364 0.190000 -0.173238
v -0.547553 0.036269 -0.184549
v -0.438492 0.035328 -0.744454
v -0.582364 0.610000 -0.173238
v -0.547553 0.763731 -0.184549
v -0.500000 0.030000 -0.550000
v -0.595106 0.400000 -0.230902
v -0.582364 0.190000 -0.226762
v -0.547553 0.036269 -0.215451
v -0.720000 0.060000 -0.757513
v -0.582364 0.610000 -0.226762
v -0.547553 0.763731 -0.215451
v -0.720000 0.038038 -0.860000
v -0.558779 0.400000 -0.280902
v -0.550904 0.190000 -0.270063
v -0.529389 0.036269 -0.240451
v -0.500000 0.050503 -0.938909
v -0.550904 0.610000 -0.270063
v -0.529389 0.763731 -0.240451
v -0.500000 0.073212 -1.058134
v -0.500000 0.100000 -1.100000
v -0.500000 0.190000 -0.286603
v -0.500000 0.126788 -1.058134
v -0.720000 0.030000 -1.000000
v -0.500000 0.610000 -0.286603
v -0.500000 0.164672 -0.760476
v -0.414405 0.090000 -0.913475
v -0.386349 0.035328 -0.698829
v -0.693550 0.038038 -0.886738
v -0.225622 0.050503 -0.698829
v -0.141508 0.073212 -0.744454
v -0.111971 0.100000 -0.760476
v -0.141508 0.126788 -0.744454
v -0.225622 0.149497 -0.698829
v -0.351508 0.164672 -0.630546
v -0.674187 0.060000 -0.803824
v -0.351508 0.035328 -0.630546
v -0.667099 0.090000 -0.773475
v -0.203015 0.050503 -0.550000
v -0.111971 0.073212 -0.550000
v -0.080000 0.100000 -0.550000
v -0.111971 0.126788 -0.550000
v -0.203015 0.149497 -0.550000
v -0.339273 0.164672 -0.550000
v -0.674187 0.120000 -0.803824
v -0.339273 0.035328 -0.550000
v -0.693550 0.141962 -0.886738
v -0.225622 0.050503 -0.401171
v -0.141508 0.073212 -0.355546
v -0.111971 0.100000 -0.339524
v -0.141508 0.126788 -0.355546
v -0.225622 0.149497 -0.401171
v -0.351508 0.164672 -0.469454
v -0.720000 0.150000 -1.000000
v -0.351508 0.035328 -0.469454
v -0.425872 0.060000 -0.925067
v -0.290000 0.050503 -0.275000
v -0.225622 0.073212 -0.190695
v -0.203015 0.100000 -0.161091
v -0.225622 0.126788 -0.190695
v -0.290000 0.149497 -0.275000
v -0.386349 0.164672 -0.401171
v -0.677202 0.141962 -0.956738
v -0.386349 0.035328 -0.401171
v -0.645873 0.120000 -0.925067
v -0.386349 0.050503 -0.190695
v -0.351508 0.073212 -0.080546
v -0.339273 0.100000 -0.041866
v -0.351508 0.126788 -0.080546
v -0.386349 0.149497 -0.190695
v -0.438492 0.164672 -0.355546
v -0.634405 0.090000 -0.913475
v -0.438492 0.035328 -0.355546
v -0.645873 0.060000 -0.925067
v -0.500000 0.050503 -0.161091
v -0.500000 0.073212 -0.041866
v -0.500000 0.100000 0.000000
v -0.500000 0.126788 -0.041866
v -0.500000 0.149497 -0.161091
v -0.500000 0.164672 -0.339524
v -0.677202 0.038038 -0.956738
v -0.500000 0.035328 -0.339524
v -0.457202 0.038038 -0.956738
v -0.613651 0.050503 -0.190695
v -0.648493 0.073212 -0.080546
v -0.660727 0.100000 -0.041866
v -0.648493 0.126788 -0.080546
v -0.613651 0.149497 -0.190695
v -0.561508 0.164672 -0.355546
v -0.500000 0.030000 -1.000000
v -0.561508 0.035328 -0.355546
v -0.677202 0.038038 -1.043262
v -0.710000 0.050503 -0.275000
v -0.774378 0.073212 -0.190695
v -0.796985 0.100000 -0.161091
v -0.774378 0.126788 -0.190695
v -0.710000 0.149497 -0.275000
v -0.613651 0.164672 -0.401171
v -0.645873 0.060000 -1.074933
v -0.613651 0.035328 -0.401171
v -0.634405 0.090000 -1.086525
v -0.774378 0.050503 -0.401171
v -0.858492 0.073212 -0.355546
v -0.888029 0.100000 -0.339524
v -0.858492 0.126788 -0.355546
v -0.774378 0.149497 -0.401171
v -0.648492 0.164672 -0.469454
v -0.645873 0.120000 -1.074933
v -0.648492 0.035328 -0.469454
v -0.677202 0.141962 -1.043262
v -0.796985 0.050503 -0.550000
v -0.888029 0.073212 -0.550000
v -0.920000 0.100000 -0.550000
v -0.888029 0.126788 -0.550000
v -0.796985 0.149497 -0.550000
v -0.660727 0.164672 -0.550000
v -0.194405 0.090000 -0.913475
v -0.660727 0.035328 -0.550000
v -0.457202 0.038038 -1.043262
v -0.774378 0.050503 -0.698829
v -0.858492 0.073212 -0.744455
v -0.888029 0.100000 -0.760476
v -0.858492 0.126788 -0.744455
v -0.774378 0.149497 -0.698829
v -0.648492 0.164672 -0.630546
v -0.693550 0.141962 -1.113262
v -0.648492 0.035328 -0.630546
v -0.674187 0.120000 -1.196176
v -0.710000 0.050503 -0.825000
v -0.774378 0.073212 -0.909305
v -0.796985 0.100000 -0.938909
v -0.774378 0.126788 -0.909305
v -0.710000 0.149497 -0.825000
v -0.613651 0.164672 -0.698829
v -0.667099 0.090000 -1.226525
v -0.613651 0.035328 -0.698829
v -0.674187 0.060000 -1.196176
v -0.613651 0.050503 -0.909305
v -0.648492 0.073212 -1.019454
v -0.660727 0.100000 -1.058134
v -0.648492 0.126788 -1.019454
v -0.613651 0.149497 -0.909305
v -0.561507 0.164672 -0.744454
v -0.693550 0.038038 -1.113262
v -0.561507 0.035328 -0.744454
v -0.425872 0.060000 -1.074933
v -0.414405 0.090000 -1.086525
v -0.720000 0.038038 -1.140000
v -0.425872 0.120000 -1.074933
v -0.720000 0.090000 -1.280000
v -0.500000 0.149497 -0.938909
v -0.457202 0.141962 -1.043262
v -0.720000 0.141962 -1.140000
v -0.500000 0.035328 -0.760476
v -0.500000 0.150000 -1.000000
v -0.720000 0.120000 -0.757513
v -0.720000 0.141962 -0.860000
v -0.205872 0.060000 -0.925067
v -0.772901 0.090000 -0.773475
v -0.765813 0.060000 -0.803824
v -0.746450 0.038038 -0.886738
v -0.473550 0.141962 -1.113262
v -0.765813 0.120000 -0.803824
v -0.746450 0.141962 -0.886738
v -0.454187 0.120000 -1.196176
v -0.805595 0.090000 -0.913475
v -0.794128 0.060000 -0.925067
v -0.762798 0.038038 -0.956738
v -0.447099 0.090000 -1.226525
v -0.794128 0.120000 -0.925067
v -0.762798 0.141962 -0.956738
v -0.454187 0.060000 -1.196176
v -0.805595 0.090000 -1.086525
v -0.794128 0.060000 -1.074933
v -0.762798 0.038038 -1.043262
v -0.473550 0.038038 -1.113262
v -0.794128 0.120000 -1.074933
v -0.762798 0.141962 -1.043262
v -0.237202 0.038038 -0.956738
v -0.772901 0.090000 -1.226525
v -0.765813 0.060000 -1.196176
v -0.746450 0.038038 -1.113262
v -0.280000 0.030000 -1.000000
v -0.765813 0.120000 -1.196176
v -0.746450 0.141962 -1.113262
v -0.500000 0.038038 -1.140000
v 1.048254 2.920000 -1.319098
v -0.720000 0.060000 -1.242487
v -0.500000 0.090000 -1.280000
v -0.237202 0.038038 -1.043262
v -0.720000 0.120000 -1.242487
v -0.500000 0.141962 -1.140000
v -0.205872 0.060000 -1.074933
v -0.425872 0.120000 -0.925067
v -0.457202 0.141962 -0.956738
v -0.194405 0.090000 -1.086525
v -0.447099 0.090000 -0.773475
v -0.454187 0.060000 -0.803824
v -0.473550 0.038038 -0.886738
v -0.205872 0.120000 -1.074933
v -0.454187 0.120000 -0.803824
v -0.473550 0.141962 -0.886738
v -0.237202 0.141962 -1.043262
v -0.500000 0.090000 -0.720000
v -0.500000 0.060000 -0.757513
v -0.500000 0.038038 -0.860000
v -0.280000 0.150000 -1.000000
v -0.500000 0.120000 -0.757513
v -0.500000 0.141962 -0.860000
v 1.017673 2.835000 -1.323238
v -0.552901 0.090000 -0.773475
v -0.545813 0.060000 -0.803824
v -0.526450 0.038038 -0.886738
v -0.253550 0.141962 -1.113262
v -0.545813 0.120000 -0.803824
v -0.526450 0.141962 -0.886738
v -0.234187 0.120000 -1.196176
v -0.585595 0.090000 -0.913475
v -0.574127 0.060000 -0.925067
v -0.542798 0.038038 -0.956738
v -0.227099 0.090000 -1.226525
v -0.574127 0.120000 -0.925067
v -0.542798 0.141962 -0.956738
v -0.234187 0.060000 -1.196176
v -0.585595 0.090000 -1.086525
v -0.574127 0.060000 -1.074933
v -0.542798 0.038038 -1.043262
v -0.253550 0.038038 -1.113262
v -0.574127 0.120000 -1.074933
v -0.542798 0.141962 -1.043262
v 0.934127 2.772776 -1.334549
v -0.552901 0.090000 -1.226525
v -0.545813 0.060000 -1.196176
v -0.526450 0.038038 -1.113262
v 0.820000 2.750000 -1.350000
v -0.545813 0.120000 -1.196176
v -0.526450 0.141962 -1.113262
v -0.280000 0.038038 -1.140000
v 1.399781 1.205025 -0.136173
v -0.500000 0.060000 -1.242487
v -0.280000 0.090000 -1.280000
v 0.934127 2.772776 -1.365451
v -0.500000 0.120000 -1.242487
v -0.280000 0.141962 -1.140000
v 1.017673 2.835000 -1.376762
v -0.205872 0.120000 -0.925067
v -0.237202 0.141962 -0.956738
v 1.048254 2.920000 -1.380902
v -0.227099 0.090000 -0.773475
v -0.234187 0.060000 -0.803824
v -0.253550 0.038038 -0.886738
v 1.017673 3.005000 -1.376762
v -0.234187 0.120000 -0.803824
v -0.253550 0.141962 -0.886738
v 0.934127 3.067225 -1.365451
v -0.280000 0.090000 -0.720000
v -0.280000 0.060000 -0.757513
v -0.280000 0.038038 -0.860000
v 0.820000 3.090000 -1.350000
v -0.280000 0.120000 -0.757513
v -0.280000 0.141962 -0.860000
v 1.415042 1.432122 -0.269887
v -0.332901 0.090000 -0.773475
v -0.325813 0.060000 -0.803824
v -0.306450 0.038038 -0.886738
v 0.890534 3.067225 -1.390451
v -0.325813 0.120000 -0.803824
v -0.306450 0.141962 -0.886738
v 0.942169 3.005000 -1.420063
v -0.365595 0.090000 -0.913475
v -0.354128 0.060000 -0.925067
v -0.322798 0.038038 -0.956738
v 0.961068 2.920000 -1.430902
v -0.354128 0.120000 -0.925067
v -0.322798 0.141962 -0.956738
v 0.942169 2.835000 -1.420063
v -0.365595 0.090000 -1.086525
v -0.354128 0.060000 -1.074933
v -0.322798 0.038038 -1.043262
v 0.890534 2.772776 -1.390451
v -0.354128 0.120000 -1.074933
v -0.322798 0.141962 -1.043262
v 1.420401 1.700000 -0.316842
v -0.332901 0.090000 -1.226525
v -0.325813 0.060000 -1.196176
v -0.306450 0.038038 -1.113262
v 1.415042 1.967878 -0.269887
v -0.325813 0.120000 -1.196176
v -0.306450 0.141962 -1.113262
v 0.820000 2.772776 -1.400000
v 1.399781 2.194975 -0.136173
v -0.280000 0.060000 -1.242487
v 0.820000 2.920000 -1.450000
v 1.376941 2.346716 0.063945
v -0.280000 0.120000 -1.242487
v 0.820000 3.067225 -1.400000
v 1.350000 2.400000 0.300000
v 1.017673 3.005000 -1.323238
v 0.934127 3.067225 -1.334549
v 1.335669 1.950000 0.046107
v 0.961069 2.920000 -1.269098
v 0.942169 2.835000 -1.279937
v 0.890534 2.772776 -1.309549
v 1.340080 2.346716 -0.002080
v 0.942169 3.005000 -1.279937
v 0.890534 3.067225 -1.309549
v 1.331671 2.194975 -0.258170
v 0.820000 2.920000 -1.250000
v 0.820000 2.835000 -1.263397
v 0.820000 2.772776 -1.300000
v 1.326052 1.967878 -0.429285
v 0.820000 3.005000 -1.263397
v 0.820000 3.067225 -1.300000
v 1.324079 1.700000 -0.489372
v 0.678932 2.920000 -1.269098
v 0.697831 2.835000 -1.279937
v 0.749466 2.772776 -1.309549
v 1.326052 1.432122 -0.429285
v 0.697831 3.005000 -1.279937
v 0.749466 3.067225 -1.309549
v 1.331671 1.205025 -0.258170
v 0.591746 2.920000 -1.319098
v 0.622327 2.835000 -1.323238
v 0.705873 2.772776 -1.334549
v 1.340080 1.053284 -0.002080
v 0.622327 3.005000 -1.323238
v 0.705873 3.067225 -1.334549
v 1.350000 1.000000 0.300000
v 0.591746 2.920000 -1.380902
v 0.622327 2.835000 -1.376762
v 0.705873 2.772776 -1.365451
v 1.328211 1.750000 -0.006961
v 0.622327 3.005000 -1.376762
v 0.705873 3.067225 -1.365451
v 1.307835 1.603590 -0.151946
v 0.678931 2.920000 -1.430902
v 0.697831 2.835000 -1.420063
v 0.749466 2.772776 -1.390451
v 1.266351 1.205025 -0.295191
v 0.697831 3.005000 -1.420063
v 0.749466 3.067225 -1.390451
v 1.240708 1.432122 -0.477655
v 1.231703 1.700000 -0.541728
v 0.820000 2.835000 -1.436603
v 1.240708 1.967878 -0.477655
v 1.280000 1.550000 -0.350000
v 0.820000 3.005000 -1.436603
v 1.304730 2.346716 -0.022115
v 0.595106 0.400000 -0.169098
v 1.376941 1.053284 0.063945
v 1.354905 1.603590 -0.197134
v 1.460312 1.205025 0.052228
v 1.494130 1.432122 -0.023730
v 1.506005 1.700000 -0.050403
v 1.494130 1.967878 -0.023730
v 1.460312 2.194975 0.052228
v 1.409701 2.346716 0.165907
v 1.409738 1.750000 -0.085228
v 1.409701 1.053284 0.165907
v 1.429809 1.950000 -0.044267
v 1.504050 1.205025 0.278350
v 1.551275 1.432122 0.271713
v 1.567859 1.700000 0.269382
v 1.551275 1.967878 0.271713
v 1.504050 2.194975 0.278350
v 1.433371 2.346716 0.288283
v 1.409738 2.150000 -0.085228
v 1.433371 1.053284 0.288283
v 1.354905 2.296410 -0.197134
v 1.524334 1.205025 0.507768
v 1.577779 1.432122 0.571462
v 1.596546 1.700000 0.593828
v 1.577779 1.967878 0.571462
v 1.524334 2.194975 0.507768
v 1.444349 2.346716 0.412443
v 1.280000 2.350000 -0.350000
v 1.444349 1.053284 0.412443
v 0.582364 0.190000 -0.173238
v 1.518078 1.205025 0.705555
v 1.569605 1.432122 0.829883
v 1.587698 1.700000 0.873541
v 1.569605 1.967878 0.829883
v 1.518078 2.194975 0.705555
v 1.440963 2.346716 0.519485
v 1.373363 2.296410 -0.300711
v 1.440963 1.053284 0.519485
v 1.441710 2.150000 -0.264628
v 1.486233 1.205025 0.841600
v 1.527998 1.432122 1.007635
v 1.542663 1.700000 1.065938
v 1.527998 1.967878 1.007635
v 1.486233 2.194975 0.841600
v 1.423729 2.346716 0.593112
v 1.466727 1.950000 -0.251421
v 1.423729 1.053284 0.593112
v 1.441710 1.750000 -0.264628
v 1.433649 1.205025 0.895191
v 1.459292 1.432122 1.077655
v 1.468297 1.700000 1.141728
v 1.459292 1.967878 1.077655
v 1.433649 2.194975 0.895191
v 1.395270 2.346716 0.622115
v 1.373363 1.603590 -0.300711
v 1.395270 1.053284 0.622115
v 0.547553 0.036269 -0.184549
v 1.368329 1.205025 0.858170
v 1.373948 1.432122 1.029285
v 1.375921 1.700000 1.089372
v 1.373948 1.967878 1.029285
v 1.368329 2.194975 0.858170
v 1.359920 2.346716 0.602080
v 0.500000 -0.020000 -0.200000
v 1.359920 1.053284 0.602080
v 1.356161 1.603590 -0.423114
v 1.300219 1.205025 0.736173
v 1.284958 1.432122 0.869887
v 1.279599 1.700000 0.916842
v 1.284958 1.967878 0.869887
v 1.300219 2.194975 0.736173
v 1.323059 2.346716 0.536055
v 1.411914 1.750000 -0.476638
v 1.323059 1.053284 0.536055
v 1.432321 1.950000 -0.496229
v 1.239688 1.205025 0.547772
v 1.205870 1.432122 0.623730
v 1.193995 1.700000 0.650402
v 1.205870 1.967878 0.623730
v 1.239688 2.194975 0.547772
v 1.290299 2.346716 0.434093
v 1.411914 2.150000 -0.476638
v 1.290299 1.053284 0.434093
v 1.356161 2.296410 -0.423114
v 1.195951 1.205025 0.321650
v 1.148725 1.432122 0.328287
v 1.132141 1.700000 0.330618
v 1.148725 1.967878 0.328287
v 1.195951 2.194975 0.321650
v 1.266629 2.346716 0.311717
v 0.710000 0.050503 -0.825000
v 1.266629 1.053284 0.311717
v 0.547553 0.036269 -0.215451
v 1.175666 1.205025 0.092232
v 1.122221 1.432122 0.028538
v 1.103454 1.700000 0.006172
v 1.122221 1.967878 0.028538
v 1.175666 2.194975 0.092232
v 1.255651 2.346716 0.187557
v 1.309867 2.296410 -0.517591
v 1.255651 1.053284 0.187557
v 1.331731 2.150000 -0.640276
v 1.181922 1.205025 -0.105555
v 1.130396 1.432122 -0.229883
v 1.112302 1.700000 -0.273542
v 1.130396 1.967878 -0.229883
v 1.181922 2.194975 -0.105555
v 1.259037 2.346716 0.080515
v 1.339734 1.950000 -0.685182
v 1.259037 1.053284 0.080515
v 1.331731 1.750000 -0.640276
v 1.213767 1.205025 -0.241600
v 1.172002 1.432122 -0.407635
v 1.157337 1.700000 -0.465938
v 1.172002 1.967878 -0.407635
v 1.213767 2.194975 -0.241600
v 1.276271 2.346716 0.006888
v 1.309867 1.603590 -0.517591
v 1.276271 1.053284 0.006888
v 0.582364 0.190000 -0.226762
v 0.595106 0.400000 -0.230902
v 1.252165 1.603590 -0.548054
v 0.582364 0.610000 -0.226762
v 1.224331 1.950000 -0.746107
v 1.266351 2.194975 -0.295191
v 0.547553 0.763731 -0.215451
v 1.252165 2.296410 -0.548054
v 1.304730 1.053284 -0.022115
v 0.500000 0.820000 -0.200000
v 1.328211 2.150000 -0.006961
v 1.307835 2.296410 -0.151946
v 0.774378 0.073212 -0.909305
v 1.220266 1.950000 -0.014818
v 1.228269 1.750000 -0.059724
v 1.250133 1.603590 -0.182409
v 0.529389 0.763731 -0.240451
v 1.228269 2.150000 -0.059724
v 1.250133 2.296410 -0.182409
v 0.550904 0.610000 -0.270063
v 1.127679 1.950000 -0.203771
v 1.148086 1.750000 -0.223362
v 1.203839 1.603590 -0.276886
v 0.558779 0.400000 -0.280902
v 1.148086 2.150000 -0.223362
v 1.203839 2.296410 -0.276886
v 0.550904 0.190000 -0.270063
v 1.093273 1.950000 -0.448579
v 1.118290 1.750000 -0.435372
v 1.186636 1.603590 -0.399289
v 0.529389 0.036269 -0.240451
v 1.118290 2.150000 -0.435372
v 1.186636 2.296410 -0.399289
v 0.796985 0.100000 -0.938909
v 1.130191 1.950000 -0.655733
v 1.150262 1.750000 -0.614772
v 1.205095 1.603590 -0.502866
v 0.774378 0.126788 -0.909305
v 1.150262 2.150000 -0.614772
v 1.205095 2.296410 -0.502866
v 0.500000 0.036269 -0.250000
v 0.710000 0.149497 -0.825000
v 1.231789 1.750000 -0.693039
v 0.500000 0.400000 -0.300000
v 0.613651 0.164672 -0.698829
v 1.231789 2.150000 -0.693039
v 0.500000 0.763731 -0.250000
v 0.500000 0.170000 -0.550000
v 0.582364 0.610000 -0.173238
v 0.547553 0.763731 -0.184549
v 0.280000 0.090000 -0.720000
v 0.558779 0.400000 -0.119098
v 0.550904 0.190000 -0.129937
v 0.529389 0.036269 -0.159549
v 0.561508 0.164672 -0.744454
v 0.550904 0.610000 -0.129937
v 0.529389 0.763731 -0.159549
v 0.613651 0.149497 -0.909305
v 0.500000 0.400000 -0.100000
v 0.500000 0.190000 -0.113397
v 0.500000 0.036269 -0.150000
v 0.648492 0.126788 -1.019454
v 0.500000 0.610000 -0.113397
v 0.500000 0.763731 -0.150000
v 0.660727 0.100000 -1.058134
v 0.441221 0.400000 -0.119098
v 0.449096 0.190000 -0.129937
v 0.470611 0.036269 -0.159549
v 0.648492 0.073212 -1.019454
v 0.449096 0.610000 -0.129937
v 0.470611 0.763731 -0.159549
v 0.613651 0.050503 -0.909305
v 0.404894 0.400000 -0.169098
v 0.417636 0.190000 -0.173238
v 0.452447 0.036269 -0.184549
v 0.561508 0.035328 -0.744454
v 0.417636 0.610000 -0.173238
v 0.452447 0.763731 -0.184549
v 0.500000 0.030000 -0.550000
v 0.404894 0.400000 -0.230902
v 0.417636 0.190000 -0.226762
v 0.452447 0.036269 -0.215451
v 0.280000 0.060000 -0.757513
v 0.417636 0.610000 -0.226762
v 0.452447 0.763731 -0.215451
v 0.280000 0.038038 -0.860000
v 0.441221 0.400000 -0.280902
v 0.449096 0.190000 -0.270063
v 0.470611 0.036269 -0.240451
v 0.500000 0.050503 -0.938909
v 0.449096 0.610000 -0.270063
v 0.470611 0.763731 -0.240451
v 0.500000 0.073212 -1.058134
v 0.500000 0.100000 -1.100000
v 0.500000 0.190000 -0.286603
v 0.500000 0.126788 -1.058134
v 0.280000 0.030000 -1.000000
v 0.500000 0.610000 -0.286603
v 0.500000 0.164672 -0.760476
v 0.585595 0.090000 -0.913475
v 0.613651 0.035328 -0.698829
v 0.306450 0.038038 -0.886738
v 0.774378 0.050503 -0.698829
v 0.858492 0.073212 -0.744454
v 0.888029 0.100000 -0.760476
v 0.858492 0.126788 -0.744454
v 0.774378 0.149497 -0.698829
v 0.648492 0.164672 -0.630546
v 0.325813 0.060000 -0.803824
v 0.648492 0.035328 -0.630546
v 0.332901 0.090000 -0.773475
v 0.796985 0.050503 -0.550000
v 0.888029 0.073212 -0.550000
v 0.920000 0.100000 -0.550000
v 0.888029 0.126788 -0.550000
v 0.796985 0.149497 -0.550000
v 0.660727 0.164672 -0.550000
v 0.325813 0.120000 -0.803824
v 0.660727 0.035328 -0.550000
v 0.306450 0.141962 -0.886738
v 0.774378 0.050503 -0.401171
v 0.858492 0.073212 -0.355546
v 0.888029 0.100000 -0.339524
v 0.858492 0.126788 -0.355546
v 0.774378 0.149497 -0.401171
v 0.648492 0.164672 -0.469454
v 0.280000 0.150000 -1.000000
v 0.648492 0.035328 -0.469454
v 0.574127 0.060000 -0.925067
v 0.710000 0.050503 -0.275000
v 0.774378 0.073212 -0.190695
v 0.796985 0.100000 -0.161091
v 0.774378 0.126788 -0.190695
v 0.710000 0.149497 -0.275000
v 0.613651 0.164672 -0.401171
v 0.322798 0.141962 -0.956738
v 0.613651 0.035328 -0.401171
v 0.354128 0.120000 -0.925067
v 0.613651 0.050503 -0.190695
v 0.648492 0.073212 -0.080546
v 0.660727 0.100000 -0.041866
v 0.648492 0.126788 -0.080546
v 0.613651 0.149497 -0.190695
v 0.561508 0.164672 -0.355546
v 0.365595 0.090000 -0.913475
v 0.561508 0.035328 -0.355546
v 0.354128 0.060000 -0.925067
v 0.500000 0.050503 -0.161091
v 0.500000 0.073212 -0.041866
v 0.500000 0.100000 0.000000
v 0.500000 0.126788 -0.041866
v 0.500000 0.149497 -0.161091
v 0.500000 0.164672 -0.339524
v 0.322798 0.038038 -0.956738
v 0.500000 0.035328 -0.339524
v 0.542798 0.038038 -0.956738
v 0.386349 0.050503 -0.190695
v 0.351507 0.073212 -0.080546
v 0.339273 0.100000 -0.041866
v 0.351507 0.126788 -0.080546
v 0.386349 0.149497 -0.190695
v 0.438492 0.164672 -0.355546
v 0.500000 0.030000 -1.000000
v 0.438492 0.035328 -0.355546
v 0.322798 0.038038 -1.043262
v 0.290000 0.050503 -0.275000
v 0.225622 0.073212 -0.190695
v 0.203015 0.100000 -0.161091
v 0.225622 0.126788 -0.190695
v 0.290000 0.149497 -0.275000
v 0.386349 0.164672 -0.401171
v 0.354128 0.060000 -1.074933
v 0.386349 0.035328 -0.401171
v 0.365595 0.090000 -1.086525
v 0.225622 0.050503 -0.401171
v 0.141508 0.073212 -0.355546
v 0.111971 0.100000 -0.339524
v 0.141508 0.126788 -0.355546
v 0.225622 0.149497 -0.401171
v 0.351508 0.164672 -0.469454
v 0.354128 0.120000 -1.074933
v 0.351508 0.035328 -0.469454
v 0.322798 0.141962 -1.043262
v 0.203015 0.050503 -0.550000
v 0.111971 0.073212 -0.550000
v 0.080000 0.100000 -0.550000
v 0.111971 0.126788 -0.550000
v 0.203015 0.149497 -0.550000
v 0.339273 0.164672 -0.550000
v 0.805595 0.090000 -0.913475
v 0.339273 0.035328 -0.550000
v 0.542798 0.038038 -1.043262
v 0.225622 0.050503 -0.698829
v 0.141508 0.073212 -0.744455
v 0.111971 0.100000 -0.760476
v 0.141508 0.126788 -0.744455
v 0.225622 0.149497 -0.698829
v 0.351508 0.164672 -0.630546
v 0.306450 0.141962 -1.113262
v 0.351508 0.035328 -0.630546
v 0.325813 0.120000 -1.196176
v 0.290000 0.050503 -0.825000
v 0.225622 0.073212 -0.909305
v 0.203015 0.100000 -0.938909
v 0.225622 0.126788 -0.909305
v 0.290000 0.149497 -0.825000
v 0.386349 0.164672 -0.698829
v 0.332901 0.090000 -1.226525
v 0.386349 0.035328 -0.698829
v 0.325813 0.060000 -1.196176
v 0.386349 0.050503 -0.909305
v 0.351508 0.073212 -1.019454
v 0.339273 0.100000 -1.058134
v 0.351508 0.126788 -1.019454
v 0.386349 0.149497 -0.909305
v 0.438493 0.164672 -0.744454
v 0.306450 0.038038 -1.113262
v 0.438493 0.035328 -0.744454
v 0.574127 0.060000 -1.074933
v 0.585595 0.090000 -1.086525
v 0.280000 0.038038 -1.140000
v 0.574127 0.120000 -1.074933
v 0.280000 0.090000 -1.280000
v 0.500000 0.149497 -0.938909
v 0.542798 0.141962 -1.043262
v 0.280000 0.141962 -1.140000
v 0.500000 0.035328 -0.760476
v 0.500000 0.150000 -1.000000
v 0.280000 0.120000 -0.757513
v 0.280000 0.141962 -0.860000
v 0.794128 0.060000 -0.925067
v 0.227099 0.090000 -0.773475
v 0.234187 0.060000 -0.803824
v 0.253550 0.038038 -0.886738
v 0.526450 0.141962 -1.113262
v 0.234187 0.120000 -0.803824
v 0.253550 0.141962 -0.886738
v 0.545813 0.120000 -1.196176
v 0.194405 0.090000 -0.913475
v 0.205872 0.060000 -0.925067
v 0.237202 0.038038 -0.956738
v 0.552901 0.090000 -1.226525
v 0.205872 0.120000 -0.925067
v 0.237202 0.141962 -0.956738
v 0.545813 0.060000 -1.196176
v 0.194405 0.090000 -1.086525
v 0.205872 0.060000 -1.074933
v 0.237202 0.038038 -1.043262
v 0.526450 0.038038 -1.113262
v 0.205872 0.120000 -1.074933
v 0.237202 0.141962 -1.043262
v 0.762798 0.038038 -0.956738
v 0.227099 0.090000 -1.226525
v 0.234187 0.060000 -1.196176
v 0.253550 0.038038 -1.113262
v 0.720000 0.030000 -1.000000
v 0.234187 0.120000 -1.196176
v 0.253550 0.141962 -1.113262
v 0.500000 0.038038 -1.140000
v -0.105559 4.000000 -0.484601
v 0.280000 0.060000 -1.242487
v 0.500000 0.090000 -1.280000
v 0.762798 0.038038 -1.043262
v 0.280000 0.120000 -1.242487
v 0.500000 0.141962 -1.140000
v 0.794128 0.060000 -1.074933
v 0.574127 0.120000 -0.925067
v 0.542798 0.141962 -0.956738
v 0.805595 0.090000 -1.086525
v 0.552901 0.090000 -0.773475
v 0.545813 0.060000 -0.803824
v 0.526450 0.038038 -0.886738
v 0.794128 0.120000 -1.074933
v 0.545813 0.120000 -0.803824
v 0.526450 0.141962 -0.886738
v 0.762798 0.141962 -1.043262
v 0.500000 0.090000 -0.720000
v 0.500000 0.060000 -0.757513
v 0.500000 0.038038 -0.860000
v 0.720000 0.150000 -1.000000
v 0.500000 0.120000 -0.757513
v 0.500000 0.141962 -0.860000
v -0.115532 3.850000 -0.493363
v 0.447099 0.090000 -0.773475
v 0.454187 0.060000 -0.803824
v 0.473550 0.038038 -0.886738
v 0.746450 0.141962 -1.113262
v 0.454187 0.120000 -0.803824
v 0.473550 0.141962 -0.886738
v 0.765813 0.120000 -1.196176
v 0.414405 0.090000 -0.913475
v 0.425872 0.060000 -0.925067
v 0.457202 0.038038 -0.956738
v 0.772901 0.090000 -1.226525
v 0.425872 0.120000 -0.925067
v 0.457202 0.141962 -0.956738
v 0.765813 0.060000 -1.196176
v 0.414405 0.090000 -1.086525
v 0.425872 0.060000 -1.074933
v 0.457202 0.038038 -1.043262
v 0.746450 0.038038 -1.113262
v 0.425872 0.120000 -1.074933
v 0.457202 0.141962 -1.043262
v -0.142779 3.740192 -0.517300
v 0.447099 0.090000 -1.226525
v 0.454187 0.060000 -1.196176
v 0.473550 0.038038 -1.113262
v -0.180000 3.700000 -0.550000
v 0.454187 0.120000 -1.196176
v 0.473550 0.141962 -1.113262
v 0.720000 0.038038 -1.140000
v 0.095106 4.000000 -0.522188
v 0.500000 0.060000 -1.242487
v 0.720000 0.090000 -1.280000
v -0.131026 3.740192 -0.542506
v 0.500000 0.120000 -1.242487
v 0.720000 0.141962 -1.140000
v -0.095174 3.850000 -0.537020
v 0.794128 0.120000 -0.925067
v 0.762798 0.141962 -0.956738
v -0.082051 4.000000 -0.535012
v 0.772901 0.090000 -0.773475
v 0.765813 0.060000 -0.803824
v 0.746450 0.038038 -0.886738
v -0.095174 4.150000 -0.537020
v 0.765813 0.120000 -0.803824
v 0.746450 0.141962 -0.886738
v -0.131026 4.259808 -0.542506
v 0.720000 0.090000 -0.720000
v 0.720000 0.060000 -0.757513
v 0.720000 0.038038 -0.860000
v -0.180000 4.300000 -0.550000
v 0.720000 0.120000 -0.757513
v 0.720000 0.141962 -0.860000
v 0.082364 3.850000 -0.525915
v 0.667099 0.090000 -0.773475
v 0.674187 0.060000 -0.803824
v 0.693550 0.038038 -0.886738
v -0.137979 4.259808 -0.570574
v 0.674187 0.120000 -0.803824
v 0.693550 0.141962 -0.886738
v -0.107217 4.150000 -0.585636
v 0.634405 0.090000 -0.913475
v 0.645873 0.060000 -0.925067
v 0.677202 0.038038 -0.956738
v -0.095957 4.000000 -0.591149
v 0.645873 0.120000 -0.925067
v 0.677202 0.141962 -0.956738
v -0.107217 3.850000 -0.585636
v 0.634405 0.090000 -1.086525
v 0.645873 0.060000 -1.074933
v 0.677202 0.038038 -1.043262
v -0.137979 3.740192 -0.570574
v 0.645873 0.120000 -1.074933
v 0.677202 0.141962 -1.043262
v 0.047553 3.740192 -0.536094
v 0.667099 0.090000 -1.226525
v 0.674187 0.060000 -1.196176
v 0.693550 0.038038 -1.113262
v 0.000000 3.700000 -0.550000
v 0.674187 0.120000 -1.196176
v 0.693550 0.141962 -1.113262
v -0.160982 3.740192 -0.590784
v 0.277949 4.000000 -0.564988
v 0.720000 0.060000 -1.242487
v -0.141964 4.000000 -0.631568
v 0.047553 3.740192 -0.563906
v 0.720000 0.120000 -1.242487
v -0.160982 4.259808 -0.590784
v 0.082364 3.850000 -0.574085
v -0.115532 4.150000 -0.493363
v -0.142779 4.259808 -0.517300
v 0.095106 4.000000 -0.577812
v -0.157500 4.000000 -0.459169
v -0.160514 3.850000 -0.471338
v -0.168750 3.740192 -0.504585
v 0.082364 4.150000 -0.574085
v -0.160514 4.150000 -0.471338
v -0.168750 4.259808 -0.504585
v 0.047553 4.259808 -0.563906
v -0.218036 4.000000 -0.468432
v -0.212940 3.850000 -0.479360
v -0.199018 3.740192 -0.509216
v 0.000000 4.300000 -0.550000
v -0.212940 4.150000 -0.479360
v -0.199018 4.259808 -0.509216
v 0.264826 3.850000 -0.562980
v -0.264043 4.000000 -0.508851
v -0.252783 3.850000 -0.514364
v -0.222021 3.740192 -0.529426
v 0.029389 4.259808 -0.586406
v -0.252783 4.150000 -0.514364
v -0.222021 4.259808 -0.529426
v 0.050904 4.150000 -0.613057
v -0.277949 4.000000 -0.564988
v -0.264826 3.850000 -0.562980
v -0.228974 3.740192 -0.557494
v 0.058779 4.000000 -0.622812
v -0.264826 4.150000 -0.562980
v -0.228974 4.259808 -0.557494
v 0.050904 3.850000 -0.613057
v -0.254441 4.000000 -0.615399
v -0.244468 3.850000 -0.606637
v -0.217221 3.740192 -0.582700
v 0.029389 3.740192 -0.586406
v -0.244468 4.150000 -0.606637
v -0.217221 4.259808 -0.582700
v 0.228974 3.740192 -0.557494
v -0.202500 4.000000 -0.640831
v -0.199486 3.850000 -0.628662
v -0.191250 3.740192 -0.595415
v 0.180000 3.700000 -0.550000
v -0.199486 4.150000 -0.628662
v -0.191250 4.259808 -0.595415
v 0.000000 3.740192 -0.595000
v 0.200000 1.792551 1.520422
v -0.147060 3.850000 -0.620640
v 0.000000 4.000000 -0.640000
v 0.217221 3.740192 -0.582700
v -0.147060 4.150000 -0.620640
v 0.000000 4.259808 -0.595000
v 0.244468 3.850000 -0.606637
v 0.082364 4.150000 -0.525915
v 0.047553 4.259808 -0.536094
v 0.254441 4.000000 -0.615399
v 0.058779 4.000000 -0.477188
v 0.050904 3.850000 -0.486943
v 0.029389 3.740192 -0.513594
v 0.244468 4.150000 -0.606637
v 0.050904 4.150000 -0.486943
v 0.029389 4.259808 -0.513594
v 0.217221 4.259808 -0.582700
v 0.000000 4.000000 -0.460000
v 0.000000 3.850000 -0.472058
v 0.000000 3.740192 -0.505000
v 0.180000 4.300000 -0.550000
v 0.000000 4.150000 -0.472058
v 0.000000 4.259808 -0.505000
v 0.261313 1.947087 1.512296
v -0.058779 4.000000 -0.477188
v -0.050904 3.850000 -0.486943
v -0.029389 3.740192 -0.513594
v 0.191250 4.259808 -0.595415
v -0.050904 4.150000 -0.486943
v -0.029389 4.259808 -0.513594
v 0.199486 4.150000 -0.628662
v -0.095106 4.000000 -0.522188
v -0.082364 3.850000 -0.525914
v -0.047553 3.740192 -0.536094
v 0.202500 4.000000 -0.640831
v -0.082364 4.150000 -0.525914
v -0.047553 4.259808 -0.536094
v 0.199486 3.850000 -0.628662
v -0.095106 4.000000 -0.577812
v -0.082364 3.850000 -0.574085
v -0.047553 3.740192 -0.563906
v 0.191250 3.740192 -0.595415
v -0.082364 4.150000 -0.574085
v -0.047553 4.259808 -0.563906
v 0.282843 2.094454 1.563195
v -0.058779 4.000000 -0.622812
v -0.050904 3.850000 -0.613057
v -0.029389 3.740192 -0.586406
v 0.261313 2.212218 1.665370
v -0.050904 4.150000 -0.613057
v -0.029389 4.259808 -0.586406
v 0.160982 3.740192 -0.590784
v 0.200000 2.282449 1.803264
v -0.000000 3.850000 -0.627942
v 0.141964 4.000000 -0.631568
v 0.108239 2.294456 1.955886
v -0.000000 4.150000 -0.627942
v 0.160982 4.259808 -0.590784
v 0.000000 2.246410 2.100000
v 0.264826 4.150000 -0.562980
v 0.228974 4.259808 -0.557494
v 0.264043 4.000000 -0.508851
v 0.252783 3.850000 -0.514364
v 0.222021 3.740192 -0.529426
v 0.058579 2.317268 1.916373
v 0.252783 4.150000 -0.514364
v 0.222021 4.259808 -0.529426
v 0.108239 2.324601 1.730254
v 0.218036 4.000000 -0.468432
v 0.212940 3.850000 -0.479360
v 0.199018 3.740192 -0.509216
v 0.141421 2.267292 1.569977
v 0.212940 4.150000 -0.479360
v 0.199018 4.259808 -0.509216
v 0.153073 2.154067 1.459943
v 0.157500 4.000000 -0.459169
v 0.160514 3.850000 -0.471338
v 0.168750 3.740192 -0.504585
v 0.141421 2.002162 1.416904
v 0.160514 4.150000 -0.471338
v 0.168750 4.259808 -0.504585
v 0.108239 1.834703 1.447412
v 0.105559 4.000000 -0.484601
v 0.115532 3.850000 -0.493363
v 0.142779 3.740192 -0.517300
v 0.058579 1.677186 1.546822
v 0.115532 4.150000 -0.493363
v 0.142779 4.259808 -0.517300
v 0.000000 1.553590 1.700000
v 0.082051 4.000000 -0.535012
v 0.095174 3.850000 -0.537020
v 0.131026 3.740192 -0.542506
v 0.095174 4.150000 -0.537020
v 0.131026 4.259808 -0.542506
v 0.095957 4.000000 -0.591149
v 0.107217 3.850000 -0.585636
v 0.137979 3.740192 -0.570574
v 0.000000 1.849505 1.421774
v 0.107217 4.150000 -0.585636
v 0.137979 4.259808 -0.570574
v 0.000000 2.021501 1.383407
v 0.000000 2.175000 1.423686
v 0.147060 3.850000 -0.620640
v 0.000000 2.286632 1.536480
v 0.147060 4.150000 -0.620640
v 0.000000 2.325279 1.902498
v 0.108239 1.654373 1.586334
v 0.261313 1.729465 1.629689
v 0.341421 1.864662 1.655061
v 0.369552 2.005238 1.717723
v 0.341421 2.129793 1.808134
v 0.261313 2.219363 1.912532
v 0.141421 2.260314 2.015021
v 0.141421 1.620232 1.645470
v 0.282843 1.655051 1.758579
v 0.369552 1.767434 1.823463
v 0.400000 1.900000 1.900000
v 0.369552 2.032565 1.976537
v 0.282843 2.144949 2.041421
v 0.153073 2.220041 2.084776
v 0.153073 1.579959 1.715224
v 0.261313 1.580637 1.887468
v 0.341421 1.670207 1.991866
v 0.369552 1.794762 2.082278
v 0.341421 1.935338 2.144939
v 0.261313 2.070534 2.170311
v 0.141421 2.179768 2.154531
v 0.141421 1.539686 1.784979
v 0.200000 1.517551 1.996736
v 0.261313 1.587782 2.134630
v 0.282843 1.705546 2.236805
v 0.261313 1.852913 2.287704
v 0.200000 2.007449 2.279578
v 0.108239 2.145627 2.213665
v 0.108239 1.505544 1.844114
v 0.108239 1.475399 2.069746
v 0.141421 1.532707 2.230023
v 0.153073 1.645933 2.340057
v 0.141421 1.797838 2.383096
v 0.108239 1.965297 2.352588
v 0.058579 2.122814 2.253178
v 0.058579 1.482732 1.883626
v -0.000000 1.460597 2.095383
v -0.000000 1.513368 2.263520
v -0.000000 1.625000 2.376314
v -0.000000 1.778499 2.416593
v -0.000000 1.950495 2.378226
v -0.000000 2.114803 2.267053
v -0.000000 1.474721 1.897502
v -0.108239 1.475399 2.069746
v -0.141421 1.532707 2.230023
v -0.153074 1.645933 2.340057
v -0.141421 1.797838 2.383096
v -0.108239 1.965297 2.352588
v -0.058579 2.122814 2.253178
v -0.058579 1.482732 1.883626
v -0.200000 1.517551 1.996735
v -0.261313 1.587782 2.134630
v -0.282843 1.705546 2.236805
v -0.261313 1.852913 2.287704
v -0.200000 2.007449 2.279578
v -0.108239 2.145627 2.213665
v -0.108239 1.505544 1.844114
v -0.261313 1.580637 1.887468
v -0.341421 1.670208 1.991866
v -0.369552 1.794762 2.082277
v -0.341421 1.935338 2.144939
v -0.261313 2.070535 2.170311
v -0.141421 2.179769 2.154530
v -0.141421 1.539686 1.784979
v -0.282843 1.655051 1.758578
v -0.369552 1.767435 1.823463
v -0.400000 1.900000 1.900000
v -0.369552 2.032566 1.976537
v -0.282843 2.144949 2.041421
v -0.153073 2.220041 2.084776
v -0.153073 1.579959 1.715224
v -0.261312 1.729465 1.629689
v -0.341421 1.864662 1.655061
v -0.369552 2.005238 1.717722
v -0.341421 2.129793 1.808134
v -0.261312 2.219363 1.912532
v -0.141421 2.260314 2.015021
v -0.141421 1.620232 1.645469
v -0.200000 1.792551 1.520422
v -0.261312 1.947087 1.512296
v -0.282843 2.094455 1.563195
v -0.261312 2.212218 1.665370
v -0.200000 2.282449 1.803264
v -0.108239 2.294456 1.955886
v -0.108239 1.654373 1.586334
v -0.108239 1.834703 1.447412
v -0.141421 2.002162 1.416904
v -0.153073 2.154067 1.459943
v -0.141421 2.267292 1.569977
v -0.108239 2.324601 1.730254
v -0.058579 2.317268 1.916373
v -0.058579 1.677186 1.546822
v 0.000000 2.339403 1.704617
v 0.000000 1.685197 1.532947
vn -0.0000 1.0000 -0.0000
vn -0.0000 0.9746 -0.2241
vn 0.8660 -0.0000 -0.5000
vn 0.8343 0.2681 -0.4817
vn -0.0000 0.5698 -0.8218
vn -0.0000 0.3064 -0.9519
vn -0.0000 -0.0000 -1.0000
vn -0.0000 -0.3064 -0.9519
vn -0.0000 -0.5698 -0.8218
vn -0.0000 -0.7678 -0.6407
vn 0.7430 0.5138 -0.4290
vn -0.0000 -0.9746 -0.2241
vn -0.0000 -1.0000 -0.0000
vn 0.6019 0.7190 -0.3475
vn 0.0693 0.9740 -0.2158
vn 0.1337 0.8977 -0.4197
vn 0.1950 0.7639 -0.6151
vn 0.2483 0.5651 -0.7868
vn 0.2859 0.3031 -0.9090
vn 0.2997 -0.0000 -0.9540
vn 0.2859 -0.3031 -0.9090
vn 0.2483 -0.5651 -0.7868
vn 0.1950 -0.7639 -0.6151
vn 0.1337 -0.8977 -0.4197
vn 0.0693 -0.9740 -0.2158
vn 0.4240 0.8720 -0.2448
vn 0.2224 0.9665 -0.1284
vn 0.1329 0.9724 -0.1920
vn 0.2558 0.8920 -0.3727
vn 0.3707 0.7536 -0.5428
vn 0.4685 0.5530 -0.6890
vn 0.5362 0.2946 -0.7910
vn 0.5607 -0.0000 -0.8280
vn 0.5362 -0.2946 -0.7910
vn 0.4685 -0.5530 -0.6890
vn 0.3707 -0.7536 -0.5428
vn 0.2558 -0.8920 -0.3727
vn 0.1329 -0.9724 -0.1920
vn 0.7718 -0.0000 0.6359
vn 0.1861 0.9702 -0.1552
vn 0.3571 0.8844 -0.3005
vn 0.5134 0.7402 -0.4341
vn 0.6429 0.5374 -0.5457
vn 0.7302 0.2839 -0.6215
vn 0.7612 -0.0000 -0.6485
vn 0.7302 -0.2839 -0.6215
vn 0.6429 -0.5374 -0.5457
vn 0.5134 -0.7402 -0.4341
vn 0.3571 -0.8844 -0.3005
vn 0.1861 -0.9702 -0.1552
vn 0.1816 0.9665 -0.1816
vn 0.3462 0.8720 -0.3462
vn 0.2258 0.9681 -0.1087
vn 0.4321 0.8771 -0.2099
vn 0.6166 0.7275 -0.3010
vn 0.7654 0.5230 -0.3750
vn 0.8632 0.2742 -0.4240
vn 0.8974 -0.0000 -0.4412
vn 0.8632 -0.2742 -0.4240
vn 0.7654 -0.5230 -0.3750
vn 0.6166 -0.7275 -0.3010
vn 0.4321 -0.8771 -0.2099
vn 0.2258 -0.9681 -0.1087
vn 0.4914 0.7190 -0.4914
vn 0.6066 0.5138 -0.6066
vn 0.2502 0.9666 -0.0559
vn 0.4779 0.8718 -0.1078
vn 0.6783 0.7185 -0.1537
vn 0.8369 0.5131 -0.1903
vn 0.9394 0.2676 -0.2141
vn 0.9750 -0.0000 -0.2224
vn 0.9394 -0.2676 -0.2141
vn 0.8369 -0.5131 -0.1903
vn 0.6783 -0.7185 -0.1537
vn 0.4779 -0.8718 -0.1078
vn 0.2502 -0.9666 -0.0559
vn 0.6812 0.2681 -0.6812
vn 0.7071 -0.0000 -0.7071
vn 0.2584 0.9660 -0.0000
vn 0.4932 0.8699 -0.0000
vn 0.6988 0.7153 -0.0000
vn 0.8604 0.5096 -0.0000
vn 0.9642 0.2653 -0.0000
vn 1.0000 -0.0000 -0.0000
vn 0.9642 -0.2653 -0.0000
vn 0.8604 -0.5096 -0.0000
vn 0.6988 -0.7153 -0.0000
vn 0.4932 -0.8699 -0.0000
vn 0.2584 -0.9660 -0.0000
vn 0.6812 -0.2681 -0.6812
vn 0.6066 -0.5138 -0.6066
vn 0.2502 0.9666 0.0559
vn 0.4779 0.8718 0.1078
vn 0.6783 0.7185 0.1537
vn 0.8369 0.5131 0.1903
vn 0.9394 0.2676 0.2141
vn 0.9750 -0.0000 0.2224
vn 0.9394 -0.2676 0.2141
vn 0.8369 -0.5131 0.1903
vn 0.6783 -0.7185 0.1537
vn 0.4779 -0.8718 0.1078
vn 0.2502 -0.9666 0.0559
vn 0.4914 -0.7190 -0.4914
vn 0.3462 -0.8720 -0.3462
vn 0.2258 0.9681 0.1087
vn 0.4321 0.8771 0.2099
vn 0.6166 0.7275 0.3010
vn 0.7654 0.5230 0.3750
vn 0.8632 0.2742 0.4240
vn 0.8974 -0.0000 0.4412
vn 0.8632 -0.2742 0.4240
vn 0.7654 -0.5230 0.3750
vn 0.6166 -0.7275 0.3010
vn 0.4321 -0.8771 0.2099
vn 0.2258 -0.9681 0.1087
vn 0.1816 -0.9665 -0.1816
vn 0.1861 0.9702 0.1552
vn 0.3571 0.8844 0.3005
vn 0.5134 0.7402 0.4341
vn 0.6429 0.5374 0.5457
vn 0.7302 0.2839 0.6215
vn 0.7612 -0.0000 0.6485
vn 0.7302 -0.2839 0.6215
vn 0.6429 -0.5374 0.5457
vn 0.5134 -0.7402 0.4341
vn 0.3571 -0.8844 0.3005
vn 0.1861 -0.9702 0.1552
vn 0.5174 0.7518 0.4088
vn 0.1284 -0.9665 -0.2224
vn 0.1329 0.9724 0.1920
vn 0.2558 0.8920 0.3727
vn 0.3707 0.7536 0.5428
vn 0.4685 0.5530 0.6890
vn 0.5362 0.2946 0.7910
vn 0.5607 -0.0000 0.8280
vn 0.5362 -0.2946 0.7910
vn 0.4685 -0.5530 0.6890
vn 0.3707 -0.7536 0.5428
vn 0.2558 -0.8920 0.3727
vn 0.1329 -0.9724 0.1920
vn 0.2448 -0.8720 -0.4240
vn 0.3475 -0.7190 -0.6019
vn 0.0693 0.9740 0.2158
vn 0.1337 0.8977 0.4197
vn 0.1950 0.7639 0.6151
vn 0.2483 0.5651 0.7868
vn 0.2859 0.3031 0.9090
vn 0.2997 -0.0000 0.9540
vn 0.2859 -0.3031 0.9090
vn 0.2483 -0.5651 0.7868
vn 0.1950 -0.7639 0.6151
vn 0.1337 -0.8977 0.4197
vn 0.0693 -0.9740 0.2158
vn 0.4290 -0.5138 -0.7430
vn 0.4817 -0.2681 -0.8343
vn -0.0000 0.9746 0.2241
vn -0.0000 0.8999 0.4362
vn -0.0000 0.7678 0.6407
vn -0.0000 0.5698 0.8218
vn -0.0000 0.3064 0.9519
vn -0.0000 -0.0000 1.0000
vn -0.0000 -0.3064 0.9519
vn -0.0000 -0.5698 0.8218
vn -0.0000 -0.7678 0.6407
vn -0.0000 -0.8999 0.4362
vn -0.0000 -0.9746 0.2241
vn 0.5000 -0.0000 -0.8660
vn 0.4817 0.2681 -0.8343
vn -0.0693 0.9740 0.2158
vn -0.1337 0.8977 0.4197
vn -0.1950 0.7639 0.6151
vn -0.2483 0.5651 0.7868
vn -0.2859 0.3031 0.9090
vn -0.2997 -0.0000 0.9540
vn -0.2859 -0.3031 0.9090
vn -0.2483 -0.5651 0.7868
vn -0.1950 -0.7639 0.6151
vn -0.1337 -0.8977 0.4197
vn -0.0693 -0.9740 0.2158
vn 0.4290 0.5138 -0.7430
vn 0.3475 0.7190 -0.6019
vn -0.1329 0.9724 0.1920
vn -0.2558 0.8920 0.3727
vn -0.3707 0.7536 0.5428
vn -0.4685 0.5530 0.6890
vn -0.5362 0.2946 0.7910
vn -0.5607 -0.0000 0.8280
vn -0.5362 -0.2946 0.7910
vn -0.4685 -0.5530 0.6890
vn -0.3707 -0.7536 0.5428
vn -0.2558 -0.8920 0.3727
vn -0.1329 -0.9724 0.1920
vn 0.2448 0.8720 -0.4240
vn 0.1284 0.9665 -0.2224
vn -0.1861 0.9702 0.1552
vn -0.3571 0.8844 0.3005
vn -0.5134 0.7402 0.4341
vn -0.6429 0.5374 0.5457
vn -0.7302 0.2839 0.6215
vn -0.7612 -0.0000 0.6485
vn -0.7302 -0.2839 0.6215
vn -0.6429 -0.5374 0.5457
vn -0.5134 -0.7402 0.4341
vn -0.3571 -0.8844 0.3005
vn -0.1861 -0.9702 0.1552
vn 0.2470 0.9500 0.1913
vn 0.1069 0.9909 0.0817
vn -0.2258 0.9681 0.1087
vn -0.4321 0.8771 0.2099
vn -0.6166 0.7275 0.3010
vn -0.7654 0.5230 0.3750
vn -0.8632 0.2742 0.4240
vn -0.8974 -0.0000 0.4412
vn -0.8632 -0.2742 0.4240
vn -0.7654 -0.5230 0.3750
vn -0.6166 -0.7275 0.3010
vn -0.4321 -0.8771 0.2099
vn -0.2258 -0.9681 0.1087
vn 0.0665 0.9665 -0.2480
vn 0.1267 0.8720 -0.4729
vn -0.2502 0.9666 0.0559
vn -0.4779 0.8718 0.1078
vn -0.6783 0.7185 0.1537
vn -0.8369 0.5131 0.1903
vn -0.9394 0.2676 0.2141
vn -0.9750 -0.0000 0.2224
vn -0.9394 -0.2676 0.2141
vn -0.8369 -0.5131 0.1903
vn -0.6783 -0.7185 0.1537
vn -0.4779 -0.8718 0.1078
vn -0.2502 -0.9666 0.0559
vn 0.1799 0.7190 -0.6713
vn 0.2220 0.5138 -0.8287
vn -0.2584 0.9660 -0.0000
vn -0.4932 0.8699 -0.0000
vn -0.6988 0.7153 -0.0000
vn -0.8604 0.5096 -0.0000
vn -0.9642 0.2653 -0.0000
vn -1.0000 -0.0000 -0.0000
vn -0.9642 -0.2653 -0.0000
vn -0.8604 -0.5096 -0.0000
vn -0.6988 -0.7153 -0.0000
vn -0.4932 -0.8699 -0.0000
vn -0.2584 -0.9660 -0.0000
vn 0.2493 0.2681 -0.9306
vn 0.2588 -0.0000 -0.9659
vn -0.2502 0.9666 -0.0559
vn -0.4779 0.8718 -0.1078
vn -0.6783 0.7185 -0.1537
vn -0.8369 0.5131 -0.1903
vn -0.9394 0.2676 -0.2141
vn -0.9750 -0.0000 -0.2224
vn -0.9394 -0.2676 -0.2141
vn -0.8369 -0.5131 -0.1903
vn -0.6783 -0.7185 -0.1537
vn -0.4779 -0.8718 -0.1078
vn -0.2502 -0.9666 -0.0559
vn 0.2493 -0.2681 -0.9306
vn 0.2220 -0.5138 -0.8287
vn -0.2258 0.9681 -0.1087
vn -0.4321 0.8771 -0.2099
vn -0.6166 0.7275 -0.3010
vn -0.7654 0.5230 -0.3750
vn -0.8632 0.2742 -0.4240
vn -0.8974 -0.0000 -0.4412
vn -0.8632 -0.2742 -0.4240
vn -0.7654 -0.5230 -0.3750
vn -0.6166 -0.7275 -0.3010
vn -0.4321 -0.8771 -0.2099
vn -0.2258 -0.9681 -0.1087
vn 0.1799 -0.7190 -0.6713
vn 0.1267 -0.8720 -0.4729
vn -0.1861 0.9702 -0.1552
vn -0.3571 0.8844 -0.3005
vn -0.5134 0.7402 -0.4341
vn -0.6429 0.5374 -0.5457
vn -0.7302 0.2839 -0.6215
vn -0.7612 -0.0000 -0.6485
vn -0.7302 -0.2839 -0.6215
vn -0.6429 -0.5374 -0.5457
vn -0.5134 -0.7402 -0.4341
vn -0.3571 -0.8844 -0.3005
vn -0.1861 -0.9702 -0.1552
vn 0.0665 -0.9665 -0.2480
vn -0.1329 0.9724 -0.1920
vn -0.2558 0.8920 -0.3727
vn -0.3707 0.7536 -0.5428
vn -0.4685 0.5530 -0.6890
vn -0.5362 0.2946 -0.7910
vn -0.5607 -0.0000 -0.8280
vn -0.5362 -0.2946 -0.7910
vn -0.4685 -0.5530 -0.6890
vn -0.3707 -0.7536 -0.5428
vn -0.2558 -0.8920 -0.3727
vn -0.1329 -0.9724 -0.1920
vn 0.2886 0.9574 -0.0000
vn -0.0000 -0.9665 -0.2568
vn -0.0693 0.9740 -0.2158
vn -0.1337 0.8977 -0.4197
vn -0.1950 0.7639 -0.6151
vn -0.2483 0.5651 -0.7868
vn -0.2859 0.3031 -0.9090
vn -0.2997 -0.0000 -0.9540
vn -0.2859 -0.3031 -0.9090
vn -0.2483 -0.5651 -0.7868
vn -0.1950 -0.7639 -0.6151
vn -0.1337 -0.8977 -0.4197
vn -0.0693 -0.9740 -0.2158
vn 0.1368 0.9896 0.0433
vn 0.3162 0.9433 0.1014
vn 0.6470 0.7325 0.2118
vn -0.0000 0.8999 -0.4362
vn -0.0000 0.7678 -0.6407
vn 0.9468 -0.0000 0.3219
vn -0.0000 0.2681 -0.9634
vn -0.0000 0.5138 -0.8579
vn -0.0000 0.7190 -0.6950
vn 0.6470 -0.7325 0.2118
vn -0.0000 -0.8999 -0.4362
vn -0.0000 0.9665 -0.2568
vn 0.3162 -0.9433 0.1014
vn 0.8343 -0.2681 -0.4817
vn 0.7430 -0.5138 -0.4290
vn 0.6019 -0.7190 -0.3475
vn 0.4240 -0.8720 -0.2448
vn 0.2224 -0.9665 -0.1284
vn 0.1368 -0.9896 0.0433
vn 0.9659 -0.0000 -0.2588
vn 0.9306 0.2681 -0.2493
vn 0.8287 0.5138 -0.2220
vn 0.6713 0.7190 -0.1799
vn 0.4729 0.8720 -0.1267
vn 0.2480 0.9665 -0.0665
vn 0.9306 -0.2681 -0.2493
vn 0.8287 -0.5138 -0.2220
vn 0.6713 -0.7190 -0.1799
vn 0.4729 -0.8720 -0.1267
vn 0.2480 -0.9665 -0.0665
vn 0.1229 0.9924 -0.0000
vn 0.9634 0.2681 -0.0000
vn 0.8579 0.5138 -0.0000
vn 0.6950 0.7190 -0.0000
vn 0.4896 0.8720 -0.0000
vn 0.2568 0.9665 -0.0000
vn 0.1469 -0.9891 -0.0000
vn 0.9634 -0.2681 -0.0000
vn 0.8579 -0.5138 -0.0000
vn 0.6950 -0.7190 -0.0000
vn 0.4896 -0.8720 -0.0000
vn 0.2568 -0.9665 -0.0000
vn 0.3396 -0.9406 -0.0000
vn 0.9659 -0.0000 0.2588
vn 0.9306 0.2681 0.2493
vn 0.8287 0.5138 0.2220
vn 0.6713 0.7190 0.1799
vn 0.4729 0.8720 0.1267
vn 0.2480 0.9665 0.0665
vn 0.6889 -0.7249 -0.0000
vn 0.9306 -0.2681 0.2493
vn 0.8287 -0.5138 0.2220
vn 0.6713 -0.7190 0.1799
vn 0.4729 -0.8720 0.1267
vn 0.2480 -0.9665 0.0665
vn 0.8660 -0.0000 0.5000
vn 0.8343 0.2681 0.4817
vn 0.7430 0.5138 0.4290
vn 0.6019 0.7190 0.3475
vn 0.4240 0.8720 0.2448
vn 0.2224 0.9665 0.1284
vn 0.6889 0.7249 -0.0000
vn 0.8343 -0.2681 0.4817
vn 0.7430 -0.5138 0.4290
vn 0.6019 -0.7190 0.3475
vn 0.4240 -0.8720 0.2448
vn 0.2224 -0.9665 0.1284
vn 0.3396 0.9406 -0.0000
vn 0.7071 -0.0000 0.7071
vn 0.6812 0.2681 0.6812
vn 0.6066 0.5138 0.6066
vn 0.4914 0.7190 0.4914
vn 0.3462 0.8720 0.3462
vn 0.1816 0.9665 0.1816
vn 0.1469 0.9891 -0.0000
vn 0.6812 -0.2681 0.6812
vn 0.6066 -0.5138 0.6066
vn 0.4914 -0.7190 0.4914
vn 0.3462 -0.8720 0.3462
vn 0.1816 -0.9665 0.1816
vn 0.5000 -0.0000 0.8660
vn 0.4817 0.2681 0.8343
vn 0.4290 0.5138 0.7430
vn 0.3475 0.7190 0.6019
vn 0.2448 0.8720 0.4240
vn 0.1284 0.9665 0.2224
vn 0.4817 -0.2681 0.8343
vn 0.4290 -0.5138 0.7430
vn 0.3475 -0.7190 0.6019
vn 0.2448 -0.8720 0.4240
vn 0.1284 -0.9665 0.2224
vn 0.1368 0.9896 -0.0433
vn 0.2588 -0.0000 0.9659
vn 0.2493 0.2681 0.9306
vn 0.2220 0.5138 0.8287
vn 0.1799 0.7190 0.6713
vn 0.1267 0.8720 0.4729
vn 0.0665 0.9665 0.2480
vn 0.3162 0.9433 -0.1014
vn 0.2493 -0.2681 0.9306
vn 0.2220 -0.5138 0.8287
vn 0.1799 -0.7190 0.6713
vn 0.1267 -0.8720 0.4729
vn 0.0665 -0.9665 0.2480
vn 0.6470 0.7325 -0.2118
vn -0.0000 0.2681 0.9634
vn -0.0000 0.5138 0.8579
vn -0.0000 0.7190 0.6950
vn -0.0000 0.8720 0.4896
vn -0.0000 0.9665 0.2568
vn 0.9468 -0.0000 -0.3219
vn -0.0000 -0.2681 0.9634
vn -0.0000 -0.5138 0.8579
vn -0.0000 -0.7190 0.6950
vn -0.0000 -0.8720 0.4896
vn -0.0000 -0.9665 0.2568
vn 0.6470 -0.7325 -0.2118
vn -0.2588 -0.0000 0.9659
vn -0.2493 0.2681 0.9306
vn -0.2220 0.5138 0.8287
vn -0.1799 0.7190 0.6713
vn -0.1267 0.8720 0.4729
vn -0.0665 0.9665 0.2480
vn 0.3162 -0.9433 -0.1014
vn -0.2493 -0.2681 0.9306
vn -0.2220 -0.5138 0.8287
vn -0.1799 -0.7190 0.6713
vn -0.1267 -0.8720 0.4729
vn -0.0665 -0.9665 0.2480
vn 0.1368 -0.9896 -0.0433
vn -0.5000 -0.0000 0.8660
vn -0.4817 0.2681 0.8343
vn -0.4290 0.5138 0.7430
vn -0.3475 0.7190 0.6019
vn -0.2448 0.8720 0.4240
vn -0.1284 0.9665 0.2224
vn 0.1141 0.9926 -0.0406
vn -0.4817 -0.2681 0.8343
vn -0.4290 -0.5138 0.7430
vn -0.3475 -0.7190 0.6019
vn -0.2448 -0.8720 0.4240
vn -0.1284 -0.9665 0.2224
vn 0.2678 0.9587 -0.0960
vn -0.7071 -0.0000 0.7071
vn -0.6812 0.2681 0.6812
vn -0.6066 0.5138 0.6066
vn -0.4914 0.7190 0.4914
vn -0.3462 0.8720 0.3462
vn -0.1816 0.9665 0.1816
vn 0.1069 -0.9909 -0.0817
vn -0.6812 -0.2681 0.6812
vn -0.6066 -0.5138 0.6066
vn -0.4914 -0.7190 0.4914
vn -0.3462 -0.8720 0.3462
vn -0.1816 -0.9665 0.1816
vn 0.2470 -0.9500 -0.1913
vn -0.8660 -0.0000 0.5000
vn -0.8343 0.2681 0.4817
vn -0.7430 0.5138 0.4290
vn -0.6019 0.7190 0.3475
vn -0.4240 0.8720 0.2448
vn -0.2224 0.9665 0.1284
vn 0.5174 -0.7518 -0.4088
vn -0.8343 -0.2681 0.4817
vn -0.7430 -0.5138 0.4290
vn -0.6019 -0.7190 0.3475
vn -0.4240 -0.8720 0.2448
vn -0.2224 -0.9665 0.1284
vn 0.7718 -0.0000 -0.6359
vn -0.9659 -0.0000 0.2588
vn -0.9306 0.2681 0.2493
vn -0.8287 0.5138 0.2220
vn -0.6713 0.7190 0.1799
vn -0.4729 0.8720 0.1267
vn -0.2480 0.9665 0.0665
vn 0.5174 0.7518 -0.4088
vn -0.9306 -0.2681 0.2493
vn -0.8287 -0.5138 0.2220
vn -0.6713 -0.7190 0.1799
vn -0.4729 -0.8720 0.1267
vn -0.2480 -0.9665 0.0665
vn 0.2470 0.9500 -0.1913
vn -0.9634 0.2681 -0.0000
vn -0.8579 0.5138 -0.0000
vn -0.6950 0.7190 -0.0000
vn -0.4896 0.8720 -0.0000
vn -0.2568 0.9665 -0.0000
vn 0.1069 0.9909 -0.0817
vn -0.9634 -0.2681 -0.0000
vn -0.8579 -0.5138 -0.0000
vn -0.6950 -0.7190 -0.0000
vn -0.4896 -0.8720 -0.0000
vn -0.2568 -0.9665 -0.0000
vn 0.5894 0.7791 -0.2133
vn -0.9659 -0.0000 -0.2588
vn -0.9306 0.2681 -0.2493
vn -0.8287 0.5138 -0.2220
vn -0.6713 0.7190 -0.1799
vn -0.4729 0.8720 -0.1267
vn -0.2480 0.9665 -0.0665
vn 0.9374 -0.0000 -0.3482
vn -0.9306 -0.2681 -0.2493
vn -0.8287 -0.5138 -0.2220
vn -0.6713 -0.7190 -0.1799
vn -0.4729 -0.8720 -0.1267
vn -0.2480 -0.9665 -0.0665
vn 0.0592 0.9922 -0.1093
vn -0.8660 -0.0000 -0.5000
vn -0.8343 0.2681 -0.4817
vn -0.7430 0.5138 -0.4290
vn -0.6019 0.7190 -0.3475
vn -0.4240 0.8720 -0.2448
vn -0.2224 0.9665 -0.1284
vn 0.1368 0.9570 -0.2558
vn -0.8343 -0.2681 -0.4817
vn -0.7430 -0.5138 -0.4290
vn -0.6019 -0.7190 -0.3475
vn -0.4240 -0.8720 -0.2448
vn -0.2224 -0.9665 -0.1284
vn 0.2948 0.7729 -0.5620
vn -0.7071 -0.0000 -0.7071
vn -0.6812 0.2681 -0.6812
vn -0.6066 0.5138 -0.6066
vn -0.4914 0.7190 -0.4914
vn -0.3462 0.8720 -0.3462
vn -0.1816 0.9665 -0.1816
vn 0.4475 -0.0000 -0.8943
vn -0.6812 -0.2681 -0.6812
vn -0.6066 -0.5138 -0.6066
vn -0.4914 -0.7190 -0.4914
vn -0.3462 -0.8720 -0.3462
vn -0.1816 -0.9665 -0.1816
vn 0.2948 -0.7729 -0.5620
vn -0.5000 -0.0000 -0.8660
vn -0.4817 0.2681 -0.8343
vn -0.4290 0.5138 -0.7430
vn -0.3475 0.7190 -0.6019
vn -0.2448 0.8720 -0.4240
vn -0.1284 0.9665 -0.2224
vn 0.1368 -0.9570 -0.2558
vn -0.4817 -0.2681 -0.8343
vn -0.4290 -0.5138 -0.7430
vn -0.3475 -0.7190 -0.6019
vn -0.2448 -0.8720 -0.4240
vn -0.1284 -0.9665 -0.2224
vn 0.0592 -0.9922 -0.1093
vn -0.2588 -0.0000 -0.9659
vn -0.2493 0.2681 -0.9306
vn -0.2220 0.5138 -0.8287
vn -0.1799 0.7190 -0.6713
vn -0.1267 0.8720 -0.4729
vn -0.0665 0.9665 -0.2480
vn 0.5895 -0.7791 -0.2133
vn -0.2493 -0.2681 -0.9306
vn -0.2220 -0.5138 -0.8287
vn -0.1799 -0.7190 -0.6713
vn -0.1267 -0.8720 -0.4729
vn -0.0665 -0.9665 -0.2480
vn 0.2678 -0.9587 -0.0960
vn 0.1141 -0.9926 -0.0406
vn -0.0000 -0.3302 0.9439
vn -0.0000 0.8720 -0.4896
vn -0.0000 0.7822 -0.6230
vn 0.0884 -0.9932 -0.0759
vn -0.0000 -0.2681 -0.9634
vn -0.0000 -0.5138 -0.8579
vn -0.0000 -0.7190 -0.6950
vn -0.0000 -0.8720 -0.4896
vn -0.0000 0.9928 -0.1197
vn 0.2073 -0.9617 -0.1793
vn 0.5174 -0.7518 0.4088
vn 0.2470 -0.9500 0.1913
vn 0.1069 -0.9909 0.0817
vn 0.4623 -0.7894 -0.4038
vn 0.4475 -0.0000 0.8943
vn 0.2948 0.7729 0.5620
vn 0.1368 0.9570 0.2558
vn 0.0592 0.9922 0.1093
vn 0.7441 -0.0000 -0.6681
vn 0.2948 -0.7729 0.5620
vn 0.1368 -0.9570 0.2558
vn 0.0592 -0.9922 0.1093
vn 0.4623 0.7894 -0.4038
vn -0.0000 0.7822 0.6230
vn -0.0000 0.9600 0.2799
vn -0.0000 0.9928 0.1197
vn 0.2073 0.9617 -0.1793
vn -0.0000 -0.7822 0.6230
vn -0.0000 -0.9600 0.2799
vn -0.0000 -0.9928 0.1197
vn 0.0884 0.9932 -0.0759
vn -0.4475 -0.0000 0.8943
vn -0.2948 0.7729 0.5620
vn -0.1368 0.9570 0.2558
vn -0.0592 0.9922 0.1093
vn -0.0000 -0.7229 0.6909
vn -0.2948 -0.7729 0.5620
vn -0.1368 -0.9570 0.2558
vn -0.0592 -0.9922 0.1093
vn -0.7718 -0.0000 0.6359
vn -0.5174 0.7518 0.4088
vn -0.2470 0.9500 0.1913
vn -0.1069 0.9909 0.0817
vn 0.0484 0.9938 -0.1005
vn -0.5174 -0.7518 0.4088
vn -0.2470 -0.9500 0.1913
vn -0.1069 -0.9909 0.0817
vn 0.1135 0.9648 -0.2371
vn -0.9468 -0.0000 0.3219
vn -0.6470 0.7325 0.2118
vn -0.3162 0.9433 0.1014
vn -0.1368 0.9896 0.0433
vn 0.2570 0.8002 -0.5419
vn -0.6470 -0.7325 0.2118
vn -0.3162 -0.9433 0.1014
vn -0.1368 -0.9896 0.0433
vn 0.4184 -0.0000 -0.9082
vn -0.6889 0.7249 -0.0000
vn -0.3396 0.9406 -0.0000
vn -0.1469 0.9891 -0.0000
vn 0.2570 -0.8002 -0.5419
vn -0.6889 -0.7249 -0.0000
vn -0.3396 -0.9406 -0.0000
vn -0.1469 -0.9891 -0.0000
vn 0.1135 -0.9648 -0.2371
vn -0.9468 -0.0000 -0.3219
vn -0.6470 0.7325 -0.2118
vn -0.3162 0.9433 -0.1014
vn -0.1368 0.9896 -0.0433
vn 0.0484 -0.9938 -0.1005
vn -0.6470 -0.7325 -0.2118
vn -0.3162 -0.9433 -0.1014
vn -0.1368 -0.9896 -0.0433
vn 0.9054 -0.0000 0.4246
vn -0.7718 -0.0000 -0.6359
vn -0.5174 0.7518 -0.4088
vn -0.2470 0.9500 -0.1913
vn -0.1069 0.9909 -0.0817
vn 0.3156 -0.7447 0.5880
vn -0.5174 -0.7518 -0.4088
vn -0.2470 -0.9500 -0.1913
vn -0.1069 -0.9909 -0.0817
vn -0.0000 -0.9940 -0.1094
vn -0.4475 -0.0000 -0.8943
vn -0.2948 0.7729 -0.5620
vn -0.1368 0.9570 -0.2558
vn -0.0592 0.9922 -0.1093
vn -0.0000 -0.9662 -0.2580
vn -0.2948 -0.7729 -0.5620
vn -0.1368 -0.9570 -0.2558
vn -0.0592 -0.9922 -0.1093
vn -0.0000 -0.8049 -0.5935
vn -0.0000 0.8049 -0.5935
vn -0.0000 0.9600 -0.2799
vn -0.0000 0.9662 -0.2580
vn 0.4575 -0.3561 0.8148
vn -0.0000 -0.7822 -0.6230
vn -0.0000 -0.9600 -0.2799
vn -0.0000 -0.9928 -0.1197
vn 0.4923 -0.0000 0.8704
vn 0.6320 0.7750 -0.0000
vn 0.6320 -0.7750 -0.0000
vn 0.2886 -0.9574 -0.0000
vn 0.1229 -0.9924 -0.0000
vn 0.4575 0.3561 0.8148
vn 0.2678 0.9587 0.0960
vn 0.1141 0.9926 0.0406
vn 0.3156 0.7447 0.5880
vn 0.5894 0.7791 0.2133
vn 0.9374 -0.0000 0.3482
vn 0.5894 -0.7791 0.2133
vn 0.2678 -0.9587 0.0960
vn 0.1141 -0.9926 0.0406
vn 0.2073 0.9617 0.1793
vn 0.0884 0.9932 0.0759
vn 0.8286 -0.3935 0.3983
vn 0.4623 0.7894 0.4038
vn 0.7441 -0.0000 0.6681
vn 0.4623 -0.7894 0.4038
vn 0.2073 -0.9617 0.1793
vn 0.0884 -0.9932 0.0759
vn 0.5691 0.7835 0.2494
vn 0.1135 0.9648 0.2371
vn 0.0484 0.9938 0.1005
vn 0.8453 0.4045 0.3489
vn 0.2570 0.8002 0.5419
vn 0.4184 -0.0000 0.9082
vn 0.2570 -0.8002 0.5419
vn 0.1135 -0.9648 0.2371
vn 0.0484 -0.9938 0.1005
vn 0.9263 -0.0000 0.3769
vn -0.0000 0.9662 0.2580
vn -0.0000 0.9940 0.1094
vn 0.8453 -0.4045 0.3489
vn -0.0000 0.8049 0.5935
vn -0.0000 -0.8049 0.5935
vn -0.0000 -0.9662 0.2580
vn -0.0000 -0.9940 0.1094
vn 0.5691 -0.7835 0.2494
vn -0.1135 0.9648 0.2371
vn -0.0484 0.9938 0.1005
vn 0.5637 -0.7692 0.3008
vn -0.2570 0.8002 0.5419
vn -0.4184 -0.0000 0.9082
vn -0.2570 -0.8002 0.5419
vn -0.1135 -0.9648 0.2371
vn -0.0484 -0.9938 0.1005
vn -0.2073 0.9617 0.1793
vn -0.0884 0.9932 0.0759
vn 0.5691 -0.7835 -0.2494
vn -0.4623 0.7894 0.4038
vn -0.7441 -0.0000 0.6681
vn -0.4623 -0.7894 0.4038
vn -0.2073 -0.9617 0.1793
vn -0.0884 -0.9932 0.0759
vn 0.8453 -0.4045 -0.3489
vn -0.2678 0.9587 0.0960
vn -0.1141 0.9926 0.0406
vn 0.9263 -0.0000 -0.3769
vn -0.5894 0.7791 0.2133
vn -0.9374 -0.0000 0.3482
vn -0.5894 -0.7791 0.2133
vn -0.2678 -0.9587 0.0960
vn -0.1141 -0.9926 0.0406
vn 0.8453 0.4045 -0.3489
vn -0.2886 0.9574 -0.0000
vn -0.1229 0.9924 -0.0000
vn 0.5691 0.7835 -0.2494
vn -0.6320 0.7750 -0.0000
vn -0.6320 -0.7750 -0.0000
vn -0.2886 -0.9574 -0.0000
vn -0.1229 -0.9924 -0.0000
vn -0.2678 0.9587 -0.0960
vn -0.1141 0.9926 -0.0406
vn 0.5637 -0.7692 -0.3008
vn -0.5894 0.7791 -0.2133
vn -0.9374 -0.0000 -0.3482
vn -0.5894 -0.7791 -0.2133
vn -0.2678 -0.9587 -0.0960
vn -0.1141 -0.9926 -0.0406
vn 0.3156 0.7447 -0.5880
vn -0.2073 0.9617 -0.1793
vn -0.0884 0.9932 -0.0759
vn 0.4575 0.3561 -0.8148
vn -0.4623 0.7894 -0.4038
vn -0.7441 -0.0000 -0.6681
vn -0.4623 -0.7894 -0.4038
vn -0.2073 -0.9617 -0.1793
vn -0.0884 -0.9932 -0.0759
vn 0.4923 -0.0000 -0.8704
vn -0.1135 0.9648 -0.2371
vn -0.0484 0.9938 -0.1005
vn 0.4575 -0.3561 -0.8148
vn -0.2570 0.8002 -0.5419
vn -0.4184 -0.0000 -0.9082
vn -0.2570 -0.8002 -0.5419
vn -0.1135 -0.9648 -0.2371
vn -0.0484 -0.9938 -0.1005
vn 0.3156 -0.7447 -0.5880
vn 0.8286 -0.3935 -0.3983
vn -0.0000 0.9940 -0.1094
vn 0.9054 -0.0000 -0.4246
vn -0.0000 -0.7229 -0.6909
vn 0.8286 0.3935 -0.3983
vn 0.5637 0.7692 -0.3008
vn -0.0000 0.7229 -0.6909
vn -0.0000 0.3302 0.9439
vn -0.0000 0.7229 0.6909
vn -0.4923 -0.0000 0.8704
vn -0.4575 -0.3561 0.8148
vn -0.3156 -0.7447 0.5880
vn 0.2859 0.6979 -0.6567
vn -0.4575 0.3561 0.8148
vn -0.3156 0.7447 0.5880
vn 0.3987 0.3100 -0.8631
vn -0.9263 -0.0000 0.3769
vn -0.8453 -0.4045 0.3489
vn -0.5691 -0.7835 0.2494
vn 0.4217 -0.0000 -0.9067
vn -0.8453 0.4045 0.3489
vn -0.5691 0.7835 0.2494
vn 0.3987 -0.3100 -0.8631
vn -0.9263 -0.0000 -0.3769
vn -0.8453 -0.4045 -0.3489
vn -0.5691 -0.7835 -0.2494
vn 0.2859 -0.6979 -0.6567
vn -0.8453 0.4045 -0.3489
vn -0.5691 0.7835 -0.2494
vn -0.4923 -0.0000 -0.8704
vn -0.4575 -0.3561 -0.8148
vn -0.3156 -0.7447 -0.5880
vn -0.4575 0.3561 -0.8148
vn -0.3156 0.7447 -0.5880
vn -0.0000 -0.6595 -0.7517
vn -0.0000 -0.3302 -0.9439
vn -0.0000 0.3302 -0.9439
vn -0.0000 0.6595 -0.7517
vn 0.8286 0.3935 0.3983
vn 0.5637 0.7692 0.3008
vn 0.4217 -0.0000 0.9067
vn 0.3987 -0.3100 0.8631
vn 0.2859 -0.6979 0.6567
vn 0.3987 0.3100 0.8631
vn 0.2859 0.6979 0.6567
vn -0.0000 -0.2721 0.9623
vn -0.0000 -0.6595 0.7517
vn -0.0000 0.2721 0.9623
vn -0.0000 0.6595 0.7517
vn -0.4217 -0.0000 0.9067
vn -0.3987 -0.3100 0.8631
vn -0.2859 -0.6979 0.6567
vn -0.3987 0.3100 0.8631
vn -0.2859 0.6979 0.6567
vn -0.9054 -0.0000 0.4246
vn -0.8286 -0.3935 0.3983
vn -0.5637 -0.7692 0.3008
vn -0.8286 0.3935 0.3983
vn -0.5637 0.7692 0.3008
vn -0.9054 -0.0000 -0.4246
vn -0.8286 -0.3935 -0.3983
vn -0.5637 -0.7692 -0.3008
vn -0.8286 0.3935 -0.3983
vn -0.5637 0.7692 -0.3008
vn -0.4217 -0.0000 -0.9067
vn -0.3987 -0.3100 -0.8631
vn -0.2859 -0.6979 -0.6567
vn -0.3987 0.3100 -0.8631
vn -0.2859 0.6979 -0.6567
vn 0.8829 -0.0000 0.4696
vn -0.0000 -0.2721 -0.9623
vn -0.0000 0.2721 -0.9623
vn 0.7262 -0.5361 0.4304
vn 0.4025 -0.8640 0.3024
vn 0.8952 -0.4289 -0.1214
vn 0.4025 -0.8640 -0.3024
vn 0.7262 -0.5361 -0.4304
vn 0.8829 -0.0000 -0.4696
vn 0.7262 0.5361 -0.4304
vn 0.4025 0.8640 -0.3024
vn 0.9720 -0.1914 -0.1364
vn 0.1858 0.7737 -0.6057
vn 0.3049 0.3935 -0.8673
vn 0.3402 -0.0000 -0.9404
vn 0.3049 -0.3935 -0.8673
vn 0.1858 -0.7737 -0.6057
vn 0.9902 -0.0000 -0.1398
vn 0.9720 0.1914 -0.1364
vn -0.0000 -0.7304 -0.6830
vn 0.8952 0.4289 -0.1214
vn 0.6561 0.7510 -0.0736
vn -0.0000 0.7304 -0.6830
vn 0.7262 0.5361 0.4304
vn 0.4025 0.8640 0.3024
vn -0.1392 -0.0000 0.9903
vn 0.3402 -0.0000 0.9404
vn 0.3049 -0.3935 0.8673
vn 0.1858 -0.7737 0.6057
vn 0.4834 0.8498 -0.2101
vn 0.3049 0.3935 0.8673
vn 0.1858 0.7737 0.6057
vn 0.7074 0.6022 -0.3701
vn -0.0000 -0.3323 0.9432
vn -0.0000 -0.7304 0.6830
vn 0.8256 0.3111 -0.4707
vn -0.0000 0.3323 0.9432
vn -0.0000 0.7304 0.6830
vn 0.8630 -0.0000 -0.5051
vn -0.3402 -0.0000 0.9404
vn -0.3049 -0.3935 0.8673
vn -0.1858 -0.7737 0.6057
vn 0.8256 -0.3111 -0.4707
vn -0.3049 0.3935 0.8673
vn -0.1858 0.7737 0.6057
vn 0.7074 -0.6022 -0.3701
vn -0.8829 -0.0000 0.4696
vn -0.7262 -0.5361 0.4304
vn -0.4025 -0.8640 0.3024
vn 0.4834 -0.8498 -0.2101
vn -0.7262 0.5361 0.4304
vn -0.4025 0.8640 0.3024
vn -0.8829 -0.0000 -0.4696
vn -0.7262 -0.5361 -0.4304
vn -0.4025 -0.8640 -0.3024
vn -0.1234 -0.4619 0.8783
vn -0.7262 0.5361 -0.4304
vn -0.4025 0.8640 -0.3024
vn -0.0791 -0.8228 0.5627
vn -0.3402 -0.0000 -0.9404
vn -0.3049 -0.3935 -0.8673
vn -0.1858 -0.7737 -0.6057
vn 0.0950 -0.7309 -0.6759
vn -0.3049 0.3935 -0.8673
vn -0.1858 0.7737 -0.6057
vn 0.1268 -0.4122 -0.9022
vn 0.1392 -0.0000 -0.9903
vn -0.0000 -0.3323 -0.9432
vn 0.1268 0.4122 -0.9022
vn -0.0000 0.3323 -0.9432
vn 0.0537 0.9225 -0.3823
vn 0.9511 -0.0000 0.3090
vn 0.6561 -0.7510 -0.0736
vn 0.4949 -0.7516 0.4362
vn 0.9394 -0.3420 0.0233
vn 0.9890 -0.1458 0.0246
vn 0.9997 -0.0000 0.0251
vn 0.9890 0.1458 0.0246
vn 0.9394 0.3420 0.0233
vn 0.7303 0.6828 0.0229
vn 0.6572 -0.3771 0.6527
vn 0.7303 -0.6828 0.0229
vn 0.7005 -0.0000 0.7137
vn 0.9393 -0.3166 0.1320
vn 0.9813 -0.1340 0.1379
vn 0.9903 -0.0000 0.1392
vn 0.9813 0.1340 0.1379
vn 0.9393 0.3166 0.1320
vn 0.7464 0.6572 0.1049
vn 0.6572 0.3771 0.6527
vn 0.7464 -0.6572 0.1049
vn 0.4949 0.7516 0.4362
vn 0.9094 -0.3420 0.2366
vn 0.9575 -0.1458 0.2489
vn 0.9679 -0.0000 0.2515
vn 0.9575 0.1458 0.2489
vn 0.9094 0.3420 0.2366
vn 0.7083 0.6828 0.1793
vn 0.7083 -0.6828 0.1793
vn 0.9409 -0.1458 0.3057
vn 0.8270 -0.4289 0.3634
vn 0.8967 -0.1914 0.3990
vn 0.9133 -0.0000 0.4073
vn 0.8967 0.1914 0.3990
vn 0.8270 0.4289 0.3634
vn 0.6104 0.7510 0.2516
vn 0.7141 0.6657 0.2163
vn 0.6104 -0.7510 0.2516
vn 0.9171 0.2767 0.2871
vn 0.5780 -0.6022 0.5507
vn 0.6639 -0.3111 0.6800
vn 0.6904 -0.0000 0.7235
vn 0.6639 0.3111 0.6800
vn 0.5780 0.6022 0.5507
vn 0.4068 0.8498 0.3352
vn 0.9542 -0.0000 0.2992
vn 0.4068 -0.8498 0.3352
vn 0.9171 -0.2767 0.2871
vn -0.0950 -0.7309 0.6759
vn -0.1268 -0.4122 0.9022
vn -0.1268 0.4122 0.9022
vn -0.0950 0.7309 0.6759
vn -0.0537 0.9225 0.3823
vn 0.7141 -0.6657 0.2163
vn -0.0537 -0.9225 0.3823
vn 0.8525 -0.4432 0.2770
vn -0.7074 -0.6022 0.3701
vn -0.8256 -0.3111 0.4707
vn -0.8630 -0.0000 0.5051
vn -0.8256 0.3111 0.4707
vn -0.7074 0.6022 0.3701
vn -0.4834 0.8498 0.2101
vn -0.4834 -0.8498 0.2101
vn 0.7461 -0.6657 -0.0111
vn -0.8952 -0.4289 0.1214
vn -0.9720 -0.1914 0.1364
vn -0.9902 -0.0000 0.1398
vn -0.9720 0.1914 0.1364
vn -0.8952 0.4289 0.1214
vn -0.6561 0.7511 0.0736
vn 0.9607 -0.2767 -0.0232
vn -0.6561 -0.7510 0.0736
vn 0.9997 -0.0000 -0.0246
vn -0.9394 -0.3420 -0.0233
vn -0.9890 -0.1458 -0.0246
vn -0.9997 -0.0000 -0.0251
vn -0.9890 0.1458 -0.0246
vn -0.9394 0.3420 -0.0233
vn -0.7303 0.6828 -0.0229
vn 0.9607 0.2767 -0.0232
vn -0.7303 -0.6828 -0.0229
vn 0.7461 0.6657 -0.0111
vn -0.9393 -0.3166 -0.1320
vn -0.9813 -0.1340 -0.1379
vn -0.9903 -0.0000 -0.1392
vn -0.9813 0.1340 -0.1379
vn -0.9393 0.3166 -0.1320
vn -0.7464 0.6572 -0.1049
vn 0.1325 -0.9862 -0.0990
vn -0.7464 -0.6572 -0.1049
vn 0.8525 -0.4432 -0.2770
vn -0.9094 -0.3420 -0.2366
vn -0.9575 -0.1458 -0.2489
vn -0.9679 -0.0000 -0.2515
vn -0.9575 0.1458 -0.2489
vn -0.9094 0.3420 -0.2366
vn -0.7083 0.6828 -0.1793
vn 0.5959 0.7516 -0.2829
vn -0.7083 -0.6828 -0.1793
vn 0.8116 0.3771 -0.4462
vn -0.8270 -0.4289 -0.3634
vn -0.8967 -0.1914 -0.3990
vn -0.9133 -0.0000 -0.4073
vn -0.8967 0.1914 -0.3990
vn -0.8270 0.4289 -0.3634
vn -0.6104 0.7511 -0.2516
vn 0.8701 -0.0000 -0.4929
vn -0.6104 -0.7510 -0.2516
vn 0.8116 -0.3771 -0.4462
vn -0.5780 -0.6022 -0.5507
vn -0.6639 -0.3111 -0.6800
vn -0.6904 -0.0000 -0.7235
vn -0.6639 0.3111 -0.6800
vn -0.5780 0.6022 -0.5507
vn -0.4068 0.8498 -0.3352
vn 0.5959 -0.7516 -0.2829
vn -0.4068 -0.8498 -0.3352
vn 0.9409 -0.1458 -0.3057
vn 0.9511 -0.0000 -0.3090
vn 0.0791 -0.8228 -0.5627
vn 0.9409 0.1458 -0.3057
vn 0.0950 0.7309 -0.6759
vn 0.8525 0.4432 -0.2770
vn 0.0791 0.8228 -0.5627
vn 0.0537 -0.9225 -0.3823
vn -0.1234 0.4619 0.8783
vn -0.0791 0.8228 0.5627
vn 0.3495 -0.8993 -0.2630
vn -0.8701 -0.0000 0.4929
vn -0.8116 -0.3771 0.4462
vn -0.5959 -0.7516 0.2829
vn 0.5269 0.4432 -0.7252
vn -0.8116 0.3771 0.4462
vn -0.5959 0.7516 0.2829
vn 0.5815 0.1458 -0.8004
vn -0.9997 -0.0000 0.0246
vn -0.9607 -0.2767 0.0232
vn -0.7461 -0.6657 0.0111
vn 0.5878 -0.0000 -0.8090
vn -0.9607 0.2767 0.0232
vn -0.7461 0.6657 0.0111
vn 0.5815 -0.1458 -0.8004
vn -0.9542 -0.0000 -0.2992
vn -0.9171 -0.2767 -0.2871
vn -0.7141 -0.6657 -0.2163
vn 0.5269 -0.4432 -0.7252
vn -0.9171 0.2767 -0.2871
vn -0.7141 0.6657 -0.2163
vn 0.7752 -0.0000 -0.6317
vn -0.7005 -0.0000 -0.7137
vn -0.6572 -0.3771 -0.6527
vn -0.4949 -0.7516 -0.4362
vn 0.3495 0.8993 -0.2630
vn -0.6572 0.3771 -0.6527
vn -0.4949 0.7516 -0.4362
vn -0.0000 -0.4432 -0.8964
vn 0.1325 0.9862 -0.0990
vn 0.1234 -0.4619 -0.8783
vn 0.0551 0.9976 -0.0407
vn 0.1234 0.4619 -0.8783
vn -0.0000 0.4432 -0.8964
vn 0.9409 0.1458 0.3057
vn 0.8525 0.4432 0.2770
vn 0.5878 -0.0000 0.8090
vn 0.5815 -0.1458 0.8004
vn 0.5269 -0.4432 0.7252
vn 0.0306 0.9980 -0.0546
vn 0.5815 0.1458 0.8004
vn 0.5269 0.4432 0.7252
vn 0.0732 0.9885 -0.1320
vn -0.0000 -0.1458 0.9893
vn -0.0000 -0.4432 0.8964
vn 0.1973 0.9125 -0.3583
vn -0.0000 0.1458 0.9893
vn -0.0000 0.4432 0.8964
vn 0.4512 -0.0000 -0.8924
vn -0.5878 -0.0000 0.8090
vn -0.5815 -0.1458 0.8004
vn -0.5269 -0.4432 0.7252
vn 0.1973 -0.9125 -0.3583
vn -0.5815 0.1458 0.8004
vn -0.5269 0.4432 0.7252
vn 0.0732 -0.9885 -0.1320
vn -0.9511 -0.0000 0.3090
vn -0.9409 -0.1458 0.3057
vn -0.8525 -0.4432 0.2770
vn 0.0306 -0.9980 -0.0546
vn -0.9409 0.1458 0.3057
vn -0.8525 0.4432 0.2770
vn -0.9511 -0.0000 -0.3090
vn -0.9409 -0.1458 -0.3057
vn -0.8525 -0.4432 -0.2770
vn -0.0000 -0.8594 0.5113
vn -0.9409 0.1458 -0.3057
vn -0.8525 0.4432 -0.2770
vn -0.0000 -0.9852 0.1712
vn -0.5878 -0.0000 -0.8090
vn -0.5815 -0.1458 -0.8004
vn -0.5269 -0.4432 -0.7252
vn -0.0000 -0.9895 -0.1443
vn -0.5815 0.1458 -0.8004
vn -0.5269 0.4432 -0.7252
vn -0.0000 -0.9184 -0.3956
vn -0.0000 -0.1458 -0.9893
vn -0.0000 0.9184 -0.3956
vn -0.0000 0.1458 -0.9893
vn -0.0000 0.9982 -0.0599
vn 0.9908 -0.0000 0.1355
vn 0.0551 -0.9976 -0.0407
vn 0.2769 -0.9550 0.1063
vn 0.1701 -0.9840 -0.0526
vn 0.4405 -0.8872 -0.1374
vn 0.9478 -0.0000 -0.3188
vn 0.4405 0.8872 -0.1374
vn 0.1701 0.9840 -0.0526
vn 0.0705 0.9973 -0.0216
vn 0.5962 -0.7511 0.2834
vn 0.0705 -0.9973 -0.0216
vn 0.8309 -0.0000 0.5564
vn 0.1829 -0.9831 -0.0000
vn 0.4705 -0.8824 -0.0000
vn 0.4705 0.8824 -0.0000
vn 0.1829 0.9831 -0.0000
vn 0.0757 0.9971 -0.0000
vn 0.5962 0.7511 0.2834
vn 0.0757 -0.9971 -0.0000
vn 0.2769 0.9550 0.1063
vn 0.1701 -0.9840 0.0526
vn 0.4405 -0.8872 0.1374
vn 0.9478 -0.0000 0.3188
vn 0.4405 0.8872 0.1374
vn 0.1701 0.9840 0.0526
vn 0.0705 0.9973 0.0216
vn 0.0705 -0.9973 0.0216
vn 0.7640 -0.6393 0.0868
vn 0.1325 -0.9862 0.0990
vn 0.3495 -0.8993 0.2630
vn 0.7752 -0.0000 0.6317
vn 0.3495 0.8993 0.2630
vn 0.1325 0.9862 0.0990
vn 0.0551 0.9976 0.0407
vn 0.3750 0.9265 0.0323
vn 0.0551 -0.9976 0.0407
vn 0.7640 0.6393 0.0868
vn 0.0732 -0.9885 0.1320
vn 0.1973 -0.9125 0.3583
vn 0.4512 -0.0000 0.8924
vn 0.1973 0.9125 0.3583
vn 0.0732 0.9885 0.1320
vn 0.0306 0.9980 0.0546
vn 0.0306 -0.9980 0.0546
vn -0.0000 -0.9895 0.1443
vn -0.0000 -0.9184 0.3956
vn -0.0000 0.9184 0.3956
vn -0.0000 0.9895 0.1443
vn -0.0000 0.9982 0.0599
vn 0.3750 -0.9265 0.0323
vn -0.0000 -0.9982 0.0599
vn -0.0732 -0.9885 0.1320
vn -0.1973 -0.9125 0.3583
vn -0.4512 -0.0000 0.8924
vn -0.1973 0.9125 0.3583
vn -0.0732 0.9885 0.1320
vn -0.0306 0.9980 0.0546
vn -0.0306 -0.9980 0.0546
vn 0.3750 -0.9265 -0.0323
vn -0.1325 -0.9862 0.0990
vn -0.3495 -0.8993 0.2630
vn -0.7752 -0.0000 0.6317
vn -0.3495 0.8993 0.2630
vn -0.1325 0.9862 0.0990
vn -0.0551 0.9976 0.0407
vn 0.7641 -0.6393 -0.0868
vn -0.0551 -0.9976 0.0407
vn 0.9908 -0.0000 -0.1355
vn -0.1701 -0.9840 0.0526
vn -0.4405 -0.8872 0.1374
vn -0.9478 -0.0000 0.3188
vn -0.4405 0.8872 0.1374
vn -0.1701 0.9840 0.0526
vn -0.0705 0.9973 0.0216
vn 0.7641 0.6393 -0.0868
vn -0.0705 -0.9973 0.0216
vn 0.3750 0.9265 -0.0323
vn -0.1829 -0.9831 -0.0000
vn -0.4705 -0.8824 -0.0000
vn -0.4705 0.8824 -0.0000
vn -0.1829 0.9831 -0.0000
vn -0.0757 0.9971 -0.0000
vn -0.0757 -0.9971 -0.0000
vn -0.1701 -0.9840 -0.0526
vn -0.4405 -0.8872 -0.1374
vn -0.9478 -0.0000 -0.3188
vn -0.4405 0.8872 -0.1374
vn -0.1701 0.9840 -0.0526
vn -0.0705 0.9973 -0.0216
vn 0.2769 0.9550 -0.1063
vn -0.0705 -0.9973 -0.0216
vn 0.5962 0.7511 -0.2834
vn -0.1325 -0.9862 -0.0990
vn -0.3495 -0.8993 -0.2630
vn -0.7752 -0.0000 -0.6317
vn -0.3495 0.8993 -0.2630
vn -0.1325 0.9862 -0.0990
vn -0.0551 0.9976 -0.0407
vn 0.8309 -0.0000 -0.5564
vn -0.0551 -0.9976 -0.0407
vn 0.5962 -0.7511 -0.2834
vn -0.0732 -0.9885 -0.1320
vn -0.1973 -0.9125 -0.3583
vn -0.4512 -0.0000 -0.8924
vn -0.1973 0.9125 -0.3583
vn -0.0732 0.9885 -0.1320
vn -0.0306 0.9980 -0.0546
vn 0.2769 -0.9550 -0.1063
vn -0.0306 -0.9980 -0.0546
vn -0.0000 -0.9852 -0.1712
vn -0.0000 0.9895 -0.1443
vn -0.0000 0.9852 -0.1712
vn -0.0000 -0.9982 -0.0599
vn -0.0000 0.8594 0.5113
vn -0.0000 0.9852 0.1712
vn -0.8309 -0.0000 0.5564
vn -0.5962 -0.7511 0.2834
vn -0.2769 -0.9550 0.1063
vn -0.5962 0.7511 0.2834
vn -0.2769 0.9550 0.1063
vn -0.9908 -0.0000 0.1355
vn -0.7641 -0.6393 0.0868
vn -0.3750 -0.9265 0.0323
vn -0.7640 0.6393 0.0868
vn -0.3750 0.9265 0.0323
vn -0.9908 -0.0000 -0.1355
vn -0.7640 -0.6393 -0.0868
vn -0.3750 -0.9265 -0.0323
vn -0.7641 0.6393 -0.0868
vn -0.3750 0.9265 -0.0323
vn -0.8309 -0.0000 -0.5564
vn -0.5962 -0.7511 -0.2834
vn -0.2769 -0.9550 -0.1063
vn -0.5962 0.7511 -0.2834
vn -0.2769 0.9550 -0.1063
vn -0.0000 -0.8594 -0.5113
vn -0.0000 0.8594 -0.5113
vn -0.7641 0.6393 0.0868
vn -0.7640 0.6393 -0.0868
vn 0.8270 -0.4289 -0.3634
vn 0.8967 -0.1914 -0.3990
vn 0.9133 -0.0000 -0.4073
vn 0.8967 0.1914 -0.3990
vn 0.8270 0.4289 -0.3634
vn 0.6104 0.7510 -0.2516
vn 0.1392 -0.0000 0.9903
vn 0.4068 0.8498 -0.3352
vn 0.5780 0.6022 -0.5507
vn 0.6639 0.3111 -0.6800
vn 0.6904 -0.0000 -0.7235
vn 0.6639 -0.3111 -0.6800
vn 0.5780 -0.6022 -0.5507
vn 0.4068 -0.8498 -0.3352
vn 0.1234 -0.4619 0.8783
vn 0.0791 -0.8228 0.5627
vn -0.0950 -0.7309 -0.6759
vn -0.1268 -0.4122 -0.9022
vn -0.1392 -0.0000 -0.9903
vn -0.1268 0.4122 -0.9022
vn -0.0537 0.9225 -0.3823
vn 0.6104 -0.7510 -0.2516
vn 0.5959 -0.7516 0.2829
vn 0.9094 -0.3420 -0.2366
vn 0.9575 -0.1458 -0.2489
vn 0.9679 -0.0000 -0.2515
vn 0.9575 0.1458 -0.2489
vn 0.9094 0.3420 -0.2366
vn 0.7083 0.6828 -0.1793
vn 0.8116 -0.3771 0.4462
vn 0.7083 -0.6828 -0.1793
vn 0.8701 -0.0000 0.4929
vn 0.9393 -0.3166 -0.1320
vn 0.9813 -0.1340 -0.1379
vn 0.9903 -0.0000 -0.1392
vn 0.9813 0.1340 -0.1379
vn 0.9393 0.3166 -0.1320
vn 0.7464 0.6572 -0.1049
vn 0.8116 0.3771 0.4462
vn 0.7464 -0.6572 -0.1049
vn 0.5959 0.7516 0.2829
vn 0.9394 -0.3420 -0.0233
vn 0.9890 -0.1458 -0.0246
vn 0.9997 -0.0000 -0.0251
vn 0.9890 0.1458 -0.0246
vn 0.9394 0.3420 -0.0233
vn 0.7303 0.6828 -0.0229
vn 0.7303 -0.6828 -0.0229
vn 0.8952 -0.4289 0.1214
vn 0.9720 -0.1914 0.1364
vn 0.9902 -0.0000 0.1398
vn 0.9720 0.1914 0.1364
vn 0.8952 0.4289 0.1214
vn 0.6561 0.7510 0.0736
vn 0.7461 0.6657 0.0111
vn 0.6561 -0.7510 0.0736
vn 0.9607 0.2767 0.0232
vn 0.7074 -0.6022 0.3701
vn 0.8256 -0.3111 0.4707
vn 0.8630 -0.0000 0.5051
vn 0.8256 0.3111 0.4707
vn 0.7074 0.6022 0.3701
vn 0.4834 0.8498 0.2101
vn 0.9997 -0.0000 0.0246
vn 0.4834 -0.8498 0.2101
vn 0.9607 -0.2767 0.0232
vn 0.0950 -0.7309 0.6759
vn 0.1268 -0.4122 0.9022
vn 0.1268 0.4122 0.9022
vn 0.0950 0.7309 0.6759
vn 0.0537 0.9225 0.3823
vn 0.7461 -0.6657 0.0111
vn 0.0537 -0.9225 0.3823
vn -0.5780 -0.6022 0.5507
vn -0.6639 -0.3111 0.6800
vn -0.6904 -0.0000 0.7234
vn -0.6639 0.3111 0.6800
vn -0.5780 0.6022 0.5507
vn -0.4068 0.8498 0.3352
vn -0.4068 -0.8498 0.3352
vn 0.7141 -0.6657 -0.2163
vn -0.8270 -0.4289 0.3634
vn -0.8967 -0.1914 0.3990
vn -0.9133 -0.0000 0.4073
vn -0.8967 0.1914 0.3990
vn -0.8270 0.4289 0.3634
vn -0.6104 0.7510 0.2516
vn 0.9171 -0.2767 -0.2871
vn -0.6104 -0.7510 0.2516
vn 0.9542 -0.0000 -0.2992
vn -0.9094 -0.3420 0.2366
vn -0.9575 -0.1458 0.2489
vn -0.9679 -0.0000 0.2515
vn -0.9575 0.1458 0.2489
vn -0.9094 0.3420 0.2366
vn -0.7083 0.6828 0.1793
vn 0.9171 0.2767 -0.2871
vn -0.7083 -0.6828 0.1793
vn 0.7141 0.6657 -0.2163
vn -0.9393 -0.3166 0.1320
vn -0.9813 -0.1340 0.1379
vn -0.9903 -0.0000 0.1392
vn -0.9813 0.1340 0.1379
vn -0.9393 0.3166 0.1320
vn -0.7464 0.6572 0.1049
vn -0.7464 -0.6572 0.1049
vn -0.9394 -0.3420 0.0233
vn -0.9890 -0.1458 0.0246
vn -0.9997 -0.0000 0.0251
vn -0.9890 0.1458 0.0246
vn -0.9394 0.3420 0.0233
vn -0.7303 0.6828 0.0229
vn 0.4949 0.7516 -0.4362
vn -0.7303 -0.6828 0.0229
vn 0.6572 0.3771 -0.6527
vn -0.8952 -0.4289 -0.1214
vn -0.9720 -0.1914 -0.1364
vn -0.9902 -0.0000 -0.1398
vn -0.9720 0.1914 -0.1364
vn -0.8952 0.4289 -0.1214
vn -0.6561 0.7511 -0.0736
vn 0.7005 -0.0000 -0.7137
vn -0.6561 -0.7511 -0.0736
vn 0.6572 -0.3771 -0.6527
vn -0.7074 -0.6022 -0.3701
vn -0.8256 -0.3111 -0.4707
vn -0.8630 -0.0000 -0.5051
vn -0.8256 0.3111 -0.4707
vn -0.7074 0.6022 -0.3701
vn -0.4834 0.8498 -0.2101
vn 0.4949 -0.7516 -0.4362
vn -0.4834 -0.8498 -0.2101
vn -0.0791 -0.8228 -0.5627
vn -0.0950 0.7309 -0.6759
vn -0.0791 0.8228 -0.5627
vn -0.0537 -0.9225 -0.3823
vn 0.1234 0.4619 0.8783
vn 0.0791 0.8228 0.5627
vn -0.7005 -0.0000 0.7137
vn -0.6572 -0.3771 0.6527
vn -0.4949 -0.7516 0.4362
vn -0.6572 0.3771 0.6527
vn -0.4949 0.7516 0.4362
vn -0.9542 -0.0000 0.2992
vn -0.9171 -0.2767 0.2871
vn -0.7141 -0.6657 0.2163
vn -0.9171 0.2767 0.2871
vn -0.7141 0.6657 0.2163
vn -0.9997 -0.0000 -0.0246
vn -0.9607 -0.2767 -0.0232
vn -0.7461 -0.6657 -0.0111
vn -0.9607 0.2767 -0.0232
vn -0.7461 0.6657 -0.0111
vn -0.8701 -0.0000 -0.4929
vn -0.8116 -0.3771 -0.4462
vn -0.5959 -0.7516 -0.2829
vn -0.8116 0.3771 -0.4462
vn -0.5959 0.7516 -0.2829
vn -0.1234 -0.4619 -0.8783
vn -0.1234 0.4619 -0.8783
vn 0.7145 -0.0000 0.6997
vn 0.7004 -0.1973 0.6859
vn 0.6002 -0.5412 0.5890
vn 0.9432 -0.0000 0.3321
vn 0.8370 -0.5412 0.0812
vn 0.9757 -0.1973 0.0957
vn 0.9952 -0.0000 0.0976
vn 0.9757 0.1973 0.0957
vn 0.8370 0.5412 0.0812
vn 0.9247 -0.1973 0.3256
vn 0.7271 0.5254 -0.4419
vn 0.8400 0.1872 -0.5092
vn -0.7640 -0.6393 0.0868
vn 0.8551 -0.0000 -0.5184
vn 0.8400 -0.1872 -0.5092
vn -0.7641 -0.6393 -0.0868
vn 0.7271 -0.5254 -0.4419
vn 0.7928 -0.5412 0.2802
vn 0.3621 -0.5158 -0.7764
vn 0.9952 -0.0000 -0.0976
vn 0.4226 -0.0000 -0.9063
vn 0.7928 -0.5412 -0.2802
vn 0.3621 0.5158 -0.7764
vn 0.9247 -0.1973 -0.3256
vn 0.7004 0.1973 0.6859
vn 0.6002 0.5412 0.5890
vn 0.9432 -0.0000 -0.3322
vn 0.1525 -0.0000 0.9883
vn 0.1499 -0.1872 0.9708
vn 0.1289 -0.5254 0.8410
vn 0.9247 0.1973 -0.3256
vn 0.1499 0.1872 0.9708
vn 0.1289 0.5254 0.8410
vn 0.7928 0.5412 -0.2802
vn -0.4226 -0.0000 0.9063
vn -0.4156 -0.1814 0.8913
vn -0.3621 -0.5158 0.7764
vn -0.4156 0.1814 0.8913
vn -0.3621 0.5158 0.7764
vn 0.9757 -0.1973 -0.0957
vn -0.8551 -0.0000 0.5184
vn -0.8400 -0.1872 0.5092
vn -0.7271 -0.5254 0.4419
vn 0.4723 0.5254 -0.7078
vn -0.8400 0.1872 0.5092
vn -0.7271 0.5254 0.4419
vn 0.5461 0.1872 -0.8165
vn -0.9952 -0.0000 -0.0976
vn -0.9757 -0.1973 -0.0957
vn -0.8370 -0.5412 -0.0812
vn 0.5559 -0.0000 -0.8312
vn -0.9757 0.1973 -0.0957
vn -0.8370 0.5412 -0.0812
vn 0.5461 -0.1872 -0.8165
vn -0.7145 -0.0000 -0.6997
vn -0.7004 -0.1973 -0.6859
vn -0.6002 -0.5412 -0.5890
vn 0.4723 -0.5254 -0.7078
vn -0.7004 0.1973 -0.6859
vn -0.6002 0.5412 -0.5890
vn 0.8370 -0.5412 -0.0812
vn -0.1525 -0.0000 -0.9883
vn -0.1499 -0.1872 -0.9708
vn -0.1289 -0.5254 -0.8410
vn -0.1499 0.1872 -0.9708
vn -0.1289 0.5254 -0.8410
vn -0.0000 -0.5158 -0.8567
vn 0.5431 -0.4407 -0.7147
vn 0.4156 -0.1814 -0.8913
vn 0.6002 -0.5412 -0.5890
vn 0.4156 0.1814 -0.8913
vn -0.0000 0.5158 -0.8567
vn 0.7004 -0.1973 -0.6859
vn 0.9247 0.1973 0.3256
vn 0.7928 0.5412 0.2802
vn 0.7145 -0.0000 -0.6997
vn 0.5559 -0.0000 0.8312
vn 0.5461 -0.1872 0.8165
vn 0.4723 -0.5254 0.7078
vn 0.7004 0.1973 -0.6859
vn 0.5461 0.1872 0.8165
vn 0.4723 0.5254 0.7078
vn 0.6002 0.5412 -0.5890
vn -0.0000 -0.1814 0.9834
vn -0.0000 -0.5158 0.8567
vn -0.0000 0.1814 0.9834
vn -0.0000 0.5158 0.8567
vn 0.7271 -0.0883 -0.6809
vn -0.5559 -0.0000 0.8312
vn -0.5461 -0.1872 0.8165
vn -0.4723 -0.5254 0.7078
vn 0.1289 0.5254 -0.8410
vn -0.5461 0.1872 0.8165
vn -0.4723 0.5254 0.7078
vn 0.1499 0.1872 -0.9708
vn -0.9432 -0.0000 0.3322
vn -0.9247 -0.1973 0.3256
vn -0.7928 -0.5412 0.2802
vn 0.1525 -0.0000 -0.9883
vn -0.9247 0.1973 0.3256
vn -0.7928 0.5412 0.2802
vn 0.1499 -0.1872 -0.9708
vn -0.9432 -0.0000 -0.3321
vn -0.9247 -0.1973 -0.3256
vn -0.7928 -0.5412 -0.2802
vn 0.1289 -0.5254 -0.8410
vn -0.9247 0.1973 -0.3256
vn -0.7928 0.5412 -0.2802
vn 0.7973 0.3018 -0.5227
vn -0.5559 -0.0000 -0.8312
vn -0.5461 -0.1872 -0.8165
vn -0.4723 -0.5254 -0.7078
vn 0.7271 0.6338 -0.2640
vn -0.5461 0.1872 -0.8165
vn -0.4723 0.5254 -0.7078
vn -0.3621 -0.5158 -0.7764
vn 0.5431 0.8393 0.0243
vn -0.0000 -0.1814 -0.9834
vn -0.4226 -0.0000 -0.9063
vn 0.2957 0.9120 0.2841
vn -0.0000 0.1814 -0.9834
vn -0.3621 0.5158 -0.7764
vn -0.0000 0.8660 0.5000
vn 0.9757 0.1973 -0.0957
vn 0.8370 0.5412 -0.0812
vn 0.8551 -0.0000 0.5184
vn 0.8400 -0.1872 0.5092
vn 0.7271 -0.5254 0.4419
vn 0.1673 0.9603 0.2233
vn 0.8400 0.1872 0.5092
vn 0.7271 0.5254 0.4419
vn 0.3124 0.9453 -0.0932
vn 0.4226 -0.0000 0.9063
vn 0.4156 -0.1814 0.8913
vn 0.3621 -0.5158 0.7764
vn 0.4298 0.7821 -0.4513
vn 0.4156 0.1814 0.8913
vn 0.3621 0.5158 0.7764
vn 0.4771 0.4394 -0.7611
vn -0.1525 -0.0000 0.9883
vn -0.1499 -0.1872 0.9708
vn -0.1289 -0.5254 0.8410
vn 0.4298 -0.0002 -0.9029
vn -0.1499 0.1872 0.9708
vn -0.1289 0.5254 0.8410
vn 0.3124 -0.3919 -0.8653
vn -0.7145 -0.0000 0.6997
vn -0.7004 -0.1973 0.6859
vn -0.6002 -0.5412 0.5890
vn 0.1673 -0.6736 -0.7199
vn -0.7004 0.1973 0.6859
vn -0.6002 0.5412 0.5890
vn -0.0000 -0.8660 -0.5000
vn -0.9952 -0.0000 0.0976
vn -0.9757 -0.1973 0.0957
vn -0.8370 -0.5412 0.0812
vn -0.9757 0.1973 0.0957
vn -0.8370 0.5412 0.0812
vn -0.8551 -0.0000 -0.5184
vn -0.8400 -0.1872 -0.5092
vn -0.7271 -0.5254 -0.4419
vn -0.0000 -0.3733 -0.9277
vn -0.8400 0.1872 -0.5092
vn -0.7271 0.5254 -0.4419
vn -0.0000 0.0368 -0.9993
vn -0.0000 0.5000 -0.8660
vn -0.4156 -0.1814 -0.8913
vn -0.0000 0.8470 -0.5316
vn -0.4156 0.1814 -0.8913
vn -0.0000 0.9799 0.1996
vn 0.2957 -0.7021 -0.6478
vn 0.6741 -0.5120 -0.5324
vn 0.8806 -0.1991 -0.4300
vn 0.9547 0.1489 -0.2578
vn 0.8806 0.4719 -0.0426
vn 0.6741 0.7171 0.1772
vn 0.3725 0.8529 0.3659
vn 0.3725 -0.7433 -0.5557
vn 0.7158 -0.6048 -0.3492
vn 0.9264 -0.3261 -0.1883
vn 0.9264 0.3261 0.1883
vn 0.7158 0.6048 0.3492
vn 0.3977 0.7946 0.4588
vn 0.3977 -0.7946 -0.4588
vn 0.6741 -0.7171 -0.1772
vn 0.8806 -0.4719 0.0426
vn 0.9547 -0.1489 0.2578
vn 0.8806 0.1991 0.4300
vn 0.6741 0.5120 0.5324
vn 0.3725 0.7433 0.5557
vn 0.3725 -0.8529 -0.3659
vn 0.5431 -0.8393 -0.0243
vn 0.7271 -0.6338 0.2640
vn 0.7973 -0.3018 0.5227
vn 0.7271 0.0883 0.6809
vn 0.5431 0.4407 0.7147
vn 0.2957 0.7021 0.6478
vn 0.2957 -0.9120 -0.2841
vn 0.3124 -0.9453 0.0932
vn 0.4298 -0.7821 0.4513
vn 0.4771 -0.4394 0.7611
vn 0.4298 0.0002 0.9029
vn 0.3124 0.3919 0.8653
vn 0.1673 0.6736 0.7199
vn 0.1673 -0.9603 -0.2233
vn -0.0000 -0.9901 0.1406
vn -0.0000 -0.8470 0.5316
vn -0.0000 -0.5000 0.8660
vn -0.0000 -0.0368 0.9993
vn -0.0000 0.3733 0.9277
vn -0.0000 0.6628 0.7488
vn -0.0000 -0.9799 -0.1996
vn -0.3124 -0.9453 0.0932
vn -0.4298 -0.7821 0.4513
vn -0.4771 -0.4394 0.7611
vn -0.4298 0.0002 0.9029
vn -0.3124 0.3919 0.8653
vn -0.1673 0.6736 0.7199
vn -0.1673 -0.9603 -0.2233
vn -0.5431 -0.8393 -0.0243
vn -0.7271 -0.6338 0.2640
vn -0.7973 -0.3018 0.5227
vn -0.7271 0.0883 0.6809
vn -0.5431 0.4407 0.7147
vn -0.2957 0.7021 0.6478
vn -0.2957 -0.9120 -0.2841
vn -0.6741 -0.7171 -0.1772
vn -0.8806 -0.4719 0.0426
vn -0.9547 -0.1489 0.2578
vn -0.8806 0.1991 0.4300
vn -0.6741 0.5120 0.5324
vn -0.3725 0.7433 0.5557
vn -0.3725 -0.8529 -0.3659
vn -0.7158 -0.6048 -0.3492
vn -0.9264 -0.3261 -0.1883
vn -0.9264 0.3261 0.1883
vn -0.7158 0.6048 0.3492
vn -0.3977 0.7946 0.4588
vn -0.3977 -0.7946 -0.4588
vn -0.6741 -0.5120 -0.5324
vn -0.8806 -0.1991 -0.4300
vn -0.9547 0.1489 -0.2578
vn -0.8806 0.4719 -0.0426
vn -0.6741 0.7171 0.1772
vn -0.3725 0.8529 0.3659
vn -0.3725 -0.7433 -0.5557
vn -0.5431 -0.4407 -0.7147
vn -0.7271 -0.0883 -0.6809
vn -0.7973 0.3018 -0.5227
vn -0.7271 0.6338 -0.2640
vn -0.5431 0.8393 0.0243
vn -0.2957 0.9120 0.2841
vn -0.2957 -0.7021 -0.6478
vn -0.3124 -0.3919 -0.8653
vn -0.4298 -0.0002 -0.9029
vn -0.4771 0.4394 -0.7611
vn -0.4298 0.7821 -0.4513
vn -0.3124 0.9453 -0.0932
vn -0.1673 0.9603 0.2233
vn -0.1673 -0.6736 -0.7199
vn -0.0000 0.9901 -0.1406
vn -0.0000 -0.6628 -0.7488
s 1
usemtl Duckling_down
f 5//5 19//19 6//6
f 13//13 12//12 25//25
f 2//2 16//16 315//312
f 10//10 22//22 23//23
f 6//6 20//20 7//7
f 315//312 17//17 316//313
f 323//319 23//23 24//24
f 8//8 20//20 21//21
f 316//313 18//18 5//5
f 12//12 24//24 25//25
f 2//2 1//1 15//15
f 9//9 21//21 22//22
f 16//16 30//30 17//17
f 24//24 36//36 37//37
f 21//21 33//33 34//34
f 17//17 31//31 18//18
f 25//25 37//37 38//38
f 15//15 1//1 28//28
f 22//22 34//34 35//35
f 18//18 32//32 19//19
f 13//13 25//25 38//38
f 15//15 29//29 16//16
f 23//23 35//35 36//36
f 19//19 33//33 20//20
f 13//13 38//38 51//50
f 28//28 42//41 29//29
f 36//36 48//47 49//48
f 32//32 46//45 33//33
f 29//29 43//42 30//30
f 37//37 49//48 50//49
f 34//34 46//45 47//46
f 30//30 44//43 31//31
f 38//38 50//49 51//50
f 28//28 1//1 41//40
f 35//35 47//46 48//47
f 31//31 45//44 32//32
f 43//42 57//56 44//43
f 51//50 63//62 64//63
f 41//40 1//1 54//53
f 48//47 60//59 61//60
f 44//43 58//57 45//44
f 13//13 51//50 64//63
f 41//40 55//54 42//41
f 49//48 61//60 62//61
f 45//44 59//58 46//45
f 42//41 56//55 43//42
f 50//49 62//61 63//62
f 47//46 59//58 60//59
f 55//54 69//68 56//55
f 63//62 75//74 76//75
f 60//59 72//71 73//72
f 56//55 70//69 57//56
f 64//63 76//75 77//76
f 54//53 1//1 67//66
f 61//60 73//72 74//73
f 57//56 71//70 58//57
f 13//13 64//63 77//76
f 54//53 68//67 55//54
f 62//61 74//73 75//74
f 58//57 72//71 59//58
f 70//69 84//83 71//70
f 13//13 77//76 90//89
f 67//66 81//80 68//67
f 75//74 87//86 88//87
f 71//70 85//84 72//71
f 68//67 82//81 69//68
f 76//75 88//87 89//88
f 73//72 85//84 86//85
f 69//68 83//82 70//69
f 77//76 89//88 90//89
f 67//66 1//1 80//79
f 74//73 86//85 87//86
f 83//82 95//94 96//95
f 89//88 103//102 90//89
f 80//79 1//1 93//92
f 86//85 100//99 87//86
f 84//83 96//95 97//96
f 13//13 90//89 103//102
f 81//80 93//92 94//93
f 87//86 101//100 88//87
f 85//84 97//96 98//97
f 82//81 94//93 95//94
f 88//87 102//101 89//88
f 85//84 99//98 86//85
f 98//97 110//109 111//110
f 95//94 107//106 108//107
f 101//100 115//114 102//101
f 98//97 112//111 99//98
f 96//95 108//107 109//108
f 102//101 116//115 103//102
f 93//92 1//1 106//105
f 99//98 113//112 100//99
f 97//96 109//108 110//109
f 13//13 103//102 116//115
f 94//93 106//105 107//106
f 100//99 114//113 101//100
f 110//109 122//120 123//121
f 13//13 116//115 129//127
f 107//106 119//117 120//118
f 113//112 127//125 114//113
f 111//110 123//121 124//122
f 108//107 120//118 121//119
f 114//113 128//126 115//114
f 111//110 125//123 112//111
f 109//108 121//119 122//120
f 115//114 129//127 116//115
f 106//105 1//1 119//117
f 112//111 126//124 113//112
f 124//122 138//136 125//123
f 122//120 134//132 135//133
f 128//126 142//140 129//127
f 119//117 1//1 132//130
f 125//123 139//137 126//124
f 123//121 135//133 136//134
f 13//13 129//127 142//140
f 120//118 132//130 133//131
f 126//124 140//138 127//125
f 124//122 136//134 137//135
f 121//119 133//131 134//132
f 127//125 141//139 128//126
f 137//135 149//147 150//148
f 134//132 146//144 147//145
f 140//138 154//152 141//139
f 137//135 151//149 138//136
f 135//133 147//145 148//146
f 141//139 155//153 142//140
f 132//130 1//1 145//143
f 138//136 152//150 139//137
f 136//134 148//146 149//147
f 13//13 142//140 155//153
f 133//131 145//143 146//144
f 139//137 153//151 140//138
f 151//149 165//163 152//150
f 149//147 161//159 162//160
f 13//13 155//153 168//166
f 146//144 158//156 159//157
f 152//150 166//164 153//151
f 150//148 162//160 163//161
f 147//145 159//157 160//158
f 153//151 167//165 154//152
f 150//148 164//162 151//149
f 148//146 160//158 161//159
f 154//152 168//166 155//153
f 145//143 1//1 158//156
f 164//162 176//174 177//175
f 160//158 174//172 161//159
f 168//166 180//178 181//179
f 158//156 1//1 171//169
f 165//163 177//175 178//176
f 161//159 175//173 162//160
f 13//13 168//166 181//179
f 158//156 172//170 159//157
f 166//164 178//176 179//177
f 162//160 176//174 163//161
f 159//157 173//171 160//158
f 167//165 179//177 180//178
f 179//177 191//189 192//190
f 175//173 189//187 176//174
f 172//170 186//184 173//171
f 180//178 192//190 193//191
f 177//175 189//187 190//188
f 173//171 187//185 174//172
f 181//179 193//191 194//192
f 171//169 1//1 184//182
f 178//176 190//188 191//189
f 174//172 188//186 175//173
f 13//13 181//179 194//192
f 171//169 185//183 172//170
f 184//182 1//1 197//195
f 191//189 203//201 204//202
f 187//185 201//199 188//186
f 13//13 194//192 207//205
f 184//182 198//196 185//183
f 192//190 204//202 205//203
f 188//186 202//200 189//187
f 185//183 199//197 186//184
f 193//191 205//203 206//204
f 190//188 202//200 203//201
f 186//184 200//198 187//185
f 194//192 206//204 207//205
f 206//204 218//216 219//217
f 203//201 215//213 216//214
f 199//197 213//211 200//198
f 207//205 219//217 220//218
f 197//195 1//1 210//208
f 204//202 216//214 217//215
f 200//198 214//212 201//199
f 13//13 207//205 220//218
f 197//195 211//209 198//196
f 205//203 217//215 218//216
f 201//199 215//213 202//200
f 198//196 212//210 199//197
f 210//208 224//222 211//209
f 218//216 230//228 231//229
f 214//212 228//226 215//213
f 211//209 225//223 212//210
f 219//217 231//229 232//230
f 216//214 228//226 229//227
f 212//210 226//224 213//211
f 220//218 232//230 233//231
f 210//208 1//1 223//221
f 217//215 229//227 230//228
f 213//211 227//225 214//212
f 13//13 220//218 233//231
f 233//231 245//243 246//244
f 223//221 1//1 236//234
f 230//228 242//240 243//241
f 226//224 240//238 227//225
f 13//13 233//231 246//244
f 223//221 237//235 224//222
f 231//229 243//241 244//242
f 227//225 241//239 228//226
f 224//222 238//236 225//223
f 232//230 244//242 245//243
f 229//227 241//239 242//240
f 225//223 239//237 226//224
f 238//236 250//248 251//249
f 244//242 258//256 245//243
f 241//239 255//253 242//240
f 239//237 251//249 252//250
f 245//243 259//257 246//244
f 236//234 1//1 249//247
f 242//240 256//254 243//241
f 240//238 252//250 253//251
f 13//13 246//244 259//257
f 237//235 249//247 250//248
f 243//241 257//255 244//242
f 241//239 253//251 254//252
f 13//13 259//257 272//270
f 250//248 262//260 263//261
f 256//254 270//268 257//255
f 254//252 266//264 267//265
f 251//249 263//261 264//262
f 257//255 271//269 258//256
f 254//252 268//266 255//253
f 252//250 264//262 265//263
f 258//256 272//270 259//257
f 249//247 1//1 262//260
f 255//253 269//267 256//254
f 253//251 265//263 266//264
f 265//263 277//275 278//276
f 271//269 285//283 272//270
f 262//260 1//1 275//273
f 268//266 282//280 269//267
f 266//264 278//276 279//277
f 13//13 272//270 285//283
f 263//261 275//273 276//274
f 269//267 283//281 270//268
f 267//265 279//277 280//278
f 264//262 276//274 277//275
f 270//268 284//282 271//269
f 267//265 281//279 268//266
f 277//275 289//286 290//287
f 283//281 297//294 284//282
f 280//278 294//291 281//279
f 278//276 290//287 291//288
f 284//282 298//295 285//283
f 275//273 1//1 288//285
f 281//279 295//292 282//280
f 279//277 291//288 292//289
f 13//13 285//283 298//295
f 276//274 288//285 289//286
f 282//280 296//293 283//281
f 280//278 292//289 293//290
f 292//289 304//301 305//302
f 13//13 298//295 311//308
f 289//286 301//298 302//299
f 295//292 309//306 296//293
f 293//290 305//302 306//303
f 290//287 302//299 303//300
f 296//293 310//307 297//294
f 293//290 307//304 294//291
f 291//288 303//300 304//301
f 297//294 311//308 298//295
f 288//285 1//1 301//298
f 294//291 308//305 295//292
f 304//301 316//313 5//5
f 310//307 12//12 311//308
f 301//298 1//1 2//2
f 307//304 9//9 308//305
f 305//302 5//5 6//6
f 13//13 311//308 12//12
f 302//299 2//2 315//312
f 308//305 10//10 309//306
f 306//303 6//6 7//7
f 303//300 315//312 316//313
f 309//306 323//319 310//307
f 306//303 8//8 307//304
f 588//575 274//272 589//576
f 319//315 235//233 247//245
f 586//573 261//259 587//574
f 583//570 221//219 222//220
f 321//317 235//233 320//316
f 118//13 300//297 286//284
f 318//7 260//258 586//573
f 324//320 39//1 221//219
f 587//574 273//271 588//575
f 321//317 222//220 234//232
f 589//576 286//284 300//297
f 318//7 247//245 248//246
f 260//258 156//154 261//259
f 118//13 286//284 131//129
f 234//232 195//193 183//181
f 221//219 195//193 222//220
f 261//259 144//142 273//271
f 221//219 39//1 196//194
f 247//245 169//167 248//246
f 235//233 183//181 182//180
f 273//271 143//141 274//272
f 260//258 169//167 157//155
f 235//233 170//168 247//245
f 286//284 143//141 131//129
f 195//193 65//64 183//181
f 118//13 131//129 117//116
f 156//154 104//103 144//142
f 182//180 78//77 170//168
f 143//141 117//116 131//129
f 157//155 92//91 156//154
f 169//167 91//90 157//155
f 182//180 65//64 66//65
f 196//194 39//1 52//51
f 143//141 104//103 105//104
f 169//167 78//77 79//78
f 196//194 53//52 195//193
f 78//77 11//11 4//4
f 91//90 327//323 92//91
f 52//51 39//1 27//27
f 65//64 26//26 14//14
f 118//13 117//116 330//326
f 78//77 3//3 79//78
f 92//91 328//324 104//103
f 65//64 11//11 66//65
f 91//90 3//3 326//322
f 105//104 328//324 329//325
f 105//104 330//326 117//116
f 53//52 27//27 26//26
f 327//323 339//334 340//335
f 327//323 341//336 328//324
f 3//3 333//329 332//328
f 26//26 335//331 14//14
f 14//14 334//330 11//11
f 11//11 333//329 4//4
f 118//13 330//326 343//338
f 27//27 336//332 26//26
f 329//325 343//338 330//326
f 27//27 39//1 337//333
f 329//325 341//336 342//337
f 326//322 332//328 339//334
f 336//332 350//344 349//343
f 118//13 343//338 356//350
f 335//331 347//341 334//330
f 337//333 39//1 350//344
f 340//335 354//348 341//336
f 334//330 346//340 333//329
f 332//328 352//346 339//334
f 342//337 356//350 343//338
f 342//337 354//348 355//349
f 332//328 346//340 345//84
f 336//332 348//342 335//331
f 339//334 353//347 340//335
f 353//347 367//361 354//348
f 346//340 358//352 345//84
f 349//343 361//355 348//342
f 354//348 368//362 355//349
f 352//346 358//352 365//359
f 350//344 362//356 349//343
f 348//342 360//354 347//341
f 355//349 369//363 356//350
f 352//346 366//360 353//347
f 350//344 39//1 363//357
f 347//341 359//353 346//340
f 118//13 356//350 369//363
f 365//359 379//372 366//360
f 363//357 39//1 376//369
f 360//354 372//365 359//353
f 118//13 369//363 382//375
f 366//360 380//373 367//361
f 359//353 371//364 358//352
f 362//356 374//367 361//355
f 368//362 380//373 381//374
f 358//352 378//371 365//359
f 363//357 375//368 362//356
f 361//355 373//366 360//354
f 368//362 382//375 369//363
f 380//373 394//387 381//374
f 371//364 391//384 378//371
f 376//369 388//381 375//368
f 374//367 386//379 373//366
f 382//375 394//387 395//388
f 379//372 391//384 392//385
f 376//369 39//1 389//382
f 373//366 385//378 372//365
f 118//13 382//375 395//388
f 379//372 393//386 380//373
f 371//364 385//378 384//377
f 375//368 387//380 374//367
f 392//385 406//397 393//386
f 384//377 398//390 397//389
f 388//381 400//392 387//380
f 394//387 406//397 407//398
f 384//377 404//395 391//384
f 388//381 402//394 401//393
f 387//380 399//391 386//379
f 395//388 407//398 408//399
f 391//384 405//396 392//385
f 389//382 39//1 402//394
f 386//379 398//390 385//378
f 118//13 395//388 408//399
f 407//398 421//412 408//399
f 405//396 417//408 418//409
f 402//394 39//1 415//406
f 399//391 411//402 398//390
f 118//13 408//399 421//412
f 405//396 419//410 406//397
f 397//389 411//402 410//401
f 401//393 413//404 400//392
f 407//398 419//410 420//411
f 397//389 417//408 404//395
f 402//394 414//405 401//393
f 399//391 413//404 412//403
f 420//411 432//422 433//423
f 410//401 430//420 417//408
f 415//406 427//417 414//405
f 413//404 425//415 412//403
f 420//411 434//424 421//412
f 417//408 431//421 418//409
f 415//406 39//1 428//418
f 412//403 424//414 411//402
f 118//13 421//412 434//424
f 418//409 432//422 419//410
f 411//402 423//161 410//401
f 414//405 426//416 413//404
f 118//13 434//424 447//437
f 431//421 445//435 432//422
f 424//414 436//426 423//161
f 427//417 439//429 426//416
f 433//423 445//435 446//436
f 423//161 443//433 430//420
f 428//418 440//430 427//417
f 426//416 438//428 425//415
f 433//423 447//437 434//424
f 430//420 444//434 431//421
f 428//418 39//1 441//431
f 425//415 437//427 424//414
f 439//429 451//441 438//428
f 447//437 459//449 460//450
f 444//434 456//446 457//447
f 441//431 39//1 454//444
f 438//428 450//440 437//427
f 118//13 447//437 460//450
f 444//434 458//448 445//435
f 436//426 450//440 449//439
f 440//430 452//442 439//429
f 446//436 458//448 459//449
f 436//426 456//446 443//433
f 441//431 453//443 440//430
f 453//443 465//455 452//442
f 459//449 471//461 472//462
f 449//439 469//459 456//446
f 454//444 466//456 453//443
f 451//441 465//455 464//454
f 459//449 473//463 460//450
f 457//447 469//459 470//460
f 454//444 39//1 467//457
f 451//441 463//453 450//440
f 118//13 460//450 473//463
f 457//447 471//461 458//448
f 449//439 463//453 462//452
f 464//454 476//466 463//453
f 118//13 473//463 486//476
f 470//460 484//474 471//461
f 462//452 476//466 475//465
f 465//455 479//469 478//468
f 472//462 484//474 485//475
f 462//452 482//472 469//459
f 467//457 479//469 466//456
f 464//454 478//468 477//467
f 472//462 486//476 473//463
f 470//460 482//472 483//473
f 467//457 39//1 480//470
f 479//469 493//483 492//482
f 477//467 491//481 490//480
f 486//476 498//488 499//489
f 483//473 495//485 496//486
f 480//470 39//1 493//483
f 477//467 489//479 476//466
f 118//13 486//476 499//489
f 483//473 497//487 484//474
f 475//465 489//479 488//478
f 479//469 491//481 478//468
f 485//475 497//487 498//488
f 475//465 495//485 482//472
f 488//478 502//491 501//239
f 492//482 504//493 491//481
f 498//488 510//499 511//500
f 488//478 508//497 495//485
f 493//483 505//494 492//482
f 490//480 504//493 503//492
f 498//488 512//501 499//489
f 496//486 508//497 509//498
f 493//483 39//1 506//495
f 490//480 502//491 489//479
f 118//13 499//489 512//501
f 496//486 510//499 497//487
f 506//495 39//1 519//508
f 503//492 515//504 502//491
f 118//13 512//501 525//514
f 509//498 523//512 510//499
f 502//491 514//503 501//239
f 505//494 517//506 504//493
f 511//500 523//512 524//513
f 501//239 521//510 508//497
f 506//495 518//507 505//494
f 504//493 516//505 503//492
f 511//500 525//514 512//501
f 509//498 521//510 522//511
f 514//503 534//523 521//510
f 518//507 532//521 531//520
f 517//506 529//518 516//505
f 525//514 537//526 538//527
f 521//510 535//524 522//511
f 519//508 39//1 532//521
f 515//504 529//518 528//517
f 118//13 525//514 538//527
f 523//512 535//524 536//525
f 514//503 528//517 527//516
f 517//506 531//520 530//519
f 524//513 536//525 537//526
f 527//516 541//530 540//529
f 530//519 544//533 543//532
f 537//526 549//538 550//539
f 527//516 547//536 534//523
f 532//521 544//533 531//520
f 530//519 542//531 529//518
f 538//527 550//539 551//540
f 535//524 547//536 548//537
f 532//521 39//1 545//534
f 529//518 541//530 528//517
f 118//13 538//527 551//540
f 535//524 549//538 536//525
f 548//537 560//549 561//550
f 545//534 39//1 558//547
f 542//531 554//543 541//530
f 118//13 551//540 564//553
f 548//537 562//551 549//538
f 540//529 554//543 553//542
f 544//533 556//545 543//532
f 549//538 563//552 550//539
f 540//529 560//549 547//536
f 544//533 558//547 557//546
f 542//531 556//545 555//544
f 551//540 563//552 564//553
f 553//542 573//562 560//549
f 557//546 571//560 570//559
f 556//545 568//557 555//544
f 563//552 577//566 564//553
f 561//550 573//562 574//563
f 558//547 39//1 571//560
f 555//544 567//556 554//543
f 118//13 564//553 577//566
f 561//550 575//564 562//551
f 553//542 567//556 566//555
f 557//546 569//558 556//545
f 563//552 575//564 576//565
f 574//563 588//575 575//564
f 566//555 319//315 318//7
f 569//558 583//570 321//317
f 576//565 588//575 589//576
f 566//555 586//573 573//562
f 571//560 583//570 570//559
f 568//557 321//317 320//316
f 577//566 589//576 300//297
f 574//563 586//573 587//574
f 571//560 39//1 324//320
f 568//557 319//315 567//556
f 118//13 577//566 300//297
f 1171//1030 1146//1006 1209//1066
f 1166//1026 1155//1015 1162//1022
f 1171//1030 1072//1 1144//1004
f 1209//1066 1153//1013 1168//903
f 1206//1064 1153//1013 1155//1015
f 1042//13 1166//1026 1162//1022
f 1144//1004 1126//986 1146//1006
f 1042//13 1162//1022 1110//970
f 1162//1022 1117//977 1110//970
f 1146//1006 1119//979 1153//1013
f 1144//1004 1072//1 1128//988
f 1155//1015 1119//979 1117//977
f 1128//988 1072//1 1081//943
f 1117//977 1099//960 1110//970
f 1119//979 1092//954 1117//977
f 1128//988 1083//945 1126//986
f 1042//13 1110//970 1099//960
f 1126//986 1090//952 1119//979
f 1081//943 1072//1 1065//928
f 1042//13 1099//960 1047//910
f 1090//952 1063//926 1056//919
f 1090//952 1054//917 1092//954
f 1092//954 1047//910 1099//960
f 1083//945 1065//928 1063//926
f 1056//919 1028//892 1054//917
f 1063//926 1175//1033 1174//1032
f 1065//928 1072//1 1175//1033
f 1042//13 1047//910 1031//895
f 1054//917 1031//895 1047//910
f 1056//919 1174//1032 996//862
f 1028//892 1177//1035 1178//1036
f 1042//13 1031//895 1179//1037
f 1175//1033 1181//1039 1174//1032
f 1175//1033 1072//1 1182//1040
f 1174//1032 1177//1035 996//862
f 1031//895 1178//1036 1179//1037
f 1182//1040 1072//1 1189//1047
f 1179//1037 1185//1043 1186//1044
f 1182//1040 1188//1046 1181//1039
f 1178//1036 1184//1042 1185//1043
f 1042//13 1179//1037 1186//1044
f 1181//1039 1184//1042 1177//1035
f 1189//1047 1072//1 1196//1054
f 1188//1046 1191//1049 1184//1042
f 1185//1043 1193//1051 1186//1044
f 1188//1046 1196//1054 1195//1053
f 1184//1042 1192//1050 1185//1043
f 1042//13 1186//1044 1193//1051
f 1196//1054 1072//1 1203//1061
f 1191//1049 1202//1060 1198//1056
f 1192//1050 1200//1058 1193//1051
f 1195//1053 1203//1061 1202//1060
f 1191//1049 1199//1057 1192//1050
f 1042//13 1193//1051 1200//1058
f 1203//1061 1072//1 1171//1030
f 1198//1056 1209//1066 1168//903
f 1199//1057 1166//1026 1200//1058
f 1202//1060 1171//1030 1209//1066
f 1198//1056 1206//1064 1199//1057
f 1042//13 1200//1058 1166//1026
f 1582//13 1706//1385 1702//1383
f 1711//1387 1612//1 1684//1365
f 1711//1387 1686//1367 1749//1412
f 1746//1411 1693//1374 1695//1376
f 1706//1385 1695//1376 1702//1383
f 1749//1412 1693//1374 1708//1271
f 1702//1383 1657//1340 1650//1333
f 1686//1367 1659//1342 1693//1374
f 1684//1365 1612//1 1668//1351
f 1582//13 1702//1383 1650//1333
f 1695//1376 1659//1342 1657//1340
f 1684//1365 1666//1349 1686//1367
f 1666//1349 1621//1307 1623//1309
f 1650//1333 1632//1318 1639//1324
f 1659//1342 1632//1318 1657//1340
f 1659//1342 1623//1309 1630//1316
f 1668//1351 1612//1 1621//1307
f 1582//13 1650//1333 1639//1324
f 1582//13 1639//1324 1587//1275
f 1623//1309 1605//1293 1603//1291
f 1630//1316 1594//1282 1632//1318
f 1632//1318 1587//1275 1639//1324
f 1621//1307 1612//1 1605//1293
f 1630//1316 1603//1291 1596//1284
f 1603//1291 1715//1390 1714//1389
f 1596//1284 1568//1267 1594//1282
f 1605//1293 1612//1 1715//1390
f 1582//13 1587//1275 1571//1268
f 1594//1282 1571//1268 1587//1275
f 1596//1284 1714//1389 1536//1259
f 1715//1390 1721//1394 1714//1389
f 1714//1389 1717//1391 1536//1259
f 1571//1268 1718//1392 1719//1393
f 1715//1390 1612//1 1722//1395
f 1568//1267 1717//1391 1718//1392
f 1582//13 1571//1268 1719//1393
f 1721//1394 1724//1396 1717//1391
f 1582//13 1719//1393 1726//1398
f 1719//1393 1725//1397 1726//1398
f 1718//1392 1724//1396 1725//1397
f 1722//1395 1612//1 1729//1400
f 1722//1395 1728//1399 1721//1394
f 1728//1399 1731//1401 1724//1396
f 1725//1397 1733//1403 1726//1398
f 1728//1399 1736//1405 1735//1404
f 1725//1397 1731//1401 1732//1402
f 1582//13 1726//1398 1733//1403
f 1729//1400 1612//1 1736//1405
f 1732//1402 1740//1408 1733//1403
f 1735//1404 1743//1410 1742//1409
f 1731//1401 1739//1407 1732//1402
f 1582//13 1733//1403 1740//1408
f 1736//1405 1612//1 1743//1410
f 1731//1401 1742//1409 1738//1406
f 1742//1409 1711//1387 1749//1412
f 1738//1406 1746//1411 1739//1407
f 1582//13 1740//1408 1706//1385
f 1743//1410 1612//1 1711//1387
f 1738//1406 1749//1412 1708//1271
f 1739//1407 1706//1385 1740//1408
f 2069//1433 2045//1424 2049//1426
f 2120//1481 2056//1429 2066//1431
f 2123//1483 2042//1423 2045//1424
f 2069//1433 2052//1427 2120//1481
f 2011//13 2066//1431 2056//1429
f 2072//1435 2035//1 2042//1423
f 2042//1423 2035//1 2031//1421
f 2011//13 2056//1429 2018//1417
f 2049//1426 2021//1418 2052//1427
f 2045//1424 2031//1421 2028//1420
f 2052//1427 2018//1417 2056//1429
f 2049//1426 2028//1420 2024//1419
f 2011//13 2018//1417 2007//1415
f 2024//1419 2074//1437 1963//1413
f 2031//1421 2035//1 2075//1438
f 2018//1417 1986//1414 2007//1415
f 2024//1419 1986//1414 2021//1418
f 2031//1421 2074//1437 2028//1420
f 2074//1437 2077//1440 1963//1413
f 2011//13 2007//1415 2079//1442
f 2075//1438 2035//1 2082//1445
f 1986//1414 2077//1440 2078//1441
f 2075//1438 2081//1444 2074//1437
f 2007//1415 2078//1441 2079//1442
f 2082//1445 2035//1 2089//1451
f 2078//1441 2084//1447 2085//1448
f 2079//1442 2085//1448 2086//1449
f 2082//1445 2088//1450 2081//1444
f 2011//13 2079//1442 2086//1449
f 2081//1444 2084//1447 2077//1440
f 2089//1451 2035//1 2096//1458
f 2084//1447 2095//1457 2091//1453
f 2085//1448 2093//1455 2086//1449
f 2088//1450 2096//1458 2095//1457
f 2084//1447 2092//1454 2085//1448
f 2011//13 2086//1449 2093//1455
f 2096//1458 2035//1 2103//1465
f 2091//1453 2102//1464 2098//1460
f 2092//1454 2100//1462 2093//1455
f 2095//1457 2103//1465 2102//1464
f 2091//1453 2099//1461 2092//1454
f 2011//13 2093//1455 2100//1462
f 2103//1465 2035//1 2110//1472
f 2098//1460 2109//1471 2105//1467
f 2099//1461 2107//1469 2100//1462
f 2103//1465 2109//1471 2102//1464
f 2098//1460 2106//1468 2099//1461
f 2011//13 2100//1462 2107//1469
f 2109//1471 2112//1474 2105//1467
f 2107//1469 2113//1475 2114//1476
f 2110//1472 2116//1477 2109//1471
f 2106//1468 2112//1474 2113//1475
f 2011//13 2107//1469 2114//1476
f 2110//1472 2035//1 2117//1478
f 2114//1476 2120//1481 2066//1431
f 2117//1478 2123//1483 2116//1477
f 2113//1475 2069//1433 2120//1481
f 2011//13 2114//1476 2066//1431
f 2117//1478 2035//1 2072//1435
f 2116//1477 2069//1433 2112//1474
f 2121//7 2097//1459 2101//1463
f 2172//1530 2108//1470 2118//1479
f 2175//1533 2094//1456 2097//1459
f 2121//7 2104//1466 2172//1530
f 2063//13 2118//1479 2108//1470
f 2124//1484 2087//1 2094//1456
f 2094//1456 2087//1 2083//1446
f 2063//13 2108//1470 2070//1434
f 2101//1463 2073//1436 2104//1466
f 2097//1459 2083//1446 2080//1443
f 2104//1466 2070//1434 2108//1470
f 2101//1463 2080//1443 2076//1439
f 2063//13 2070//1434 2059//1430
f 2076//1439 2126//1486 2015//1416
f 2083//1446 2087//1 2127//1487
f 2073//1436 2059//1430 2070//1434
f 2076//1439 2038//1422 2073//1436
f 2080//1443 2127//1487 2126//1486
f 2126//1486 2129//1489 2015//1416
f 2127//1487 2087//1 2134//1494
f 2038//1422 2129//1489 2130//1490
f 2127//1487 2133//1493 2126//1486
f 2063//13 2059//1430 2131//1491
f 2059//1430 2130//1490 2131//1491
f 2134//1494 2087//1 2141//1499
f 2133//1493 2136//161 2129//1489
f 2130//1490 2136//161 2137//1496
f 2131//1491 2137//1496 2138//1497
f 2134//1494 2140//1498 2133//1493
f 2063//13 2131//1491 2138//1497
f 2141//1499 2087//1 2148//1506
f 2136//161 2147//1505 2143//1501
f 2137//1496 2145//1503 2138//1497
f 2140//1498 2148//1506 2147//1505
f 2136//161 2144//1502 2137//1496
f 2063//13 2138//1497 2145//1503
f 2148//1506 2087//1 2155//1513
f 2143//1501 2154//1512 2150//1508
f 2144//1502 2152//1510 2145//1503
f 2147//1505 2155//1513 2154//1512
f 2143//1501 2151//1509 2144//1502
f 2063//13 2145//1503 2152//1510
f 2155//1513 2087//1 2162//1520
f 2150//1508 2161//1519 2157//1515
f 2151//1509 2159//1517 2152//1510
f 2155//1513 2161//1519 2154//1512
f 2150//1508 2158//1516 2151//1509
f 2063//13 2152//1510 2159//1517
f 2161//1519 2164//1522 2157//1515
f 2159//1517 2165//1523 2166//1524
f 2162//1520 2168//1526 2161//1519
f 2158//1516 2164//1522 2165//1523
f 2063//13 2159//1517 2166//1524
f 2162//1520 2087//1 2169//1527
f 2166//1524 2172//1530 2118//1479
f 2169//1527 2175//1533 2168//1526
f 2165//1523 2121//7 2172//1530
f 2063//13 2166//1524 2118//1479
f 2169//1527 2087//1 2124//1484
f 2168//1526 2121//7 2164//1522
f 2173//1531 2149//1507 2153//1511
f 2221//1579 2160//1518 2170//1528
f 2223//1581 2146//1504 2149//1507
f 2173//1531 2156//1514 2221//1579
f 2115//13 2170//1528 2160//1518
f 2176//1534 2139//1 2146//1504
f 2146//1504 2139//1 2135//1495
f 2115//13 2160//1518 2122//1482
f 2153//1511 2125//1485 2156//1514
f 2149//1507 2135//1495 2132//1492
f 2156//1514 2122//1482 2160//1518
f 2153//1511 2132//1492 2128//1488
f 2115//13 2122//1482 2111//1473
f 2132//1492 2067//1432 2128//1488
f 2135//1495 2139//1 2179//1537
f 2125//1485 2111//1473 2122//1482
f 2128//1488 2090//1452 2125//1485
f 2135//1495 2178//1536 2132//1492
f 2178//1536 2180//1538 2067//1432
f 2115//13 2111//1473 2182//1540
f 2179//1537 2139//1 2185//1543
f 2090//1452 2180//1538 2181//1539
f 2179//1537 2184//1542 2178//1536
f 2111//1473 2181//1539 2182//1540
f 2185//1543 2139//1 2192//1550
f 2181//1539 2187//1545 2188//1546
f 2184//1542 2187//1545 2180//1538
f 2182//1540 2188//1546 2189//1547
f 2185//1543 2191//1549 2184//1542
f 2115//13 2182//1540 2189//1547
f 2192//1550 2139//1 2199//1557
f 2187//1545 2198//1556 2194//1552
f 2188//1546 2196//1554 2189//1547
f 2191//1549 2199//1557 2198//1556
f 2187//1545 2195//1553 2188//1546
f 2115//13 2189//1547 2196//1554
f 2199//1557 2139//1 2206//1564
f 2194//1552 2205//1563 2201//1559
f 2195//1553 2203//1561 2196//1554
f 2198//1556 2206//1564 2205//1563
f 2194//1552 2202//1560 2195//1553
f 2115//13 2196//1554 2203//1561
f 2206//1564 2139//1 2212//1570
f 2201//1559 2211//1569 2208//1566
f 2203//1561 2209//1567 2210//1568
f 2206//1564 2211//1569 2205//1563
f 2201//1559 2209//1567 2202//1560
f 2115//13 2203//1561 2210//1568
f 2211//1569 2213//1571 2208//1566
f 2210//1568 2214//1572 2215//1573
f 2212//1570 2217//1575 2211//1569
f 2209//1567 2213//1571 2214//1572
f 2115//13 2210//1568 2215//1573
f 2212//1570 2139//1 2218//1576
f 2215//1573 2221//1579 2170//1528
f 2218//1576 2223//1581 2217//1575
f 2214//1572 2173//1531 2221//1579
f 2115//13 2215//1573 2170//1528
f 2218//1576 2139//1 2176//1534
f 2217//1575 2173//1531 2213//1571
f 2317//1673 2190//1548 2222//1580
f 2219//1577 2193//1551 2197//1555
f 2318//1674 2200//1558 2204//1562
f 2224//1582 2186//1544 2317//1673
f 2222//1580 2193//1551 2220//1578
f 2216//1574 2197//1555 2200//1558
f 2207//1565 2318//1674 2204//1562
f 2224//1582 2177//1535 2183//1541
f 2197//1555 2163//1521 2142//1500
f 2183//1541 2177//1535 2174//1532
f 2207//1565 2204//1562 2225//1583
f 2200//1558 2142//1500 2119//1480
f 2183//1541 2171//1529 2186//1544
f 2190//1548 2163//1521 2193//1551
f 2186//1544 2167//1525 2190//1548
f 2204//1562 2119//1480 2225//1583
f 2225//1583 2226//1584 2232//1590
f 2174//1532 2177//1535 2231//1589
f 2167//1525 2228//1586 2163//1521
f 2142//1500 2228//1586 2227//1585
f 2171//1529 2229//1587 2167//1525
f 2207//1565 2225//1583 2232//1590
f 2174//1532 2230//1588 2171//1529
f 2119//1480 2227//1585 2226//1584
f 2227//1585 2235//84 2234//1592
f 2207//1565 2232//1590 2239//1596
f 2231//1589 2237//1594 2230//1588
f 2230//1588 2236//1593 2229//1587
f 2226//1584 2234//1592 2233//1591
f 2231//1589 2177//1535 2238//1595
f 2229//1587 2235//84 2228//1586
f 2232//1590 2233//1591 2239//1596
f 2233//1591 2246//1603 2239//1596
f 2235//84 2241//1598 2234//1592
f 2236//1593 2244//1601 2243//1600
f 2238//1595 2177//1535 2245//1602
f 2207//1565 2239//1596 2246//1603
f 2234//1592 2240//1597 2233//1591
f 2235//84 2243//1600 2242//1599
f 2237//1594 2245//1602 2244//1601
f 2243//1600 2251//1608 2250//1607
f 2245//1602 2177//1535 2252//1609
f 2207//1565 2246//1603 2253//1610
f 2241//1598 2247//1604 2240//1597
f 2242//1599 2250//1607 2249//1606
f 2244//1601 2252//1609 2251//1608
f 2240//1597 2253//1610 2246//1603
f 2242//1599 2248//1605 2241//1598
f 2207//1565 2253//1610 2260//1617
f 2248//1605 2254//1611 2247//1604
f 2249//1606 2257//1614 2256//1613
f 2251//1608 2259//1616 2258//1615
f 2247//1604 2260//1617 2253//1610
f 2249//1606 2255//1612 2248//1605
f 2250//1607 2258//1615 2257//1614
f 2252//1609 2177//1535 2259//1616
f 2258//1615 2266//1623 2265//1622
f 2254//1611 2267//1624 2260//1617
f 2256//1613 2262//1619 2255//1612
f 2257//1614 2265//1622 2264//1621
f 2259//1616 2177//1535 2266//1623
f 2207//1565 2260//1617 2267//1624
f 2255//1612 2261//1618 2254//1611
f 2256//1613 2264//1621 2263//1620
f 2267//1624 2268//1625 2274//1631
f 2262//1619 2270//1627 2269//1626
f 2265//1622 2271//1628 2264//1621
f 2266//1623 2177//1535 2273//1630
f 2207//1565 2267//1624 2274//1631
f 2261//1618 2269//1626 2268//1625
f 2264//1621 2270//1627 2263//1620
f 2266//1623 2272//1629 2265//1622
f 2273//1630 2177//1535 2280//1637
f 2207//1565 2274//1631 2281//1638
f 2268//1625 2276//1633 2275//1632
f 2271//1628 2277//1634 2270//1627
f 2273//1630 2279//1636 2272//1629
f 2274//1631 2275//1632 2281//1638
f 2269//1626 2277//1634 2276//1633
f 2272//1629 2278//1635 2271//1628
f 2275//1632 2283//1640 2282//1639
f 2278//1635 2284//1641 2277//1634
f 2280//1637 2286//1643 2279//1636
f 2281//1638 2282//1639 2288//1645
f 2276//1633 2284//1641 2283//1640
f 2279//1636 2285//1642 2278//1635
f 2280//1637 2177//1535 2287//1644
f 2207//1565 2281//1638 2288//1645
f 2288//1645 2289//1646 2295//1651
f 2283//1640 2291//239 2290//1647
f 2286//1643 2292//1648 2285//1642
f 2287//1644 2177//1535 2294//1650
f 2207//1565 2288//1645 2295//1651
f 2282//1639 2290//1647 2289//1646
f 2285//1642 2291//239 2284//1641
f 2287//1644 2293//1649 2286//1643
f 2291//239 2297//1653 2290//1647
f 2292//1648 2300//1656 2299//1655
f 2294//1650 2177//1535 2301//1657
f 2207//1565 2295//1651 2302//1658
f 2290//1647 2296//1652 2289//1646
f 2291//239 2299//1655 2298//1654
f 2293//1649 2301//1657 2300//1656
f 2289//1646 2302//1658 2295//1651
f 2207//1565 2302//1658 2309//1665
f 2297//1653 2303//1659 2296//1652
f 2298//1654 2306//1662 2305//1661
f 2300//1656 2308//1664 2307//1663
f 2296//1652 2309//1665 2302//1658
f 2298//1654 2304//1660 2297//1653
f 2299//1655 2307//1663 2306//1662
f 2301//1657 2177//1535 2308//1664
f 2305//1661 2313//1669 2312//1668
f 2307//1663 2315//1671 2314//1670
f 2303//1659 2316//1672 2309//1665
f 2305//1661 2311//1667 2304//1660
f 2306//1662 2314//1670 2313//1669
f 2308//1664 2177//1535 2315//1671
f 2207//1565 2309//1665 2316//1672
f 2304//1660 2310//1666 2303//1659
f 2310//1666 2318//1674 2316//1672
f 2312//1668 2219//1577 2311//1667
f 2313//1669 2317//1673 2222//1580
f 2315//1671 2177//1535 2224//1582
f 2207//1565 2316//1672 2318//1674
f 2311//1667 2216//1574 2310//1666
f 2312//1668 2222//1580 2220//1578
f 2314//1670 2224//1582 2317//1673
f 5//5 18//18 19//19
f 2//2 15//15 16//16
f 10//10 9//9 22//22
f 6//6 19//19 20//20
f 315//312 16//16 17//17
f 323//319 10//10 23//23
f 8//8 7//7 20//20
f 316//313 17//17 18//18
f 12//12 323//319 24//24
f 9//9 8//8 21//21
f 16//16 29//29 30//30
f 24//24 23//23 36//36
f 21//21 20//20 33//33
f 17//17 30//30 31//31
f 25//25 24//24 37//37
f 22//22 21//21 34//34
f 18//18 31//31 32//32
f 15//15 28//28 29//29
f 23//23 22//22 35//35
f 19//19 32//32 33//33
f 28//28 41//40 42//41
f 36//36 35//35 48//47
f 32//32 45//44 46//45
f 29//29 42//41 43//42
f 37//37 36//36 49//48
f 34//34 33//33 46//45
f 30//30 43//42 44//43
f 38//38 37//37 50//49
f 35//35 34//34 47//46
f 31//31 44//43 45//44
f 43//42 56//55 57//56
f 51//50 50//49 63//62
f 48//47 47//46 60//59
f 44//43 57//56 58//57
f 41//40 54//53 55//54
f 49//48 48//47 61//60
f 45//44 58//57 59//58
f 42//41 55//54 56//55
f 50//49 49//48 62//61
f 47//46 46//45 59//58
f 55//54 68//67 69//68
f 63//62 62//61 75//74
f 60//59 59//58 72//71
f 56//55 69//68 70//69
f 64//63 63//62 76//75
f 61//60 60//59 73//72
f 57//56 70//69 71//70
f 54//53 67//66 68//67
f 62//61 61//60 74//73
f 58//57 71//70 72//71
f 70//69 83//82 84//83
f 67//66 80//79 81//80
f 75//74 74//73 87//86
f 71//70 84//83 85//84
f 68//67 81//80 82//81
f 76//75 75//74 88//87
f 73//72 72//71 85//84
f 69//68 82//81 83//82
f 77//76 76//75 89//88
f 74//73 73//72 86//85
f 83//82 82//81 95//94
f 89//88 102//101 103//102
f 86//85 99//98 100//99
f 84//83 83//82 96//95
f 81//80 80//79 93//92
f 87//86 100//99 101//100
f 85//84 84//83 97//96
f 82//81 81//80 94//93
f 88//87 101//100 102//101
f 85//84 98//97 99//98
f 98//97 97//96 110//109
f 95//94 94//93 107//106
f 101//100 114//113 115//114
f 98//97 111//110 112//111
f 96//95 95//94 108//107
f 102//101 115//114 116//115
f 99//98 112//111 113//112
f 97//96 96//95 109//108
f 94//93 93//92 106//105
f 100//99 113//112 114//113
f 110//109 109//108 122//120
f 107//106 106//105 119//117
f 113//112 126//124 127//125
f 111//110 110//109 123//121
f 108//107 107//106 120//118
f 114//113 127//125 128//126
f 111//110 124//122 125//123
f 109//108 108//107 121//119
f 115//114 128//126 129//127
f 112//111 125//123 126//124
f 124//122 137//135 138//136
f 122//120 121//119 134//132
f 128//126 141//139 142//140
f 125//123 138//136 139//137
f 123//121 122//120 135//133
f 120//118 119//117 132//130
f 126//124 139//137 140//138
f 124//122 123//121 136//134
f 121//119 120//118 133//131
f 127//125 140//138 141//139
f 137//135 136//134 149//147
f 134//132 133//131 146//144
f 140//138 153//151 154//152
f 137//135 150//148 151//149
f 135//133 134//132 147//145
f 141//139 154//152 155//153
f 138//136 151//149 152//150
f 136//134 135//133 148//146
f 133//131 132//130 145//143
f 139//137 152//150 153//151
f 151//149 164//162 165//163
f 149//147 148//146 161//159
f 146//144 145//143 158//156
f 152//150 165//163 166//164
f 150//148 149//147 162//160
f 147//145 146//144 159//157
f 153//151 166//164 167//165
f 150//148 163//161 164//162
f 148//146 147//145 160//158
f 154//152 167//165 168//166
f 164//162 163//161 176//174
f 160//158 173//171 174//172
f 168//166 167//165 180//178
f 165//163 164//162 177//175
f 161//159 174//172 175//173
f 158//156 171//169 172//170
f 166//164 165//163 178//176
f 162//160 175//173 176//174
f 159//157 172//170 173//171
f 167//165 166//164 179//177
f 179//177 178//176 191//189
f 175//173 188//186 189//187
f 172//170 185//183 186//184
f 180//178 179//177 192//190
f 177//175 176//174 189//187
f 173//171 186//184 187//185
f 181//179 180//178 193//191
f 178//176 177//175 190//188
f 174//172 187//185 188//186
f 171//169 184//182 185//183
f 191//189 190//188 203//201
f 187//185 200//198 201//199
f 184//182 197//195 198//196
f 192//190 191//189 204//202
f 188//186 201//199 202//200
f 185//183 198//196 199//197
f 193//191 192//190 205//203
f 190//188 189//187 202//200
f 186//184 199//197 200//198
f 194//192 193//191 206//204
f 206//204 205//203 218//216
f 203//201 202//200 215//213
f 199//197 212//210 213//211
f 207//205 206//204 219//217
f 204//202 203//201 216//214
f 200//198 213//211 214//212
f 197//195 210//208 211//209
f 205//203 204//202 217//215
f 201//199 214//212 215//213
f 198//196 211//209 212//210
f 210//208 223//221 224//222
f 218//216 217//215 230//228
f 214//212 227//225 228//226
f 211//209 224//222 225//223
f 219//217 218//216 231//229
f 216//214 215//213 228//226
f 212//210 225//223 226//224
f 220//218 219//217 232//230
f 217//215 216//214 229//227
f 213//211 226//224 227//225
f 233//231 232//230 245//243
f 230//228 229//227 242//240
f 226//224 239//237 240//238
f 223//221 236//234 237//235
f 231//229 230//228 243//241
f 227//225 240//238 241//239
f 224//222 237//235 238//236
f 232//230 231//229 244//242
f 229//227 228//226 241//239
f 225//223 238//236 239//237
f 238//236 237//235 250//248
f 244//242 257//255 258//256
f 241//239 254//252 255//253
f 239//237 238//236 251//249
f 245//243 258//256 259//257
f 242//240 255//253 256//254
f 240//238 239//237 252//250
f 237//235 236//234 249//247
f 243//241 256//254 257//255
f 241//239 240//238 253//251
f 250//248 249//247 262//260
f 256//254 269//267 270//268
f 254//252 253//251 266//264
f 251//249 250//248 263//261
f 257//255 270//268 271//269
f 254//252 267//265 268//266
f 252//250 251//249 264//262
f 258//256 271//269 272//270
f 255//253 268//266 269//267
f 253//251 252//250 265//263
f 265//263 264//262 277//275
f 271//269 284//282 285//283
f 268//266 281//279 282//280
f 266//264 265//263 278//276
f 263//261 262//260 275//273
f 269//267 282//280 283//281
f 267//265 266//264 279//277
f 264//262 263//261 276//274
f 270//268 283//281 284//282
f 267//265 280//278 281//279
f 277//275 276//274 289//286
f 283//281 296//293 297//294
f 280//278 293//290 294//291
f 278//276 277//275 290//287
f 284//282 297//294 298//295
f 281//279 294//291 295//292
f 279//277 278//276 291//288
f 276//274 275//273 288//285
f 282//280 295//292 296//293
f 280//278 279//277 292//289
f 292//289 291//288 304//301
f 289//286 288//285 301//298
f 295//292 308//305 309//306
f 293//290 292//289 305//302
f 290//287 289//286 302//299
f 296//293 309//306 310//307
f 293//290 306//303 307//304
f 291//288 290//287 303//300
f 297//294 310//307 311//308
f 294//291 307//304 308//305
f 304//301 303//300 316//313
f 310//307 323//319 12//12
f 307//304 8//8 9//9
f 305//302 304//301 5//5
f 302//299 301//298 2//2
f 308//305 9//9 10//10
f 306//303 305//302 6//6
f 303//300 302//299 315//312
f 309//306 10//10 323//319
f 306//303 7//7 8//8
f 588//575 273//271 274//272
f 319//315 320//316 235//233
f 586//573 260//258 261//259
f 583//570 324//320 221//219
f 321//317 234//232 235//233
f 318//7 248//246 260//258
f 587//574 261//259 273//271
f 321//317 583//570 222//220
f 589//576 274//272 286//284
f 318//7 319//315 247//245
f 260//258 157//155 156//154
f 234//232 222//220 195//193
f 221//219 196//194 195//193
f 261//259 156//154 144//142
f 247//245 170//168 169//167
f 235//233 234//232 183//181
f 273//271 144//142 143//141
f 260//258 248//246 169//167
f 235//233 182//180 170//168
f 286//284 274//272 143//141
f 195//193 53//52 65//64
f 156//154 92//91 104//103
f 182//180 66//65 78//77
f 143//141 105//104 117//116
f 157//155 91//90 92//91
f 169//167 79//78 91//90
f 182//180 183//181 65//64
f 143//141 144//142 104//103
f 169//167 170//168 78//77
f 196//194 52//51 53//52
f 78//77 66//65 11//11
f 91//90 326//322 327//323
f 65//64 53//52 26//26
f 78//77 4//4 3//3
f 92//91 327//323 328//324
f 65//64 14//14 11//11
f 91//90 79//78 3//3
f 105//104 104//103 328//324
f 105//104 329//325 330//326
f 53//52 52//51 27//27
f 327//323 326//322 339//334
f 327//323 340//335 341//336
f 3//3 4//4 333//329
f 26//26 336//332 335//331
f 14//14 335//331 334//330
f 11//11 334//330 333//329
f 27//27 337//333 336//332
f 329//325 342//337 343//338
f 329//325 328//324 341//336
f 326//322 3//3 332//328
f 336//332 337//333 350//344
f 335//331 348//342 347//341
f 340//335 353//347 354//348
f 334//330 347//341 346//340
f 332//328 345//84 352//346
f 342//337 355//349 356//350
f 342//337 341//336 354//348
f 332//328 333//329 346//340
f 336//332 349//343 348//342
f 339//334 352//346 353//347
f 353//347 366//360 367//361
f 346//340 359//353 358//352
f 349//343 362//356 361//355
f 354//348 367//361 368//362
f 352//346 345//84 358//352
f 350//344 363//357 362//356
f 348//342 361//355 360//354
f 355//349 368//362 369//363
f 352//346 365//359 366//360
f 347//341 360//354 359//353
f 365//359 378//371 379//372
f 360//354 373//366 372//365
f 366//360 379//372 380//373
f 359//353 372//365 371//364
f 362//356 375//368 374//367
f 368//362 367//361 380//373
f 358//352 371//364 378//371
f 363//357 376//369 375//368
f 361//355 374//367 373//366
f 368//362 381//374 382//375
f 380//373 393//386 394//387
f 371//364 384//377 391//384
f 376//369 389//382 388//381
f 374//367 387//380 386//379
f 382//375 381//374 394//387
f 379//372 378//371 391//384
f 373//366 386//379 385//378
f 379//372 392//385 393//386
f 371//364 372//365 385//378
f 375//368 388//381 387//380
f 392//385 405//396 406//397
f 384//377 385//378 398//390
f 388//381 401//393 400//392
f 394//387 393//386 406//397
f 384//377 397//389 404//395
f 388//381 389//382 402//394
f 387//380 400//392 399//391
f 395//388 394//387 407//398
f 391//384 404//395 405//396
f 386//379 399//391 398//390
f 407//398 420//411 421//412
f 405//396 404//395 417//408
f 399//391 412//403 411//402
f 405//396 418//409 419//410
f 397//389 398//390 411//402
f 401//393 414//405 413//404
f 407//398 406//397 419//410
f 397//389 410//401 417//408
f 402//394 415//406 414//405
f 399//391 400//392 413//404
f 420//411 419//410 432//422
f 410//401 423//161 430//420
f 415//406 428//418 427//417
f 413//404 426//416 425//415
f 420//411 433//423 434//424
f 417//408 430//420 431//421
f 412//403 425//415 424//414
f 418//409 431//421 432//422
f 411//402 424//414 423//161
f 414//405 427//417 426//416
f 431//421 444//434 445//435
f 424//414 437//427 436//426
f 427//417 440//430 439//429
f 433//423 432//422 445//435
f 423//161 436//426 443//433
f 428//418 441//431 440//430
f 426//416 439//429 438//428
f 433//423 446//436 447//437
f 430//420 443//433 444//434
f 425//415 438//428 437//427
f 439//429 452//442 451//441
f 447//437 446//436 459//449
f 444//434 443//433 456//446
f 438//428 451//441 450//440
f 444//434 457//447 458//448
f 436//426 437//427 450//440
f 440//430 453//443 452//442
f 446//436 445//435 458//448
f 436//426 449//439 456//446
f 441//431 454//444 453//443
f 453//443 466//456 465//455
f 459//449 458//448 471//461
f 449//439 462//452 469//459
f 454//444 467//457 466//456
f 451//441 452//442 465//455
f 459//449 472//462 473//463
f 457//447 456//446 469//459
f 451//441 464//454 463//453
f 457//447 470//460 471//461
f 449//439 450//440 463//453
f 464//454 477//467 476//466
f 470//460 483//473 484//474
f 462//452 463//453 476//466
f 465//455 466//456 479//469
f 472//462 471//461 484//474
f 462//452 475//465 482//472
f 467//457 480//470 479//469
f 464//454 465//455 478//468
f 472//462 485//475 486//476
f 470//460 469//459 482//472
f 479//469 480//470 493//483
f 477//467 478//468 491//481
f 486//476 485//475 498//488
f 483//473 482//472 495//485
f 477//467 490//480 489//479
f 483//473 496//486 497//487
f 475//465 476//466 489//479
f 479//469 492//482 491//481
f 485//475 484//474 497//487
f 475//465 488//478 495//485
f 488//478 489//479 502//491
f 492//482 505//494 504//493
f 498//488 497//487 510//499
f 488//478 501//239 508//497
f 493//483 506//495 505//494
f 490//480 491//481 504//493
f 498//488 511//500 512//501
f 496//486 495//485 508//497
f 490//480 503//492 502//491
f 496//486 509//498 510//499
f 503//492 516//505 515//504
f 509//498 522//511 523//512
f 502//491 515//504 514//503
f 505//494 518//507 517//506
f 511//500 510//499 523//512
f 501//239 514//503 521//510
f 506//495 519//508 518//507
f 504//493 517//506 516//505
f 511//500 524//513 525//514
f 509//498 508//497 521//510
f 514//503 527//516 534//523
f 518//507 519//508 532//521
f 517//506 530//519 529//518
f 525//514 524//513 537//526
f 521//510 534//523 535//524
f 515//504 516//505 529//518
f 523//512 522//511 535//524
f 514//503 515//504 528//517
f 517//506 518//507 531//520
f 524//513 523//512 536//525
f 527//516 528//517 541//530
f 530//519 531//520 544//533
f 537//526 536//525 549//538
f 527//516 540//529 547//536
f 532//521 545//534 544//533
f 530//519 543//532 542//531
f 538//527 537//526 550//539
f 535//524 534//523 547//536
f 529//518 542//531 541//530
f 535//524 548//537 549//538
f 548//537 547//536 560//549
f 542//531 555//544 554//543
f 548//537 561//550 562//551
f 540//529 541//530 554//543
f 544//533 557//546 556//545
f 549//538 562//551 563//552
f 540//529 553//542 560//549
f 544//533 545//534 558//547
f 542//531 543//532 556//545
f 551//540 550//539 563//552
f 553//542 566//555 573//562
f 557//546 558//547 571//560
f 556//545 569//558 568//557
f 563//552 576//565 577//566
f 561//550 560//549 573//562
f 555//544 568//557 567//556
f 561//550 574//563 575//564
f 553//542 554//543 567//556
f 557//546 570//559 569//558
f 563//552 562//551 575//564
f 574//563 587//574 588//575
f 566//555 567//556 319//315
f 569//558 570//559 583//570
f 576//565 575//564 588//575
f 566//555 318//7 586//573
f 571//560 324//320 583//570
f 568//557 569//558 321//317
f 577//566 576//565 589//576
f 574//563 573//562 586//573
f 568//557 320//316 319//315
f 1171//1030 1144//1004 1146//1006
f 1166//1026 1206//1064 1155//1015
f 1209//1066 1146//1006 1153//1013
f 1206//1064 1168//903 1153//1013
f 1144//1004 1128//988 1126//986
f 1162//1022 1155//1015 1117//977
f 1146//1006 1126//986 1119//979
f 1155//1015 1153//1013 1119//979
f 1117//977 1092//954 1099//960
f 1119//979 1090//952 1092//954
f 1128//988 1081//943 1083//945
f 1126//986 1083//945 1090//952
f 1090//952 1083//945 1063//926
f 1090//952 1056//919 1054//917
f 1092//954 1054//917 1047//910
f 1083//945 1081//943 1065//928
f 1056//919 996//862 1028//892
f 1063//926 1065//928 1175//1033
f 1054//917 1028//892 1031//895
f 1056//919 1063//926 1174//1032
f 1028//892 996//862 1177//1035
f 1175//1033 1182//1040 1181//1039
f 1174//1032 1181//1039 1177//1035
f 1031//895 1028//892 1178//1036
f 1179//1037 1178//1036 1185//1043
f 1182//1040 1189//1047 1188//1046
f 1178//1036 1177//1035 1184//1042
f 1181//1039 1188//1046 1184//1042
f 1188//1046 1195//1053 1191//1049
f 1185//1043 1192//1050 1193//1051
f 1188//1046 1189//1047 1196//1054
f 1184//1042 1191//1049 1192//1050
f 1191//1049 1195//1053 1202//1060
f 1192//1050 1199//1057 1200//1058
f 1195//1053 1196//1054 1203//1061
f 1191//1049 1198//1056 1199//1057
f 1198//1056 1202//1060 1209//1066
f 1199//1057 1206//1064 1166//1026
f 1202//1060 1203//1061 1171//1030
f 1198//1056 1168//903 1206//1064
f 1711//1387 1684//1365 1686//1367
f 1746//1411 1708//1271 1693//1374
f 1706//1385 1746//1411 1695//1376
f 1749//1412 1686//1367 1693//1374
f 1702//1383 1695//1376 1657//1340
f 1686//1367 1666//1349 1659//1342
f 1695//1376 1693//1374 1659//1342
f 1684//1365 1668//1351 1666//1349
f 1666//1349 1668//1351 1621//1307
f 1650//1333 1657//1340 1632//1318
f 1659//1342 1630//1316 1632//1318
f 1659//1342 1666//1349 1623//1309
f 1623//1309 1621//1307 1605//1293
f 1630//1316 1596//1284 1594//1282
f 1632//1318 1594//1282 1587//1275
f 1630//1316 1623//1309 1603//1291
f 1603//1291 1605//1293 1715//1390
f 1596//1284 1536//1259 1568//1267
f 1594//1282 1568//1267 1571//1268
f 1596//1284 1603//1291 1714//1389
f 1715//1390 1722//1395 1721//1394
f 1714//1389 1721//1394 1717//1391
f 1571//1268 1568//1267 1718//1392
f 1568//1267 1536//1259 1717//1391
f 1721//1394 1728//1399 1724//1396
f 1719//1393 1718//1392 1725//1397
f 1718//1392 1717//1391 1724//1396
f 1722//1395 1729//1400 1728//1399
f 1728//1399 1735//1404 1731//1401
f 1725//1397 1732//1402 1733//1403
f 1728//1399 1729//1400 1736//1405
f 1725//1397 1724//1396 1731//1401
f 1732//1402 1739//1407 1740//1408
f 1735//1404 1736//1405 1743//1410
f 1731//1401 1738//1406 1739//1407
f 1731//1401 1735//1404 1742//1409
f 1742//1409 1743//1410 1711//1387
f 1738//1406 1708//1271 1746//1411
f 1738//1406 1742//1409 1749//1412
f 1739//1407 1746//1411 1706//1385
f 2069//1433 2123//1483 2045//1424
f 2120//1481 2052//1427 2056//1429
f 2123//1483 2072//1435 2042//1423
f 2069//1433 2049//1426 2052//1427
f 2049//1426 2024//1419 2021//1418
f 2045//1424 2042//1423 2031//1421
f 2052//1427 2021//1418 2018//1417
f 2049//1426 2045//1424 2028//1420
f 2024//1419 2028//1420 2074//1437
f 2018//1417 2021//1418 1986//1414
f 2024//1419 1963//1413 1986//1414
f 2031//1421 2075//1438 2074//1437
f 2074//1437 2081//1444 2077//1440
f 1986//1414 1963//1413 2077//1440
f 2075//1438 2082//1445 2081//1444
f 2007//1415 1986//1414 2078//1441
f 2078//1441 2077//1440 2084//1447
f 2079//1442 2078//1441 2085//1448
f 2082//1445 2089//1451 2088//1450
f 2081//1444 2088//1450 2084//1447
f 2084//1447 2088//1450 2095//1457
f 2085//1448 2092//1454 2093//1455
f 2088//1450 2089//1451 2096//1458
f 2084//1447 2091//1453 2092//1454
f 2091//1453 2095//1457 2102//1464
f 2092//1454 2099//1461 2100//1462
f 2095//1457 2096//1458 2103//1465
f 2091//1453 2098//1460 2099//1461
f 2098//1460 2102//1464 2109//1471
f 2099//1461 2106//1468 2107//1469
f 2103//1465 2110//1472 2109//1471
f 2098//1460 2105//1467 2106//1468
f 2109//1471 2116//1477 2112//1474
f 2107//1469 2106//1468 2113//1475
f 2110//1472 2117//1478 2116//1477
f 2106//1468 2105//1467 2112//1474
f 2114//1476 2113//1475 2120//1481
f 2117//1478 2072//1435 2123//1483
f 2113//1475 2112//1474 2069//1433
f 2116//1477 2123//1483 2069//1433
f 2121//7 2175//1533 2097//1459
f 2172//1530 2104//1466 2108//1470
f 2175//1533 2124//1484 2094//1456
f 2121//7 2101//1463 2104//1466
f 2101//1463 2076//1439 2073//1436
f 2097//1459 2094//1456 2083//1446
f 2104//1466 2073//1436 2070//1434
f 2101//1463 2097//1459 2080//1443
f 2076//1439 2080//1443 2126//1486
f 2073//1436 2038//1422 2059//1430
f 2076//1439 2015//1416 2038//1422
f 2080//1443 2083//1446 2127//1487
f 2126//1486 2133//1493 2129//1489
f 2038//1422 2015//1416 2129//1489
f 2127//1487 2134//1494 2133//1493
f 2059//1430 2038//1422 2130//1490
f 2133//1493 2140//1498 2136//161
f 2130//1490 2129//1489 2136//161
f 2131//1491 2130//1490 2137//1496
f 2134//1494 2141//1499 2140//1498
f 2136//161 2140//1498 2147//1505
f 2137//1496 2144//1502 2145//1503
f 2140//1498 2141//1499 2148//1506
f 2136//161 2143//1501 2144//1502
f 2143//1501 2147//1505 2154//1512
f 2144//1502 2151//1509 2152//1510
f 2147//1505 2148//1506 2155//1513
f 2143//1501 2150//1508 2151//1509
f 2150//1508 2154//1512 2161//1519
f 2151//1509 2158//1516 2159//1517
f 2155//1513 2162//1520 2161//1519
f 2150//1508 2157//1515 2158//1516
f 2161//1519 2168//1526 2164//1522
f 2159//1517 2158//1516 2165//1523
f 2162//1520 2169//1527 2168//1526
f 2158//1516 2157//1515 2164//1522
f 2166//1524 2165//1523 2172//1530
f 2169//1527 2124//1484 2175//1533
f 2165//1523 2164//1522 2121//7
f 2168//1526 2175//1533 2121//7
f 2173//1531 2223//1581 2149//1507
f 2221//1579 2156//1514 2160//1518
f 2223//1581 2176//1534 2146//1504
f 2173//1531 2153//1511 2156//1514
f 2153//1511 2128//1488 2125//1485
f 2149//1507 2146//1504 2135//1495
f 2156//1514 2125//1485 2122//1482
f 2153//1511 2149//1507 2132//1492
f 2132//1492 2178//1536 2067//1432
f 2125//1485 2090//1452 2111//1473
f 2128//1488 2067//1432 2090//1452
f 2135//1495 2179//1537 2178//1536
f 2178//1536 2184//1542 2180//1538
f 2090//1452 2067//1432 2180//1538
f 2179//1537 2185//1543 2184//1542
f 2111//1473 2090//1452 2181//1539
f 2181//1539 2180//1538 2187//1545
f 2184//1542 2191//1549 2187//1545
f 2182//1540 2181//1539 2188//1546
f 2185//1543 2192//1550 2191//1549
f 2187//1545 2191//1549 2198//1556
f 2188//1546 2195//1553 2196//1554
f 2191//1549 2192//1550 2199//1557
f 2187//1545 2194//1552 2195//1553
f 2194//1552 2198//1556 2205//1563
f 2195//1553 2202//1560 2203//1561
f 2198//1556 2199//1557 2206//1564
f 2194//1552 2201//1559 2202//1560
f 2201//1559 2205//1563 2211//1569
f 2203//1561 2202//1560 2209//1567
f 2206//1564 2212//1570 2211//1569
f 2201//1559 2208//1566 2209//1567
f 2211//1569 2217//1575 2213//1571
f 2210//1568 2209//1567 2214//1572
f 2212//1570 2218//1576 2217//1575
f 2209//1567 2208//1566 2213//1571
f 2215//1573 2214//1572 2221//1579
f 2218//1576 2176//1534 2223//1581
f 2214//1572 2213//1571 2173//1531
f 2217//1575 2223//1581 2173//1531
f 2317//1673 2186//1544 2190//1548
f 2219//1577 2220//1578 2193//1551
f 2318//1674 2216//1574 2200//1558
f 2224//1582 2183//1541 2186//1544
f 2222//1580 2190//1548 2193//1551
f 2216//1574 2219//1577 2197//1555
f 2197//1555 2193//1551 2163//1521
f 2200//1558 2197//1555 2142//1500
f 2183//1541 2174//1532 2171//1529
f 2190//1548 2167//1525 2163//1521
f 2186//1544 2171//1529 2167//1525
f 2204//1562 2200//1558 2119//1480
f 2225//1583 2119//1480 2226//1584
f 2167//1525 2229//1587 2228//1586
f 2142//1500 2163//1521 2228//1586
f 2171//1529 2230//1588 2229//1587
f 2174//1532 2231//1589 2230//1588
f 2119//1480 2142//1500 2227//1585
f 2227//1585 2228//1586 2235//84
f 2231//1589 2238//1595 2237//1594
f 2230//1588 2237//1594 2236//1593
f 2226//1584 2227//1585 2234//1592
f 2229//1587 2236//1593 2235//84
f 2232//1590 2226//1584 2233//1591
f 2233//1591 2240//1597 2246//1603
f 2235//84 2242//1599 2241//1598
f 2236//1593 2237//1594 2244//1601
f 2234//1592 2241//1598 2240//1597
f 2235//84 2236//1593 2243//1600
f 2237//1594 2238//1595 2245//1602
f 2243//1600 2244//1601 2251//1608
f 2241//1598 2248//1605 2247//1604
f 2242//1599 2243//1600 2250//1607
f 2244//1601 2245//1602 2252//1609
f 2240//1597 2247//1604 2253//1610
f 2242//1599 2249//1606 2248//1605
f 2248//1605 2255//1612 2254//1611
f 2249//1606 2250//1607 2257//1614
f 2251//1608 2252//1609 2259//1616
f 2247//1604 2254//1611 2260//1617
f 2249//1606 2256//1613 2255//1612
f 2250//1607 2251//1608 2258//1615
f 2258//1615 2259//1616 2266//1623
f 2254//1611 2261//1618 2267//1624
f 2256//1613 2263//1620 2262//1619
f 2257//1614 2258//1615 2265//1622
f 2255//1612 2262//1619 2261//1618
f 2256//1613 2257//1614 2264//1621
f 2267//1624 2261//1618 2268//1625
f 2262//1619 2263//1620 2270//1627
f 2265//1622 2272//1629 2271//1628
f 2261//1618 2262//1619 2269//1626
f 2264//1621 2271//1628 2270//1627
f 2266//1623 2273//1630 2272//1629
f 2268//1625 2269//1626 2276//1633
f 2271//1628 2278//1635 2277//1634
f 2273//1630 2280//1637 2279//1636
f 2274//1631 2268//1625 2275//1632
f 2269//1626 2270//1627 2277//1634
f 2272//1629 2279//1636 2278//1635
f 2275//1632 2276//1633 2283//1640
f 2278//1635 2285//1642 2284//1641
f 2280//1637 2287//1644 2286//1643
f 2281//1638 2275//1632 2282//1639
f 2276//1633 2277//1634 2284//1641
f 2279//1636 2286//1643 2285//1642
f 2288//1645 2282//1639 2289//1646
f 2283//1640 2284//1641 2291//239
f 2286//1643 2293//1649 2292//1648
f 2282//1639 2283//1640 2290//1647
f 2285//1642 2292//1648 2291//239
f 2287//1644 2294//1650 2293//1649
f 2291//239 2298//1654 2297//1653
f 2292//1648 2293//1649 2300//1656
f 2290//1647 2297//1653 2296//1652
f 2291//239 2292//1648 2299//1655
f 2293//1649 2294//1650 2301//1657
f 2289//1646 2296//1652 2302//1658
f 2297//1653 2304//1660 2303//1659
f 2298//1654 2299//1655 2306//1662
f 2300//1656 2301//1657 2308//1664
f 2296//1652 2303//1659 2309//1665
f 2298//1654 2305//1661 2304//1660
f 2299//1655 2300//1656 2307//1663
f 2305//1661 2306//1662 2313//1669
f 2307//1663 2308//1664 2315//1671
f 2303//1659 2310//1666 2316//1672
f 2305//1661 2312//1668 2311//1667
f 2306//1662 2307//1663 2314//1670
f 2304//1660 2311//1667 2310//1666
f 2310//1666 2216//1574 2318//1674
f 2312//1668 2220//1578 2219//1577
f 2313//1669 2314//1670 2317//1673
f 2311//1667 2219//1577 2216//1574
f 2312//1668 2313//1669 2222//1580
f 2314//1670 2315//1671 2224//1582
usemtl Duckling_wing
f 1044//907 993//1 1000//866
f 1169//1028 1007//872 1041//905
f 1041//905 1010//875 1039//903
f 1038//902 1010//875 1014//879
f 1172//1031 1017//882 1021//886
f 1044//907 1003//869 1169//1028
f 1035//899 1014//879 1017//882
f 1024//13 1172//1031 1021//886
f 1021//886 935//842 1046//909
f 1014//879 979//854 958//848
f 1000//866 993//1 990//858
f 1024//13 1021//886 1046//909
f 1017//882 958//848 935//842
f 1000//866 987//857 1003//869
f 1007//872 979//854 1010//875
f 1003//869 983//855 1007//872
f 987//857 1051//914 983//855
f 935//842 1049//912 1048//911
f 1024//13 1046//909 1055//918
f 990//858 993//1 1053//916
f 958//848 1050//913 1049//912
f 983//855 1050//913 979//854
f 1046//909 1048//911 1055//918
f 990//858 1052//915 987//857
f 1024//13 1055//918 1064//927
f 1053//916 1061//924 1052//915
f 1052//915 1060//923 1051//914
f 1051//914 1059//922 1050//913
f 1049//912 1059//922 1058//921
f 1048//911 1058//921 1057//920
f 1055//918 1057//920 1064//927
f 1053//916 993//1 1062//925
f 1057//920 1073//935 1064//927
f 1059//922 1067//930 1058//921
f 1060//923 1070//933 1069//932
f 1062//925 993//1 1071//934
f 1024//13 1064//927 1073//935
f 1058//921 1066//929 1057//920
f 1059//922 1069//932 1068//931
f 1061//924 1071//934 1070//933
f 1068//931 1076//938 1067//930
f 1069//932 1079//941 1078//940
f 1071//934 993//1 1080//942
f 1024//13 1073//935 1082//944
f 1067//930 1075//937 1066//929
f 1068//931 1078//940 1077//939
f 1070//933 1080//942 1079//941
f 1066//929 1082//944 1073//935
f 1024//13 1082//944 1091//953
f 1076//938 1084//946 1075//937
f 1077//939 1087//949 1086//948
f 1079//941 1089//951 1088//950
f 1075//937 1091//953 1082//944
f 1077//939 1085//947 1076//938
f 1078//940 1088//950 1087//949
f 1080//942 993//1 1089//951
f 1086//948 1096//957 1095//862
f 1088//950 1098//959 1097//958
f 1084//946 1100//961 1091//953
f 1086//948 1094//956 1085//947
f 1087//949 1097//958 1096//957
f 1089//951 993//1 1098//959
f 1024//13 1091//953 1100//961
f 1085//947 1093//955 1084//946
f 1100//961 1102//963 1109//969
f 1094//956 1104//965 1103//964
f 1097//958 1105//966 1096//957
f 1098//959 993//1 1107//968
f 1024//13 1100//961 1109//969
f 1093//955 1103//964 1102//963
f 1096//957 1104//965 1095//862
f 1098//959 1106//967 1097//958
f 1106//967 1114//974 1105//966
f 1107//968 993//1 1116//976
f 1024//13 1109//969 1118//978
f 1102//963 1112//972 1111//971
f 1105//966 1113//973 1104//965
f 1107//968 1115//975 1106//967
f 1109//969 1111//971 1118//978
f 1103//964 1113//973 1112//972
f 1024//13 1118//978 1127//987
f 1111//971 1121//981 1120//980
f 1114//974 1122//982 1113//973
f 1116//976 1124//984 1115//975
f 1118//978 1120//980 1127//987
f 1112//972 1122//982 1121//981
f 1115//975 1123//983 1114//974
f 1116//976 993//1 1125//985
f 1125//985 1133//993 1124//984
f 1127//987 1129//989 1136//996
f 1121//981 1131//991 1130//990
f 1124//984 1132//992 1123//983
f 1125//985 993//1 1134//994
f 1024//13 1127//987 1136//996
f 1120//980 1130//990 1129//989
f 1123//983 1131//991 1122//982
f 1129//989 1145//1005 1136//996
f 1131//991 1139//999 1130//990
f 1132//992 1142//1002 1141//1001
f 1134//994 993//1 1143//1003
f 1024//13 1136//996 1145//1005
f 1130//990 1138//998 1129//989
f 1131//991 1141//1001 1140//1000
f 1133//993 1143//1003 1142//1002
f 1143//1003 993//1 1152//1012
f 1024//13 1145//1005 1154//1014
f 1139//999 1147//1007 1138//998
f 1140//1000 1150//1010 1149//1009
f 1142//1002 1152//1012 1151//1011
f 1138//998 1154//1014 1145//1005
f 1140//1000 1148//1008 1139//999
f 1141//1001 1151//1011 1150//1010
f 1148//1008 1156//1016 1147//1007
f 1149//1009 1159//1019 1158//1018
f 1151//1011 1161//1021 1160//1020
f 1147//1007 1163//1023 1154//1014
f 1149//1009 1157//1017 1148//1008
f 1150//1010 1160//1020 1159//1019
f 1152//1012 993//1 1161//1021
f 1024//13 1154//1014 1163//1023
f 1156//1016 1172//1031 1163//1023
f 1158//1018 1038//902 1157//1017
f 1159//1019 1169//1028 1041//905
f 1161//1021 993//1 1044//907
f 1024//13 1163//1023 1172//1031
f 1157//1017 1035//899 1156//1016
f 1158//1018 1041//905 1039//903
f 1160//1020 1044//907 1169//1028
f 1712//1388 1557//1265 1561//1266
f 1584//1273 1543//1261 1709//1386
f 1578//1270 1550//1263 1554//1264
f 1575//1269 1554//1264 1557//1265
f 1564//13 1712//1388 1561//1266
f 1584//1273 1533//1 1540//1260
f 1709//1386 1547//1262 1581//1272
f 1581//1272 1550//1263 1579//1271
f 1540//1260 1533//1 1530//1258
f 1564//13 1561//1266 1586//1274
f 1557//1265 1498//1254 1475//1253
f 1547//1262 1519//1255 1550//1263
f 1543//1261 1523//1256 1547//1262
f 1561//1266 1475//1253 1586//1274
f 1554//1264 1519//1255 1498//1254
f 1540//1260 1527//1257 1543//1261
f 1530//1258 1592//1280 1527//1257
f 1523//1256 1590//1278 1519//1255
f 1475//1253 1589//1277 1588//1276
f 1564//13 1586//1274 1595//1283
f 1530//1258 1533//1 1593//1281
f 1498//1254 1590//1278 1589//1277
f 1527//1257 1591//1279 1523//1256
f 1586//1274 1588//1276 1595//1283
f 1564//13 1595//1283 1604//1292
f 1591//1279 1599//1287 1590//1278
f 1593//1281 1601//1289 1592//1280
f 1593//1281 1533//1 1602//1290
f 1595//1283 1597//1285 1604//1292
f 1589//1277 1599//1287 1598//1286
f 1592//1280 1600//1288 1591//1279
f 1588//1276 1598//1286 1597//1285
f 1599//1287 1607//1295 1598//1286
f 1600//1288 1610//1298 1609//1297
f 1602//1290 1533//1 1611//1299
f 1564//13 1604//1292 1613//1300
f 1598//1286 1606//1294 1597//1285
f 1599//1287 1609//1297 1608//1296
f 1601//1289 1611//1299 1610//1298
f 1597//1285 1613//1300 1604//1292
f 1564//13 1613//1300 1622//1308
f 1607//1295 1615//1301 1606//1294
f 1608//1296 1618//1304 1617//1303
f 1610//1298 1620//1306 1619//1305
f 1606//1294 1622//1308 1613//1300
f 1608//1296 1616//1302 1607//1295
f 1609//1297 1619//1305 1618//1304
f 1611//1299 1533//1 1620//1306
f 1617//1303 1627//1313 1626//1312
f 1619//1305 1629//1315 1628//1314
f 1615//1301 1631//1317 1622//1308
f 1617//1303 1625//1311 1616//1302
f 1618//1304 1628//1314 1627//1313
f 1620//1306 1533//1 1629//1315
f 1564//13 1622//1308 1631//1317
f 1616//1302 1624//1310 1615//1301
f 1624//1310 1640//1325 1631//1317
f 1626//1312 1634//1320 1625//1311
f 1627//1313 1637//1322 1636//1321
f 1629//1315 1533//1 1638//1323
f 1564//13 1631//1317 1640//1325
f 1625//1311 1633//1319 1624//1310
f 1626//1312 1636//1321 1635//1259
f 1628//1314 1638//1323 1637//1322
f 1637//1322 1645//1329 1636//1321
f 1638//1323 1533//1 1647//1331
f 1564//13 1640//1325 1649//1332
f 1633//1319 1643//1327 1642//1326
f 1636//1321 1644//1328 1635//1259
f 1638//1323 1646//1330 1637//1322
f 1640//1325 1642//1326 1649//1332
f 1634//1320 1644//1328 1643//1327
f 1564//13 1649//1332 1658//1341
f 1642//1326 1652//1335 1651//1334
f 1645//1329 1653//1336 1644//1328
f 1647//1331 1655//1338 1646//1330
f 1649//1332 1651//1334 1658//1341
f 1643//1327 1653//1336 1652//1335
f 1646//1330 1654//1337 1645//1329
f 1647//1331 1533//1 1656//1339
f 1656//1339 1664//1347 1655//1338
f 1658//1341 1660//1343 1667//1350
f 1652//1335 1662//1345 1661//1344
f 1655//1338 1663//1346 1654//1337
f 1656//1339 1533//1 1665//1348
f 1564//13 1658//1341 1667//1350
f 1651//1334 1661//1344 1660//1343
f 1654//1337 1662//1345 1653//1336
f 1667//1350 1669//1352 1676//1358
f 1661//1344 1671//1354 1670//1353
f 1664//1347 1672//1355 1663//1346
f 1665//1348 1533//1 1674//1357
f 1564//13 1667//1350 1676//1358
f 1660//1343 1670//1353 1669//1352
f 1663//1346 1671//1354 1662//1345
f 1665//1348 1673//1356 1664//1347
f 1674//1357 1533//1 1683//1364
f 1564//13 1676//1358 1685//1366
f 1670//1353 1678//1359 1669//1352
f 1671//1354 1681//1362 1680//1361
f 1673//1356 1683//1364 1682//1363
f 1669//1352 1685//1366 1676//1358
f 1671//1354 1679//1360 1670//1353
f 1672//1355 1682//1363 1681//1362
f 1679//1360 1687//1368 1678//1359
f 1680//1361 1690//1371 1689//1370
f 1682//1363 1692//1373 1691//1372
f 1678//1359 1694//1375 1685//1366
f 1680//1361 1688//1369 1679//1360
f 1681//1362 1691//1372 1690//1371
f 1683//1364 1533//1 1692//1373
f 1564//13 1685//1366 1694//1375
f 1687//1368 1703//1384 1694//1375
f 1689//1370 1697//1378 1688//1369
f 1690//1371 1700//1381 1699//1380
f 1692//1373 1533//1 1701//1382
f 1564//13 1694//1375 1703//1384
f 1688//1369 1696//1377 1687//1368
f 1689//1370 1699//1380 1698//1379
f 1691//1372 1701//1382 1700//1381
f 1698//1379 1578//1270 1697//1378
f 1699//1380 1709//1386 1581//1272
f 1701//1382 1533//1 1584//1273
f 1564//13 1703//1384 1712//1388
f 1697//1378 1575//1269 1696//1377
f 1698//1379 1581//1272 1579//1271
f 1700//1381 1584//1273 1709//1386
f 1696//1377 1712//1388 1703//1384
f 1169//1028 1003//869 1007//872
f 1041//905 1007//872 1010//875
f 1038//902 1039//903 1010//875
f 1172//1031 1035//899 1017//882
f 1044//907 1000//866 1003//869
f 1035//899 1038//902 1014//879
f 1021//886 1017//882 935//842
f 1014//879 1010//875 979//854
f 1017//882 1014//879 958//848
f 1000//866 990//858 987//857
f 1007//872 983//855 979//854
f 1003//869 987//857 983//855
f 987//857 1052//915 1051//914
f 935//842 958//848 1049//912
f 958//848 979//854 1050//913
f 983//855 1051//914 1050//913
f 1046//909 935//842 1048//911
f 990//858 1053//916 1052//915
f 1053//916 1062//925 1061//924
f 1052//915 1061//924 1060//923
f 1051//914 1060//923 1059//922
f 1049//912 1050//913 1059//922
f 1048//911 1049//912 1058//921
f 1055//918 1048//911 1057//920
f 1057//920 1066//929 1073//935
f 1059//922 1068//931 1067//930
f 1060//923 1061//924 1070//933
f 1058//921 1067//930 1066//929
f 1059//922 1060//923 1069//932
f 1061//924 1062//925 1071//934
f 1068//931 1077//939 1076//938
f 1069//932 1070//933 1079//941
f 1067//930 1076//938 1075//937
f 1068//931 1069//932 1078//940
f 1070//933 1071//934 1080//942
f 1066//929 1075//937 1082//944
f 1076//938 1085//947 1084//946
f 1077//939 1078//940 1087//949
f 1079//941 1080//942 1089//951
f 1075//937 1084//946 1091//953
f 1077//939 1086//948 1085//947
f 1078//940 1079//941 1088//950
f 1086//948 1087//949 1096//957
f 1088//950 1089//951 1098//959
f 1084//946 1093//955 1100//961
f 1086//948 1095//862 1094//956
f 1087//949 1088//950 1097//958
f 1085//947 1094//956 1093//955
f 1100//961 1093//955 1102//963
f 1094//956 1095//862 1104//965
f 1097//958 1106//967 1105//966
f 1093//955 1094//956 1103//964
f 1096//957 1105//966 1104//965
f 1098//959 1107//968 1106//967
f 1106//967 1115//975 1114//974
f 1102//963 1103//964 1112//972
f 1105//966 1114//974 1113//973
f 1107//968 1116//976 1115//975
f 1109//969 1102//963 1111//971
f 1103//964 1104//965 1113//973
f 1111//971 1112//972 1121//981
f 1114//974 1123//983 1122//982
f 1116//976 1125//985 1124//984
f 1118//978 1111//971 1120//980
f 1112//972 1113//973 1122//982
f 1115//975 1124//984 1123//983
f 1125//985 1134//994 1133//993
f 1127//987 1120//980 1129//989
f 1121//981 1122//982 1131//991
f 1124//984 1133//993 1132//992
f 1120//980 1121//981 1130//990
f 1123//983 1132//992 1131//991
f 1129//989 1138//998 1145//1005
f 1131//991 1140//1000 1139//999
f 1132//992 1133//993 1142//1002
f 1130//990 1139//999 1138//998
f 1131//991 1132//992 1141//1001
f 1133//993 1134//994 1143//1003
f 1139//999 1148//1008 1147//1007
f 1140//1000 1141//1001 1150//1010
f 1142//1002 1143//1003 1152//1012
f 1138//998 1147//1007 1154//1014
f 1140//1000 1149//1009 1148//1008
f 1141//1001 1142//1002 1151//1011
f 1148//1008 1157//1017 1156//1016
f 1149//1009 1150//1010 1159//1019
f 1151//1011 1152//1012 1161//1021
f 1147//1007 1156//1016 1163//1023
f 1149//1009 1158//1018 1157//1017
f 1150//1010 1151//1011 1160//1020
f 1156//1016 1035//899 1172//1031
f 1158//1018 1039//903 1038//902
f 1159//1019 1160//1020 1169//1028
f 1157//1017 1038//902 1035//899
f 1158//1018 1159//1019 1041//905
f 1160//1020 1161//1021 1044//907
f 1712//1388 1575//1269 1557//1265
f 1584//1273 1540//1260 1543//1261
f 1578//1270 1579//1271 1550//1263
f 1575//1269 1578//1270 1554//1264
f 1709//1386 1543//1261 1547//1262
f 1581//1272 1547//1262 1550//1263
f 1557//1265 1554//1264 1498//1254
f 1547//1262 1523//1256 1519//1255
f 1543//1261 1527//1257 1523//1256
f 1561//1266 1557//1265 1475//1253
f 1554//1264 1550//1263 1519//1255
f 1540//1260 1530//1258 1527//1257
f 1530//1258 1593//1281 1592//1280
f 1523//1256 1591//1279 1590//1278
f 1475//1253 1498//1254 1589//1277
f 1498//1254 1519//1255 1590//1278
f 1527//1257 1592//1280 1591//1279
f 1586//1274 1475//1253 1588//1276
f 1591//1279 1600//1288 1599//1287
f 1593//1281 1602//1290 1601//1289
f 1595//1283 1588//1276 1597//1285
f 1589//1277 1590//1278 1599//1287
f 1592//1280 1601//1289 1600//1288
f 1588//1276 1589//1277 1598//1286
f 1599//1287 1608//1296 1607//1295
f 1600//1288 1601//1289 1610//1298
f 1598//1286 1607//1295 1606//1294
f 1599//1287 1600//1288 1609//1297
f 1601//1289 1602//1290 1611//1299
f 1597//1285 1606//1294 1613//1300
f 1607//1295 1616//1302 1615//1301
f 1608//1296 1609//1297 1618//1304
f 1610//1298 1611//1299 1620//1306
f 1606//1294 1615//1301 1622//1308
f 1608//1296 1617//1303 1616//1302
f 1609//1297 1610//1298 1619//1305
f 1617//1303 1618//1304 1627//1313
f 1619//1305 1620//1306 1629//1315
f 1615//1301 1624//1310 1631//1317
f 1617//1303 1626//1312 1625//1311
f 1618//1304 1619//1305 1628//1314
f 1616//1302 1625//1311 1624//1310
f 1624//1310 1633//1319 1640//1325
f 1626//1312 1635//1259 1634//1320
f 1627//1313 1628//1314 1637//1322
f 1625//1311 1634//1320 1633//1319
f 1626//1312 1627//1313 1636//1321
f 1628//1314 1629//1315 1638//1323
f 1637//1322 1646//1330 1645//1329
f 1633//1319 1634//1320 1643//1327
f 1636//1321 1645//1329 1644//1328
f 1638//1323 1647//1331 1646//1330
f 1640//1325 1633//1319 1642//1326
f 1634//1320 1635//1259 1644//1328
f 1642//1326 1643//1327 1652//1335
f 1645//1329 1654//1337 1653//1336
f 1647//1331 1656//1339 1655//1338
f 1649//1332 1642//1326 1651//1334
f 1643//1327 1644//1328 1653//1336
f 1646//1330 1655//1338 1654//1337
f 1656//1339 1665//1348 1664//1347
f 1658//1341 1651//1334 1660//1343
f 1652//1335 1653//1336 1662//1345
f 1655//1338 1664//1347 1663//1346
f 1651//1334 1652//1335 1661//1344
f 1654//1337 1663//1346 1662//1345
f 1667//1350 1660//1343 1669//1352
f 1661//1344 1662//1345 1671//1354
f 1664//1347 1673//1356 1672//1355
f 1660//1343 1661//1344 1670//1353
f 1663//1346 1672//1355 1671//1354
f 1665//1348 1674//1357 1673//1356
f 1670//1353 1679//1360 1678//1359
f 1671//1354 1672//1355 1681//1362
f 1673//1356 1674//1357 1683//1364
f 1669//1352 1678//1359 1685//1366
f 1671//1354 1680//1361 1679//1360
f 1672//1355 1673//1356 1682//1363
f 1679//1360 1688//1369 1687//1368
f 1680//1361 1681//1362 1690//1371
f 1682//1363 1683//1364 1692//1373
f 1678//1359 1687//1368 1694//1375
f 1680//1361 1689//1370 1688//1369
f 1681//1362 1682//1363 1691//1372
f 1687//1368 1696//1377 1703//1384
f 1689//1370 1698//1379 1697//1378
f 1690//1371 1691//1372 1700//1381
f 1688//1369 1697//1378 1696//1377
f 1689//1370 1690//1371 1699//1380
f 1691//1372 1692//1373 1701//1382
f 1698//1379 1579//1271 1578//1270
f 1699//1380 1700//1381 1709//1386
f 1697//1378 1578//1270 1575//1269
f 1698//1379 1699//1380 1581//1272
f 1700//1381 1701//1382 1584//1273
f 1696//1377 1575//1269 1712//1388
usemtl Duckling_beak
f 590//577 533//522 679//662
f 584//571 546//535 582//7
f 684//667 559//548 565//554
f 590//577 287//1 526//515
f 679//662 539//528 584//571
f 682//665 546//535 552//541
f 683//666 552//541 559//548
f 338//13 684//667 565//554
f 526//515 287//1 507//496
f 565//554 474//464 468//458
f 552//541 487//477 481//471
f 526//515 500//490 533//522
f 338//13 565//554 468//458
f 559//548 481//471 474//464
f 539//528 487//477 546//535
f 533//522 494//484 539//528
f 494//484 429//419 487//477
f 468//458 442//432 448//438
f 507//496 287//1 409//400
f 500//490 422//413 494//484
f 481//471 429//419 435//425
f 474//464 435//425 442//432
f 338//13 468//458 448//438
f 507//496 416//407 500//490
f 448//438 357//351 351//345
f 422//413 370//84 429//419
f 338//13 448//438 351//345
f 409//400 287//1 390//383
f 409//400 383//376 416//407
f 435//425 370//84 364//358
f 442//432 364//358 357//351
f 416//407 377//370 422//413
f 377//370 313//310 314//311
f 383//376 312//309 313//310
f 370//84 314//311 317//314
f 370//84 322//318 364//358
f 390//383 287//1 312//309
f 338//13 351//345 331//327
f 364//358 325//321 357//351
f 357//351 331//327 351//345
f 314//311 208//206 130//128
f 312//309 287//1 209//207
f 317//314 130//128 40//39
f 322//318 593//580 325//321
f 338//13 331//327 594//581
f 317//314 592//579 322//318
f 313//310 209//207 208//206
f 325//321 594//581 331//327
f 40//39 601//588 592//579
f 209//207 287//1 599//586
f 592//579 602//589 593//580
f 208//206 599//586 598//585
f 338//13 594//581 603//590
f 130//128 598//585 597//584
f 593//580 603//590 594//581
f 40//39 597//584 596//583
f 602//589 612//598 603//590
f 599//586 287//1 608//594
f 598//585 608//594 607//593
f 597//584 607//593 606//592
f 596//583 606//592 605//161
f 338//13 603//590 612//598
f 601//588 611//597 602//589
f 596//583 610//596 601//588
f 612//598 620//606 621//607
f 610//596 614//600 619//605
f 607//593 615//601 606//592
f 608//594 287//1 617//603
f 338//13 612//598 621//607
f 611//597 619//605 620//606
f 606//592 614//600 605//161
f 608//594 616//602 607//593
f 616//602 624//609 615//601
f 617//603 287//1 626//611
f 338//13 621//607 630//615
f 620//606 628//613 629//614
f 615//601 623//608 614//600
f 617//603 625//610 616//602
f 621//607 629//614 630//615
f 619//605 623//608 628//613
f 338//13 630//615 639//624
f 629//614 637//622 638//623
f 624//609 632//617 623//608
f 626//611 634//619 625//610
f 630//615 638//623 639//624
f 628//613 632//617 637//622
f 625//610 633//618 624//609
f 626//611 287//1 635//620
f 635//620 643//627 634//619
f 639//624 647//631 648//632
f 637//622 641//239 646//630
f 634//619 642//626 633//618
f 635//620 287//1 644//628
f 338//13 639//624 648//632
f 638//623 646//630 647//631
f 633//618 641//239 632//617
f 647//631 657//641 648//632
f 641//239 655//639 646//630
f 642//626 652//636 651//635
f 644//628 287//1 653//637
f 338//13 648//632 657//641
f 646//630 656//640 647//631
f 641//239 651//635 650//634
f 643//627 653//637 652//636
f 653//637 287//1 662//646
f 338//13 657//641 666//650
f 655//639 665//649 656//640
f 650//634 660//644 659//643
f 652//636 662//646 661//645
f 656//640 666//650 657//641
f 650//634 664//648 655//639
f 651//635 661//645 660//644
f 664//648 674//658 665//649
f 659//643 669//653 668//652
f 661//645 671//655 670//654
f 665//649 675//659 666//650
f 659//643 673//657 664//648
f 660//644 670//654 669//653
f 662//646 287//1 671//655
f 338//13 666//650 675//659
f 674//658 684//667 675//659
f 668//652 682//665 673//657
f 669//653 679//662 584//571
f 671//655 287//1 590//577
f 338//13 675//659 684//667
f 673//657 683//666 674//658
f 668//652 584//571 582//7
f 670//654 590//577 679//662
f 590//577 526//515 533//522
f 584//571 539//528 546//535
f 684//667 683//666 559//548
f 679//662 533//522 539//528
f 682//665 582//7 546//535
f 683//666 682//665 552//541
f 565//554 559//548 474//464
f 552//541 546//535 487//477
f 526//515 507//496 500//490
f 559//548 552//541 481//471
f 539//528 494//484 487//477
f 533//522 500//490 494//484
f 494//484 422//413 429//419
f 468//458 474//464 442//432
f 500//490 416//407 422//413
f 481//471 487//477 429//419
f 474//464 481//471 435//425
f 507//496 409//400 416//407
f 448//438 442//432 357//351
f 422//413 377//370 370//84
f 409//400 390//383 383//376
f 435//425 429//419 370//84
f 442//432 435//425 364//358
f 416//407 383//376 377//370
f 377//370 383//376 313//310
f 383//376 390//383 312//309
f 370//84 377//370 314//311
f 370//84 317//314 322//318
f 364//358 322//318 325//321
f 357//351 325//321 331//327
f 314//311 313//310 208//206
f 317//314 314//311 130//128
f 322//318 592//579 593//580
f 317//314 40//39 592//579
f 313//310 312//309 209//207
f 325//321 593//580 594//581
f 40//39 596//583 601//588
f 592//579 601//588 602//589
f 208//206 209//207 599//586
f 130//128 208//206 598//585
f 593//580 602//589 603//590
f 40//39 130//128 597//584
f 602//589 611//597 612//598
f 598//585 599//586 608//594
f 597//584 598//585 607//593
f 596//583 597//584 606//592
f 601//588 610//596 611//597
f 596//583 605//161 610//596
f 612//598 611//597 620//606
f 610//596 605//161 614//600
f 607//593 616//602 615//601
f 611//597 610//596 619//605
f 606//592 615//601 614//600
f 608//594 617//603 616//602
f 616//602 625//610 624//609
f 620//606 619//605 628//613
f 615//601 624//609 623//608
f 617//603 626//611 625//610
f 621//607 620//606 629//614
f 619//605 614//600 623//608
f 629//614 628//613 637//622
f 624//609 633//618 632//617
f 626//611 635//620 634//619
f 630//615 629//614 638//623
f 628//613 623//608 632//617
f 625//610 634//619 633//618
f 635//620 644//628 643//627
f 639//624 638//623 647//631
f 637//622 632//617 641//239
f 634//619 643//627 642//626
f 638//623 637//622 646//630
f 633//618 642//626 641//239
f 647//631 656//640 657//641
f 641//239 650//634 655//639
f 642//626 643//627 652//636
f 646//630 655//639 656//640
f 641//239 642//626 651//635
f 643//627 644//628 653//637
f 655//639 664//648 665//649
f 650//634 651//635 660//644
f 652//636 653//637 662//646
f 656//640 665//649 666//650
f 650//634 659//643 664//648
f 651//635 652//636 661//645
f 664//648 673//657 674//658
f 659//643 660//644 669//653
f 661//645 662//646 671//655
f 665//649 674//658 675//659
f 659//643 668//652 673//657
f 660//644 661//645 670//654
f 674//658 683//666 684//667
f 668//652 582//7 682//665
f 669//653 670//654 679//662
f 673//657 682//665 683//666
f 668//652 669//653 584//571
f 670//654 671//655 590//577
usemtl Duckling_beak2
f 792//769 631//616 680//663
f 667//651 649//633 654//638
f 676//660 640//625 645//629
f 672//656 645//629 649//633
f 792//769 396//1 627//612
f 680//663 636//621 678//661
f 580//13 667//651 654//638
f 678//661 640//625 677//7
f 580//13 654//638 585//572
f 649//633 595//582 591//578
f 627//612 396//1 613//599
f 636//621 600//587 640//625
f 627//612 609//595 631//616
f 654//638 591//578 585//572
f 631//616 604//591 636//621
f 645//629 600//587 595//582
f 604//591 520//509 600//587
f 613//599 461//451 609//595
f 585//572 578//567 579//568
f 613//599 396//1 455//445
f 591//578 572//561 578//567
f 595//582 520//509 572//561
f 609//595 513//502 604//591
f 580//13 585//572 579//568
f 579//568 689//671 690//672
f 513//502 687//84 520//509
f 580//13 579//568 690//672
f 572//561 687//84 688//670
f 461//451 686//669 513//502
f 578//567 688//670 689//671
f 455//445 299//296 461//451
f 455//445 396//1 344//339
f 687//84 697//679 688//670
f 688//670 698//680 689//671
f 689//671 699//681 690//672
f 299//296 693//675 692//674
f 344//339 396//1 693//675
f 687//84 695//677 696//678
f 686//669 692//674 695//677
f 580//13 690//672 699//681
f 692//674 702//683 701//682
f 696//678 704//685 705//686
f 696//678 706//687 697//679
f 698//680 708//689 699//681
f 693//675 396//1 702//683
f 695//677 701//682 704//685
f 697//679 707//688 698//680
f 580//13 699//681 708//689
f 705//686 715//696 706//687
f 702//683 396//1 711//692
f 704//685 710//691 713//694
f 580//13 708//689 717//698
f 706//687 716//697 707//688
f 701//682 711//692 710//691
f 705//686 713//694 714//695
f 707//688 717//698 708//689
f 713//694 719//700 722//703
f 580//13 717//698 726//706
f 715//696 725//705 716//697
f 710//691 720//701 719//700
f 714//695 722//703 723//161
f 716//697 726//706 717//698
f 714//695 724//704 715//696
f 711//692 396//1 720//701
f 720//701 728//708 719//700
f 722//703 732//712 723//161
f 726//706 734//714 735//715
f 724//704 732//712 733//713
f 720//701 396//1 729//709
f 719//700 731//711 722//703
f 580//13 726//706 735//715
f 725//705 733//713 734//714
f 731//711 741//720 732//712
f 735//715 743//722 744//723
f 733//713 741//720 742//721
f 729//709 396//1 738//717
f 728//708 740//719 731//711
f 580//13 735//715 744//723
f 734//714 742//721 743//722
f 729//709 737//716 728//708
f 738//717 396//1 747//726
f 737//716 749//728 740//719
f 580//13 744//723 753//732
f 743//722 751//730 752//731
f 738//717 746//725 737//716
f 740//719 750//729 741//720
f 744//723 752//731 753//732
f 742//721 750//729 751//730
f 580//13 753//732 762//740
f 752//731 760//738 761//739
f 747//726 755//734 746//725
f 749//728 759//239 750//729
f 753//732 761//739 762//740
f 751//730 759//239 760//738
f 747//726 396//1 756//735
f 746//725 758//737 749//728
f 755//734 765//742 764//741
f 759//239 767//744 768//745
f 761//739 771//748 762//740
f 759//239 769//746 760//738
f 756//735 396//1 765//742
f 758//737 764//741 767//744
f 580//13 762//740 771//748
f 760//738 770//747 761//739
f 770//747 780//757 771//748
f 768//745 778//755 769//746
f 765//742 396//1 774//751
f 767//744 773//750 776//753
f 580//13 771//748 780//757
f 769//746 779//756 770//747
f 764//741 774//751 773//750
f 768//745 776//753 777//754
f 774//751 396//1 783//760
f 776//753 782//759 785//762
f 580//13 780//757 789//766
f 778//755 788//765 779//756
f 773//750 783//760 782//759
f 777//754 785//762 786//763
f 779//756 789//766 780//757
f 777//754 787//764 778//755
f 787//764 672//656 788//765
f 782//759 792//769 680//663
f 786//763 678//661 677//7
f 788//765 667//651 789//766
f 786//763 676//660 787//764
f 783//760 396//1 792//769
f 785//762 680//663 678//661
f 580//13 789//766 667//651
f 792//769 627//612 631//616
f 667//651 672//656 649//633
f 676//660 677//7 640//625
f 672//656 676//660 645//629
f 680//663 631//616 636//621
f 678//661 636//621 640//625
f 649//633 645//629 595//582
f 636//621 604//591 600//587
f 627//612 613//599 609//595
f 654//638 649//633 591//578
f 631//616 609//595 604//591
f 645//629 640//625 600//587
f 604//591 513//502 520//509
f 613//599 455//445 461//451
f 585//572 591//578 578//567
f 591//578 595//582 572//561
f 595//582 600//587 520//509
f 609//595 461//451 513//502
f 579//568 578//567 689//671
f 513//502 686//669 687//84
f 572//561 520//509 687//84
f 461//451 299//296 686//669
f 578//567 572//561 688//670
f 455//445 344//339 299//296
f 687//84 696//678 697//679
f 688//670 697//679 698//680
f 689//671 698//680 699//681
f 299//296 344//339 693//675
f 687//84 686//669 695//677
f 686//669 299//296 692//674
f 692//674 693//675 702//683
f 696//678 695//677 704//685
f 696//678 705//686 706//687
f 698//680 707//688 708//689
f 695//677 692//674 701//682
f 697//679 706//687 707//688
f 705//686 714//695 715//696
f 704//685 701//682 710//691
f 706//687 715//696 716//697
f 701//682 702//683 711//692
f 705//686 704//685 713//694
f 707//688 716//697 717//698
f 713//694 710//691 719//700
f 715//696 724//704 725//705
f 710//691 711//692 720//701
f 714//695 713//694 722//703
f 716//697 725//705 726//706
f 714//695 723//161 724//704
f 720//701 729//709 728//708
f 722//703 731//711 732//712
f 726//706 725//705 734//714
f 724//704 723//161 732//712
f 719//700 728//708 731//711
f 725//705 724//704 733//713
f 731//711 740//719 741//720
f 735//715 734//714 743//722
f 733//713 732//712 741//720
f 728//708 737//716 740//719
f 734//714 733//713 742//721
f 729//709 738//717 737//716
f 737//716 746//725 749//728
f 743//722 742//721 751//730
f 738//717 747//726 746//725
f 740//719 749//728 750//729
f 744//723 743//722 752//731
f 742//721 741//720 750//729
f 752//731 751//730 760//738
f 747//726 756//735 755//734
f 749//728 758//737 759//239
f 753//732 752//731 761//739
f 751//730 750//729 759//239
f 746//725 755//734 758//737
f 755//734 756//735 765//742
f 759//239 758//737 767//744
f 761//739 770//747 771//748
f 759//239 768//745 769//746
f 758//737 755//734 764//741
f 760//738 769//746 770//747
f 770//747 779//756 780//757
f 768//745 777//754 778//755
f 767//744 764//741 773//750
f 769//746 778//755 779//756
f 764//741 765//742 774//751
f 768//745 767//744 776//753
f 776//753 773//750 782//759
f 778//755 787//764 788//765
f 773//750 774//751 783//760
f 777//754 776//753 785//762
f 779//756 788//765 789//766
f 777//754 786//763 787//764
f 787//764 676//660 672//656
f 782//759 783//760 792//769
f 786//763 785//762 678//661
f 788//765 672//656 667//651
f 786//763 677//7 676//660
f 785//762 782//759 680//663
usemtl Duckling_feet
f 1210//1067 1173//1 1180//1038
f 1261//1112 1180//1038 1183//1041
f 1261//1112 1187//1045 1207//7
f 1258//1110 1194//1052 1204//1062
f 1207//7 1190//1048 1258//1110
f 1108//13 1204//1062 1194//1052
f 1194//1052 1164//1024 1137//997
f 1183//1041 1165//1025 1187//1045
f 1180//1038 1173//1 1170//1029
f 1108//13 1194//1052 1137//997
f 1187//1045 1164//1024 1190//1048
f 1183//1041 1170//1029 1167//1027
f 1170//1029 1212//1068 1167//1027
f 1167//1027 1045//908 1165//1025
f 1170//1029 1173//1 1213//1069
f 1108//13 1137//997 1101//962
f 1164//1024 1101//962 1137//997
f 1165//1025 1074//936 1164//1024
f 1108//13 1101//962 1217//1072
f 1213//1069 1219//1074 1212//1068
f 1045//908 1216//1071 1074//936
f 1045//908 1219//1074 1215//1070
f 1074//936 1217//1072 1101//962
f 1213//1069 1173//1 1220//1075
f 1108//13 1217//1072 1224//1078
f 1220//1075 1226//1080 1219//1074
f 1215//1070 1223//1077 1216//1071
f 1219//1074 1222//161 1215//1070
f 1220//1075 1173//1 1227//1081
f 1216//1071 1224//1078 1217//1072
f 1223//1077 1229//1083 1230//1084
f 1108//13 1224//1078 1231//1085
f 1227//1081 1173//1 1234//1088
f 1226//1080 1229//1083 1222//161
f 1223//1077 1231//1085 1224//1078
f 1226//1080 1234//1088 1233//1087
f 1108//13 1231//1085 1238//1092
f 1234//1088 1173//1 1241//1095
f 1229//1083 1240//1094 1236//1090
f 1231//1085 1237//1091 1238//1092
f 1234//1088 1240//1094 1233//1087
f 1229//1083 1237//1091 1230//1084
f 1241//1095 1173//1 1248//1101
f 1240//1094 1243//1096 1236//1090
f 1237//1091 1245//1098 1238//1092
f 1241//1095 1247//1100 1240//1094
f 1236//1090 1244//1097 1237//1091
f 1108//13 1238//1092 1245//1098
f 1248//1101 1173//1 1255//1108
f 1247//1100 1250//1103 1243//1096
f 1244//1097 1252//1105 1245//1098
f 1248//1101 1254//1107 1247//1100
f 1243//1096 1251//1104 1244//1097
f 1108//13 1245//1098 1252//1105
f 1255//1108 1173//1 1210//1067
f 1254//1107 1207//7 1250//1103
f 1252//1105 1258//1110 1204//1062
f 1255//1108 1261//1112 1254//1107
f 1250//1103 1258//1110 1251//1104
f 1108//13 1252//1105 1204//1062
f 1242//13 1390//1226 1239//1093
f 1262//1113 1211//1 1218//1073
f 1262//1113 1221//1076 1387//1224
f 1387//1224 1225//1079 1259//1111
f 1256//1109 1228//1082 1232//1086
f 1390//1226 1235//1089 1239//1093
f 1259//1111 1228//1082 1257//7
f 1253//1106 1232//1086 1235//1089
f 1221//1076 1201//1059 1225//1079
f 1239//1093 1135//995 1264//1115
f 1232//1086 1197//1055 1176//1034
f 1218//1073 1211//1 1208//1065
f 1242//13 1239//1093 1264//1115
f 1235//1089 1176//1034 1135//995
f 1218//1073 1205//1063 1221//1076
f 1225//1079 1197//1055 1228//1082
f 1208//1065 1270//1121 1205//1063
f 1242//13 1264//1115 1273//1124
f 1135//995 1267//1118 1266//1117
f 1208//1065 1211//1 1271//1122
f 1176//1034 1268//1119 1267//1118
f 1205//1063 1269//1120 1201//1059
f 1264//1115 1266//1117 1273//1124
f 1201//1059 1268//1119 1197//1055
f 1271//1122 1279//1129 1270//1121
f 1242//13 1273//1124 1282//1132
f 1267//1118 1277//84 1276//1127
f 1271//1122 1211//1 1280//1130
f 1266//1117 1276//1127 1275//1126
f 1269//1120 1277//84 1268//1119
f 1273//1124 1275//1126 1282//1132
f 1270//1121 1278//1128 1269//1120
f 1279//1129 1289//1139 1288//1138
f 1275//1126 1291//1140 1282//1132
f 1277//84 1285//1135 1276//1127
f 1278//1128 1288//1138 1287//1137
f 1280//1130 1211//1 1289//1139
f 1242//13 1282//1132 1291//1140
f 1276//1127 1284//1134 1275//1126
f 1277//84 1287//1137 1286//1136
f 1284//1134 1300//1149 1291//1140
f 1286//1136 1294//1143 1285//1135
f 1287//1137 1297//1146 1296//1145
f 1289//1139 1211//1 1298//1147
f 1242//13 1291//1140 1300//1149
f 1285//1135 1293//1142 1284//1134
f 1286//1136 1296//1145 1295//1144
f 1288//1138 1298//1147 1297//1146
f 1298//1147 1211//1 1307//1156
f 1242//13 1300//1149 1309//1157
f 1294//1143 1302//1151 1293//1142
f 1295//1144 1305//1154 1304//1153
f 1297//1146 1307//1156 1306//1155
f 1293//1142 1309//1157 1300//1149
f 1295//1144 1303//1152 1294//1143
f 1296//1145 1306//1155 1305//1154
f 1303//1152 1311//1158 1302//1151
f 1304//1153 1314//1160 1313//161
f 1306//1155 1316//1162 1315//1161
f 1302//1151 1318//1164 1309//1157
f 1304//1153 1312//1159 1303//1152
f 1305//1154 1315//1161 1314//1160
f 1307//1156 1211//1 1316//1162
f 1242//13 1309//1157 1318//1164
f 1318//1164 1320//1165 1327//1171
f 1312//1159 1322//1167 1321//1166
f 1315//1161 1323//1168 1314//1160
f 1316//1162 1211//1 1325//1170
f 1242//13 1318//1164 1327//1171
f 1311//1158 1321//1166 1320//1165
f 1314//1160 1322//1167 1313//161
f 1316//1162 1324//1169 1315//1161
f 1321//1166 1331//1175 1330//1174
f 1324//1169 1332//1176 1323//1168
f 1325//1170 1211//1 1334//1178
f 1242//13 1327//1171 1336//1180
f 1320//1165 1330//1174 1329//1173
f 1323//1168 1331//1175 1322//1167
f 1325//1170 1333//1177 1324//1169
f 1327//1171 1329//1173 1336//1180
f 1242//13 1336//1180 1345//1189
f 1329//1173 1339//1183 1338//1182
f 1332//1176 1340//1184 1331//1175
f 1334//1178 1342//1186 1333//1177
f 1336//1180 1338//1182 1345//1189
f 1330//1174 1340//1184 1339//1183
f 1333//1177 1341//1185 1332//1176
f 1334//1178 1211//1 1343//1187
f 1341//1185 1349//239 1340//1184
f 1343//1187 1351//1194 1342//1186
f 1345//1189 1347//1191 1354//1196
f 1339//1183 1349//239 1348//1192
f 1342//1186 1350//1193 1341//1185
f 1343//1187 1211//1 1352//1195
f 1242//13 1345//1189 1354//1196
f 1338//1182 1348//1192 1347//1191
f 1347//1191 1363//1204 1354//1196
f 1349//239 1357//1198 1348//1192
f 1350//1193 1360//1201 1359//1200
f 1352//1195 1211//1 1361//1202
f 1242//13 1354//1196 1363//1204
f 1348//1192 1356//1197 1347//1191
f 1349//239 1359//1200 1358//1199
f 1351//1194 1361//1202 1360//1201
f 1359//1200 1369//1210 1368//1209
f 1361//1202 1211//1 1370//1211
f 1242//13 1363//1204 1372//1213
f 1357//1198 1365//1206 1356//1197
f 1358//1199 1368//1209 1367//1208
f 1360//1201 1370//1211 1369//1210
f 1356//1197 1372//1213 1363//1204
f 1358//1199 1366//1207 1357//1198
f 1242//13 1372//1213 1381//1222
f 1366//1207 1374//1215 1365//1206
f 1367//1208 1377//1218 1376//1217
f 1369//1210 1379//1220 1378//1219
f 1365//1206 1381//1222 1372//1213
f 1367//1208 1375//1216 1366//1207
f 1368//1209 1378//1219 1377//1218
f 1370//1211 1211//1 1379//1220
f 1378//1219 1262//1113 1387//1224
f 1374//1215 1390//1226 1381//1222
f 1376//1217 1256//1109 1375//1216
f 1377//1218 1387//1224 1259//1111
f 1379//1220 1211//1 1262//1113
f 1242//13 1381//1222 1390//1226
f 1375//1216 1253//1106 1374//1215
f 1376//1217 1259//1111 1257//7
f 1389//1225 1364//1205 1427//1250
f 1424//1249 1371//1212 1373//1214
f 1260//13 1384//1223 1380//1221
f 1389//1225 1290//1 1362//1203
f 1427//1250 1371//1212 1386//7
f 1384//1223 1373//1214 1380//1221
f 1373//1214 1337//1181 1335//1179
f 1362//1203 1344//1188 1364//1205
f 1260//13 1380//1221 1328//1172
f 1380//1221 1335//1179 1328//1172
f 1364//1205 1337//1181 1371//1212
f 1362//1203 1290//1 1346//1190
f 1337//1181 1301//1150 1308//1114
f 1346//1190 1290//1 1299//1148
f 1328//1172 1310//1141 1317//1163
f 1346//1190 1301//1150 1344//1188
f 1337//1181 1310//1141 1335//1179
f 1260//13 1328//1172 1317//1163
f 1299//1148 1290//1 1283//1133
f 1260//13 1317//1163 1265//1116
f 1308//1114 1281//1131 1274//1125
f 1308//1114 1272//1123 1310//1141
f 1310//1141 1265//1116 1317//1163
f 1301//1150 1283//1133 1281//1131
f 1274//1125 1392//1227 1214//161
f 1281//1131 1393//1228 1392//1227
f 1283//1133 1290//1 1393//1228
f 1260//13 1265//1116 1249//1102
f 1274//1125 1246//1099 1272//1123
f 1272//1123 1249//1102 1265//1116
f 1246//1099 1395//1229 1396//1230
f 1393//1228 1290//1 1400//1233
f 1260//13 1249//1102 1397//1231
f 1393//1228 1399//1232 1392//1227
f 1392//1227 1395//1229 1214//161
f 1249//1102 1396//1230 1397//1231
f 1400//1233 1406//1237 1399//1232
f 1397//1231 1403//1235 1404//1236
f 1400//1233 1290//1 1407//1238
f 1396//1230 1402//1234 1403//1235
f 1399//1232 1402//1234 1395//1229
f 1260//13 1397//1231 1404//1236
f 1260//13 1404//1236 1411//1241
f 1407//1238 1290//1 1414//1243
f 1406//1237 1409//1239 1402//1234
f 1403//1235 1411//1241 1404//1236
f 1407//1238 1413//1242 1406//1237
f 1402//1234 1410//1240 1403//1235
f 1414//1243 1290//1 1421//1248
f 1409//1239 1420//1247 1416//1244
f 1410//1240 1418//1246 1411//1241
f 1413//1242 1421//1248 1420//1247
f 1409//1239 1417//1245 1410//1240
f 1260//13 1411//1241 1418//1246
f 1421//1248 1290//1 1389//1225
f 1416//1244 1427//1250 1386//7
f 1417//1245 1384//1223 1418//1246
f 1420//1247 1389//1225 1427//1250
f 1416//1244 1424//1249 1417//1245
f 1260//13 1418//1246 1384//1223
f 1326//13 1422//1223 1412//1221
f 1428//1225 1391//1 1398//1203
f 1428//1225 1401//1205 1479//1250
f 1479//1250 1405//1212 1425//7
f 1422//1223 1408//1214 1412//1221
f 1476//1249 1405//1212 1408//1214
f 1412//1221 1382//1179 1355//1172
f 1401//1205 1383//1181 1405//1212
f 1398//1203 1391//1 1388//1190
f 1326//13 1412//1221 1355//1172
f 1408//1214 1383//1181 1382//1179
f 1398//1203 1385//1188 1401//1205
f 1383//1181 1292//1141 1382//1179
f 1326//13 1355//1172 1319//1163
f 1383//1181 1430//1150 1263//1114
f 1388//1190 1391//1 1431//1148
f 1388//1190 1430//1150 1385//1188
f 1355//1172 1292//1141 1319//1163
f 1292//1141 1435//1116 1319//1163
f 1263//1114 1437//1131 1433//1125
f 1431//1148 1391//1 1438//1133
f 1263//1114 1434//1123 1292//1141
f 1430//1150 1438//1133 1437//1131
f 1326//13 1319//1163 1435//1116
f 1326//13 1435//1116 1442//1102
f 1433//1125 1441//1099 1434//1123
f 1433//1125 1444//1227 1440//161
f 1434//1123 1442//1102 1435//1116
f 1438//1133 1391//1 1445//1228
f 1437//1131 1445//1228 1444//1227
f 1445//1228 1451//1232 1444//1227
f 1441//1099 1447//1229 1448//1230
f 1326//13 1442//1102 1449//1231
f 1445//1228 1391//1 1452//1233
f 1444//1227 1447//1229 1440//161
f 1442//1102 1448//1230 1449//1231
f 1448//1230 1454//1234 1455//1235
f 1326//13 1449//1231 1456//1236
f 1452//1233 1391//1 1459//1238
f 1451//1232 1454//1234 1447//1229
f 1449//1231 1455//1235 1456//1236
f 1452//1233 1458//1251 1451//1232
f 1326//13 1456//1236 1463//1241
f 1459//1238 1391//1 1466//1243
f 1454//1234 1465//1252 1461//1239
f 1455//1235 1463//1241 1456//1236
f 1459//1238 1465//1252 1458//1251
f 1454//1234 1462//1240 1455//1235
f 1466//1243 1391//1 1473//1248
f 1461//1239 1472//1247 1468//1244
f 1462//1240 1470//1246 1463//1241
f 1465//1252 1473//1248 1472//1247
f 1461//1239 1469//1245 1462//1240
f 1326//13 1463//1241 1470//1246
f 1473//1248 1391//1 1428//1225
f 1468//1244 1479//1250 1425//7
f 1469//1245 1422//1223 1470//1246
f 1472//1247 1428//1225 1479//1250
f 1468//1244 1476//1249 1469//1245
f 1326//13 1470//1246 1422//1223
f 1419//13 1474//1223 1464//1221
f 1480//1225 1443//1 1450//1203
f 1480//1225 1453//1205 1531//1250
f 1531//1250 1457//1212 1477//7
f 1474//1223 1460//1214 1464//1221
f 1528//1249 1457//1212 1460//1214
f 1464//1221 1429//1179 1426//1172
f 1453//1205 1432//1181 1457//1212
f 1450//1203 1443//1 1439//1190
f 1419//13 1464//1221 1426//1172
f 1460//1214 1432//1181 1429//1179
f 1450//1203 1436//1188 1453//1205
f 1439//1190 1443//1 1483//1148
f 1432//1181 1394//1141 1429//1179
f 1432//1181 1482//1150 1353//1114
f 1426//1172 1394//1141 1415//1163
f 1439//1190 1482//1150 1436//1188
f 1419//13 1426//1172 1415//1163
f 1394//1141 1487//1116 1415//1163
f 1419//13 1415//1163 1487//1116
f 1353//1114 1486//1123 1394//1141
f 1353//1114 1489//1131 1485//1125
f 1483//1148 1443//1 1490//1133
f 1482//1150 1490//1133 1489//1131
f 1490//1133 1443//1 1497//1228
f 1489//1131 1497//1228 1496//1227
f 1419//13 1487//1116 1494//1102
f 1485//1125 1493//1099 1486//1123
f 1485//1125 1496//1227 1492//161
f 1486//1123 1494//1102 1487//1116
f 1497//1228 1503//1232 1496//1227
f 1493//1099 1499//1229 1500//1230
f 1419//13 1494//1102 1501//1231
f 1497//1228 1443//1 1504//1233
f 1496//1227 1499//1229 1492//161
f 1494//1102 1500//1230 1501//1231
f 1500//1230 1506//1234 1507//1235
f 1419//13 1501//1231 1508//1236
f 1504//1233 1443//1 1511//1238
f 1503//1232 1506//1234 1499//1229
f 1501//1231 1507//1235 1508//1236
f 1504//1233 1510//1237 1503//1232
f 1419//13 1508//1236 1515//1241
f 1511//1238 1443//1 1518//1243
f 1510//1237 1513//1239 1506//1234
f 1507//1235 1515//1241 1508//1236
f 1510//1237 1518//1243 1517//1242
f 1506//1234 1514//1240 1507//1235
f 1518//1243 1443//1 1525//1248
f 1513//1239 1524//1247 1520//1244
f 1514//1240 1522//1246 1515//1241
f 1517//1242 1525//1248 1524//1247
f 1513//1239 1521//1245 1514//1240
f 1419//13 1515//1241 1522//1246
f 1525//1248 1443//1 1480//1225
f 1520//1244 1531//1250 1477//7
f 1521//1245 1474//1223 1522//1246
f 1524//1247 1480//1225 1531//1250
f 1520//1244 1528//1249 1521//1245
f 1419//13 1522//1246 1474//1223
f 1750//1067 1723//1041 1801//1112
f 1747//7 1730//1048 1798//1110
f 1798//1110 1734//1052 1744//1062
f 1648//13 1744//1062 1734//1052
f 1750//1067 1713//1 1720//1038
f 1801//1112 1727//1045 1747//7
f 1648//13 1734//1052 1677//997
f 1727//1045 1704//1024 1730//1048
f 1720//1038 1707//1027 1723//1041
f 1730//1048 1677//997 1734//1052
f 1723//1041 1705//1025 1727//1045
f 1720//1038 1713//1 1710//1029
f 1710//1029 1713//1 1753//1069
f 1704//1024 1641//962 1677//997
f 1710//1029 1752//1068 1707//1027
f 1705//1025 1614//936 1704//1024
f 1648//13 1677//997 1641//962
f 1707//1027 1585//908 1705//1025
f 1752//1068 1755//1070 1585//908
f 1648//13 1641//962 1757//1072
f 1752//1068 1760//1075 1759//1074
f 1585//908 1756//1071 1614//936
f 1753//1069 1713//1 1760//1075
f 1614//936 1757//1072 1641//962
f 1756//1071 1764//1078 1757//1072
f 1759//1074 1762//161 1755//1070
f 1760//1075 1713//1 1767//1081
f 1648//13 1757//1072 1764//1078
f 1755//1070 1763//1077 1756//1071
f 1760//1075 1766//1080 1759//1074
f 1767//1081 1713//1 1774//1088
f 1766//1080 1769//1083 1762//161
f 1763//1077 1771//1085 1764//1078
f 1767//1081 1773//1087 1766//1080
f 1762//161 1770//1084 1763//1077
f 1648//13 1764//1078 1771//1085
f 1774//1088 1713//1 1781//1095
f 1773//1087 1776//1090 1769//1083
f 1770//1084 1778//1092 1771//1085
f 1774//1088 1780//1094 1773//1087
f 1769//1083 1777//1091 1770//1084
f 1648//13 1771//1085 1778//1092
f 1780//1094 1783//1096 1776//1090
f 1777//1091 1785//1098 1778//1092
f 1781//1095 1787//1100 1780//1094
f 1776//1090 1784//1097 1777//1091
f 1648//13 1778//1092 1785//1098
f 1781//1095 1713//1 1788//1101
f 1784//1097 1792//1105 1785//1098
f 1788//1101 1794//1107 1787//1100
f 1783//1096 1791//1104 1784//1097
f 1648//13 1785//1098 1792//1105
f 1788//1101 1713//1 1795//1108
f 1787//1100 1790//1103 1783//1096
f 1794//1107 1750//1067 1801//1112
f 1790//1103 1798//1110 1791//1104
f 1648//13 1792//1105 1744//1062
f 1795//1108 1713//1 1750//1067
f 1794//1107 1747//7 1790//1103
f 1791//1104 1744//1062 1792//1105
f 1930//1226 1775//1089 1779//1093
f 1802//1113 1761//1076 1927//1224
f 1799//1111 1768//1082 1797//7
f 1796//1109 1768//1082 1772//1086
f 1793//1106 1772//1086 1775//1089
f 1782//13 1930//1226 1779//1093
f 1802//1113 1751//1 1758//1073
f 1927//1224 1765//1079 1799//1111
f 1758//1073 1751//1 1748//1065
f 1782//13 1779//1093 1804//1115
f 1775//1089 1716//1034 1675//995
f 1758//1073 1745//1063 1761//1076
f 1765//1079 1737//1055 1768//1082
f 1761//1076 1741//1059 1765//1079
f 1779//1093 1675//995 1804//1115
f 1772//1086 1737//1055 1716//1034
f 1748//1065 1751//1 1811//1122
f 1716//1034 1808//1119 1807//1118
f 1745//1063 1809//1120 1741//1059
f 1804//1115 1806//1117 1813//1124
f 1782//13 1804//1115 1813//1124
f 1748//1065 1810//1121 1745//1063
f 1741//1059 1808//1119 1737//1055
f 1675//995 1807//1118 1806//1117
f 1811//1122 1751//1 1820//1130
f 1809//1120 1817//84 1808//1119
f 1782//13 1813//1124 1822//1132
f 1806//1117 1816//1127 1815//1126
f 1810//1121 1818//1128 1809//1120
f 1807//1118 1817//84 1816//1127
f 1811//1122 1819//1129 1810//1121
f 1813//1124 1815//1126 1822//1132
f 1815//1126 1831//1140 1822//1132
f 1817//84 1825//1135 1816//1127
f 1818//1128 1828//1138 1827//1137
f 1820//1130 1751//1 1829//1139
f 1782//13 1822//1132 1831//1140
f 1816//1127 1824//1134 1815//1126
f 1817//84 1827//1137 1826//1136
f 1819//1129 1829//1139 1828//1138
f 1829//1139 1751//1 1838//1147
f 1782//13 1831//1140 1840//1149
f 1825//1135 1833//1142 1824//1134
f 1826//1136 1836//1145 1835//1144
f 1828//1138 1838//1147 1837//1146
f 1824//1134 1840//1149 1831//1140
f 1826//1136 1834//1143 1825//1135
f 1827//1137 1837//1146 1836//1145
f 1834//1143 1842//1151 1833//1142
f 1835//1144 1845//1154 1844//1153
f 1837//1146 1847//1156 1846//1155
f 1833//1142 1849//1157 1840//1149
f 1835//1144 1843//1152 1834//1143
f 1836//1145 1846//1155 1845//1154
f 1838//1147 1751//1 1847//1156
f 1782//13 1840//1149 1849//1157
f 1842//1151 1858//1164 1849//1157
f 1844//1153 1852//1159 1843//1152
f 1845//1154 1855//1161 1854//1160
f 1847//1156 1751//1 1856//1162
f 1782//13 1849//1157 1858//1164
f 1843//1152 1851//1158 1842//1151
f 1844//1153 1854//1160 1853//161
f 1846//1155 1856//1162 1855//1161
f 1852//1159 1862//1167 1861//1166
f 1855//1161 1863//1168 1854//1160
f 1856//1162 1751//1 1865//1170
f 1782//13 1858//1164 1867//1171
f 1851//1158 1861//1166 1860//1165
f 1854//1160 1862//1167 1853//161
f 1856//1162 1864//1169 1855//1161
f 1858//1164 1860//1165 1867//1171
f 1782//13 1867//1171 1876//1180
f 1860//1165 1870//1174 1869//1173
f 1863//1168 1871//1175 1862//1167
f 1865//1170 1873//1177 1864//1169
f 1867//1171 1869//1173 1876//1180
f 1861//1166 1871//1175 1870//1174
f 1864//1169 1872//1176 1863//1168
f 1865//1170 1751//1 1874//1178
f 1872//1176 1880//1184 1871//1175
f 1874//1178 1882//1186 1873//1177
f 1876//1180 1878//1182 1885//1189
f 1870//1174 1880//1184 1879//1183
f 1873//1177 1881//1185 1872//1176
f 1874//1178 1751//1 1883//1187
f 1782//13 1876//1180 1885//1189
f 1869//1173 1879//1183 1878//1182
f 1885//1189 1887//1191 1894//1196
f 1879//1183 1889//239 1888//1192
f 1882//1186 1890//1193 1881//1185
f 1883//1187 1751//1 1892//1195
f 1782//13 1885//1189 1894//1196
f 1878//1182 1888//1192 1887//1191
f 1881//1185 1889//239 1880//1184
f 1883//1187 1891//1194 1882//1186
f 1890//1193 1900//1201 1899//1200
f 1892//1195 1751//1 1901//1202
f 1782//13 1894//1196 1903//1204
f 1888//1192 1896//1197 1887//1191
f 1889//239 1899//1200 1898//1199
f 1891//1194 1901//1202 1900//1201
f 1887//1191 1903//1204 1894//1196
f 1889//239 1897//1198 1888//1192
f 1782//13 1903//1204 1912//1213
f 1897//1198 1905//1206 1896//1197
f 1898//1199 1908//1209 1907//1208
f 1900//1201 1910//1211 1909//1210
f 1896//1197 1912//1213 1903//1204
f 1898//1199 1906//1207 1897//1198
f 1899//1200 1909//1210 1908//1209
f 1901//1202 1751//1 1910//1211
f 1909//1210 1919//1220 1918//1219
f 1905//1206 1921//1222 1912//1213
f 1907//1208 1915//1216 1906//1207
f 1908//1209 1918//1219 1917//1218
f 1910//1211 1751//1 1919//1220
f 1782//13 1912//1213 1921//1222
f 1906//1207 1914//1215 1905//1206
f 1907//1208 1917//1218 1916//1217
f 1914//1215 1930//1226 1921//1222
f 1916//1217 1796//1109 1915//1216
f 1917//1218 1927//1224 1799//1111
f 1919//1220 1751//1 1802//1113
f 1782//13 1921//1222 1930//1226
f 1915//1216 1793//1106 1914//1215
f 1916//1217 1799//1111 1797//7
f 1918//1219 1802//1113 1927//1224
f 1924//1223 1913//1214 1920//1221
f 1929//1225 1830//1 1902//1203
f 1967//1250 1911//1212 1926//7
f 1964//1249 1911//1212 1913//1214
f 1800//13 1924//1223 1920//1221
f 1929//1225 1904//1205 1967//1250
f 1800//13 1920//1221 1868//1172
f 1920//1221 1875//1179 1868//1172
f 1904//1205 1877//1181 1911//1212
f 1902//1203 1830//1 1886//1190
f 1913//1214 1877//1181 1875//1179
f 1902//1203 1884//1188 1904//1205
f 1886//1190 1841//1150 1884//1188
f 1868//1172 1850//1141 1857//1163
f 1877//1181 1850//1141 1875//1179
f 1877//1181 1841//1150 1848//1114
f 1886//1190 1830//1 1839//1148
f 1800//13 1868//1172 1857//1163
f 1800//13 1857//1163 1805//1116
f 1841//1150 1823//1133 1821//1131
f 1848//1114 1812//1123 1850//1141
f 1850//1141 1805//1116 1857//1163
f 1839//1148 1830//1 1823//1133
f 1848//1114 1821//1131 1814//1125
f 1821//1131 1933//1228 1932//1227
f 1814//1125 1786//1099 1812//1123
f 1823//1133 1830//1 1933//1228
f 1800//13 1805//1116 1789//1102
f 1812//1123 1789//1102 1805//1116
f 1814//1125 1932//1227 1754//161
f 1800//13 1789//1102 1937//1231
f 1933//1228 1939//1232 1932//1227
f 1786//1099 1935//1229 1936//1230
f 1932//1227 1935//1229 1754//161
f 1789//1102 1936//1230 1937//1231
f 1933//1228 1830//1 1940//1233
f 1940//1233 1946//1237 1939//1232
f 1937//1231 1943//1235 1944//1236
f 1940//1233 1830//1 1947//1238
f 1936//1230 1942//1234 1943//1235
f 1800//13 1937//1231 1944//1236
f 1939//1232 1942//1234 1935//1229
f 1947//1238 1830//1 1954//1243
f 1946//1237 1949//1239 1942//1234
f 1943//1235 1951//1241 1944//1236
f 1947//1238 1953//1242 1946//1237
f 1942//1234 1950//1240 1943//1235
f 1800//13 1944//1236 1951//1241
f 1949//1239 1960//1247 1956//1244
f 1950//1240 1958//1246 1951//1241
f 1953//1242 1961//1248 1960//1247
f 1949//1239 1957//1245 1950//1240
f 1800//13 1951//1241 1958//1246
f 1954//1243 1830//1 1961//1248
f 1957//1245 1924//1223 1958//1246
f 1960//1247 1929//1225 1967//1250
f 1956//1244 1964//1249 1957//1245
f 1800//13 1958//1246 1924//1223
f 1961//1248 1830//1 1929//1225
f 1956//1244 1967//1250 1926//7
f 2019//1250 1945//1212 1965//7
f 1962//1223 1948//1214 1952//1221
f 1968//1225 1941//1205 2019//1250
f 2016//1249 1945//1212 1948//1214
f 1866//13 1962//1223 1952//1221
f 1968//1225 1931//1 1938//1203
f 1938//1203 1931//1 1928//1190
f 1866//13 1952//1221 1895//1172
f 1948//1214 1923//1181 1922//1179
f 1938//1203 1925//1188 1941//1205
f 1952//1221 1922//1179 1895//1172
f 1941//1205 1923//1181 1945//1212
f 1923//1181 1970//1150 1803//1114
f 1928//1190 1931//1 1971//1148
f 1928//1190 1970//1150 1925//1188
f 1866//13 1895//1172 1859//1163
f 1895//1172 1832//1141 1859//1163
f 1923//1181 1832//1141 1922//1179
f 1803//1114 1977//1131 1973//1125
f 1866//13 1859//1163 1975//1116
f 1803//1114 1974//1123 1832//1141
f 1832//1141 1975//1116 1859//1163
f 1971//1148 1931//1 1978//1133
f 1970//1150 1978//1133 1977//1131
f 1974//1123 1982//1102 1975//1116
f 1977//1131 1985//1228 1984//1227
f 1978//1133 1931//1 1985//1228
f 1866//13 1975//1116 1982//1102
f 1973//1125 1981//1099 1974//1123
f 1973//1125 1984//1227 1980//161
f 1985//1228 1931//1 1992//1233
f 1984//1227 1987//1229 1980//161
f 1982//1102 1988//1230 1989//1231
f 1985//1228 1991//1232 1984//1227
f 1981//1099 1987//1229 1988//1230
f 1866//13 1982//1102 1989//1231
f 1992//1233 1931//1 1999//1238
f 1991//1232 1994//1234 1987//1229
f 1989//1231 1995//1235 1996//1236
f 1992//1233 1998//1237 1991//1232
f 1988//1230 1994//1234 1995//1235
f 1866//13 1989//1231 1996//1236
f 1999//1238 1931//1 2006//1243
f 1998//1237 2001//1239 1994//1234
f 1995//1235 2003//1241 1996//1236
f 1998//1237 2006//1243 2005//1242
f 1994//1234 2002//1240 1995//1235
f 1866//13 1996//1236 2003//1241
f 2001//1239 2012//1247 2008//1244
f 2002//1240 2010//1246 2003//1241
f 2005//1242 2013//1248 2012//1247
f 2001//1239 2009//1245 2002//1240
f 1866//13 2003//1241 2010//1246
f 2006//1243 1931//1 2013//1248
f 2009//1245 1962//1223 2010//1246
f 2012//1247 1968//1225 2019//1250
f 2008//1244 2016//1249 2009//1245
f 1866//13 2010//1246 1962//1223
f 2013//1248 1931//1 1968//1225
f 2008//1244 2019//1250 1965//7
f 2071//1250 1997//1212 2017//7
f 2014//1223 2000//1214 2004//1221
f 2020//1225 1993//1205 2071//1250
f 2068//1249 1997//1212 2000//1214
f 1959//13 2014//1223 2004//1221
f 2020//1225 1983//1 1990//1203
f 1990//1203 1983//1 1979//1190
f 1959//13 2004//1221 1966//1172
f 2000//1214 1972//1181 1969//1179
f 1990//1203 1976//1188 1993//1205
f 2004//1221 1969//1179 1966//1172
f 1993//1205 1972//1181 1997//1212
f 1959//13 1966//1172 1955//1163
f 1972//1181 2022//1150 1893//1114
f 1979//1190 1983//1 2023//1148
f 1966//1172 1934//1141 1955//1163
f 1972//1181 1934//1141 1969//1179
f 1979//1190 2022//1150 1976//1188
f 1893//1114 2029//1131 2025//1125
f 2023//1148 1983//1 2030//1133
f 1893//1114 2026//1123 1934//1141
f 2022//1150 2030//1133 2029//1131
f 1959//13 1955//1163 2027//1116
f 1934//1141 2027//1116 1955//1163
f 2030//1133 1983//1 2037//1228
f 2029//1131 2037//1228 2036//1227
f 1959//13 2027//1116 2034//1102
f 2025//1125 2036//1227 2032//161
f 2026//1123 2034//1102 2027//1116
f 2025//1125 2033//1099 2026//1123
f 2037//1228 1983//1 2044//1233
f 2036//1227 2039//1229 2032//161
f 2034//1102 2040//1230 2041//1231
f 2037//1228 2043//1232 2036//1227
f 2033//1099 2039//1229 2040//1230
f 1959//13 2034//1102 2041//1231
f 2044//1233 1983//1 2051//1238
f 2043//1232 2046//1234 2039//1229
f 2041//1231 2047//1425 2048//1236
f 2044//1233 2050//1237 2043//1232
f 2040//1230 2046//1234 2047//1425
f 1959//13 2041//1231 2048//1236
f 2051//1238 1983//1 2058//1243
f 2050//1237 2053//1239 2046//1234
f 2047//1425 2055//1241 2048//1236
f 2051//1238 2057//1242 2050//1237
f 2047//1425 2053//1239 2054//1428
f 1959//13 2048//1236 2055//1241
f 2053//1239 2064//1247 2060//1244
f 2054//1428 2062//1246 2055//1241
f 2057//1242 2065//1248 2064//1247
f 2053//1239 2061//1245 2054//1428
f 1959//13 2055//1241 2062//1246
f 2058//1243 1983//1 2065//1248
f 2061//1245 2014//1223 2062//1246
f 2064//1247 2020//1225 2071//1250
f 2060//1244 2068//1249 2061//1245
f 1959//13 2062//1246 2014//1223
f 2065//1248 1983//1 2020//1225
f 2060//1244 2071//1250 2017//7
f 1261//1112 1210//1067 1180//1038
f 1261//1112 1183//1041 1187//1045
f 1258//1110 1190//1048 1194//1052
f 1207//7 1187//1045 1190//1048
f 1194//1052 1190//1048 1164//1024
f 1183//1041 1167//1027 1165//1025
f 1187//1045 1165//1025 1164//1024
f 1183//1041 1180//1038 1170//1029
f 1170//1029 1213//1069 1212//1068
f 1167//1027 1212//1068 1045//908
f 1164//1024 1074//936 1101//962
f 1165//1025 1045//908 1074//936
f 1213//1069 1220//1075 1219//1074
f 1045//908 1215//1070 1216//1071
f 1045//908 1212//1068 1219//1074
f 1074//936 1216//1071 1217//1072
f 1220//1075 1227//1081 1226//1080
f 1215//1070 1222//161 1223//1077
f 1219//1074 1226//1080 1222//161
f 1216//1071 1223//1077 1224//1078
f 1223//1077 1222//161 1229//1083
f 1226//1080 1233//1087 1229//1083
f 1223//1077 1230//1084 1231//1085
f 1226//1080 1227//1081 1234//1088
f 1229//1083 1233//1087 1240//1094
f 1231//1085 1230//1084 1237//1091
f 1234//1088 1241//1095 1240//1094
f 1229//1083 1236//1090 1237//1091
f 1240//1094 1247//1100 1243//1096
f 1237//1091 1244//1097 1245//1098
f 1241//1095 1248//1101 1247//1100
f 1236//1090 1243//1096 1244//1097
f 1247//1100 1254//1107 1250//1103
f 1244//1097 1251//1104 1252//1105
f 1248//1101 1255//1108 1254//1107
f 1243//1096 1250//1103 1251//1104
f 1254//1107 1261//1112 1207//7
f 1252//1105 1251//1104 1258//1110
f 1255//1108 1210//1067 1261//1112
f 1250//1103 1207//7 1258//1110
f 1262//1113 1218//1073 1221//1076
f 1387//1224 1221//1076 1225//1079
f 1256//1109 1257//7 1228//1082
f 1390//1226 1253//1106 1235//1089
f 1259//1111 1225//1079 1228//1082
f 1253//1106 1256//1109 1232//1086
f 1221//1076 1205//1063 1201//1059
f 1239//1093 1235//1089 1135//995
f 1232//1086 1228//1082 1197//1055
f 1235//1089 1232//1086 1176//1034
f 1218//1073 1208//1065 1205//1063
f 1225//1079 1201//1059 1197//1055
f 1208//1065 1271//1122 1270//1121
f 1135//995 1176//1034 1267//1118
f 1176//1034 1197//1055 1268//1119
f 1205//1063 1270//1121 1269//1120
f 1264//1115 1135//995 1266//1117
f 1201//1059 1269//1120 1268//1119
f 1271//1122 1280//1130 1279//1129
f 1267//1118 1268//1119 1277//84
f 1266//1117 1267//1118 1276//1127
f 1269//1120 1278//1128 1277//84
f 1273//1124 1266//1117 1275//1126
f 1270//1121 1279//1129 1278//1128
f 1279//1129 1280//1130 1289//1139
f 1275//1126 1284//1134 1291//1140
f 1277//84 1286//1136 1285//1135
f 1278//1128 1279//1129 1288//1138
f 1276//1127 1285//1135 1284//1134
f 1277//84 1278//1128 1287//1137
f 1284//1134 1293//1142 1300//1149
f 1286//1136 1295//1144 1294//1143
f 1287//1137 1288//1138 1297//1146
f 1285//1135 1294//1143 1293//1142
f 1286//1136 1287//1137 1296//1145
f 1288//1138 1289//1139 1298//1147
f 1294//1143 1303//1152 1302//1151
f 1295//1144 1296//1145 1305//1154
f 1297//1146 1298//1147 1307//1156
f 1293//1142 1302//1151 1309//1157
f 1295//1144 1304//1153 1303//1152
f 1296//1145 1297//1146 1306//1155
f 1303//1152 1312//1159 1311//1158
f 1304//1153 1305//1154 1314//1160
f 1306//1155 1307//1156 1316//1162
f 1302//1151 1311//1158 1318//1164
f 1304//1153 1313//161 1312//1159
f 1305//1154 1306//1155 1315//1161
f 1318//1164 1311//1158 1320//1165
f 1312//1159 1313//161 1322//1167
f 1315//1161 1324//1169 1323//1168
f 1311//1158 1312//1159 1321//1166
f 1314//1160 1323//1168 1322//1167
f 1316//1162 1325//1170 1324//1169
f 1321//1166 1322//1167 1331//1175
f 1324//1169 1333//1177 1332//1176
f 1320//1165 1321//1166 1330//1174
f 1323//1168 1332//1176 1331//1175
f 1325//1170 1334//1178 1333//1177
f 1327//1171 1320//1165 1329//1173
f 1329//1173 1330//1174 1339//1183
f 1332//1176 1341//1185 1340//1184
f 1334//1178 1343//1187 1342//1186
f 1336//1180 1329//1173 1338//1182
f 1330//1174 1331//1175 1340//1184
f 1333//1177 1342//1186 1341//1185
f 1341//1185 1350//1193 1349//239
f 1343//1187 1352//1195 1351//1194
f 1345//1189 1338//1182 1347//1191
f 1339//1183 1340//1184 1349//239
f 1342//1186 1351//1194 1350//1193
f 1338//1182 1339//1183 1348//1192
f 1347//1191 1356//1197 1363//1204
f 1349//239 1358//1199 1357//1198
f 1350//1193 1351//1194 1360//1201
f 1348//1192 1357//1198 1356//1197
f 1349//239 1350//1193 1359//1200
f 1351//1194 1352//1195 1361//1202
f 1359//1200 1360//1201 1369//1210
f 1357//1198 1366//1207 1365//1206
f 1358//1199 1359//1200 1368//1209
f 1360//1201 1361//1202 1370//1211
f 1356//1197 1365//1206 1372//1213
f 1358//1199 1367//1208 1366//1207
f 1366//1207 1375//1216 1374//1215
f 1367//1208 1368//1209 1377//1218
f 1369//1210 1370//1211 1379//1220
f 1365//1206 1374//1215 1381//1222
f 1367//1208 1376//1217 1375//1216
f 1368//1209 1369//1210 1378//1219
f 1378//1219 1379//1220 1262//1113
f 1374//1215 1253//1106 1390//1226
f 1376//1217 1257//7 1256//1109
f 1377//1218 1378//1219 1387//1224
f 1375//1216 1256//1109 1253//1106
f 1376//1217 1377//1218 1259//1111
f 1389//1225 1362//1203 1364//1205
f 1424//1249 1386//7 1371//1212
f 1427//1250 1364//1205 1371//1212
f 1384//1223 1424//1249 1373//1214
f 1373//1214 1371//1212 1337//1181
f 1362//1203 1346//1190 1344//1188
f 1380//1221 1373//1214 1335//1179
f 1364//1205 1344//1188 1337//1181
f 1337//1181 1344//1188 1301//1150
f 1328//1172 1335//1179 1310//1141
f 1346//1190 1299//1148 1301//1150
f 1337//1181 1308//1114 1310//1141
f 1308//1114 1301//1150 1281//1131
f 1308//1114 1274//1125 1272//1123
f 1310//1141 1272//1123 1265//1116
f 1301//1150 1299//1148 1283//1133
f 1274//1125 1281//1131 1392//1227
f 1281//1131 1283//1133 1393//1228
f 1274//1125 1214//161 1246//1099
f 1272//1123 1246//1099 1249//1102
f 1246//1099 1214//161 1395//1229
f 1393//1228 1400//1233 1399//1232
f 1392//1227 1399//1232 1395//1229
f 1249//1102 1246//1099 1396//1230
f 1400//1233 1407//1238 1406//1237
f 1397//1231 1396//1230 1403//1235
f 1396//1230 1395//1229 1402//1234
f 1399//1232 1406//1237 1402//1234
f 1406//1237 1413//1242 1409//1239
f 1403//1235 1410//1240 1411//1241
f 1407//1238 1414//1243 1413//1242
f 1402//1234 1409//1239 1410//1240
f 1409//1239 1413//1242 1420//1247
f 1410//1240 1417//1245 1418//1246
f 1413//1242 1414//1243 1421//1248
f 1409//1239 1416//1244 1417//1245
f 1416//1244 1420//1247 1427//1250
f 1417//1245 1424//1249 1384//1223
f 1420//1247 1421//1248 1389//1225
f 1416//1244 1386//7 1424//1249
f 1428//1225 1398//1203 1401//1205
f 1479//1250 1401//1205 1405//1212
f 1422//1223 1476//1249 1408//1214
f 1476//1249 1425//7 1405//1212
f 1412//1221 1408//1214 1382//1179
f 1401//1205 1385//1188 1383//1181
f 1408//1214 1405//1212 1383//1181
f 1398//1203 1388//1190 1385//1188
f 1383//1181 1263//1114 1292//1141
f 1383//1181 1385//1188 1430//1150
f 1388//1190 1431//1148 1430//1150
f 1355//1172 1382//1179 1292//1141
f 1292//1141 1434//1123 1435//1116
f 1263//1114 1430//1150 1437//1131
f 1263//1114 1433//1125 1434//1123
f 1430//1150 1431//1148 1438//1133
f 1433//1125 1440//161 1441//1099
f 1433//1125 1437//1131 1444//1227
f 1434//1123 1441//1099 1442//1102
f 1437//1131 1438//1133 1445//1228
f 1445//1228 1452//1233 1451//1232
f 1441//1099 1440//161 1447//1229
f 1444//1227 1451//1232 1447//1229
f 1442//1102 1441//1099 1448//1230
f 1448//1230 1447//1229 1454//1234
f 1451//1232 1458//1251 1454//1234
f 1449//1231 1448//1230 1455//1235
f 1452//1233 1459//1238 1458//1251
f 1454//1234 1458//1251 1465//1252
f 1455//1235 1462//1240 1463//1241
f 1459//1238 1466//1243 1465//1252
f 1454//1234 1461//1239 1462//1240
f 1461//1239 1465//1252 1472//1247
f 1462//1240 1469//1245 1470//1246
f 1465//1252 1466//1243 1473//1248
f 1461//1239 1468//1244 1469//1245
f 1468//1244 1472//1247 1479//1250
f 1469//1245 1476//1249 1422//1223
f 1472//1247 1473//1248 1428//1225
f 1468//1244 1425//7 1476//1249
f 1480//1225 1450//1203 1453//1205
f 1531//1250 1453//1205 1457//1212
f 1474//1223 1528//1249 1460//1214
f 1528//1249 1477//7 1457//1212
f 1464//1221 1460//1214 1429//1179
f 1453//1205 1436//1188 1432//1181
f 1460//1214 1457//1212 1432//1181
f 1450//1203 1439//1190 1436//1188
f 1432//1181 1353//1114 1394//1141
f 1432//1181 1436//1188 1482//1150
f 1426//1172 1429//1179 1394//1141
f 1439//1190 1483//1148 1482//1150
f 1394//1141 1486//1123 1487//1116
f 1353//1114 1485//1125 1486//1123
f 1353//1114 1482//1150 1489//1131
f 1482//1150 1483//1148 1490//1133
f 1489//1131 1490//1133 1497//1228
f 1485//1125 1492//161 1493//1099
f 1485//1125 1489//1131 1496//1227
f 1486//1123 1493//1099 1494//1102
f 1497//1228 1504//1233 1503//1232
f 1493//1099 1492//161 1499//1229
f 1496//1227 1503//1232 1499//1229
f 1494//1102 1493//1099 1500//1230
f 1500//1230 1499//1229 1506//1234
f 1503//1232 1510//1237 1506//1234
f 1501//1231 1500//1230 1507//1235
f 1504//1233 1511//1238 1510//1237
f 1510//1237 1517//1242 1513//1239
f 1507//1235 1514//1240 1515//1241
f 1510//1237 1511//1238 1518//1243
f 1506//1234 1513//1239 1514//1240
f 1513//1239 1517//1242 1524//1247
f 1514//1240 1521//1245 1522//1246
f 1517//1242 1518//1243 1525//1248
f 1513//1239 1520//1244 1521//1245
f 1520//1244 1524//1247 1531//1250
f 1521//1245 1528//1249 1474//1223
f 1524//1247 1525//1248 1480//1225
f 1520//1244 1477//7 1528//1249
f 1750//1067 1720//1038 1723//1041
f 1747//7 1727//1045 1730//1048
f 1798//1110 1730//1048 1734//1052
f 1801//1112 1723//1041 1727//1045
f 1727//1045 1705//1025 1704//1024
f 1720//1038 1710//1029 1707//1027
f 1730//1048 1704//1024 1677//997
f 1723//1041 1707//1027 1705//1025
f 1704//1024 1614//936 1641//962
f 1710//1029 1753//1069 1752//1068
f 1705//1025 1585//908 1614//936
f 1707//1027 1752//1068 1585//908
f 1752//1068 1759//1074 1755//1070
f 1752//1068 1753//1069 1760//1075
f 1585//908 1755//1070 1756//1071
f 1614//936 1756//1071 1757//1072
f 1756//1071 1763//1077 1764//1078
f 1759//1074 1766//1080 1762//161
f 1755//1070 1762//161 1763//1077
f 1760//1075 1767//1081 1766//1080
f 1766//1080 1773//1087 1769//1083
f 1763//1077 1770//1084 1771//1085
f 1767//1081 1774//1088 1773//1087
f 1762//161 1769//1083 1770//1084
f 1773//1087 1780//1094 1776//1090
f 1770//1084 1777//1091 1778//1092
f 1774//1088 1781//1095 1780//1094
f 1769//1083 1776//1090 1777//1091
f 1780//1094 1787//1100 1783//1096
f 1777//1091 1784//1097 1785//1098
f 1781//1095 1788//1101 1787//1100
f 1776//1090 1783//1096 1784//1097
f 1784//1097 1791//1104 1792//1105
f 1788//1101 1795//1108 1794//1107
f 1783//1096 1790//1103 1791//1104
f 1787//1100 1794//1107 1790//1103
f 1794//1107 1795//1108 1750//1067
f 1790//1103 1747//7 1798//1110
f 1794//1107 1801//1112 1747//7
f 1791//1104 1798//1110 1744//1062
f 1930//1226 1793//1106 1775//1089
f 1802//1113 1758//1073 1761//1076
f 1799//1111 1765//1079 1768//1082
f 1796//1109 1797//7 1768//1082
f 1793//1106 1796//1109 1772//1086
f 1927//1224 1761//1076 1765//1079
f 1775//1089 1772//1086 1716//1034
f 1758//1073 1748//1065 1745//1063
f 1765//1079 1741//1059 1737//1055
f 1761//1076 1745//1063 1741//1059
f 1779//1093 1775//1089 1675//995
f 1772//1086 1768//1082 1737//1055
f 1716//1034 1737//1055 1808//1119
f 1745//1063 1810//1121 1809//1120
f 1804//1115 1675//995 1806//1117
f 1748//1065 1811//1122 1810//1121
f 1741//1059 1809//1120 1808//1119
f 1675//995 1716//1034 1807//1118
f 1809//1120 1818//1128 1817//84
f 1806//1117 1807//1118 1816//1127
f 1810//1121 1819//1129 1818//1128
f 1807//1118 1808//1119 1817//84
f 1811//1122 1820//1130 1819//1129
f 1813//1124 1806//1117 1815//1126
f 1815//1126 1824//1134 1831//1140
f 1817//84 1826//1136 1825//1135
f 1818//1128 1819//1129 1828//1138
f 1816//1127 1825//1135 1824//1134
f 1817//84 1818//1128 1827//1137
f 1819//1129 1820//1130 1829//1139
f 1825//1135 1834//1143 1833//1142
f 1826//1136 1827//1137 1836//1145
f 1828//1138 1829//1139 1838//1147
f 1824//1134 1833//1142 1840//1149
f 1826//1136 1835//1144 1834//1143
f 1827//1137 1828//1138 1837//1146
f 1834//1143 1843//1152 1842//1151
f 1835//1144 1836//1145 1845//1154
f 1837//1146 1838//1147 1847//1156
f 1833//1142 1842//1151 1849//1157
f 1835//1144 1844//1153 1843//1152
f 1836//1145 1837//1146 1846//1155
f 1842//1151 1851//1158 1858//1164
f 1844//1153 1853//161 1852//1159
f 1845//1154 1846//1155 1855//1161
f 1843//1152 1852//1159 1851//1158
f 1844//1153 1845//1154 1854//1160
f 1846//1155 1847//1156 1856//1162
f 1852//1159 1853//161 1862//1167
f 1855//1161 1864//1169 1863//1168
f 1851//1158 1852//1159 1861//1166
f 1854//1160 1863//1168 1862//1167
f 1856//1162 1865//1170 1864//1169
f 1858//1164 1851//1158 1860//1165
f 1860//1165 1861//1166 1870//1174
f 1863//1168 1872//1176 1871//1175
f 1865//1170 1874//1178 1873//1177
f 1867//1171 1860//1165 1869//1173
f 1861//1166 1862//1167 1871//1175
f 1864//1169 1873//1177 1872//1176
f 1872//1176 1881//1185 1880//1184
f 1874//1178 1883//1187 1882//1186
f 1876//1180 1869//1173 1878//1182
f 1870//1174 1871//1175 1880//1184
f 1873//1177 1882//1186 1881//1185
f 1869//1173 1870//1174 1879//1183
f 1885//1189 1878//1182 1887//1191
f 1879//1183 1880//1184 1889//239
f 1882//1186 1891//1194 1890//1193
f 1878//1182 1879//1183 1888//1192
f 1881//1185 1890//1193 1889//239
f 1883//1187 1892//1195 1891//1194
f 1890//1193 1891//1194 1900//1201
f 1888//1192 1897//1198 1896//1197
f 1889//239 1890//1193 1899//1200
f 1891//1194 1892//1195 1901//1202
f 1887//1191 1896//1197 1903//1204
f 1889//239 1898//1199 1897//1198
f 1897//1198 1906//1207 1905//1206
f 1898//1199 1899//1200 1908//1209
f 1900//1201 1901//1202 1910//1211
f 1896//1197 1905//1206 1912//1213
f 1898//1199 1907//1208 1906//1207
f 1899//1200 1900//1201 1909//1210
f 1909//1210 1910//1211 1919//1220
f 1905//1206 1914//1215 1921//1222
f 1907//1208 1916//1217 1915//1216
f 1908//1209 1909//1210 1918//1219
f 1906//1207 1915//1216 1914//1215
f 1907//1208 1908//1209 1917//1218
f 1914//1215 1793//1106 1930//1226
f 1916//1217 1797//7 1796//1109
f 1917//1218 1918//1219 1927//1224
f 1915//1216 1796//1109 1793//1106
f 1916//1217 1917//1218 1799//1111
f 1918//1219 1919//1220 1802//1113
f 1924//1223 1964//1249 1913//1214
f 1967//1250 1904//1205 1911//1212
f 1964//1249 1926//7 1911//1212
f 1929//1225 1902//1203 1904//1205
f 1920//1221 1913//1214 1875//1179
f 1904//1205 1884//1188 1877//1181
f 1913//1214 1911//1212 1877//1181
f 1902//1203 1886//1190 1884//1188
f 1886//1190 1839//1148 1841//1150
f 1868//1172 1875//1179 1850//1141
f 1877//1181 1848//1114 1850//1141
f 1877//1181 1884//1188 1841//1150
f 1841//1150 1839//1148 1823//1133
f 1848//1114 1814//1125 1812//1123
f 1850//1141 1812//1123 1805//1116
f 1848//1114 1841//1150 1821//1131
f 1821//1131 1823//1133 1933//1228
f 1814//1125 1754//161 1786//1099
f 1812//1123 1786//1099 1789//1102
f 1814//1125 1821//1131 1932//1227
f 1933//1228 1940//1233 1939//1232
f 1786//1099 1754//161 1935//1229
f 1932//1227 1939//1232 1935//1229
f 1789//1102 1786//1099 1936//1230
f 1940//1233 1947//1238 1946//1237
f 1937//1231 1936//1230 1943//1235
f 1936//1230 1935//1229 1942//1234
f 1939//1232 1946//1237 1942//1234
f 1946//1237 1953//1242 1949//1239
f 1943//1235 1950//1240 1951//1241
f 1947//1238 1954//1243 1953//1242
f 1942//1234 1949//1239 1950//1240
f 1949//1239 1953//1242 1960//1247
f 1950//1240 1957//1245 1958//1246
f 1953//1242 1954//1243 1961//1248
f 1949//1239 1956//1244 1957//1245
f 1957//1245 1964//1249 1924//1223
f 1960//1247 1961//1248 1929//1225
f 1956//1244 1926//7 1964//1249
f 1956//1244 1960//1247 1967//1250
f 2019//1250 1941//1205 1945//1212
f 1962//1223 2016//1249 1948//1214
f 1968//1225 1938//1203 1941//1205
f 2016//1249 1965//7 1945//1212
f 1948//1214 1945//1212 1923//1181
f 1938//1203 1928//1190 1925//1188
f 1952//1221 1948//1214 1922//1179
f 1941//1205 1925//1188 1923//1181
f 1923//1181 1925//1188 1970//1150
f 1928//1190 1971//1148 1970//1150
f 1895//1172 1922//1179 1832//1141
f 1923//1181 1803//1114 1832//1141
f 1803//1114 1970//1150 1977//1131
f 1803//1114 1973//1125 1974//1123
f 1832//1141 1974//1123 1975//1116
f 1970//1150 1971//1148 1978//1133
f 1974//1123 1981//1099 1982//1102
f 1977//1131 1978//1133 1985//1228
f 1973//1125 1980//161 1981//1099
f 1973//1125 1977//1131 1984//1227
f 1984//1227 1991//1232 1987//1229
f 1982//1102 1981//1099 1988//1230
f 1985//1228 1992//1233 1991//1232
f 1981//1099 1980//161 1987//1229
f 1991//1232 1998//1237 1994//1234
f 1989//1231 1988//1230 1995//1235
f 1992//1233 1999//1238 1998//1237
f 1988//1230 1987//1229 1994//1234
f 1998//1237 2005//1242 2001//1239
f 1995//1235 2002//1240 2003//1241
f 1998//1237 1999//1238 2006//1243
f 1994//1234 2001//1239 2002//1240
f 2001//1239 2005//1242 2012//1247
f 2002//1240 2009//1245 2010//1246
f 2005//1242 2006//1243 2013//1248
f 2001//1239 2008//1244 2009//1245
f 2009//1245 2016//1249 1962//1223
f 2012//1247 2013//1248 1968//1225
f 2008//1244 1965//7 2016//1249
f 2008//1244 2012//1247 2019//1250
f 2071//1250 1993//1205 1997//1212
f 2014//1223 2068//1249 2000//1214
f 2020//1225 1990//1203 1993//1205
f 2068//1249 2017//7 1997//1212
f 2000//1214 1997//1212 1972//1181
f 1990//1203 1979//1190 1976//1188
f 2004//1221 2000//1214 1969//1179
f 1993//1205 1976//1188 1972//1181
f 1972//1181 1976//1188 2022//1150
f 1966//1172 1969//1179 1934//1141
f 1972//1181 1893//1114 1934//1141
f 1979//1190 2023//1148 2022//1150
f 1893//1114 2022//1150 2029//1131
f 1893//1114 2025//1125 2026//1123
f 2022//1150 2023//1148 2030//1133
f 1934//1141 2026//1123 2027//1116
f 2029//1131 2030//1133 2037//1228
f 2025//1125 2029//1131 2036//1227
f 2026//1123 2033//1099 2034//1102
f 2025//1125 2032//161 2033//1099
f 2036//1227 2043//1232 2039//1229
f 2034//1102 2033//1099 2040//1230
f 2037//1228 2044//1233 2043//1232
f 2033//1099 2032//161 2039//1229
f 2043//1232 2050//1237 2046//1234
f 2041//1231 2040//1230 2047//1425
f 2044//1233 2051//1238 2050//1237
f 2040//1230 2039//1229 2046//1234
f 2050//1237 2057//1242 2053//1239
f 2047//1425 2054//1428 2055//1241
f 2051//1238 2058//1243 2057//1242
f 2047//1425 2046//1234 2053//1239
f 2053//1239 2057//1242 2064//1247
f 2054//1428 2061//1245 2062//1246
f 2057//1242 2058//1243 2065//1248
f 2053//1239 2060//1244 2061//1245
f 2061//1245 2068//1249 2014//1223
f 2064//1247 2065//1248 2020//1225
f 2060//1244 2017//7 2068//1249
f 2060//1244 2064//1247 2071//1250
usemtl Duckling_pink
f 992//859 955//1 962//849
f 989//7 965//850 969//851
f 989//7 972//852 1040//904
f 1040//904 976//853 986//856
f 1043//906 962//849 965//850
f 931//13 986//856 976//853
f 969//851 948//846 944//845
f 962//849 955//1 951//847
f 931//13 976//853 938//843
f 969//851 941//844 972//852
f 965//850 951//847 948//846
f 972//852 938//843 976//853
f 951//847 994//860 948//846
f 941//844 927//841 938//843
f 948//846 883//837 944//845
f 951//847 955//1 995//861
f 931//13 938//843 927//841
f 941//844 883//837 906//840
f 927//841 998//864 999//865
f 994//860 997//863 883//837
f 995//861 1001//867 994//860
f 995//861 955//1 1002//868
f 906//840 997//863 998//864
f 931//13 927//841 999//865
f 998//864 1004//161 1005//870
f 1001//867 1004//161 997//863
f 1002//868 1008//873 1001//867
f 1002//868 955//1 1009//874
f 931//13 999//865 1006//871
f 999//865 1005//870 1006//871
f 931//13 1006//871 1013//878
f 1009//874 955//1 1016//881
f 1004//161 1015//880 1011//876
f 1005//870 1013//878 1006//871
f 1008//873 1016//881 1015//880
f 1004//161 1012//877 1005//870
f 1016//881 955//1 1023//888
f 1011//876 1022//887 1018//883
f 1012//877 1020//885 1013//878
f 1015//880 1023//888 1022//887
f 1011//876 1019//884 1012//877
f 931//13 1013//878 1020//885
f 1023//888 955//1 1030//894
f 1022//887 1025//889 1018//883
f 1019//884 1027//891 1020//885
f 1023//888 1029//893 1022//887
f 1019//884 1025//889 1026//890
f 931//13 1020//885 1027//891
f 1030//894 955//1 1037//901
f 1029//893 1032//896 1025//889
f 1027//891 1033//897 1034//898
f 1030//894 1036//900 1029//893
f 1026//890 1032//896 1033//897
f 931//13 1027//891 1034//898
f 1036//900 989//7 1032//896
f 1034//898 1040//904 986//856
f 1037//901 1043//906 1036//900
f 1033//897 989//7 1040//904
f 931//13 1034//898 986//856
f 1037//901 955//1 992//859
f 1471//13 1526//856 1516//853
f 1532//859 1495//1 1502//849
f 1583//906 1502//849 1505//850
f 1529//7 1505//850 1509//851
f 1580//904 1516//853 1526//856
f 1529//7 1512//852 1580//904
f 1512//852 1478//843 1516//853
f 1509//851 1488//846 1484//845
f 1502//849 1495//1 1491//847
f 1471//13 1516//853 1478//843
f 1509//851 1481//844 1512//852
f 1505//850 1491//847 1488//846
f 1491//847 1495//1 1535//861
f 1481//844 1423//837 1446//840
f 1488//846 1423//837 1484//845
f 1481//844 1467//841 1478//843
f 1491//847 1534//860 1488//846
f 1471//13 1478//843 1467//841
f 1467//841 1538//864 1539//865
f 1446//840 1537//863 1538//864
f 1534//860 1537//863 1423//837
f 1535//861 1495//1 1542//868
f 1471//13 1467//841 1539//865
f 1535//861 1541//867 1534//860
f 1542//868 1548//873 1541//867
f 1538//864 1544//161 1545//870
f 1539//865 1545//870 1546//871
f 1542//868 1495//1 1549//874
f 1541//867 1544//161 1537//863
f 1471//13 1539//865 1546//871
f 1548//873 1556//881 1555//880
f 1544//161 1552//877 1545//870
f 1471//13 1546//871 1553//878
f 1549//874 1495//1 1556//881
f 1544//161 1555//880 1551//876
f 1545//870 1553//878 1546//871
f 1551//876 1559//884 1552//877
f 1471//13 1553//878 1560//885
f 1556//881 1495//1 1563//888
f 1551//876 1562//887 1558//883
f 1552//877 1560//885 1553//878
f 1555//880 1563//888 1562//887
f 1471//13 1560//885 1567//891
f 1563//888 1495//1 1570//894
f 1558//883 1569//893 1565//889
f 1559//884 1567//891 1560//885
f 1563//888 1569//893 1562//887
f 1558//883 1566//890 1559//884
f 1570//894 1495//1 1577//901
f 1569//893 1572//896 1565//889
f 1567//891 1573//897 1574//898
f 1570//894 1576//900 1569//893
f 1566//890 1572//896 1573//897
f 1471//13 1567//891 1574//898
f 1577//901 1583//906 1576//900
f 1574//898 1580//904 1526//856
f 1573//897 1529//7 1580//904
f 1577//901 1495//1 1532//859
f 1576//900 1529//7 1572//896
f 1471//13 1574//898 1526//856
f 989//7 1043//906 965//850
f 989//7 969//851 972//852
f 1040//904 972//852 976//853
f 1043//906 992//859 962//849
f 969//851 965//850 948//846
f 969//851 944//845 941//844
f 965//850 962//849 951//847
f 972//852 941//844 938//843
f 951//847 995//861 994//860
f 941//844 906//840 927//841
f 948//846 994//860 883//837
f 941//844 944//845 883//837
f 927//841 906//840 998//864
f 994//860 1001//867 997//863
f 995//861 1002//868 1001//867
f 906//840 883//837 997//863
f 998//864 997//863 1004//161
f 1001//867 1008//873 1004//161
f 1002//868 1009//874 1008//873
f 999//865 998//864 1005//870
f 1004//161 1008//873 1015//880
f 1005//870 1012//877 1013//878
f 1008//873 1009//874 1016//881
f 1004//161 1011//876 1012//877
f 1011//876 1015//880 1022//887
f 1012//877 1019//884 1020//885
f 1015//880 1016//881 1023//888
f 1011//876 1018//883 1019//884
f 1022//887 1029//893 1025//889
f 1019//884 1026//890 1027//891
f 1023//888 1030//894 1029//893
f 1019//884 1018//883 1025//889
f 1029//893 1036//900 1032//896
f 1027//891 1026//890 1033//897
f 1030//894 1037//901 1036//900
f 1026//890 1025//889 1032//896
f 1036//900 1043//906 989//7
f 1034//898 1033//897 1040//904
f 1037//901 992//859 1043//906
f 1033//897 1032//896 989//7
f 1583//906 1532//859 1502//849
f 1529//7 1583//906 1505//850
f 1580//904 1512//852 1516//853
f 1529//7 1509//851 1512//852
f 1512//852 1481//844 1478//843
f 1509//851 1505//850 1488//846
f 1509//851 1484//845 1481//844
f 1505//850 1502//849 1491//847
f 1481//844 1484//845 1423//837
f 1488//846 1534//860 1423//837
f 1481//844 1446//840 1467//841
f 1491//847 1535//861 1534//860
f 1467//841 1446//840 1538//864
f 1446//840 1423//837 1537//863
f 1534//860 1541//867 1537//863
f 1535//861 1542//868 1541//867
f 1542//868 1549//874 1548//873
f 1538//864 1537//863 1544//161
f 1539//865 1538//864 1545//870
f 1541//867 1548//873 1544//161
f 1548//873 1549//874 1556//881
f 1544//161 1551//876 1552//877
f 1544//161 1548//873 1555//880
f 1545//870 1552//877 1553//878
f 1551//876 1558//883 1559//884
f 1551//876 1555//880 1562//887
f 1552//877 1559//884 1560//885
f 1555//880 1556//881 1563//888
f 1558//883 1562//887 1569//893
f 1559//884 1566//890 1567//891
f 1563//888 1570//894 1569//893
f 1558//883 1565//889 1566//890
f 1569//893 1576//900 1572//896
f 1567//891 1566//890 1573//897
f 1570//894 1577//901 1576//900
f 1566//890 1565//889 1572//896
f 1577//901 1532//859 1583//906
f 1574//898 1573//897 1580//904
f 1573//897 1572//896 1529//7
f 1576//900 1583//906 1529//7
usemtl Duckling_white
f 836//805 799//1 806//780
f 833//7 809//783 813//787
f 833//7 816//790 884//838
f 884//838 820//794 830//802
f 887//839 806//780 809//783
f 736//13 830//802 820//794
f 813//787 795//772 793//770
f 806//780 799//1 797//773
f 736//13 820//794 766//743
f 813//787 791//768 816//790
f 809//783 797//773 795//772
f 816//790 766//743 820//794
f 795//772 658//642 793//770
f 797//773 838//806 795//772
f 736//13 766//743 730//710
f 797//773 799//1 839//807
f 793//770 703//684 791//768
f 791//768 730//710 766//743
f 838//806 841//808 658//642
f 736//13 730//710 843//810
f 730//710 842//809 843//810
f 839//807 845//811 838//806
f 703//684 841//808 842//809
f 839//807 799//1 846//812
f 843//810 849//813 850//814
f 736//13 843//810 850//814
f 842//809 848//161 849//813
f 845//811 848//161 841//808
f 846//812 852//815 845//811
f 846//812 799//1 853//816
f 736//13 850//814 857//819
f 853//816 799//1 860//821
f 848//161 859//820 855//817
f 849//813 857//819 850//814
f 852//815 860//821 859//820
f 848//161 856//818 849//813
f 860//821 799//1 867//826
f 855//817 866//825 862//822
f 856//818 864//824 857//819
f 859//820 867//826 866//825
f 855//817 863//823 856//818
f 736//13 857//819 864//824
f 867//826 799//1 874//831
f 866//825 869//827 862//822
f 863//823 871//829 864//824
f 867//826 873//830 866//825
f 862//822 870//828 863//823
f 736//13 864//824 871//829
f 874//831 799//1 881//836
f 873//830 876//832 869//827
f 871//829 877//833 878//834
f 874//831 880//835 873//830
f 870//828 876//832 877//833
f 736//13 871//829 878//834
f 880//835 833//7 876//832
f 878//834 884//838 830//802
f 881//836 887//839 880//835
f 877//833 833//7 884//838
f 736//13 878//834 830//802
f 881//836 799//1 836//805
f 940//805 903//1 910//780
f 937//7 913//783 917//787
f 937//7 920//790 988//838
f 988//838 924//794 934//802
f 991//839 910//780 913//783
f 879//13 934//802 924//794
f 917//787 896//772 892//770
f 910//780 903//1 899//773
f 879//13 924//794 886//743
f 917//787 889//768 920//790
f 913//783 899//773 896//772
f 920//790 886//743 924//794
f 899//773 942//806 896//772
f 889//768 875//710 886//743
f 896//772 831//642 892//770
f 899//773 903//1 943//807
f 879//13 886//743 875//710
f 892//770 854//684 889//768
f 875//710 946//809 947//810
f 879//13 875//710 947//810
f 942//806 945//808 831//642
f 943//807 949//811 942//806
f 943//807 903//1 950//812
f 854//684 945//808 946//809
f 946//809 952//161 953//813
f 949//811 952//161 945//808
f 950//812 903//1 957//816
f 950//812 956//815 949//811
f 879//13 947//810 954//814
f 947//810 953//813 954//814
f 879//13 954//814 961//819
f 957//816 903//1 964//821
f 952//161 963//820 959//817
f 953//813 961//819 954//814
f 956//815 964//821 963//820
f 952//161 960//818 953//813
f 964//821 903//1 971//826
f 959//817 970//825 966//822
f 960//818 968//824 961//819
f 963//820 971//826 970//825
f 959//817 967//823 960//818
f 879//13 961//819 968//824
f 971//826 903//1 978//831
f 970//825 973//827 966//822
f 967//823 975//829 968//824
f 971//826 977//830 970//825
f 966//822 974//828 967//823
f 879//13 968//824 975//829
f 978//831 903//1 985//836
f 977//830 980//832 973//827
f 975//829 981//833 982//834
f 978//831 984//835 977//830
f 974//828 980//832 981//833
f 879//13 975//829 982//834
f 984//835 937//7 980//832
f 982//834 988//838 934//802
f 985//836 991//839 984//835
f 981//833 937//7 988//838
f 879//13 982//834 934//802
f 985//836 903//1 940//805
f 833//7 887//839 809//783
f 833//7 813//787 816//790
f 884//838 816//790 820//794
f 887//839 836//805 806//780
f 813//787 809//783 795//772
f 813//787 793//770 791//768
f 809//783 806//780 797//773
f 816//790 791//768 766//743
f 795//772 838//806 658//642
f 797//773 839//807 838//806
f 793//770 658//642 703//684
f 791//768 703//684 730//710
f 838//806 845//811 841//808
f 730//710 703//684 842//809
f 839//807 846//812 845//811
f 703//684 658//642 841//808
f 843//810 842//809 849//813
f 842//809 841//808 848//161
f 845//811 852//815 848//161
f 846//812 853//816 852//815
f 848//161 852//815 859//820
f 849//813 856//818 857//819
f 852//815 853//816 860//821
f 848//161 855//817 856//818
f 855//817 859//820 866//825
f 856//818 863//823 864//824
f 859//820 860//821 867//826
f 855//817 862//822 863//823
f 866//825 873//830 869//827
f 863//823 870//828 871//829
f 867//826 874//831 873//830
f 862//822 869//827 870//828
f 873//830 880//835 876//832
f 871//829 870//828 877//833
f 874//831 881//836 880//835
f 870//828 869//827 876//832
f 880//835 887//839 833//7
f 878//834 877//833 884//838
f 881//836 836//805 887//839
f 877//833 876//832 833//7
f 937//7 991//839 913//783
f 937//7 917//787 920//790
f 988//838 920//790 924//794
f 991//839 940//805 910//780
f 917//787 913//783 896//772
f 917//787 892//770 889//768
f 913//783 910//780 899//773
f 920//790 889//768 886//743
f 899//773 943//807 942//806
f 889//768 854//684 875//710
f 896//772 942//806 831//642
f 892//770 831//642 854//684
f 875//710 854//684 946//809
f 942//806 949//811 945//808
f 943//807 950//812 949//811
f 854//684 831//642 945//808
f 946//809 945//808 952//161
f 949//811 956//815 952//161
f 950//812 957//816 956//815
f 947//810 946//809 953//813
f 952//161 956//815 963//820
f 953//813 960//818 961//819
f 956//815 957//816 964//821
f 952//161 959//817 960//818
f 959//817 963//820 970//825
f 960//818 967//823 968//824
f 963//820 964//821 971//826
f 959//817 966//822 967//823
f 970//825 977//830 973//827
f 967//823 974//828 975//829
f 971//826 978//831 977//830
f 966//822 973//827 974//828
f 977//830 984//835 980//832
f 975//829 974//828 981//833
f 978//831 985//836 984//835
f 974//828 973//827 980//832
f 984//835 991//839 937//7
f 982//834 981//833 988//838
f 985//836 940//805 991//839
f 981//833 980//832 937//7
usemtl Duckling_black
f 835//804 772//749 775//752
f 796//7 784//761 832//803
f 798//774 700//1 772//749
f 796//7 775//752 781//758
f 832//803 790//767 794//771
f 622//13 794//771 790//767
f 781//758 754//733 748//727
f 772//749 700//1 757//736
f 622//13 790//767 739//718
f 781//758 745//724 784//761
f 775//752 757//736 754//733
f 784//761 739//718 790//767
f 748//727 721//702 745//724
f 757//736 712//693 754//733
f 745//724 727//707 739//718
f 622//13 739//718 727//707
f 754//733 718//699 748//727
f 757//736 700//1 709//690
f 712//693 685//668 718//699
f 622//13 727//707 663//647
f 709//690 691//673 712//693
f 709//690 700//1 694//676
f 727//707 681//664 663//647
f 721//702 685//668 681//664
f 694//676 700//1 801//776
f 681//664 403//161 581//569
f 694//676 800//775 691//673
f 663//647 581//569 618//604
f 691//673 403//161 685//668
f 622//13 663//647 618//604
f 403//161 804//778 581//569
f 800//775 808//782 807//781
f 801//776 700//1 808//782
f 622//13 618//604 805//779
f 581//569 805//779 618//604
f 403//161 807//781 803//777
f 807//781 815//789 814//788
f 804//778 812//786 805//779
f 622//13 805//779 812//786
f 808//782 700//1 815//789
f 803//777 814//788 810//784
f 803//777 811//785 804//778
f 815//789 700//1 822//796
f 814//788 817//791 810//784
f 811//785 819//793 812//786
f 815//789 821//795 814//788
f 810//784 818//792 811//785
f 622//13 812//786 819//793
f 822//796 700//1 829//801
f 821//795 824//797 817//791
f 819//793 825//798 826//799
f 822//796 828//800 821//795
f 818//792 824//797 825//798
f 622//13 819//793 826//799
f 828//800 796//7 824//797
f 826//799 832//803 794//771
f 829//801 835//804 828//800
f 825//798 796//7 832//803
f 622//13 826//799 794//771
f 829//801 700//1 798//774
f 888//774 851//1 858//749
f 885//7 861//752 865//758
f 885//7 868//761 936//803
f 936//803 872//767 882//771
f 939//804 858//749 861//752
f 827//13 882//771 872//767
f 865//758 844//733 840//727
f 858//749 851//1 847//736
f 827//13 872//767 834//718
f 865//758 837//724 868//761
f 861//752 847//736 844//733
f 868//761 834//718 872//767
f 847//736 890//693 844//733
f 837//724 823//707 834//718
f 844//733 763//699 840//727
f 847//736 851//1 891//690
f 827//13 834//718 823//707
f 840//727 802//702 837//724
f 823//707 894//664 895//647
f 890//693 893//668 763//699
f 891//690 897//673 890//693
f 891//690 851//1 898//676
f 802//702 893//668 894//664
f 827//13 823//707 895//647
f 895//647 901//569 902//604
f 898//676 904//775 897//673
f 898//676 851//1 905//776
f 827//13 895//647 902//604
f 897//673 900//161 893//668
f 894//664 900//161 901//569
f 827//13 902//604 909//779
f 905//776 851//1 912//782
f 900//161 911//781 907//777
f 901//569 909//779 902//604
f 904//775 912//782 911//781
f 900//161 908//778 901//569
f 912//782 851//1 919//789
f 907//777 918//788 914//784
f 908//778 916//786 909//779
f 911//781 919//789 918//788
f 907//777 915//785 908//778
f 827//13 909//779 916//786
f 919//789 851//1 926//796
f 918//788 921//791 914//784
f 915//785 923//793 916//786
f 918//788 926//796 925//795
f 914//784 922//792 915//785
f 827//13 916//786 923//793
f 926//796 851//1 933//801
f 925//795 928//797 921//791
f 923//793 929//798 930//799
f 926//796 932//800 925//795
f 922//792 928//797 929//798
f 827//13 923//793 930//799
f 932//800 885//7 928//797
f 930//799 936//803 882//771
f 933//801 939//804 932//800
f 929//798 885//7 936//803
f 827//13 930//799 882//771
f 933//801 851//1 888//774
f 835//804 798//774 772//749
f 796//7 781//758 784//761
f 796//7 835//804 775//752
f 832//803 784//761 790//767
f 781//758 775//752 754//733
f 781//758 748//727 745//724
f 775//752 772//749 757//736
f 784//761 745//724 739//718
f 748//727 718//699 721//702
f 757//736 709//690 712//693
f 745//724 721//702 727//707
f 754//733 712//693 718//699
f 712//693 691//673 685//668
f 709//690 694//676 691//673
f 727//707 721//702 681//664
f 721//702 718//699 685//668
f 681//664 685//668 403//161
f 694//676 801//776 800//775
f 663//647 681//664 581//569
f 691//673 800//775 403//161
f 403//161 803//777 804//778
f 800//775 801//776 808//782
f 581//569 804//778 805//779
f 403//161 800//775 807//781
f 807//781 808//782 815//789
f 804//778 811//785 812//786
f 803//777 807//781 814//788
f 803//777 810//784 811//785
f 814//788 821//795 817//791
f 811//785 818//792 819//793
f 815//789 822//796 821//795
f 810//784 817//791 818//792
f 821//795 828//800 824//797
f 819//793 818//792 825//798
f 822//796 829//801 828//800
f 818//792 817//791 824//797
f 828//800 835//804 796//7
f 826//799 825//798 832//803
f 829//801 798//774 835//804
f 825//798 824//797 796//7
f 885//7 939//804 861//752
f 885//7 865//758 868//761
f 936//803 868//761 872//767
f 939//804 888//774 858//749
f 865//758 861//752 844//733
f 865//758 840//727 837//724
f 861//752 858//749 847//736
f 868//761 837//724 834//718
f 847//736 891//690 890//693
f 837//724 802//702 823//707
f 844//733 890//693 763//699
f 840//727 763//699 802//702
f 823//707 802//702 894//664
f 890//693 897//673 893//668
f 891//690 898//676 897//673
f 802//702 763//699 893//668
f 895//647 894//664 901//569
f 898//676 905//776 904//775
f 897//673 904//775 900//161
f 894//664 893//668 900//161
f 900//161 904//775 911//781
f 901//569 908//778 909//779
f 904//775 905//776 912//782
f 900//161 907//777 908//778
f 907//777 911//781 918//788
f 908//778 915//785 916//786
f 911//781 912//782 919//789
f 907//777 914//784 915//785
f 918//788 925//795 921//791
f 915//785 922//792 923//793
f 918//788 919//789 926//796
f 914//784 921//791 922//792
f 925//795 932//800 928//797
f 923//793 922//792 929//798
f 926//796 933//801 932//800
f 922//792 921//791 928//797
f 932//800 939//804 885//7
f 930//799 929//798 936//803
f 933//801 888//774 939//804
f 929//798 928//797 885//7
