# Blender 5.2.1 LTS
# www.blender.org
mtllib Frog.mtl
o Frog
v 0.000000 3.200000 0.200000
v 0.000000 3.148889 -0.343520
v 0.989949 1.000000 1.102082
v 0.914594 1.306147 1.010579
v 0.000000 2.450000 -1.618653
v 0.000000 2.088229 -1.828444
v 0.000000 1.700000 -1.900000
v 0.000000 1.311772 -1.828444
v 0.000000 0.950000 -1.618653
v 0.000000 0.639340 -1.284924
v 0.700000 1.565686 0.750000
v 0.000000 0.251111 -0.343520
v 0.000000 0.200000 0.200000
v 0.378837 1.739104 0.360017
v 0.120577 3.148889 -0.325000
v 0.232937 2.999038 -0.814222
v 0.329423 2.760660 -1.234326
v 0.403459 2.450000 -1.556684
v 0.450000 2.088229 -1.759326
v 0.465874 1.700000 -1.828444
v 0.450000 1.311772 -1.759326
v 0.403459 0.950000 -1.556684
v 0.329423 0.639340 -1.234326
v 0.232937 0.400962 -0.814222
v 0.120577 0.251111 -0.325000
v 0.000000 1.800000 -0.100000
v 0.000000 1.050000 -1.300000
v 0.232937 3.148889 -0.270702
v 0.450000 2.999038 -0.709327
v 0.636396 2.760660 -1.085982
v 0.779423 2.450000 -1.375000
v 0.869333 2.088229 -1.556684
v 0.900000 1.700000 -1.618653
v 0.869333 1.311772 -1.556684
v 0.779423 0.950000 -1.375000
v 0.636396 0.639340 -1.085982
v 0.450000 0.400962 -0.709327
v 0.232937 0.251111 -0.270702
v 0.494975 1.739104 0.148959
v 0.914594 1.565686 0.360017
v 0.329423 3.148889 -0.184327
v 0.636396 2.999038 -0.542462
v 0.900000 2.760660 -0.850000
v 1.102270 2.450000 -1.085982
v 1.229423 2.088229 -1.234326
v 1.272792 1.700000 -1.284924
v 1.229423 1.311772 -1.234326
v 1.102270 0.950000 -1.085982
v 0.900000 0.639340 -0.850000
v 0.636396 0.400962 -0.542462
v 0.329423 0.251111 -0.184327
v 1.194975 1.306147 0.501041
v 1.293431 1.000000 0.550562
v 0.403459 3.148889 -0.071760
v 0.779423 2.999038 -0.325000
v 1.102270 2.760660 -0.542462
v 1.350000 2.450000 -0.709327
v 1.505729 2.088229 -0.814222
v 1.558846 1.700000 -0.850000
v 1.505729 1.311772 -0.814222
v 1.350000 0.950000 -0.709327
v 1.102270 0.639340 -0.542462
v 0.779423 0.400962 -0.325000
v 0.403459 0.251111 -0.071760
v 1.194975 0.693853 0.501041
v 0.914594 0.434315 0.360017
v 0.450000 3.148889 0.059327
v 0.869333 2.999038 -0.071760
v 1.229423 2.760660 -0.184327
v 1.505729 2.450000 -0.270702
v 1.679423 2.088229 -0.325000
v 1.738666 1.700000 -0.343520
v 1.679423 1.311772 -0.325000
v 1.505729 0.950000 -0.270702
v 1.229423 0.639340 -0.184327
v 0.869333 0.400962 -0.071760
v 0.450000 0.251111 0.059327
v 0.494975 0.260896 0.148959
v 0.000000 0.200000 -0.100000
v 0.465874 3.148889 0.200000
v 0.900000 2.999038 0.200000
v 1.272792 2.760660 0.200000
v 1.558846 2.450000 0.200000
v 1.738666 2.088229 0.200000
v 1.800000 1.700000 0.200000
v 1.738666 1.311772 0.200000
v 1.558846 0.950000 0.200000
v 1.272792 0.639340 0.200000
v 0.900000 0.400962 0.200000
v 0.465874 0.251111 0.200000
v 0.219996 1.085778 -1.591387
v 0.535757 0.260896 -0.100000
v 0.450000 3.148889 0.340673
v 0.869333 2.999038 0.471760
v 1.229423 2.760660 0.584327
v 1.505729 2.450000 0.670702
v 1.679423 2.088229 0.725000
v 1.738666 1.700000 0.743520
v 1.679423 1.311772 0.725000
v 1.505729 0.950000 0.670702
v 1.229423 0.639340 0.584327
v 0.869333 0.400962 0.471760
v 0.450000 0.251111 0.340673
v 0.989949 0.434315 -0.100000
v 1.293431 0.693853 -0.100000
v 0.403459 3.148889 0.471760
v 0.779423 2.999038 0.725000
v 1.102270 2.760660 0.942462
v 1.350000 2.450000 1.109327
v 1.505729 2.088229 1.214222
v 1.558845 1.700000 1.250000
v 1.505729 1.311772 1.214222
v 1.350000 0.950000 1.109327
v 1.102270 0.639340 0.942462
v 0.779423 0.400962 0.725000
v 0.403459 0.251111 0.471760
v 1.400000 1.000000 -0.100000
v 1.293431 1.306147 -0.100000
v 0.329423 3.148889 0.584327
v 0.636396 2.999038 0.942462
v 0.900000 2.760660 1.250000
v 1.102270 2.450000 1.485982
v 1.229423 2.088229 1.634327
v 1.272792 1.700000 1.684924
v 1.229423 1.311772 1.634327
v 1.102270 0.950000 1.485982
v 0.900000 0.639340 1.250000
v 0.636396 0.400962 0.942462
v 0.329423 0.251111 0.584327
v 0.989949 1.565686 -0.100000
v 0.535757 1.739104 -0.100000
v 0.232937 3.148889 0.670702
v 0.450000 2.999038 1.109326
v 0.636396 2.760660 1.485982
v 0.779423 2.450000 1.775000
v 0.869333 2.088229 1.956684
v 0.900000 1.700000 2.018653
v 0.869333 1.311772 1.956684
v 0.779423 0.950000 1.775000
v 0.636396 0.639340 1.485982
v 0.450000 0.400962 1.109326
v 0.232937 0.251111 0.670702
v 0.425000 1.190673 -1.862916
v 0.601041 1.357538 -2.096084
v 0.120577 3.148889 0.725000
v 0.232937 2.999038 1.214222
v 0.329423 2.760660 1.634326
v 0.403459 2.450000 1.956684
v 0.450000 2.088229 2.159327
v 0.465874 1.700000 2.228444
v 0.450000 1.311772 2.159327
v 0.403459 0.950000 1.956684
v 0.329423 0.639340 1.634326
v 0.232937 0.400962 1.214222
v 0.120577 0.251111 0.725000
v 0.494975 1.739104 -0.348959
v 0.914594 1.565686 -0.560017
v 0.000000 3.148889 0.743520
v -0.000000 2.999038 1.250000
v 0.000000 2.760660 1.684924
v -0.000000 2.450000 2.018653
v -0.000000 2.088229 2.228444
v -0.000000 1.700000 2.299999
v -0.000000 1.311772 2.228444
v -0.000000 0.950000 2.018653
v 0.000000 0.639340 1.684924
v -0.000000 0.400962 1.250000
v 0.000000 0.251111 0.743520
v 1.194975 1.306147 -0.701041
v 1.293431 1.000000 -0.750562
v -0.120577 3.148889 0.725000
v -0.232937 2.999038 1.214222
v -0.329423 2.760660 1.634326
v -0.403459 2.450000 1.956684
v -0.450000 2.088229 2.159327
v -0.465874 1.700000 2.228444
v -0.450000 1.311772 2.159327
v -0.403459 0.950000 1.956684
v -0.329423 0.639340 1.634326
v -0.232937 0.400962 1.214222
v -0.120577 0.251111 0.725000
v 1.194975 0.693853 -0.701041
v 0.914594 0.434315 -0.560017
v -0.232937 3.148889 0.670702
v -0.450000 2.999038 1.109326
v -0.636396 2.760660 1.485981
v -0.779423 2.450000 1.775000
v -0.869333 2.088229 1.956684
v -0.900000 1.700000 2.018653
v -0.869333 1.311772 1.956684
v -0.779423 0.950000 1.775000
v -0.636396 0.639340 1.485981
v -0.450000 0.400962 1.109326
v -0.232937 0.251111 0.670702
v 0.494975 0.260896 -0.348959
v 0.736122 1.575000 -2.275000
v -0.329423 3.148889 0.584327
v -0.636396 2.999038 0.942462
v -0.899999 2.760660 1.249999
v -1.102270 2.450000 1.485982
v -1.229423 2.088229 1.634327
v -1.272792 1.700000 1.684924
v -1.229423 1.311772 1.634327
v -1.102270 0.950000 1.485982
v -0.899999 0.639340 1.249999
v -0.636396 0.400962 0.942462
v -0.329423 0.251111 0.584327
v 0.821037 1.828240 -2.387471
v 0.378837 0.260896 -0.560017
v -0.403459 3.148889 0.471760
v -0.779423 2.999038 0.725000
v -1.102270 2.760660 0.942462
v -1.350000 2.450000 1.109326
v -1.505729 2.088229 1.214222
v -1.558845 1.700000 1.249999
v -1.505729 1.311772 1.214222
v -1.350000 0.950000 1.109326
v -1.102270 0.639340 0.942462
v -0.779423 0.400962 0.725000
v -0.403459 0.251111 0.471760
v 0.700000 0.434315 -0.950000
v 0.914594 0.693853 -1.210579
v -0.450000 3.148889 0.340673
v -0.869333 2.999038 0.471760
v -1.229422 2.760660 0.584326
v -1.505729 2.450000 0.670702
v -1.679423 2.088229 0.725000
v -1.738666 1.700000 0.743519
v -1.679423 1.311772 0.725000
v -1.505729 0.950000 0.670702
v -1.229422 0.639340 0.584326
v -0.869333 0.400962 0.471760
v -0.450000 0.251111 0.340673
v 0.989950 1.000000 -1.302081
v 0.914594 1.306147 -1.210579
v -0.465874 3.148889 0.200000
v -0.899999 2.999038 0.200000
v -1.272791 2.760660 0.200000
v -1.558845 2.450000 0.200000
v -1.738666 2.088229 0.200000
v -1.799999 1.700000 0.200000
v -1.738666 1.311772 0.200000
v -1.558845 0.950000 0.200000
v -1.272791 0.639340 0.200000
v -0.899999 0.400962 0.200000
v -0.465874 0.251111 0.200000
v 0.700000 1.565686 -0.950000
v 0.378837 1.739104 -0.560017
v -0.450000 3.148889 0.059327
v -0.869333 2.999038 -0.071760
v -1.229422 2.760660 -0.184326
v -1.505729 2.450000 -0.270702
v -1.679423 2.088229 -0.325000
v -1.738665 1.700000 -0.343520
v -1.679423 1.311772 -0.325000
v -1.505729 0.950000 -0.270702
v -1.229422 0.639340 -0.184326
v -0.869333 0.400962 -0.071760
v -0.450000 0.251111 0.059327
v 0.850000 2.100000 -2.425833
v 0.821037 2.371760 -2.387471
v -0.403459 3.148889 -0.071760
v -0.779422 2.999038 -0.325000
v -1.102270 2.760660 -0.542462
v -1.350000 2.450000 -0.709327
v -1.505729 2.088229 -0.814222
v -1.558845 1.700000 -0.850000
v -1.505729 1.311772 -0.814222
v -1.350000 0.950000 -0.709327
v -1.102270 0.639340 -0.542462
v -0.779422 0.400962 -0.325000
v -0.403459 0.251111 -0.071760
v 0.205025 1.739104 -0.701041
v 0.378837 1.565686 -1.210579
v -0.329423 3.148889 -0.184327
v -0.636396 2.999038 -0.542462
v -0.899999 2.760660 -0.849999
v -1.102270 2.450000 -1.085982
v -1.229423 2.088229 -1.234326
v -1.272791 1.700000 -1.284923
v -1.229423 1.311772 -1.234326
v -1.102270 0.950000 -1.085982
v -0.899999 0.639340 -0.849999
v -0.636396 0.400962 -0.542462
v -0.329423 0.251111 -0.184327
v 0.494975 1.306147 -1.551041
v 0.535757 1.000000 -1.670595
v -0.232937 3.148889 -0.270702
v -0.450000 2.999038 -0.709326
v -0.636396 2.760660 -1.085981
v -0.779422 2.450000 -1.375000
v -0.869333 2.088229 -1.556684
v -0.899999 1.700000 -1.618652
v -0.869333 1.311772 -1.556684
v -0.779422 0.950000 -1.375000
v -0.636396 0.639340 -1.085981
v -0.450000 0.400962 -0.709326
v -0.232937 0.251111 -0.270702
v 0.494975 0.693853 -1.551041
v 0.378837 0.434315 -1.210579
v -0.120577 3.148889 -0.325000
v -0.232937 2.999038 -0.814222
v -0.329423 2.760660 -1.234325
v -0.403459 2.450000 -1.556684
v -0.450000 2.088229 -1.759326
v -0.465874 1.700000 -1.828443
v -0.450000 1.311772 -1.759326
v -0.403459 0.950000 -1.556684
v -0.329423 0.639340 -1.234325
v -0.232937 0.400962 -0.814222
v -0.120577 0.251111 -0.325000
v 0.205025 0.260896 -0.701041
v 0.736122 2.625000 -2.275000
v 0.601041 2.842462 -2.096084
v 0.000000 2.999038 -0.849999
v 0.000000 2.760660 -1.284923
v 0.425000 3.009326 -1.862916
v 0.219996 3.114222 -1.591387
v 0.000000 3.150000 -1.300000
v 0.000000 1.000000 -1.800000
v 0.000000 1.306147 -1.670595
v 0.636396 1.400000 -1.455025
v 0.000000 0.400962 -0.849999
v 0.000000 1.739104 -0.750562
v 0.113878 3.114222 -1.625000
v 0.914594 0.693853 1.010579
v 0.700000 0.434315 0.750000
v 0.378837 0.260896 0.360017
v 0.219996 3.009326 -1.927852
v 0.535756 1.000000 1.470595
v 0.494974 1.306147 1.351041
v 0.378837 1.565686 1.010579
v 0.205025 1.739104 0.501041
v 0.311122 2.842462 -2.187916
v 0.494974 0.693853 1.351041
v 0.378837 0.434315 1.010579
v 0.205025 0.260896 0.501041
v 0.381045 2.625000 -2.387471
v -0.000001 1.000000 1.600000
v -0.000000 1.306147 1.470595
v -0.000000 1.565686 1.102081
v -0.000000 1.739104 0.550562
v 0.425000 2.371760 -2.512916
v -0.000000 0.693853 1.470595
v -0.000000 0.434315 1.102081
v -0.000000 0.260896 0.550562
v 0.439992 2.100000 -2.555704
v -0.535757 1.000000 1.470595
v -0.494975 1.306147 1.351040
v -0.378838 1.565686 1.010578
v -0.205025 1.739104 0.501041
v 0.425000 1.828240 -2.512916
v -0.494975 0.693853 1.351040
v -0.378838 0.434315 1.010578
v -0.205025 0.260896 0.501041
v 0.381045 1.575000 -2.387471
v -0.989950 1.000000 1.102081
v -0.914594 1.306147 1.010578
v -0.700000 1.565686 0.749999
v -0.378837 1.739104 0.360017
v 0.311122 1.357538 -2.187916
v -0.914594 0.693853 1.010578
v -0.700000 0.434315 0.749999
v -0.378837 0.260896 0.360017
v 0.219996 1.190673 -1.927852
v -1.293432 1.000000 0.550561
v -1.194975 1.306147 0.501040
v -0.914594 1.565686 0.360016
v -0.494975 1.739104 0.148959
v 0.113878 1.085778 -1.625000
v -1.194975 0.693853 0.501040
v -0.914594 0.434315 0.360016
v -0.494975 0.260896 0.148959
v 0.587953 1.591342 -1.492703
v -1.400000 1.000000 -0.100001
v -1.293431 1.306147 -0.100001
v -0.989949 1.565686 -0.100001
v -0.535757 1.739104 -0.100000
v 0.450000 1.753553 -1.600000
v -1.293431 0.693853 -0.100001
v -0.989949 0.434315 -0.100001
v -0.535757 0.260896 -0.100000
v 0.000000 1.085778 -1.636465
v -1.293431 1.000000 -0.750563
v -1.194974 1.306147 -0.701041
v -0.914594 1.565686 -0.560017
v -0.494975 1.739104 -0.348960
v 0.243538 1.861940 -1.760581
v -1.194974 0.693853 -0.701041
v -0.914594 0.434315 -0.560017
v -0.494975 0.260896 -0.348960
v 0.000000 1.900000 -1.950000
v -0.989949 1.000000 -1.302082
v -0.914594 1.306147 -1.210579
v -0.699999 1.565686 -0.950000
v -0.378837 1.739104 -0.560017
v -0.511594 3.438406 -1.200000
v -0.914594 0.693853 -1.210579
v -0.699999 0.434315 -0.950000
v -0.378837 0.260896 -0.560017
v 0.000000 1.828240 -2.555704
v -0.535756 1.000000 -1.670596
v -0.494974 1.306147 -1.551041
v -0.378837 1.565686 -1.210579
v -0.205025 1.739104 -0.701041
v 0.000000 2.100000 -2.600000
v -0.494974 0.693853 -1.551041
v -0.378837 0.434315 -1.210579
v -0.205025 0.260896 -0.701041
v 0.318198 1.861940 -1.847487
v 0.587953 1.753553 -1.760581
v 0.768198 1.591342 -1.702513
v 0.000001 1.565686 -1.302081
v 0.831491 1.400000 -1.682122
v 0.000000 3.114222 -1.636465
v 0.000001 0.693853 -1.670595
v 0.000001 0.434315 -1.302081
v 0.000000 0.260896 -0.750562
v 0.768198 1.208658 -1.702513
v 0.587953 1.046447 -1.760581
v 0.311122 1.085778 -1.537916
v 0.601041 1.190673 -1.759619
v 0.850000 1.357538 -1.950000
v 1.041033 1.575000 -2.096084
v 1.161122 1.828240 -2.187916
v 1.202082 2.100000 -2.219239
v 1.161122 2.371760 -2.187916
v 1.041033 2.625000 -2.096084
v 0.850000 2.842462 -1.950000
v 0.601041 3.009326 -1.759619
v 0.311122 3.114222 -1.537916
v 0.318198 0.938060 -1.847487
v 0.000000 0.900000 -1.950000
v 0.381045 1.085778 -1.468232
v 0.736122 1.190673 -1.625000
v 1.041033 1.357538 -1.759619
v 1.275000 1.575000 -1.862916
v 1.422078 1.828240 -1.927852
v 1.472243 2.100000 -1.950000
v 1.422078 2.371760 -1.927852
v 1.275000 2.625000 -1.862916
v 1.041033 2.842462 -1.759619
v 0.736122 3.009326 -1.625000
v 0.381045 3.114222 -1.468232
v -0.712736 3.572805 -1.200000
v 0.344415 0.938060 -1.950000
v 0.425000 1.085778 -1.387083
v 0.821037 1.190673 -1.468232
v 1.161121 1.357538 -1.537916
v 1.422078 1.575000 -1.591387
v 1.586122 1.828240 -1.625000
v 1.642074 2.100000 -1.636465
v 1.586122 2.371760 -1.625000
v 1.422078 2.625000 -1.591387
v 1.161121 2.842462 -1.537916
v 0.821037 3.009326 -1.468232
v 0.425000 3.114222 -1.387083
v 0.636396 1.046447 -1.950000
v 0.831492 1.208658 -1.950000
v 0.439992 1.085778 -1.300000
v 0.850000 1.190673 -1.300000
v 1.202081 1.357538 -1.300000
v 1.472243 1.575000 -1.300000
v 1.642074 1.828240 -1.300000
v 1.700000 2.100000 -1.300000
v 1.642074 2.371760 -1.300000
v 1.472243 2.625000 -1.300000
v 1.202081 2.842462 -1.300000
v 0.850000 3.009326 -1.300000
v 0.439992 3.114222 -1.300000
v 0.900000 1.400000 -1.950000
v 0.831492 1.591342 -1.950000
v 0.425000 1.085778 -1.212916
v 0.821037 1.190673 -1.131768
v 1.161121 1.357538 -1.062083
v 1.422078 1.575000 -1.008613
v 1.586122 1.828240 -0.975000
v 1.642074 2.100000 -0.963535
v 1.586122 2.371760 -0.975000
v 1.422078 2.625000 -1.008613
v 1.161121 2.842462 -1.062083
v 0.821037 3.009326 -1.131768
v 0.425000 3.114222 -1.212916
v 0.636396 1.753553 -1.950000
v 0.344415 1.861940 -1.950000
v 0.381045 1.085778 -1.131768
v 0.736121 1.190673 -0.975000
v 1.041033 1.357538 -0.840381
v 1.275000 1.575000 -0.737083
v 1.422078 1.828240 -0.672148
v 1.472243 2.100000 -0.650000
v 1.422078 2.371760 -0.672148
v 1.275000 2.625000 -0.737083
v 1.041033 2.842462 -0.840381
v 0.736121 3.009326 -0.975000
v 0.381045 3.114222 -1.131768
v -0.950000 3.620000 -1.200000
v -0.624731 3.375269 -1.620000
v 0.311122 1.085778 -1.062083
v 0.601041 1.190673 -0.840381
v 0.850000 1.357538 -0.650000
v 1.041033 1.575000 -0.503916
v 1.161122 1.828240 -0.412084
v 1.202081 2.100000 -0.380761
v 1.161122 2.371760 -0.412084
v 1.041033 2.625000 -0.503916
v 0.850000 2.842462 -0.650000
v 0.601041 3.009326 -0.840381
v 0.311122 3.114222 -1.062083
v 0.318198 1.861940 -2.052513
v 0.587953 1.753553 -2.139419
v 0.219996 1.085778 -1.008613
v 0.425000 1.190673 -0.737084
v 0.601041 1.357538 -0.503916
v 0.736121 1.575000 -0.325000
v 0.821037 1.828240 -0.212529
v 0.850000 2.100000 -0.174167
v 0.821037 2.371760 -0.212529
v 0.736121 2.625000 -0.325000
v 0.601041 2.842462 -0.503916
v 0.425000 3.009326 -0.737084
v 0.219996 3.114222 -1.008613
v 0.768198 1.591342 -2.197487
v 0.831492 1.400000 -2.217878
v 0.113878 1.085778 -0.975000
v 0.219996 1.190673 -0.672148
v 0.311122 1.357538 -0.412084
v 0.381044 1.575000 -0.212529
v 0.425000 1.828240 -0.087084
v 0.439992 2.100000 -0.044297
v 0.425000 2.371760 -0.087084
v 0.381044 2.625000 -0.212529
v 0.311122 2.842462 -0.412084
v 0.219996 3.009326 -0.672148
v 0.113878 3.114222 -0.975000
v 0.768198 1.208658 -2.197487
v 0.587953 1.046447 -2.139419
v 0.000000 1.085778 -0.963535
v -0.000000 1.190673 -0.650000
v 0.000000 1.357538 -0.380762
v -0.000000 1.575000 -0.174167
v -0.000000 1.828240 -0.044296
v -0.000000 2.100000 -0.000000
v -0.000000 2.371760 -0.044296
v -0.000000 2.625000 -0.174167
v 0.000000 2.842462 -0.380762
v -0.000000 3.009326 -0.650000
v 0.000000 3.114222 -0.963535
v 0.318198 0.938060 -2.052513
v -0.730797 3.572805 -1.290797
v -0.113878 1.085778 -0.975000
v -0.219996 1.190673 -0.672148
v -0.311121 1.357538 -0.412084
v -0.381045 1.575000 -0.212529
v -0.425000 1.828240 -0.087084
v -0.439992 2.100000 -0.044297
v -0.425000 2.371760 -0.087084
v -0.381045 2.625000 -0.212529
v -0.311121 2.842462 -0.412084
v -0.219996 3.009326 -0.672148
v -0.113878 3.114222 -0.975000
v -0.544966 3.438406 -1.367771
v 0.243538 0.938060 -2.139419
v -0.219996 1.085778 -1.008613
v -0.425000 1.190673 -0.737084
v -0.601040 1.357538 -0.503916
v -0.736122 1.575000 -0.325000
v -0.821037 1.828240 -0.212529
v -0.850000 2.100000 -0.174167
v -0.821037 2.371760 -0.212529
v -0.736122 2.625000 -0.325000
v -0.601040 2.842462 -0.503916
v -0.425000 3.009326 -0.737084
v -0.219996 3.114222 -1.008613
v 0.450000 1.046447 -2.300000
v 0.587953 1.208658 -2.407297
v -0.311122 1.085778 -1.062083
v -0.601041 1.190673 -0.840381
v -0.849999 1.357538 -0.650000
v -1.041033 1.575000 -0.503916
v -1.161122 1.828240 -0.412084
v -1.202081 2.100000 -0.380762
v -1.161122 2.371760 -0.412084
v -1.041033 2.625000 -0.503916
v -0.849999 2.842462 -0.650000
v -0.601041 3.009326 -0.840381
v -0.311122 3.114222 -1.062083
v 0.636396 1.400000 -2.444975
v 0.587953 1.591342 -2.407297
v -0.381045 1.085778 -1.131768
v -0.736121 1.190673 -0.975000
v -1.041033 1.357538 -0.840381
v -1.275000 1.575000 -0.737084
v -1.422078 1.828240 -0.672148
v -1.472243 2.100000 -0.650000
v -1.422078 2.371760 -0.672148
v -1.275000 2.625000 -0.737084
v -1.041033 2.842462 -0.840381
v -0.736121 3.009326 -0.975000
v -0.381045 3.114222 -1.131768
v 0.450000 1.753553 -2.300000
v 0.243538 1.861940 -2.139419
v -0.425000 1.085778 -1.212916
v -0.821037 1.190673 -1.131768
v -1.161121 1.357538 -1.062084
v -1.422078 1.575000 -1.008613
v -1.586122 1.828240 -0.975000
v -1.642073 2.100000 -0.963536
v -1.586122 2.371760 -0.975000
v -1.422078 2.625000 -1.008613
v -1.161121 2.842462 -1.062084
v -0.821037 3.009326 -1.131768
v -0.425000 3.114222 -1.212916
v -0.420797 3.237264 -1.419203
v -0.377195 3.000000 -1.437264
v -0.439992 1.085778 -1.300000
v -0.850000 1.190673 -1.300000
v -1.202081 1.357538 -1.300000
v -1.472243 1.575000 -1.300000
v -1.642074 1.828240 -1.300000
v -1.699999 2.100000 -1.300000
v -1.642074 2.371760 -1.300000
v -1.472243 2.625000 -1.300000
v -1.202081 2.842462 -1.300000
v -0.850000 3.009326 -1.300000
v -0.439992 3.114222 -1.300000
v 0.131802 1.861940 -2.197487
v 0.243538 1.753553 -2.407297
v -0.425000 1.085778 -1.387083
v -0.821036 1.190673 -1.468232
v -1.161121 1.357538 -1.537916
v -1.422077 1.575000 -1.591387
v -1.586122 1.828240 -1.625000
v -1.642073 2.100000 -1.636465
v -1.586122 2.371760 -1.625000
v -1.422077 2.625000 -1.591387
v -1.161121 2.842462 -1.537916
v -0.821036 3.009326 -1.468232
v -0.425000 3.114222 -1.387083
v 0.318198 1.591342 -2.547487
v 0.344415 1.400000 -2.596716
v -0.381045 1.085778 -1.468232
v -0.736121 1.190673 -1.625000
v -1.041032 1.357538 -1.759619
v -1.275000 1.575000 -1.862916
v -1.422078 1.828240 -1.927852
v -1.472242 2.100000 -1.950000
v -1.422078 2.371760 -1.927852
v -1.275000 2.625000 -1.862916
v -1.041032 2.842462 -1.759619
v -0.736121 3.009326 -1.625000
v -0.381045 3.114222 -1.468232
v 0.318198 1.208658 -2.547487
v 0.243538 1.046447 -2.407297
v -0.311122 1.085778 -1.537916
v -0.601040 1.190673 -1.759619
v -0.849999 1.357538 -1.949999
v -1.041033 1.575000 -2.096084
v -1.161122 1.828240 -2.187916
v -1.202081 2.100000 -2.219238
v -1.161122 2.371760 -2.187916
v -1.041033 2.625000 -2.096084
v -0.849999 2.842462 -1.949999
v -0.601040 3.009326 -1.759619
v -0.311122 3.114222 -1.537916
v 0.131802 0.938060 -2.197487
v -0.420797 2.762736 -1.419203
v -0.219996 1.085778 -1.591387
v -0.425000 1.190673 -1.862916
v -0.601040 1.357538 -2.096084
v -0.736121 1.575000 -2.275000
v -0.821037 1.828240 -2.387471
v -0.849999 2.100000 -2.425832
v -0.821037 2.371760 -2.387471
v -0.736121 2.625000 -2.275000
v -0.601040 2.842462 -2.096084
v -0.425000 3.009326 -1.862916
v -0.219996 3.114222 -1.591387
v -0.544966 2.561594 -1.367771
v -0.730797 2.427195 -1.290797
v -0.113878 1.085778 -1.625000
v -0.219996 1.190673 -1.927851
v -0.311121 1.357538 -2.187916
v -0.381044 1.575000 -2.387471
v -0.425000 1.828240 -2.512916
v -0.439992 2.100000 -2.555703
v -0.425000 2.371760 -2.512916
v -0.381044 2.625000 -2.387471
v -0.311121 2.842462 -2.187916
v -0.219996 3.009326 -1.927851
v -0.113878 3.114222 -1.625000
v -0.950000 2.380000 -1.200000
v -0.773966 3.474985 -1.620000
v 0.000000 1.400000 -2.650000
v 0.000000 1.190673 -1.950000
v 0.000000 1.357538 -2.219238
v 0.000000 1.575000 -2.425833
v 0.000000 1.591342 -2.596716
v -0.782229 2.427195 -1.367771
v 0.000000 2.371760 -2.555704
v 0.000000 2.625000 -2.425833
v 0.000000 2.842462 -2.219238
v 0.000000 3.009326 -1.950000
v 0.000000 1.861940 -2.217878
v -0.640000 2.561594 -1.510000
v 0.587953 1.208658 -1.492703
v 0.450000 1.046447 -1.600000
v 0.243538 0.938060 -1.760581
v -0.544965 2.762736 -1.605035
v 0.344415 1.400000 -1.303284
v 0.318198 1.591342 -1.352513
v 0.243538 1.753553 -1.492703
v 0.131802 1.861940 -1.702513
v -0.511594 3.000000 -1.638406
v 0.318198 1.208658 -1.352513
v 0.243538 1.046447 -1.492703
v 0.131802 0.938060 -1.702513
v -0.544965 3.237264 -1.605035
v -0.000000 1.400000 -1.250000
v -0.000000 1.591342 -1.303284
v -0.000000 1.753553 -1.455025
v -0.000000 1.861940 -1.682122
v -0.640000 3.438406 -1.510000
v -0.000000 1.208658 -1.303284
v -0.000000 1.046447 -1.455025
v -0.000000 0.938060 -1.682122
v -0.782229 3.572805 -1.367771
v -0.344415 1.400000 -1.303284
v -0.318198 1.591342 -1.352513
v -0.243538 1.753553 -1.492703
v -0.131802 1.861940 -1.702513
v -0.950000 3.510000 -1.620000
v -0.318198 1.208658 -1.352513
v -0.243538 1.046447 -1.492703
v -0.131802 0.938060 -1.702513
v -0.950000 3.080000 -1.870000
v -0.636396 1.400000 -1.455026
v -0.587953 1.591342 -1.492703
v -0.450000 1.753553 -1.600000
v -0.243538 1.861940 -1.760581
v -0.859203 3.572805 -1.419203
v -0.587953 1.208658 -1.492703
v -0.450000 1.046447 -1.600000
v -0.243538 0.938060 -1.760581
v -0.782229 3.438406 -1.605035
v -0.831492 1.400000 -1.682122
v -0.768198 1.591342 -1.702513
v -0.587953 1.753553 -1.760582
v -0.318198 1.861940 -1.847488
v -0.730797 3.237264 -1.729203
v -0.768198 1.208658 -1.702513
v -0.587953 1.046447 -1.760582
v -0.318198 0.938060 -1.847488
v -0.712736 3.000000 -1.772805
v -0.900000 1.400000 -1.950000
v -0.831491 1.591342 -1.950000
v -0.636396 1.753553 -1.950000
v -0.344415 1.861940 -1.950000
v -0.730797 2.762736 -1.729203
v -0.831491 1.208658 -1.950000
v -0.636396 1.046447 -1.950000
v -0.344415 0.938060 -1.950000
v -0.782229 2.561594 -1.605035
v -0.831491 1.400000 -2.217879
v -0.768198 1.591342 -2.197488
v -0.587953 1.753553 -2.139419
v -0.318198 1.861940 -2.052513
v -0.859203 2.427195 -1.419203
v -0.768198 1.208658 -2.197488
v -0.587953 1.046447 -2.139419
v -0.318198 0.938060 -2.052513
v -0.787365 3.474985 -1.678579
v -0.636396 1.400000 -2.444975
v -0.587953 1.591342 -2.407297
v -0.450000 1.753553 -2.300000
v -0.243538 1.861940 -2.139419
v -0.649490 3.375269 -1.728239
v -0.587953 1.208658 -2.407297
v -0.450000 1.046447 -2.300000
v -0.243538 0.938060 -2.139419
v -0.950000 2.427195 -1.437264
v -0.344415 1.400000 -2.596716
v -0.318198 1.591342 -2.547487
v -0.243538 1.753553 -2.407297
v -0.131802 1.861940 -2.197488
v -0.950000 2.561594 -1.638406
v -0.318198 1.208658 -2.547487
v -0.243538 1.046447 -2.407297
v -0.131802 0.938060 -2.197488
v -0.950000 2.762736 -1.772805
v -0.950000 3.000000 -1.820000
v -0.950000 3.237264 -1.772805
v 0.000000 1.753553 -2.444975
v -0.950000 3.438406 -1.638406
v -0.557365 3.226034 -1.761421
v 0.000000 1.208658 -2.596715
v 0.000000 1.046447 -2.444975
v 0.000000 0.938060 -2.217878
v -0.525015 3.050000 -1.773073
v -0.377195 3.237264 -1.200000
v -0.330000 3.000000 -1.200000
v -0.377195 2.762736 -1.200000
v -0.511594 2.561594 -1.200000
v -0.712736 2.427195 -1.200000
v -0.557365 2.873966 -1.761421
v -0.544966 3.438406 -1.032229
v -0.730797 3.572805 -1.109203
v -0.649490 2.724731 -1.728239
v -0.420797 3.237264 -0.980797
v -0.377195 3.000000 -0.962736
v -0.420797 2.762736 -0.980797
v -0.544966 2.561594 -1.032229
v -0.730797 2.427195 -1.109203
v -0.787365 2.625015 -1.678579
v -0.640000 3.438406 -0.890000
v -0.782229 3.572805 -1.032229
v -0.950000 2.590000 -1.620000
v -0.544966 3.237264 -0.794966
v -0.511594 3.000000 -0.761594
v -0.544966 2.762736 -0.794966
v -0.640000 2.561594 -0.890000
v -0.782229 2.427195 -1.032229
v -0.950000 2.910000 -1.883397
v -0.782229 3.438406 -0.794966
v -0.859203 3.572805 -0.980797
v -0.825525 2.625015 -1.728239
v -0.730797 3.237264 -0.670797
v -0.712736 3.000000 -0.627195
v -0.730797 2.762736 -0.670797
v -0.782229 2.561594 -0.794966
v -0.859203 2.427195 -0.980797
v -0.720000 2.724731 -1.820000
v -0.950000 3.438406 -0.761594
v -0.950000 3.572805 -0.962736
v -0.649490 2.873966 -1.881313
v -0.950000 3.237264 -0.627195
v -0.950000 3.000000 -0.580000
v -0.950000 2.762736 -0.627195
v -0.950000 2.561594 -0.761594
v -0.950000 2.427195 -0.962736
v -0.624731 3.050000 -1.902843
v -1.117771 3.438406 -0.794966
v -1.040797 3.572805 -0.980797
v -0.649490 3.226034 -1.881313
v -1.169203 3.237264 -0.670797
v -1.187264 3.000000 -0.627195
v -1.169203 2.762736 -0.670797
v -1.117771 2.561594 -0.794966
v -1.040797 2.427195 -0.980797
v -0.720000 3.375269 -1.820000
v -1.260000 3.438406 -0.890000
v -1.117771 3.572805 -1.032229
v -0.825525 3.474985 -1.728239
v -1.355035 3.237264 -0.794966
v -1.388406 3.000000 -0.761594
v -1.355035 2.762736 -0.794966
v -1.260000 2.561594 -0.890000
v -1.117771 2.427195 -1.032229
v -0.950000 2.785551 -1.920000
v -1.355034 3.438406 -1.032229
v -1.169203 3.572805 -1.109203
v -0.950000 2.740000 -1.970000
v -1.479203 3.237264 -0.980797
v -1.522805 3.000000 -0.962737
v -1.479203 2.762736 -0.980797
v -1.355034 2.561594 -1.032229
v -1.169203 2.427195 -1.109203
v -0.882635 3.474985 -1.761421
v -1.388406 3.438406 -1.200000
v -1.187264 3.572805 -1.200000
v -0.825525 3.375269 -1.881313
v -1.522805 3.237264 -1.200000
v -1.570000 3.000000 -1.200000
v -1.522805 2.762736 -1.200000
v -1.388406 2.561594 -1.200000
v -1.187264 2.427195 -1.200000
v -0.787365 3.226034 -1.961421
v -1.355034 3.438406 -1.367771
v -1.169203 3.572805 -1.290797
v -0.773966 3.050000 -1.989552
v -1.479203 3.237264 -1.419203
v -1.522805 3.000000 -1.437264
v -1.479203 2.762736 -1.419203
v -1.355034 2.561594 -1.367771
v -1.169203 2.427195 -1.290797
v -0.787365 2.873966 -1.961421
v -1.260000 3.438406 -1.510000
v -1.117771 3.572805 -1.367771
v -0.825525 2.724731 -1.881313
v -1.355034 3.237264 -1.605035
v -1.388406 3.000000 -1.638407
v -1.355034 2.762736 -1.605035
v -1.260000 2.561594 -1.510000
v -1.117771 2.427195 -1.367771
v -0.882635 2.625015 -1.761421
v -1.117770 3.438406 -1.605035
v -1.040797 3.572805 -1.419203
v -0.773916 3.220000 -2.034549
v -1.169203 3.237264 -1.729203
v -1.187263 3.000000 -1.772805
v -1.169203 2.762736 -1.729203
v -1.117770 2.561594 -1.605035
v -1.040797 2.427195 -1.419203
v -0.870649 2.785551 -1.929549
v -0.950000 2.625015 -1.773073
v -0.950000 3.572805 -1.437264
v -0.950000 2.724731 -1.902843
v -0.950000 2.873966 -1.989552
v -0.950000 3.050000 -2.020000
v -0.950000 3.226034 -1.989552
v -0.950000 3.375269 -1.902843
v -0.812560 2.910000 -1.899937
v -0.791298 3.080000 -1.889098
v -0.525015 3.226034 -1.620000
v -0.490000 3.050000 -1.620000
v -0.525015 2.873966 -1.620000
v -0.624731 2.724731 -1.620000
v -0.773966 2.625015 -1.620000
v -0.812560 3.250000 -1.899937
v -0.649491 3.375269 -1.511761
v -0.787365 3.474985 -1.561421
v -0.870649 3.374449 -1.929549
v -0.557365 3.226034 -1.478579
v -0.525015 3.050000 -1.466927
v -0.557365 2.873966 -1.478579
v -0.649491 2.724731 -1.511761
v -0.787365 2.625015 -1.561421
v -0.950000 3.420000 -1.970000
v -0.720000 3.375269 -1.420000
v -0.825525 3.474985 -1.511761
v -0.784109 3.180000 -2.036619
v -0.649491 3.226034 -1.358687
v -0.624731 3.050000 -1.337157
v -0.649491 2.873966 -1.358687
v -0.720000 2.724731 -1.420000
v -0.825525 2.625015 -1.511761
v -0.821607 3.374449 -1.954549
v -0.825525 3.375269 -1.358687
v -0.882635 3.474985 -1.478579
v -0.727617 3.250000 -1.943238
v -0.787366 3.226034 -1.278579
v -0.773966 3.050000 -1.250448
v -0.787366 2.873966 -1.278579
v -0.825525 2.724731 -1.358687
v -0.882635 2.625015 -1.478579
v -0.693215 3.080000 -1.939098
v -0.950000 3.375269 -1.337157
v -0.950000 3.474985 -1.466927
v -0.727617 2.910000 -1.943238
v -0.950000 3.226034 -1.250448
v -0.950000 3.050000 -1.220000
v -0.950000 2.873966 -1.250448
v -0.950000 2.724731 -1.337157
v -0.950000 2.625015 -1.466927
v -0.821607 2.785551 -1.954549
v -1.074475 3.375269 -1.358688
v -1.017365 3.474985 -1.478579
v -0.811958 3.150718 -2.042274
v -1.112635 3.226034 -1.278579
v -1.126034 3.050000 -1.250448
v -1.112635 2.873966 -1.278579
v -1.074475 2.724731 -1.358688
v -1.017365 2.625015 -1.478579
v -0.850000 3.140000 -2.050000
v -1.180000 3.375269 -1.420000
v -1.074475 3.474985 -1.511761
v -0.821607 2.785551 -1.985451
v -1.250510 3.226034 -1.358688
v -1.275269 3.050000 -1.337157
v -1.250510 2.873966 -1.358688
v -1.180000 2.724731 -1.420000
v -1.074475 2.625015 -1.511761
v -0.727617 2.910000 -1.996762
v -1.250510 3.375269 -1.511761
v -1.112635 3.474985 -1.561421
v -0.693215 3.080000 -2.000902
v -1.342635 3.226034 -1.478579
v -1.374985 3.050000 -1.466927
v -1.342635 2.873966 -1.478579
v -1.250510 2.724731 -1.511761
v -1.112635 2.625015 -1.561421
v -0.727617 3.250000 -1.996762
v -1.275269 3.375269 -1.620000
v -1.126034 3.474985 -1.620000
v -0.821607 3.374449 -1.985451
v -1.374985 3.226034 -1.620000
v -1.410000 3.050000 -1.620000
v -1.374985 2.873966 -1.620000
v -1.275269 2.724731 -1.620000
v -1.126034 2.625015 -1.620000
v -0.983704 2.050000 -2.069098
v -1.250509 3.375269 -1.728239
v -1.112635 3.474985 -1.678579
v -0.811958 3.150718 -2.057725
v -1.342634 3.226034 -1.761421
v -1.374985 3.050000 -1.773074
v -1.342634 2.873966 -1.761421
v -1.250509 2.724731 -1.728239
v -1.112635 2.625015 -1.678579
v -0.870649 3.374449 -2.010451
v -1.180000 3.375269 -1.820000
v -1.074475 3.474985 -1.728239
v -0.812560 3.250000 -2.040063
v -1.250509 3.226034 -1.881313
v -1.275269 3.050000 -1.902843
v -1.250509 2.873966 -1.881313
v -1.180000 2.724731 -1.820000
v -1.074475 2.625015 -1.728239
v -0.791298 3.080000 -2.050902
v -1.074475 3.375269 -1.881313
v -1.017365 3.474985 -1.761421
v -0.812560 2.910000 -2.040063
v -1.112634 3.226034 -1.961421
v -1.126034 3.050000 -1.989552
v -1.112634 2.873966 -1.961421
v -1.074475 2.724731 -1.881313
v -1.017365 2.625015 -1.761421
v -0.870649 2.785551 -2.010451
v -0.784109 3.180000 -2.063381
v -0.950000 3.474985 -1.773073
v -0.773916 3.220000 -2.065451
v -0.950000 2.785551 -2.020000
v -0.784109 3.260000 -2.063381
v -0.950000 3.080000 -2.070000
v -0.811958 3.289282 -2.057725
v -0.950000 3.374449 -2.020000
v -0.850000 3.300000 -2.050000
v -0.950000 3.250000 -1.883397
v -0.950000 3.374449 -1.920000
v -1.019381 1.950000 -2.073238
v -1.108702 3.080000 -1.889098
v -1.087440 2.910000 -1.899937
v -1.029351 2.785551 -1.929549
v -0.826489 3.289282 -2.070225
v -1.087440 3.250000 -1.899937
v -1.029351 3.374449 -1.929549
v -0.809277 3.260000 -2.085032
v -1.206785 3.080000 -1.939098
v -1.172383 2.910000 -1.943238
v -1.078393 2.785551 -1.954549
v -0.802977 3.220000 -2.090451
v -1.172383 3.250000 -1.943238
v -1.078393 3.374449 -1.954549
v -0.809277 3.180000 -2.085032
v -1.206785 3.080000 -2.000902
v -1.172383 2.910000 -1.996762
v -1.078393 2.785551 -1.985451
v -0.826489 3.150718 -2.070225
v -1.172383 3.250000 -1.996762
v -1.078393 3.374449 -1.985451
v -1.116852 1.876795 -2.084549
v -1.108702 3.080000 -2.050902
v -1.087440 2.910000 -2.040063
v -1.029351 2.785551 -2.010451
v -1.250000 1.850000 -2.100000
v -1.087440 3.250000 -2.040063
v -1.029351 3.374449 -2.010451
v -0.850000 3.150718 -2.075000
v -0.254894 2.500000 -2.431459
v -0.950000 2.910000 -2.056602
v -0.850000 3.220000 -2.100000
v -1.116852 1.876795 -2.115451
v -0.950000 3.250000 -2.056602
v -0.850000 3.289282 -2.075000
v -1.019381 1.950000 -2.126762
v -0.784109 3.260000 -2.036619
v -0.811958 3.289282 -2.042274
v -0.983704 2.050000 -2.130902
v -0.802977 3.220000 -2.009549
v -0.809277 3.180000 -2.014968
v -0.826489 3.150718 -2.029774
v -1.019381 2.150000 -2.126762
v -0.809277 3.260000 -2.014968
v -0.826489 3.289282 -2.029774
v -1.116852 2.223205 -2.115451
v -0.850000 3.220000 -2.000000
v -0.850000 3.180000 -2.006699
v -0.850000 3.150718 -2.025000
v -1.250000 2.250000 -2.100000
v -0.850000 3.260000 -2.006699
v -0.850000 3.289282 -2.025000
v -0.267636 2.460000 -2.433943
v -0.897023 3.220000 -2.009549
v -0.890723 3.180000 -2.014968
v -0.873511 3.150718 -2.029774
v -1.167710 2.223205 -2.140451
v -0.890723 3.260000 -2.014968
v -0.873511 3.289282 -2.029774
v -1.107470 2.150000 -2.170063
v -0.926085 3.220000 -2.034549
v -0.915891 3.180000 -2.036619
v -0.888042 3.150718 -2.042274
v -1.085420 2.050000 -2.180902
v -0.915891 3.260000 -2.036619
v -0.888042 3.289282 -2.042274
v -1.107470 1.950000 -2.170063
v -0.926085 3.220000 -2.065451
v -0.915891 3.180000 -2.063381
v -0.888042 3.150718 -2.057725
v -1.167710 1.876795 -2.140451
v -0.915891 3.260000 -2.063381
v -0.888042 3.289282 -2.057725
v -0.302447 2.430718 -2.440730
v -0.897023 3.220000 -2.090451
v -0.890723 3.180000 -2.085032
v -0.873511 3.150718 -2.070225
v -0.350000 2.420000 -2.450000
v -0.890723 3.260000 -2.085032
v -0.873511 3.289282 -2.070225
v -1.250000 1.876795 -2.150000
v -1.629058 0.392893 0.189113
v -0.850000 3.180000 -2.093301
v -1.250000 2.050000 -2.200000
v -0.302447 2.430718 -2.459270
v -0.850000 3.260000 -2.093301
v -1.250000 2.223205 -2.150000
v -0.267636 2.460000 -2.466057
v -1.019381 2.150000 -2.073238
v -1.116852 2.223205 -2.084549
v -0.254894 2.500000 -2.468541
v -1.085420 2.050000 -2.019098
v -1.107470 1.950000 -2.029937
v -1.167710 1.876795 -2.059549
v -0.267636 2.540000 -2.466057
v -1.107470 2.150000 -2.029937
v -1.167710 2.223205 -2.059549
v -0.302447 2.569282 -2.459270
v -1.250000 2.050000 -2.000000
v -1.250000 1.950000 -2.013397
v -1.250000 1.876795 -2.050000
v -0.350000 2.580000 -2.450000
v -1.250000 2.150000 -2.013397
v -1.250000 2.223205 -2.050000
v -1.545997 0.717317 -0.090131
v -1.414580 2.050000 -2.019098
v -1.392530 1.950000 -2.029937
v -1.332290 1.876795 -2.059549
v -0.320611 2.569282 -2.474271
v -1.392530 2.150000 -2.029937
v -1.332290 2.223205 -2.059549
v -0.299096 2.540000 -2.492038
v -1.516296 2.050000 -2.069098
v -1.480619 1.950000 -2.073238
v -1.383148 1.876795 -2.084549
v -0.291221 2.500000 -2.498541
v -1.480619 2.150000 -2.073238
v -1.383148 2.223205 -2.084549
v -0.299096 2.460000 -2.492038
v -1.516296 2.050000 -2.130902
v -1.480619 1.950000 -2.126761
v -1.383148 1.876795 -2.115451
v -0.320611 2.430718 -2.474271
v -1.480619 2.150000 -2.126761
v -1.383148 2.223205 -2.115451
v -1.516829 1.100000 -0.188189
v -1.414580 2.050000 -2.180902
v -1.392530 1.950000 -2.170063
v -1.332290 1.876795 -2.140451
v -1.545997 1.482683 -0.090131
v -1.392530 2.150000 -2.170063
v -1.332290 2.223205 -2.140451
v -0.350000 2.430718 -2.480000
v -1.629058 1.807107 0.189113
v -1.250000 1.950000 -2.186602
v -0.350000 2.500000 -2.510000
v -1.753367 2.023880 0.607031
v -1.250000 2.150000 -2.186602
v -0.350000 2.569282 -2.480000
v -1.900000 2.100000 1.100000
v -0.267636 2.540000 -2.433943
v -0.302447 2.569282 -2.440730
v -1.714876 0.818198 0.254126
v -0.291221 2.500000 -2.401459
v -0.299096 2.460000 -2.407962
v -0.320611 2.430718 -2.425730
v -1.881781 2.023880 0.486475
v -0.299096 2.540000 -2.407962
v -0.320611 2.569282 -2.425730
v -1.866336 1.807107 -0.033647
v -0.350000 2.500000 -2.390000
v -0.350000 2.460000 -2.398039
v -0.350000 2.430718 -2.420000
v -1.856016 1.482683 -0.381181
v -0.350000 2.540000 -2.398039
v -0.350000 2.569282 -2.420000
v -1.852392 1.100000 -0.503219
v -0.408779 2.500000 -2.401459
v -0.400904 2.460000 -2.407962
v -0.379389 2.430718 -2.425730
v -1.856016 0.717317 -0.381181
v -0.400904 2.540000 -2.407962
v -0.379389 2.569282 -2.425730
v -1.866336 0.392893 -0.033647
v -0.445106 2.500000 -2.431459
v -0.432364 2.460000 -2.433943
v -0.397553 2.430718 -2.440730
v -1.881781 0.176121 0.486475
v -0.432364 2.540000 -2.433943
v -0.397553 2.569282 -2.440730
v -1.900000 0.100000 1.100000
v -0.445106 2.500000 -2.468541
v -0.432364 2.460000 -2.466057
v -0.397553 2.430718 -2.459270
v -1.891572 0.915746 0.229293
v -0.432364 2.540000 -2.466057
v -0.397553 2.569282 -2.459270
v -2.100000 0.950000 0.200000
v -0.408779 2.500000 -2.498541
v -0.400904 2.460000 -2.492038
v -0.379389 2.430718 -2.474271
v -2.108739 0.392893 -0.083819
v -0.400904 2.540000 -2.492038
v -0.379389 2.569282 -2.474271
v -2.172731 0.717317 -0.446734
v -2.195202 1.100000 -0.574173
v -0.350000 2.460000 -2.501961
v -2.172731 1.482683 -0.446734
v -1.498959 0.320208 -1.000000
v -0.350000 2.540000 -2.501961
v -2.012969 2.023880 0.459322
v -1.876866 0.915746 0.009531
v -1.753367 0.176121 0.607031
v -1.687702 0.818198 -0.151941
v -1.433028 0.392893 0.550547
v -1.289871 0.717317 0.382105
v -1.239602 1.100000 0.322956
v -1.289871 1.482683 0.382105
v -1.433028 1.807107 0.550547
v -1.647276 2.023880 0.802638
v -1.561306 0.672208 -0.259833
v -1.647276 0.176121 0.802638
v -1.516922 0.500000 -0.297720
v -1.308090 0.392893 0.995631
v -1.126633 0.717317 0.963635
v -1.062913 1.100000 0.952399
v -1.126633 1.482683 0.963635
v -1.308090 1.807107 0.995631
v -1.579661 2.023880 1.043516
v -1.561306 0.327792 -0.259833
v -1.579661 0.176121 1.043516
v -1.687702 0.181802 -0.151941
v -1.273266 0.392893 1.456603
v -1.081132 0.717317 1.565925
v -1.013664 1.100000 1.604313
v -1.081132 1.482683 1.565925
v -1.273266 1.807107 1.456603
v -1.560814 2.023880 1.292992
v -1.876866 0.084254 0.009531
v -1.560814 0.176121 1.292992
v -2.100000 0.050000 0.200000
v -1.333856 0.392893 1.863286
v -1.160297 0.717317 2.097281
v -1.099351 1.100000 2.179450
v -1.160297 1.482683 2.097281
v -1.333856 1.807107 1.863286
v -1.593605 2.023880 1.513088
v -1.774719 0.357060 -1.000000
v -1.593605 0.176121 1.513088
v -1.896129 0.084254 -0.181234
v -1.480636 0.392893 2.153766
v -1.352075 0.717317 2.476811
v -1.306930 1.100000 2.590250
v -1.352075 1.482683 2.476811
v -1.480636 1.807107 2.153766
v -1.673042 2.023880 1.670294
v -1.723296 0.181802 -0.504428
v -1.673042 0.176121 1.670294
v -1.607813 0.327792 -0.720380
v -1.691261 0.392893 2.283819
v -1.627269 0.717317 2.646734
v -1.604798 1.100000 2.774173
v -1.627269 1.482683 2.646734
v -1.691261 1.807107 2.283819
v -1.787031 2.023880 1.740678
v -1.567261 0.500000 -0.796212
v -1.787031 0.176121 1.740678
v -1.607813 0.672208 -0.720380
v -1.933664 0.392893 2.233647
v -1.943984 0.717317 2.581181
v -1.947608 1.100000 2.703218
v -1.943984 1.482683 2.581181
v -1.933664 1.807107 2.233647
v -1.918219 2.023880 1.713525
v -1.723296 0.818198 -0.504428
v -1.918219 0.176121 1.713525
v -1.896129 0.915746 -0.181234
v -2.170943 0.392893 2.010887
v -2.254003 0.717317 2.290131
v -2.283171 1.100000 2.388188
v -2.254003 1.482683 2.290131
v -2.170943 1.807107 2.010887
v -2.046633 2.023880 1.592968
v -2.100000 0.370000 -1.000000
v -2.046633 0.176121 1.592968
v -2.600000 0.180000 -1.200000
v -2.366972 0.392893 1.649452
v -2.510128 0.717317 1.817894
v -2.560399 1.100000 1.877043
v -2.510128 1.482683 1.817894
v -2.366972 1.807107 1.649452
v -2.152724 2.023880 1.397362
v -1.946430 0.915746 -0.313959
v -2.152724 0.176121 1.397362
v -1.816241 0.818198 -0.749673
v -2.491910 0.392893 1.204369
v -2.673367 0.717317 1.236365
v -2.737087 1.100000 1.247600
v -2.673367 1.482683 1.236365
v -2.491910 1.807107 1.204369
v -2.220339 2.023880 1.156484
v -1.729250 0.672208 -1.040807
v -2.220339 0.176121 1.156484
v -1.698704 0.500000 -1.143040
v -2.526734 0.392893 0.743397
v -2.718868 0.717317 0.634075
v -2.786336 1.100000 0.595686
v -2.718868 1.482683 0.634075
v -2.526734 1.807107 0.743397
v -2.239186 2.023880 0.907008
v -1.729250 0.327792 -1.040807
v -2.239186 0.176121 0.907008
v -1.816241 0.181802 -0.749673
v -2.466144 0.392893 0.336714
v -2.639703 0.717317 0.102718
v -2.700649 1.100000 0.020550
v -2.639703 1.482683 0.102718
v -2.466144 1.807107 0.336714
v -2.206395 2.023880 0.686912
v -1.946430 0.084254 -0.313959
v -2.206395 0.176121 0.686912
v -1.799479 0.357060 -1.124480
v -2.319364 0.392893 0.046234
v -2.447925 0.717317 -0.276812
v -2.493070 1.100000 -0.390250
v -2.447925 1.482683 -0.276812
v -2.319364 1.807107 0.046234
v -2.126958 2.023880 0.529706
v -1.544711 0.320208 -1.230008
v -2.126958 0.176121 0.529706
v -2.020111 0.084254 -0.368439
v -1.952384 0.181802 -0.850338
v -1.907131 0.327792 -1.172333
v -1.891240 0.500000 -1.285402
v -1.907131 0.672208 -1.172333
v -2.108739 1.807107 -0.083819
v -1.952384 0.818198 -0.850338
v -1.374480 0.265056 -1.300520
v -2.012969 0.176121 0.459322
v -1.314702 0.200000 -1.325281
v -1.596811 0.672208 0.270719
v -1.555352 0.500000 0.276545
v -1.596811 0.327792 0.270719
v -1.714876 0.181802 0.254126
v -1.891572 0.084254 0.229293
v -1.374480 0.134944 -1.300520
v -1.800682 0.818198 0.651953
v -1.938010 0.915746 0.444595
v -1.544711 0.079792 -1.230008
v -1.708922 0.672208 0.790505
v -1.676700 0.500000 0.839158
v -1.708922 0.327792 0.790505
v -1.800682 0.181802 0.651953
v -1.938010 0.084254 0.444595
v -1.799479 0.042940 -1.124480
v -1.932056 0.818198 0.980974
v -2.009109 0.915746 0.622660
v -2.100000 0.030000 -1.000000
v -1.880571 0.672208 1.220392
v -1.862491 0.500000 1.304464
v -1.880571 0.327792 1.220392
v -1.932056 0.181802 0.980974
v -2.009109 0.084254 0.622660
v -2.600000 0.110000 -1.266987
v -2.088998 0.818198 1.191099
v -2.094046 0.915746 0.736379
v -1.869992 0.042940 -1.230008
v -2.085626 0.672208 1.494933
v -2.084441 0.500000 1.601625
v -2.085626 0.327792 1.494933
v -2.088998 0.181802 1.191099
v -2.094046 0.084254 0.736379
v -1.675000 0.079792 -1.425000
v -2.247615 0.818198 1.250338
v -2.179889 0.915746 0.768439
v -1.544711 0.134944 -1.555289
v -2.292869 0.672208 1.572333
v -2.308760 0.500000 1.685402
v -2.292869 0.327792 1.572333
v -2.247615 0.181802 1.250338
v -2.179889 0.084254 0.768439
v -1.498959 0.200000 -1.601041
v -2.383759 0.818198 1.149672
v -2.253569 0.915746 0.713959
v -1.544711 0.265056 -1.555289
v -2.470749 0.672208 1.440807
v -2.501297 0.500000 1.543040
v -2.470749 0.327792 1.440807
v -2.383759 0.181802 1.149672
v -2.253569 0.084254 0.713959
v -1.675000 0.320208 -1.425000
v -2.476703 0.818198 0.904428
v -2.303870 0.915746 0.581234
v -1.869992 0.357060 -1.230008
v -2.592187 0.672208 1.120380
v -2.632739 0.500000 1.196212
v -2.592187 0.327792 1.120380
v -2.476703 0.181802 0.904428
v -2.303870 0.084254 0.581234
v -2.600000 0.058756 -1.450000
v -2.512298 0.818198 0.551941
v -2.323134 0.915746 0.390469
v -2.600000 0.040000 -1.700000
v -2.638693 0.672208 0.659833
v -2.683077 0.500000 0.697720
v -2.638693 0.327792 0.659833
v -2.512298 0.181802 0.551941
v -2.323134 0.084254 0.390469
v -1.975520 0.357060 -1.300520
v -2.485124 0.818198 0.145874
v -2.308427 0.915746 0.170707
v -1.869992 0.320208 -1.555289
v -2.603189 0.672208 0.129281
v -2.644647 0.500000 0.123454
v -2.603189 0.327792 0.129281
v -2.485124 0.181802 0.145874
v -2.308427 0.084254 0.170707
v -1.799479 0.265056 -1.725520
v -2.399318 0.818198 -0.251953
v -2.261990 0.915746 -0.044595
v -1.774719 0.200000 -1.785298
v -2.491078 0.672208 -0.390505
v -2.523299 0.500000 -0.439158
v -2.491078 0.327792 -0.390505
v -2.399318 0.181802 -0.251953
v -2.261990 0.084254 -0.044595
v -1.799479 0.134944 -1.725520
v -2.267944 0.818198 -0.580974
v -2.190890 0.915746 -0.222660
v -1.869992 0.079792 -1.555289
v -2.319429 0.672208 -0.820391
v -2.337508 0.500000 -0.904464
v -2.319429 0.327792 -0.820391
v -2.267944 0.181802 -0.580974
v -2.190890 0.084254 -0.222660
v -1.975520 0.042940 -1.300520
v -2.111001 0.818198 -0.791099
v -2.105954 0.915746 -0.336379
v -1.909789 0.180000 -1.545492
v -2.114374 0.672208 -1.094933
v -2.115558 0.500000 -1.201625
v -2.114374 0.327792 -1.094933
v -2.111001 0.181802 -0.791099
v -2.105954 0.084254 -0.336379
v -2.541221 0.058756 -1.497746
v -2.100000 0.042940 -1.325281
v -2.020111 0.915746 -0.368439
v -2.100000 0.079792 -1.601041
v -2.100000 0.134944 -1.785298
v -2.100000 0.200000 -1.850000
v -2.100000 0.265056 -1.785298
v -2.100000 0.320208 -1.601041
v -2.498193 0.110000 -1.349685
v -2.482443 0.180000 -1.295491
v -1.314702 0.265056 -1.000000
v -1.250000 0.200000 -1.000000
v -1.314702 0.134944 -1.000000
v -1.498959 0.079792 -1.000000
v -1.774719 0.042940 -1.000000
v -2.498193 0.250000 -1.349685
v -1.544711 0.320208 -0.769992
v -1.799479 0.357060 -0.875520
v -2.541221 0.301244 -1.497746
v -1.374480 0.265056 -0.699479
v -1.314702 0.200000 -0.674719
v -1.374480 0.134944 -0.699479
v -1.544711 0.079792 -0.769992
v -1.799479 0.042940 -0.875520
v -2.600000 0.320000 -1.700000
v -1.675000 0.320208 -0.575000
v -1.869992 0.357060 -0.769992
v -1.935272 0.110000 -1.566192
v -1.544711 0.265056 -0.444711
v -1.498959 0.200000 -0.398959
v -1.544711 0.134944 -0.444711
v -1.675000 0.079792 -0.575000
v -1.869992 0.042940 -0.769992
v -2.504894 0.301244 -1.622746
v -1.869992 0.320208 -0.444711
v -1.975520 0.357060 -0.699480
v -2.435272 0.250000 -1.566192
v -1.799480 0.265056 -0.274480
v -1.774719 0.200000 -0.214702
v -1.799480 0.134944 -0.274480
v -1.869992 0.079792 -0.444711
v -1.975520 0.042940 -0.699480
v -2.409789 0.180000 -1.545492
v -2.100000 0.320208 -0.398959
v -2.100000 0.357060 -0.674719
v -2.435272 0.110000 -1.566192
v -2.100000 0.265056 -0.214702
v -2.100000 0.200000 -0.150000
v -2.100000 0.134944 -0.214702
v -2.100000 0.079792 -0.398959
v -2.100000 0.042940 -0.674719
v -2.504894 0.058756 -1.622746
v -2.330009 0.320208 -0.444711
v -2.224480 0.357060 -0.699480
v -2.004894 0.058756 -1.622746
v -2.400521 0.265056 -0.274480
v -2.425281 0.200000 -0.214702
v -2.400521 0.134944 -0.274480
v -2.330009 0.079792 -0.444711
v -2.224480 0.042940 -0.699480
v -2.100000 0.040000 -1.700000
v -2.525000 0.320208 -0.575000
v -2.330008 0.357060 -0.769992
v -2.504894 0.058756 -1.777254
v -2.655289 0.265056 -0.444711
v -2.701041 0.200000 -0.398959
v -2.655289 0.134944 -0.444711
v -2.525000 0.079792 -0.575000
v -2.330008 0.042940 -0.769992
v -2.435272 0.110000 -1.833808
v -2.655289 0.320208 -0.769992
v -2.400520 0.357060 -0.875520
v -2.409789 0.180000 -1.854509
v -2.825520 0.265056 -0.699480
v -2.885298 0.200000 -0.674719
v -2.825520 0.134944 -0.699480
v -2.655289 0.079792 -0.769992
v -2.400520 0.042940 -0.875520
v -2.435272 0.250000 -1.833808
v -2.701041 0.320208 -1.000000
v -2.425281 0.357060 -1.000000
v -2.504894 0.301244 -1.777254
v -2.885297 0.265056 -1.000000
v -2.950000 0.200000 -1.000000
v -2.885297 0.134944 -1.000000
v -2.701041 0.079792 -1.000000
v -2.425281 0.042940 -1.000000
v -1.409789 0.180000 -1.545492
v -2.655289 0.320208 -1.230009
v -2.400520 0.357060 -1.124480
v -2.004894 0.058756 -1.777254
v -2.825520 0.265056 -1.300521
v -2.885297 0.200000 -1.325281
v -2.825520 0.134944 -1.300521
v -2.655289 0.079792 -1.230009
v -2.400520 0.042940 -1.124480
v -2.541221 0.301244 -1.902254
v -2.525000 0.320208 -1.425000
v -2.330008 0.357060 -1.230008
v -2.498193 0.250000 -2.050315
v -2.655289 0.265056 -1.555290
v -2.701040 0.200000 -1.601041
v -2.655289 0.134944 -1.555290
v -2.525000 0.079792 -1.425000
v -2.330008 0.042940 -1.230008
v -2.482443 0.180000 -2.104509
v -2.330008 0.320208 -1.555289
v -2.224479 0.357060 -1.300520
v -2.498193 0.110000 -2.050315
v -2.400520 0.265056 -1.725520
v -2.425280 0.200000 -1.785298
v -2.400520 0.134944 -1.725520
v -2.330008 0.079792 -1.555289
v -2.224479 0.042940 -1.300520
v -2.541221 0.058756 -1.902254
v -1.935272 0.110000 -1.833808
v -2.100000 0.357060 -1.325281
v -1.909789 0.180000 -1.854509
v -2.600000 0.058756 -1.950000
v -1.935272 0.250000 -1.833808
v -2.600000 0.180000 -2.200000
v -2.004894 0.301244 -1.777254
v -2.600000 0.301244 -1.950000
v -2.100000 0.320000 -1.700000
v -2.600000 0.250000 -1.266987
v -2.600000 0.301244 -1.450000
v -1.435272 0.110000 -1.566192
v -2.717557 0.180000 -1.295491
v -2.701807 0.110000 -1.349685
v -2.658778 0.058756 -1.497746
v -2.041221 0.301244 -1.902254
v -2.701807 0.250000 -1.349685
v -2.658778 0.301244 -1.497746
v -1.998193 0.250000 -2.050315
v -2.790211 0.180000 -1.545491
v -2.764728 0.110000 -1.566192
v -2.695106 0.058756 -1.622746
v -1.982443 0.180000 -2.104509
v -2.764728 0.250000 -1.566192
v -2.695106 0.301244 -1.622746
v -1.998193 0.110000 -2.050315
v -2.790211 0.180000 -1.854509
v -2.764728 0.110000 -1.833808
v -2.695106 0.058756 -1.777254
v -2.041221 0.058756 -1.902254
v -2.764728 0.250000 -1.833808
v -2.695106 0.301244 -1.777254
v -1.504894 0.058756 -1.622746
v -2.717557 0.180000 -2.104509
v -2.701807 0.110000 -2.050315
v -2.658778 0.058756 -1.902254
v -1.600000 0.040000 -1.700000
v -2.701807 0.250000 -2.050315
v -2.658778 0.301244 -1.902254
v -2.100000 0.058756 -1.950000
v -0.950000 0.298959 -1.325000
v -2.600000 0.110000 -2.133013
v -2.100000 0.180000 -2.200000
v -1.504894 0.058756 -1.777254
v -2.600000 0.250000 -2.133013
v -2.100000 0.301244 -1.950000
v -1.435272 0.110000 -1.833808
v -1.935272 0.250000 -1.566192
v -2.004894 0.301244 -1.622746
v -1.409789 0.180000 -1.854509
v -1.982443 0.180000 -1.295491
v -1.998193 0.110000 -1.349685
v -2.041221 0.058756 -1.497746
v -1.435272 0.250000 -1.833808
v -1.998193 0.250000 -1.349685
v -2.041221 0.301244 -1.497746
v -1.504894 0.301244 -1.777254
v -2.100000 0.180000 -1.200000
v -2.100000 0.110000 -1.266987
v -2.100000 0.058756 -1.450000
v -1.600000 0.320000 -1.700000
v -2.100000 0.250000 -1.266987
v -2.100000 0.301244 -1.450000
v -0.888687 0.574719 -1.393977
v -2.217557 0.180000 -1.295491
v -2.201807 0.110000 -1.349685
v -2.158778 0.058756 -1.497746
v -1.541221 0.301244 -1.902254
v -2.201807 0.250000 -1.349685
v -2.158778 0.301244 -1.497746
v -1.498193 0.250000 -2.050315
v -2.290211 0.180000 -1.545491
v -2.264728 0.110000 -1.566192
v -2.195106 0.058756 -1.622746
v -1.482443 0.180000 -2.104509
v -2.264728 0.250000 -1.566192
v -2.195106 0.301244 -1.622746
v -1.498193 0.110000 -2.050315
v -2.290211 0.180000 -1.854509
v -2.264728 0.110000 -1.833808
v -2.195106 0.058756 -1.777254
v -1.541221 0.058756 -1.902254
v -2.264728 0.250000 -1.833808
v -2.195106 0.301244 -1.777254
v -0.867157 0.900000 -1.418198
v -2.217557 0.180000 -2.104509
v -2.201807 0.110000 -2.050315
v -2.158778 0.058756 -1.902254
v -0.888687 1.225281 -1.393977
v -2.201807 0.250000 -2.050315
v -2.158778 0.301244 -1.902254
v -1.600000 0.058756 -1.950000
v -0.950000 1.501041 -1.325000
v -2.100000 0.110000 -2.133013
v -1.600000 0.180000 -2.200000
v -1.041761 1.685297 -1.221769
v -2.100000 0.250000 -2.133013
v -1.600000 0.301244 -1.950000
v -1.150000 1.750000 -1.100000
v -1.435272 0.250000 -1.566192
v -1.504894 0.301244 -1.622746
v -0.811091 0.293137 -1.600000
v -1.482443 0.180000 -1.295491
v -1.498193 0.110000 -1.349685
v -1.541221 0.058756 -1.497746
v -1.091421 1.685297 -1.259099
v -1.498193 0.250000 -1.349685
v -1.541221 0.301244 -1.497746
v -1.041761 1.501041 -1.393977
v -1.600000 0.180000 -1.200000
v -1.600000 0.110000 -1.266987
v -1.600000 0.058756 -1.450000
v -1.008579 1.225281 -1.484099
v -1.600000 0.250000 -1.266987
v -1.600000 0.301244 -1.450000
v -0.996927 0.900000 -1.515746
v -1.717557 0.180000 -1.295491
v -1.701807 0.110000 -1.349685
v -1.658779 0.058756 -1.497746
v -1.008579 0.574719 -1.484099
v -1.701807 0.250000 -1.349685
v -1.658779 0.301244 -1.497746
v -1.041761 0.298959 -1.393977
v -1.790211 0.180000 -1.545491
v -1.764728 0.110000 -1.566192
v -1.695106 0.058756 -1.622746
v -1.091421 0.114702 -1.259099
v -1.764728 0.250000 -1.566192
v -1.695106 0.301244 -1.622746
v -1.150000 0.050000 -1.100000
v -1.790211 0.180000 -1.854509
v -1.764728 0.110000 -1.833808
v -1.695106 0.058756 -1.777254
v -0.989524 0.327821 -1.600000
v -1.764728 0.250000 -1.833808
v -1.695106 0.301244 -1.777254
v -1.200000 0.340000 -1.600000
v -1.717557 0.180000 -2.104509
v -1.701807 0.110000 -2.050315
v -1.658779 0.058756 -1.902254
v -1.150000 0.298959 -1.418198
v -1.701807 0.250000 -2.050315
v -1.658779 0.301244 -1.902254
v -1.150000 0.574719 -1.515746
v -1.150000 0.900000 -1.550000
v -1.600000 0.110000 -2.133013
v -1.150000 1.225281 -1.515746
v -1.500000 0.160000 -1.750000
v -1.600000 0.250000 -2.133013
v -1.150000 1.685297 -1.272208
v -1.005546 0.327821 -1.687868
v -1.041761 0.114702 -1.221769
v -0.840695 0.293137 -1.762359
v -0.888687 0.298959 -1.221769
v -0.808579 0.574719 -1.259099
v -0.780448 0.900000 -1.272207
v -0.808579 1.225281 -1.259099
v -0.888687 1.501041 -1.221769
v -1.008579 1.685297 -1.165901
v -0.730546 0.241229 -1.812132
v -1.008579 0.114702 -1.165901
v -0.691866 0.180000 -1.829610
v -0.867157 0.298959 -1.100000
v -0.780448 0.574719 -1.100000
v -0.750000 0.900000 -1.100000
v -0.780448 1.225281 -1.100000
v -0.867157 1.501041 -1.100000
v -0.996927 1.685297 -1.100000
v -0.730546 0.118771 -1.812132
v -0.996927 0.114702 -1.100000
v -0.840695 0.066863 -1.762359
v -0.888687 0.298959 -0.978231
v -0.808579 0.574719 -0.940901
v -0.780448 0.900000 -0.927792
v -0.808579 1.225281 -0.940901
v -0.888687 1.501041 -0.978231
v -1.008579 1.685297 -1.034099
v -1.005546 0.032179 -1.687868
v -1.008579 0.114702 -1.034099
v -1.200000 0.020000 -1.600000
v -0.950000 0.298959 -0.875000
v -0.888687 0.574719 -0.806023
v -0.867157 0.900000 -0.781802
v -0.888687 1.225281 -0.806023
v -0.950000 1.501041 -0.875000
v -1.041761 1.685297 -0.978231
v -1.500000 0.100000 -1.790192
v -1.041761 0.114702 -0.978231
v -1.051171 0.032179 -1.762359
v -1.041761 0.298959 -0.806023
v -1.008579 0.574719 -0.715901
v -0.996927 0.900000 -0.684254
v -1.008579 1.225281 -0.715901
v -1.041761 1.501041 -0.806023
v -1.091421 1.685297 -0.940901
v -0.925000 0.066863 -1.900000
v -1.091421 0.114702 -0.940901
v -0.840695 0.118771 -1.991969
v -1.150000 0.298959 -0.781802
v -1.150000 0.574719 -0.684254
v -1.150000 0.900000 -0.650000
v -1.150000 1.225281 -0.684254
v -1.150000 1.501041 -0.781802
v -1.150000 1.685297 -0.927792
v -0.811091 0.180000 -2.024264
v -1.150000 0.114702 -0.927792
v -0.840695 0.241229 -1.991969
v -1.258239 0.298959 -0.806023
v -1.291421 0.574719 -0.715901
v -1.303074 0.900000 -0.684254
v -1.291421 1.225281 -0.715901
v -1.258239 1.501041 -0.806023
v -1.208579 1.685297 -0.940901
v -0.925000 0.293137 -1.900000
v -1.208579 0.114702 -0.940901
v -1.051171 0.327821 -1.762359
v -1.350000 0.298959 -0.875000
v -1.411313 0.574719 -0.806023
v -1.432843 0.900000 -0.781802
v -1.411313 1.225281 -0.806023
v -1.350000 1.501041 -0.875000
v -1.258239 1.685297 -0.978231
v -1.500000 0.056077 -1.900000
v -1.258239 0.114702 -0.978231
v -1.500000 0.040000 -2.050000
v -1.411313 0.298959 -0.978231
v -1.491421 0.574719 -0.940901
v -1.519552 0.900000 -0.927793
v -1.491421 1.225281 -0.940901
v -1.411313 1.501041 -0.978231
v -1.291421 1.685297 -1.034099
v -1.119454 0.327821 -1.812132
v -1.291421 0.114702 -1.034099
v -1.051171 0.293137 -1.991969
v -1.432843 0.298959 -1.100000
v -1.519552 0.574719 -1.100000
v -1.550000 0.900000 -1.100000
v -1.519552 1.225281 -1.100000
v -1.432843 1.501041 -1.100000
v -1.303073 1.685297 -1.100000
v -1.005546 0.241229 -2.112132
v -1.303073 0.114702 -1.100000
v -0.989524 0.180000 -2.154328
v -1.411312 0.298959 -1.221769
v -1.491421 0.574719 -1.259099
v -1.519552 0.900000 -1.272208
v -1.491421 1.225281 -1.259099
v -1.411312 1.501041 -1.221769
v -1.291421 1.685297 -1.165901
v -1.005546 0.118771 -2.112132
v -1.291421 0.114702 -1.165901
v -1.051171 0.066863 -1.991969
v -1.350000 0.298959 -1.325000
v -1.411312 0.574719 -1.393977
v -1.432842 0.900000 -1.418198
v -1.411312 1.225281 -1.393977
v -1.350000 1.501041 -1.325000
v -1.258239 1.685297 -1.221769
v -1.119454 0.032179 -1.812132
v -1.258239 0.114702 -1.221769
v -1.066852 0.160000 -1.957295
v -1.258239 0.298959 -1.393977
v -1.291421 0.574719 -1.484099
v -1.303073 0.900000 -1.515746
v -1.291421 1.225281 -1.484099
v -1.258239 1.501041 -1.393977
v -1.208579 1.685297 -1.259099
v -1.458855 0.056077 -1.928647
v -1.208579 0.114702 -1.259099
v -1.200000 0.032179 -1.829610
v -1.200000 0.066863 -2.024264
v -1.200000 0.118771 -2.154328
v -1.200000 0.180000 -2.200000
v -1.200000 0.241229 -2.154328
v -1.150000 1.501041 -1.418198
v -1.200000 0.293137 -2.024264
v -1.428735 0.100000 -1.839811
v -1.150000 0.114702 -1.272208
v -1.417710 0.160000 -1.807295
v -0.691866 0.241229 -1.600000
v -0.650000 0.180000 -1.600000
v -0.691866 0.118771 -1.600000
v -0.811091 0.066863 -1.600000
v -0.989524 0.032179 -1.600000
v -1.428735 0.220000 -1.839811
v -0.840695 0.293137 -1.437641
v -1.005546 0.327821 -1.512132
v -1.458855 0.263923 -1.928647
v -0.730546 0.241229 -1.387868
v -0.691866 0.180000 -1.370390
v -0.730546 0.118771 -1.387868
v -0.840695 0.066863 -1.437641
v -1.005546 0.032179 -1.512132
v -1.500000 0.280000 -2.050000
v -0.925000 0.293137 -1.300000
v -1.051171 0.327821 -1.437641
v -1.084691 0.100000 -1.969715
v -0.840695 0.241229 -1.208031
v -0.811091 0.180000 -1.175736
v -0.840695 0.118771 -1.208031
v -0.925000 0.066863 -1.300000
v -1.051171 0.032179 -1.437641
v -1.433426 0.263923 -2.003647
v -1.051171 0.293137 -1.208031
v -1.119455 0.327821 -1.387868
v -1.384691 0.220000 -1.969715
v -1.005546 0.241229 -1.087868
v -0.989524 0.180000 -1.045672
v -1.005546 0.118771 -1.087868
v -1.051171 0.066863 -1.208031
v -1.119455 0.032179 -1.387868
v -1.366852 0.160000 -1.957295
v -1.200000 0.293137 -1.175736
v -1.200000 0.327821 -1.370390
v -1.384691 0.100000 -1.969715
v -1.200000 0.241229 -1.045672
v -1.200000 0.180000 -1.000000
v -1.200000 0.118771 -1.045672
v -1.200000 0.066863 -1.175736
v -1.200000 0.032179 -1.370390
v -1.433426 0.056077 -2.003647
v -1.348829 0.293137 -1.208031
v -1.280546 0.327821 -1.387868
v -1.133426 0.056077 -2.003647
v -1.394454 0.241229 -1.087868
v -1.410476 0.180000 -1.045672
v -1.394454 0.118771 -1.087868
v -1.348829 0.066863 -1.208031
v -1.280546 0.032179 -1.387868
v -1.200000 0.040000 -2.050000
v -1.475000 0.293137 -1.300000
v -1.348829 0.327821 -1.437641
v -1.433426 0.056077 -2.096353
v -1.559305 0.241229 -1.208031
v -1.588909 0.180000 -1.175736
v -1.559305 0.118771 -1.208031
v -1.475000 0.066863 -1.300000
v -1.348829 0.032179 -1.437641
v -1.384691 0.100000 -2.130285
v -1.559305 0.293137 -1.437641
v -1.394454 0.327821 -1.512132
v -1.366852 0.160000 -2.142705
v -1.669454 0.241229 -1.387868
v -1.708134 0.180000 -1.370390
v -1.669454 0.118771 -1.387868
v -1.559305 0.066863 -1.437641
v -1.394454 0.032179 -1.512132
v -1.384691 0.220000 -2.130285
v -1.588909 0.293137 -1.600000
v -1.410476 0.327821 -1.600000
v -1.433426 0.263923 -2.096353
v -1.708134 0.241229 -1.600000
v -1.750000 0.180000 -1.600000
v -1.708134 0.118771 -1.600000
v -1.588909 0.066863 -1.600000
v -1.410476 0.032179 -1.600000
v -0.766852 0.160000 -1.957295
v -1.559305 0.293137 -1.762359
v -1.394454 0.327821 -1.687868
v -1.133426 0.056077 -2.096353
v -1.669454 0.241229 -1.812132
v -1.708134 0.180000 -1.829610
v -1.669454 0.118771 -1.812132
v -1.559305 0.066863 -1.762359
v -1.394454 0.032179 -1.687868
v -1.458855 0.263923 -2.171352
v -1.475000 0.293137 -1.900000
v -1.348829 0.327821 -1.762359
v -1.428735 0.220000 -2.260189
v -1.559305 0.241229 -1.991969
v -1.588909 0.180000 -2.024264
v -1.559305 0.118771 -1.991969
v -1.475000 0.066863 -1.900000
v -1.348829 0.032179 -1.762359
v -1.417710 0.160000 -2.292705
v -1.348829 0.293137 -1.991969
v -1.280546 0.327821 -1.812132
v -1.428735 0.100000 -2.260189
v -1.394454 0.241229 -2.112132
v -1.410476 0.180000 -2.154328
v -1.394454 0.118771 -2.112132
v -1.348829 0.066863 -1.991969
v -1.280546 0.032179 -1.812132
v -1.458855 0.056077 -2.171352
v -1.084691 0.100000 -2.130285
v -1.200000 0.327821 -1.829610
v -1.066852 0.160000 -2.142705
v -1.500000 0.056077 -2.200000
v -1.084691 0.220000 -2.130285
v -1.500000 0.160000 -2.350000
v -1.133426 0.263923 -2.096353
v -1.500000 0.263923 -2.200000
v -1.200000 0.280000 -2.050000
v -1.500000 0.220000 -1.790192
v -1.500000 0.263923 -1.900000
v -0.784690 0.100000 -1.969715
v -1.582290 0.160000 -1.807295
v -1.571265 0.100000 -1.839811
v -1.541145 0.056077 -1.928647
v -1.158855 0.263923 -2.171352
v -1.571265 0.220000 -1.839811
v -1.541145 0.263923 -1.928647
v -1.128735 0.220000 -2.260189
v -1.633148 0.160000 -1.957295
v -1.615309 0.100000 -1.969715
v -1.566574 0.056077 -2.003647
v -1.117710 0.160000 -2.292705
v -1.615309 0.220000 -1.969715
v -1.566574 0.263923 -2.003647
v -1.128735 0.100000 -2.260189
v -1.633148 0.160000 -2.142705
v -1.615309 0.100000 -2.130285
v -1.566574 0.056077 -2.096353
v -1.158855 0.056077 -2.171352
v -1.615309 0.220000 -2.130285
v -1.566574 0.263923 -2.096353
v -0.833426 0.056077 -2.003647
v -1.582290 0.160000 -2.292705
v -1.571265 0.100000 -2.260189
v -1.541145 0.056077 -2.171353
v -0.900000 0.040000 -2.050000
v -1.571265 0.220000 -2.260189
v -1.541145 0.263923 -2.171353
v -1.200000 0.056077 -2.200000
v 1.260000 2.561594 -1.510000
v -1.500000 0.100000 -2.309808
v -1.200000 0.160000 -2.350000
v -0.833426 0.056077 -2.096353
v -1.500000 0.220000 -2.309808
v -1.200000 0.263923 -2.200000
v -0.784690 0.100000 -2.130285
v -1.084691 0.220000 -1.969715
v -1.133426 0.263923 -2.003647
v -0.766852 0.160000 -2.142705
v -1.117710 0.160000 -1.807295
v -1.128735 0.100000 -1.839811
v -1.158855 0.056077 -1.928647
v -0.784690 0.220000 -2.130285
v -1.128735 0.220000 -1.839811
v -1.158855 0.263923 -1.928647
v -0.833426 0.263923 -2.096353
v -1.200000 0.160000 -1.750000
v -1.200000 0.100000 -1.790192
v -1.200000 0.056077 -1.900000
v -0.900000 0.280000 -2.050000
v -1.200000 0.220000 -1.790192
v -1.200000 0.263923 -1.900000
v 1.355035 2.762736 -1.605035
v -1.282290 0.160000 -1.807295
v -1.271265 0.100000 -1.839811
v -1.241145 0.056077 -1.928647
v -0.858855 0.263923 -2.171352
v -1.271265 0.220000 -1.839811
v -1.241145 0.263923 -1.928647
v -0.828735 0.220000 -2.260189
v -1.333148 0.160000 -1.957295
v -1.315310 0.100000 -1.969715
v -1.266574 0.056077 -2.003647
v -0.817710 0.160000 -2.292705
v -1.315310 0.220000 -1.969715
v -1.266574 0.263923 -2.003647
v -0.828735 0.100000 -2.260189
v -1.333148 0.160000 -2.142705
v -1.315310 0.100000 -2.130285
v -1.266574 0.056077 -2.096353
v -0.858855 0.056077 -2.171352
v -1.315310 0.220000 -2.130285
v -1.266574 0.263923 -2.096353
v 1.388406 3.000000 -1.638406
v -1.282290 0.160000 -2.292705
v -1.271265 0.100000 -2.260189
v -1.241145 0.056077 -2.171353
v 1.355035 3.237264 -1.605035
v -1.271265 0.220000 -2.260189
v -1.241145 0.263923 -2.171353
v -0.900000 0.056077 -2.200000
v 1.260000 3.438406 -1.510000
v -1.200000 0.100000 -2.309808
v -0.900000 0.160000 -2.350000
v 1.117771 3.572805 -1.367771
v -1.200000 0.220000 -2.309808
v -0.900000 0.263923 -2.200000
v 0.950000 3.620000 -1.200000
v -0.784690 0.220000 -1.969715
v -0.833426 0.263923 -2.003647
v 1.275269 3.375269 -1.620000
v -0.817710 0.160000 -1.807295
v -0.828735 0.100000 -1.839811
v -0.858855 0.056077 -1.928647
v 1.040797 3.572805 -1.419203
v -0.828735 0.220000 -1.839811
v -0.858855 0.263923 -1.928647
v 1.117771 3.438406 -1.605035
v -0.900000 0.160000 -1.750000
v -0.900000 0.100000 -1.790192
v -0.900000 0.056077 -1.900000
v 1.169203 3.237264 -1.729203
v -0.900000 0.220000 -1.790192
v -0.900000 0.263923 -1.900000
v 1.187264 3.000000 -1.772805
v -0.982290 0.160000 -1.807295
v -0.971265 0.100000 -1.839811
v -0.941145 0.056077 -1.928647
v 1.169203 2.762736 -1.729203
v -0.971265 0.220000 -1.839811
v -0.941145 0.263923 -1.928647
v 1.117771 2.561594 -1.605035
v -1.033148 0.160000 -1.957295
v -1.015309 0.100000 -1.969715
v -0.966574 0.056077 -2.003647
v 1.040797 2.427195 -1.419203
v -1.015309 0.220000 -1.969715
v -0.966574 0.263923 -2.003647
v 0.950000 2.380000 -1.200000
v -1.033148 0.160000 -2.142705
v -1.015309 0.100000 -2.130285
v -0.966574 0.056077 -2.096353
v 1.126034 3.474985 -1.620000
v -1.015309 0.220000 -2.130285
v -0.966574 0.263923 -2.096353
v 0.950000 3.510000 -1.620000
v -0.982290 0.160000 -2.292705
v -0.971265 0.100000 -2.260189
v -0.941145 0.056077 -2.171353
v 0.950000 2.561594 -1.638406
v -0.971265 0.220000 -2.260189
v -0.941145 0.263923 -2.171353
v 0.950000 2.762736 -1.772805
v 0.950000 3.000000 -1.820000
v -0.900000 0.100000 -2.309808
v 0.950000 3.237264 -1.772805
v 0.950000 3.080000 -1.870000
v -0.900000 0.220000 -2.309808
v 0.950000 3.572805 -1.437264
v 1.112635 3.474985 -1.678579
v 1.117771 2.427195 -1.367771
v 1.250510 3.375269 -1.728239
v 1.355034 2.561594 -1.367771
v 1.479203 2.762736 -1.419203
v 1.522805 3.000000 -1.437264
v 1.479203 3.237264 -1.419203
v 1.355034 3.438406 -1.367771
v 1.169203 3.572805 -1.290797
v 1.342635 3.226034 -1.761421
v 1.169203 2.427195 -1.290797
v 1.374985 3.050000 -1.773073
v 1.388406 2.561594 -1.200000
v 1.522805 2.762736 -1.200000
v 1.570000 3.000000 -1.200000
v 1.522805 3.237264 -1.200000
v 1.388406 3.438406 -1.200000
v 1.187264 3.572805 -1.200000
v 1.342635 2.873966 -1.761421
v 1.187264 2.427195 -1.200000
v 1.250510 2.724731 -1.728239
v 1.355034 2.561594 -1.032229
v 1.479203 2.762736 -0.980797
v 1.522805 3.000000 -0.962736
v 1.479203 3.237264 -0.980797
v 1.355034 3.438406 -1.032229
v 1.169203 3.572805 -1.109203
v 1.112635 2.625015 -1.678579
v 1.169203 2.427195 -1.109203
v 0.950000 2.590000 -1.620000
v 1.260000 2.561594 -0.890000
v 1.355034 2.762736 -0.794966
v 1.388406 3.000000 -0.761594
v 1.355034 3.237264 -0.794966
v 1.260000 3.438406 -0.890000
v 1.117771 3.572805 -1.032229
v 0.950000 2.910000 -1.883397
v 1.117771 2.427195 -1.032229
v 1.074475 2.625015 -1.728239
v 1.117771 2.561594 -0.794966
v 1.169203 2.762736 -0.670797
v 1.187263 3.000000 -0.627195
v 1.169203 3.237264 -0.670797
v 1.117771 3.438406 -0.794966
v 1.040797 3.572805 -0.980797
v 1.180000 2.724731 -1.820000
v 1.040797 2.427195 -0.980797
v 1.250510 2.873966 -1.881313
v 0.950000 2.561594 -0.761594
v 0.950000 2.762736 -0.627195
v 0.950000 3.000000 -0.580000
v 0.950000 3.237264 -0.627195
v 0.950000 3.438406 -0.761594
v 0.950000 3.572805 -0.962736
v 1.275269 3.050000 -1.902843
v 0.950000 2.427195 -0.962736
v 1.250510 3.226034 -1.881313
v 0.782229 2.561594 -0.794966
v 0.730797 2.762736 -0.670797
v 0.712736 3.000000 -0.627195
v 0.730797 3.237264 -0.670797
v 0.782229 3.438406 -0.794966
v 0.859203 3.572805 -0.980797
v 1.180000 3.375269 -1.820000
v 0.859203 2.427195 -0.980797
v 1.074475 3.474985 -1.728239
v 0.640000 2.561594 -0.890000
v 0.544965 2.762736 -0.794966
v 0.511594 3.000000 -0.761594
v 0.544965 3.237264 -0.794966
v 0.640000 3.438406 -0.890000
v 0.782229 3.572805 -1.032229
v 0.950000 2.785551 -1.920000
v 0.782229 2.427195 -1.032229
v 0.950000 2.740000 -1.970000
v 0.544966 2.561594 -1.032229
v 0.420797 2.762736 -0.980797
v 0.377195 3.000000 -0.962737
v 0.420797 3.237264 -0.980797
v 0.544966 3.438406 -1.032229
v 0.730797 3.572805 -1.109203
v 1.017365 3.474985 -1.761421
v 0.730797 2.427195 -1.109203
v 1.074475 3.375269 -1.881313
v 0.511594 2.561594 -1.200000
v 0.377195 2.762736 -1.200000
v 0.330000 3.000000 -1.200000
v 0.377195 3.237264 -1.200000
v 0.511594 3.438406 -1.200000
v 0.712736 3.572805 -1.200000
v 1.112635 3.226034 -1.961421
v 0.712736 2.427195 -1.200000
v 1.126034 3.050000 -1.989552
v 0.544966 2.561594 -1.367771
v 0.420797 2.762736 -1.419203
v 0.377195 3.000000 -1.437264
v 0.420797 3.237264 -1.419203
v 0.544966 3.438406 -1.367771
v 0.730797 3.572805 -1.290797
v 1.112635 2.873966 -1.961421
v 0.730797 2.427195 -1.290797
v 1.074475 2.724731 -1.881313
v 0.640000 2.561594 -1.510000
v 0.544966 2.762736 -1.605035
v 0.511594 3.000000 -1.638407
v 0.544966 3.237264 -1.605035
v 0.640000 3.438406 -1.510000
v 0.782229 3.572805 -1.367771
v 1.017365 2.625015 -1.761421
v 0.782229 2.427195 -1.367771
v 0.926085 3.220000 -2.034549
v 0.782229 2.561594 -1.605035
v 0.730797 2.762736 -1.729203
v 0.712737 3.000000 -1.772805
v 0.730797 3.237264 -1.729203
v 0.782229 3.438406 -1.605035
v 0.859203 3.572805 -1.419203
v 1.029351 2.785551 -1.929549
v 0.859203 2.427195 -1.419203
v 0.950000 2.625015 -1.773073
v 0.950000 2.724731 -1.902843
v 0.950000 2.873966 -1.989552
v 0.950000 3.050000 -2.020000
v 0.950000 3.226034 -1.989552
v 0.950000 3.438406 -1.638406
v 0.950000 3.375269 -1.902843
v 1.087440 2.910000 -1.899937
v 0.950000 2.427195 -1.437264
v 1.108702 3.080000 -1.889098
v 1.374985 3.226034 -1.620000
v 1.410000 3.050000 -1.620000
v 1.374985 2.873966 -1.620000
v 1.275269 2.724731 -1.620000
v 1.126034 2.625015 -1.620000
v 1.087440 3.250000 -1.899937
v 1.250509 3.375269 -1.511761
v 1.112635 3.474985 -1.561421
v 1.029351 3.374449 -1.929549
v 1.342634 3.226034 -1.478579
v 1.374985 3.050000 -1.466927
v 1.342634 2.873966 -1.478579
v 1.250509 2.724731 -1.511761
v 1.112635 2.625015 -1.561421
v 0.950000 3.420000 -1.970000
v 1.180000 3.375269 -1.420000
v 1.074475 3.474985 -1.511761
v 0.915891 3.180000 -2.036619
v 1.250509 3.226034 -1.358687
v 1.275269 3.050000 -1.337157
v 1.250509 2.873966 -1.358687
v 1.180000 2.724731 -1.420000
v 1.074475 2.625015 -1.511761
v 1.078393 3.374449 -1.954549
v 1.074475 3.375269 -1.358687
v 1.017365 3.474985 -1.478579
v 1.172383 3.250000 -1.943238
v 1.112634 3.226034 -1.278579
v 1.126034 3.050000 -1.250448
v 1.112634 2.873966 -1.278579
v 1.074475 2.724731 -1.358687
v 1.017365 2.625015 -1.478579
v 1.206785 3.080000 -1.939098
v 0.950000 3.375269 -1.337157
v 0.950000 3.474985 -1.466927
v 1.172383 2.910000 -1.943238
v 0.950000 3.226034 -1.250448
v 0.950000 3.050000 -1.220000
v 0.950000 2.873966 -1.250448
v 0.950000 2.724731 -1.337157
v 0.950000 2.625015 -1.466927
v 1.078393 2.785551 -1.954549
v 0.825525 3.375269 -1.358688
v 0.882635 3.474985 -1.478579
v 0.888042 3.150718 -2.042274
v 0.787365 3.226034 -1.278579
v 0.773965 3.050000 -1.250448
v 0.787365 2.873966 -1.278579
v 0.825525 2.724731 -1.358688
v 0.882635 2.625015 -1.478579
v 0.850000 3.140000 -2.050000
v 0.720000 3.375269 -1.420000
v 0.825525 3.474985 -1.511761
v 1.078393 2.785551 -1.985451
v 0.649490 3.226034 -1.358688
v 0.624731 3.050000 -1.337157
v 0.649490 2.873966 -1.358688
v 0.720000 2.724731 -1.420000
v 0.825525 2.625015 -1.511761
v 1.172383 2.910000 -1.996762
v 0.649490 3.375269 -1.511761
v 0.787365 3.474985 -1.561421
v 1.206785 3.080000 -2.000902
v 0.557365 3.226034 -1.478579
v 0.525015 3.050000 -1.466927
v 0.557365 2.873966 -1.478579
v 0.649490 2.724731 -1.511761
v 0.787365 2.625015 -1.561421
v 1.172383 3.250000 -1.996762
v 0.624731 3.375269 -1.620000
v 0.773966 3.474985 -1.620000
v 1.078393 3.374449 -1.985451
v 0.525015 3.226034 -1.620000
v 0.490000 3.050000 -1.620000
v 0.525015 2.873966 -1.620000
v 0.624731 2.724731 -1.620000
v 0.773966 2.625015 -1.620000
v 1.516296 2.050000 -2.069098
v 0.649491 3.375269 -1.728239
v 0.787365 3.474985 -1.678579
v 0.888042 3.150718 -2.057725
v 0.557366 3.226034 -1.761421
v 0.525016 3.050000 -1.773074
v 0.557366 2.873966 -1.761421
v 0.649491 2.724731 -1.728239
v 0.787365 2.625015 -1.678579
v 1.029351 3.374449 -2.010451
v 0.720000 3.375269 -1.820000
v 0.825525 3.474985 -1.728239
v 1.087440 3.250000 -2.040063
v 0.649491 3.226034 -1.881313
v 0.624731 3.050000 -1.902843
v 0.649491 2.873966 -1.881313
v 0.720000 2.724731 -1.820000
v 0.825525 2.625015 -1.728239
v 1.108702 3.080000 -2.050902
v 0.825525 3.375269 -1.881313
v 0.882635 3.474985 -1.761421
v 1.087440 2.910000 -2.040063
v 0.787366 3.226034 -1.961421
v 0.773966 3.050000 -1.989552
v 0.787366 2.873966 -1.961421
v 0.825525 2.724731 -1.881313
v 0.882635 2.625015 -1.761421
v 1.029351 2.785551 -2.010451
v 0.915891 3.180000 -2.063381
v 0.950000 3.474985 -1.773073
v 0.926085 3.220000 -2.065451
v 0.950000 2.785551 -2.020000
v 0.915891 3.260000 -2.063381
v 0.950000 3.080000 -2.070000
v 0.888042 3.289282 -2.057725
v 0.950000 3.374449 -2.020000
v 0.850000 3.300000 -2.050000
v 0.950000 3.250000 -1.883397
v 0.950000 3.374449 -1.920000
v 1.480619 1.950000 -2.073238
v 0.791298 3.080000 -1.889098
v 0.812560 2.910000 -1.899937
v 0.870649 2.785551 -1.929549
v 0.873511 3.289282 -2.070225
v 0.812560 3.250000 -1.899937
v 0.870649 3.374449 -1.929549
v 0.890723 3.260000 -2.085032
v 0.693215 3.080000 -1.939098
v 0.727617 2.910000 -1.943238
v 0.821607 2.785551 -1.954549
v 0.897023 3.220000 -2.090451
v 0.727617 3.250000 -1.943238
v 0.821607 3.374449 -1.954549
v 0.890723 3.180000 -2.085032
v 0.693215 3.080000 -2.000902
v 0.727617 2.910000 -1.996762
v 0.821607 2.785551 -1.985451
v 0.873511 3.150718 -2.070225
v 0.727617 3.250000 -1.996762
v 0.821607 3.374449 -1.985451
v 1.383148 1.876795 -2.084549
v 0.791298 3.080000 -2.050902
v 0.812560 2.910000 -2.040063
v 0.870649 2.785551 -2.010451
v 1.250000 1.850000 -2.100000
v 0.812560 3.250000 -2.040063
v 0.870649 3.374449 -2.010451
v 0.850000 3.150718 -2.075000
v 0.445106 2.500000 -2.431459
v 0.950000 2.910000 -2.056602
v 0.850000 3.220000 -2.100000
v 1.383148 1.876795 -2.115451
v 0.950000 3.250000 -2.056602
v 0.850000 3.289282 -2.075000
v 1.480619 1.950000 -2.126762
v 0.915891 3.260000 -2.036619
v 0.888042 3.289282 -2.042274
v 1.516296 2.050000 -2.130902
v 0.897023 3.220000 -2.009549
v 0.890723 3.180000 -2.014968
v 0.873511 3.150718 -2.029774
v 1.480619 2.150000 -2.126762
v 0.890723 3.260000 -2.014968
v 0.873511 3.289282 -2.029774
v 1.383148 2.223205 -2.115451
v 0.850000 3.220000 -2.000000
v 0.850000 3.180000 -2.006699
v 0.850000 3.150718 -2.025000
v 1.250000 2.250000 -2.100000
v 0.850000 3.260000 -2.006699
v 0.850000 3.289282 -2.025000
v 0.432364 2.460000 -2.433943
v 0.802977 3.220000 -2.009549
v 0.809277 3.180000 -2.014968
v 0.826489 3.150718 -2.029774
v 1.332290 2.223205 -2.140451
v 0.809277 3.260000 -2.014968
v 0.826489 3.289282 -2.029774
v 1.392530 2.150000 -2.170063
v 0.773916 3.220000 -2.034549
v 0.784109 3.180000 -2.036619
v 0.811958 3.150718 -2.042274
v 1.414580 2.050000 -2.180902
v 0.784109 3.260000 -2.036619
v 0.811958 3.289282 -2.042274
v 1.392530 1.950000 -2.170063
v 0.773915 3.220000 -2.065451
v 0.784109 3.180000 -2.063381
v 0.811958 3.150718 -2.057725
v 1.332290 1.876795 -2.140451
v 0.784109 3.260000 -2.063381
v 0.811958 3.289282 -2.057725
v 0.397553 2.430718 -2.440730
v 0.802977 3.220000 -2.090451
v 0.809277 3.180000 -2.085032
v 0.826489 3.150718 -2.070225
v 0.350000 2.420000 -2.450000
v 0.809277 3.260000 -2.085032
v 0.826489 3.289282 -2.070225
v 1.250000 1.876795 -2.150000
v 2.466144 0.392893 0.336714
v 0.850000 3.180000 -2.093301
v 1.250000 2.050000 -2.200000
v 0.397553 2.430718 -2.459270
v 0.850000 3.260000 -2.093301
v 1.250000 2.223205 -2.150000
v 0.432364 2.460000 -2.466057
v 1.480619 2.150000 -2.073238
v 1.383148 2.223205 -2.084549
v 0.445106 2.500000 -2.468541
v 1.414580 2.050000 -2.019098
v 1.392530 1.950000 -2.029937
v 1.332290 1.876795 -2.059549
v 0.432364 2.540000 -2.466057
v 1.392530 2.150000 -2.029937
v 1.332290 2.223205 -2.059549
v 0.397553 2.569282 -2.459270
v 1.250000 2.050000 -2.000000
v 1.250000 1.950000 -2.013397
v 1.250000 1.876795 -2.050000
v 0.350000 2.580000 -2.450000
v 1.250000 2.150000 -2.013397
v 1.250000 2.223205 -2.050000
v 2.639703 0.717317 0.102719
v 1.085420 2.050000 -2.019098
v 1.107470 1.950000 -2.029937
v 1.167710 1.876795 -2.059549
v 0.379389 2.569282 -2.474271
v 1.107470 2.150000 -2.029937
v 1.167710 2.223205 -2.059549
v 0.400904 2.540000 -2.492038
v 0.983704 2.050000 -2.069098
v 1.019381 1.950000 -2.073238
v 1.116852 1.876795 -2.084549
v 0.408779 2.500000 -2.498541
v 1.019381 2.150000 -2.073238
v 1.116852 2.223205 -2.084549
v 0.400904 2.460000 -2.492038
v 0.983704 2.050000 -2.130902
v 1.019381 1.950000 -2.126761
v 1.116852 1.876795 -2.115451
v 0.379389 2.430718 -2.474271
v 1.019381 2.150000 -2.126761
v 1.116852 2.223205 -2.115451
v 2.700649 1.100000 0.020550
v 1.085420 2.050000 -2.180902
v 1.107470 1.950000 -2.170063
v 1.167710 1.876795 -2.140451
v 2.639703 1.482683 0.102719
v 1.107470 2.150000 -2.170063
v 1.167710 2.223205 -2.140451
v 0.350000 2.430718 -2.480000
v 2.466144 1.807107 0.336714
v 1.250000 1.950000 -2.186602
v 0.350000 2.500000 -2.510000
v 2.206395 2.023880 0.686913
v 1.250000 2.150000 -2.186602
v 0.350000 2.569282 -2.480000
v 1.900000 2.100000 1.100000
v 0.432364 2.540000 -2.433943
v 0.397553 2.569282 -2.440730
v 2.485124 0.818198 0.145875
v 0.408779 2.500000 -2.401459
v 0.400904 2.460000 -2.407962
v 0.379389 2.430718 -2.425730
v 2.126958 2.023880 0.529706
v 0.400904 2.540000 -2.407962
v 0.379389 2.569282 -2.425730
v 2.319364 1.807107 0.046234
v 0.350000 2.500000 -2.390000
v 0.350000 2.460000 -2.398039
v 0.350000 2.430718 -2.420000
v 2.447925 1.482683 -0.276811
v 0.350000 2.540000 -2.398039
v 0.350000 2.569282 -2.420000
v 2.493070 1.100000 -0.390250
v 0.291221 2.500000 -2.401459
v 0.299096 2.460000 -2.407962
v 0.320611 2.430718 -2.425730
v 2.447925 0.717317 -0.276811
v 0.299096 2.540000 -2.407962
v 0.320611 2.569282 -2.425730
v 2.319364 0.392893 0.046234
v 0.254894 2.500000 -2.431459
v 0.267636 2.460000 -2.433943
v 0.302447 2.430718 -2.440730
v 2.126958 0.176121 0.529706
v 0.267636 2.540000 -2.433943
v 0.302447 2.569282 -2.440730
v 1.900000 0.100000 1.100000
v 0.254894 2.500000 -2.468541
v 0.267636 2.460000 -2.466057
v 0.302447 2.430718 -2.459270
v 2.308428 0.915746 0.170707
v 0.267636 2.540000 -2.466057
v 0.302447 2.569282 -2.459270
v 2.100000 0.950000 0.200000
v 0.291221 2.500000 -2.498541
v 0.299096 2.460000 -2.492038
v 0.320611 2.430718 -2.474271
v 2.108739 0.392893 -0.083819
v 0.299096 2.540000 -2.492038
v 0.320611 2.569282 -2.474271
v 2.172731 0.717317 -0.446734
v 2.195202 1.100000 -0.574173
v 0.350000 2.460000 -2.501961
v 2.172731 1.482683 -0.446734
v 2.701041 0.320208 -1.000000
v 0.350000 2.540000 -2.501961
v 2.012969 2.023880 0.459322
v 2.261990 0.915746 -0.044595
v 2.206395 0.176121 0.686913
v 2.399318 0.818198 -0.251952
v 2.526734 0.392893 0.743397
v 2.718868 0.717317 0.634076
v 2.786336 1.100000 0.595687
v 2.718868 1.482683 0.634076
v 2.526734 1.807107 0.743397
v 2.239186 2.023880 0.907008
v 2.491078 0.672208 -0.390504
v 2.239186 0.176121 0.907008
v 2.523300 0.500000 -0.439157
v 2.491910 0.392893 1.204370
v 2.673367 0.717317 1.236366
v 2.737087 1.100000 1.247601
v 2.673367 1.482683 1.236366
v 2.491910 1.807107 1.204370
v 2.220339 2.023880 1.156484
v 2.491078 0.327792 -0.390504
v 2.220339 0.176121 1.156484
v 2.399318 0.181802 -0.251952
v 2.366972 0.392893 1.649453
v 2.510128 0.717317 1.817895
v 2.560398 1.100000 1.877044
v 2.510128 1.482683 1.817895
v 2.366972 1.807107 1.649453
v 2.152723 2.023880 1.397362
v 2.261990 0.084254 -0.044595
v 2.152723 0.176121 1.397362
v 2.100000 0.050000 0.200000
v 2.170942 0.392893 2.010887
v 2.254003 0.717317 2.290132
v 2.283170 1.100000 2.388189
v 2.254003 1.482683 2.290132
v 2.170942 1.807107 2.010887
v 2.046633 2.023880 1.592969
v 2.425281 0.357060 -1.000000
v 2.046633 0.176121 1.592969
v 2.190891 0.084254 -0.222660
v 1.933664 0.392893 2.233647
v 1.943984 0.717317 2.581181
v 1.947608 1.100000 2.703219
v 1.943984 1.482683 2.581181
v 1.933664 1.807107 2.233647
v 1.918219 2.023880 1.713525
v 2.267944 0.181802 -0.580974
v 1.918219 0.176121 1.713525
v 2.319429 0.327792 -0.820391
v 1.691261 0.392893 2.283819
v 1.627269 0.717317 2.646734
v 1.604798 1.100000 2.774173
v 1.627269 1.482683 2.646734
v 1.691261 1.807107 2.283819
v 1.787031 2.023880 1.740678
v 2.337508 0.500000 -0.904463
v 1.787031 0.176121 1.740678
v 2.319429 0.672208 -0.820391
v 1.480636 0.392893 2.153765
v 1.352075 0.717317 2.476811
v 1.306930 1.100000 2.590250
v 1.352075 1.482683 2.476811
v 1.480636 1.807107 2.153765
v 1.673042 2.023880 1.670294
v 2.267944 0.818198 -0.580974
v 1.673042 0.176121 1.670294
v 2.190891 0.915746 -0.222660
v 1.333856 0.392893 1.863286
v 1.160297 0.717317 2.097281
v 1.099351 1.100000 2.179449
v 1.160297 1.482683 2.097281
v 1.333856 1.807107 1.863286
v 1.593605 2.023880 1.513087
v 2.100000 0.370000 -1.000000
v 1.593605 0.176121 1.513087
v 1.600000 0.180000 -1.200000
v 1.273266 0.392893 1.456602
v 1.081132 0.717317 1.565924
v 1.013664 1.100000 1.604312
v 1.081132 1.482683 1.565924
v 1.273266 1.807107 1.456602
v 1.560814 2.023880 1.292992
v 2.105954 0.915746 -0.336379
v 1.560814 0.176121 1.292992
v 2.111002 0.818198 -0.791099
v 1.308091 0.392893 0.995630
v 1.126633 0.717317 0.963634
v 1.062914 1.100000 0.952398
v 1.126633 1.482683 0.963634
v 1.308091 1.807107 0.995630
v 1.579661 2.023880 1.043515
v 2.114374 0.672208 -1.094933
v 1.579661 0.176121 1.043515
v 2.115559 0.500000 -1.201625
v 1.433028 0.392893 0.550547
v 1.289872 0.717317 0.382105
v 1.239602 1.100000 0.322955
v 1.289872 1.482683 0.382105
v 1.433028 1.807107 0.550547
v 1.647277 2.023880 0.802638
v 2.114374 0.327792 -1.094933
v 1.647277 0.176121 0.802638
v 2.111002 0.181802 -0.791099
v 1.629058 0.392893 0.189113
v 1.545997 0.717317 -0.090132
v 1.516830 1.100000 -0.188189
v 1.545997 1.482683 -0.090132
v 1.629058 1.807107 0.189113
v 1.753367 2.023880 0.607031
v 2.105954 0.084254 -0.336379
v 1.753367 0.176121 0.607031
v 2.400520 0.357060 -1.124480
v 1.866336 0.392893 -0.033647
v 1.856016 0.717317 -0.381181
v 1.852392 1.100000 -0.503219
v 1.856016 1.482683 -0.381181
v 1.866336 1.807107 -0.033647
v 1.881781 2.023880 0.486475
v 2.655289 0.320208 -1.230008
v 1.881781 0.176121 0.486475
v 2.020111 0.084254 -0.368439
v 1.952384 0.181802 -0.850338
v 1.907131 0.327792 -1.172333
v 1.891240 0.500000 -1.285402
v 1.907131 0.672208 -1.172333
v 2.108740 1.807107 -0.083819
v 1.952384 0.818198 -0.850338
v 2.825520 0.265056 -1.300520
v 2.012969 0.176121 0.459322
v 2.885298 0.200000 -1.325281
v 2.603189 0.672208 0.129282
v 2.644647 0.500000 0.123455
v 2.603189 0.327792 0.129282
v 2.485124 0.181802 0.145875
v 2.308428 0.084254 0.170707
v 2.825520 0.134944 -1.300520
v 2.512298 0.818198 0.551942
v 2.323134 0.915746 0.390469
v 2.655289 0.079792 -1.230008
v 2.638693 0.672208 0.659834
v 2.683077 0.500000 0.697720
v 2.638693 0.327792 0.659834
v 2.512298 0.181802 0.551942
v 2.323134 0.084254 0.390469
v 2.400520 0.042940 -1.124480
v 2.476703 0.818198 0.904429
v 2.303870 0.915746 0.581234
v 2.100000 0.030000 -1.000000
v 2.592187 0.672208 1.120380
v 2.632739 0.500000 1.196213
v 2.592187 0.327792 1.120380
v 2.476703 0.181802 0.904429
v 2.303870 0.084254 0.581234
v 1.600000 0.110000 -1.266987
v 2.383759 0.818198 1.149673
v 2.253569 0.915746 0.713959
v 2.330008 0.042940 -1.230008
v 2.470749 0.672208 1.440807
v 2.501296 0.500000 1.543040
v 2.470749 0.327792 1.440807
v 2.383759 0.181802 1.149673
v 2.253569 0.084254 0.713959
v 2.525000 0.079792 -1.425000
v 2.247615 0.818198 1.250338
v 2.179889 0.915746 0.768439
v 2.655289 0.134944 -1.555289
v 2.292869 0.672208 1.572333
v 2.308759 0.500000 1.685402
v 2.292869 0.327792 1.572333
v 2.247615 0.181802 1.250338
v 2.179889 0.084254 0.768439
v 2.701041 0.200000 -1.601041
v 2.088998 0.818198 1.191098
v 2.094046 0.915746 0.736379
v 2.655289 0.265056 -1.555289
v 2.085625 0.672208 1.494933
v 2.084441 0.500000 1.601625
v 2.085625 0.327792 1.494933
v 2.088998 0.181802 1.191098
v 2.094046 0.084254 0.736379
v 2.525000 0.320208 -1.425000
v 1.932056 0.818198 0.980973
v 2.009109 0.915746 0.622660
v 2.330008 0.357060 -1.230008
v 1.880571 0.672208 1.220391
v 1.862491 0.500000 1.304463
v 1.880571 0.327792 1.220391
v 1.932056 0.181802 0.980973
v 2.009109 0.084254 0.622660
v 1.600000 0.058756 -1.450000
v 1.800682 0.818198 0.651952
v 1.938010 0.915746 0.444595
v 1.600000 0.040000 -1.700000
v 1.708922 0.672208 0.790504
v 1.676700 0.500000 0.839157
v 1.708922 0.327792 0.790504
v 1.800682 0.181802 0.651952
v 1.938010 0.084254 0.444595
v 2.224479 0.357060 -1.300520
v 1.714876 0.818198 0.254125
v 1.891572 0.915746 0.229292
v 2.330008 0.320208 -1.555289
v 1.596811 0.672208 0.270718
v 1.555352 0.500000 0.276544
v 1.596811 0.327792 0.270718
v 1.714876 0.181802 0.254125
v 1.891572 0.084254 0.229292
v 2.400520 0.265056 -1.725520
v 1.687702 0.818198 -0.151942
v 1.876866 0.915746 0.009530
v 2.425281 0.200000 -1.785298
v 1.561307 0.672208 -0.259834
v 1.516922 0.500000 -0.297721
v 1.561307 0.327792 -0.259834
v 1.687702 0.181802 -0.151942
v 1.876866 0.084254 0.009530
v 2.400520 0.134944 -1.725520
v 1.723297 0.818198 -0.504429
v 1.896129 0.915746 -0.181234
v 2.330008 0.079792 -1.555289
v 1.607813 0.672208 -0.720380
v 1.567261 0.500000 -0.796213
v 1.607813 0.327792 -0.720380
v 1.723297 0.181802 -0.504429
v 1.896129 0.084254 -0.181234
v 2.224479 0.042940 -1.300520
v 1.816241 0.818198 -0.749673
v 1.946431 0.915746 -0.313959
v 2.290211 0.180000 -1.545492
v 1.729251 0.672208 -1.040807
v 1.698704 0.500000 -1.143040
v 1.729251 0.327792 -1.040807
v 1.816241 0.181802 -0.749673
v 1.946431 0.084254 -0.313959
v 1.658779 0.058756 -1.497746
v 2.100000 0.042940 -1.325281
v 2.020111 0.915746 -0.368439
v 2.100000 0.079792 -1.601041
v 2.100000 0.134944 -1.785298
v 2.100000 0.200000 -1.850000
v 2.100000 0.265056 -1.785298
v 2.100000 0.320208 -1.601041
v 1.701807 0.110000 -1.349685
v 1.717557 0.180000 -1.295491
v 2.885298 0.265056 -1.000000
v 2.950000 0.200000 -1.000000
v 2.885298 0.134944 -1.000000
v 2.701041 0.079792 -1.000000
v 2.425281 0.042940 -1.000000
v 1.701807 0.250000 -1.349685
v 2.655289 0.320208 -0.769992
v 2.400520 0.357060 -0.875520
v 1.658779 0.301244 -1.497746
v 2.825520 0.265056 -0.699479
v 2.885298 0.200000 -0.674719
v 2.825520 0.134944 -0.699479
v 2.655289 0.079792 -0.769992
v 2.400520 0.042940 -0.875520
v 1.600000 0.320000 -1.700000
v 2.525000 0.320208 -0.575000
v 2.330008 0.357060 -0.769992
v 2.264728 0.110000 -1.566192
v 2.655289 0.265056 -0.444711
v 2.701041 0.200000 -0.398959
v 2.655289 0.134944 -0.444711
v 2.525000 0.079792 -0.575000
v 2.330008 0.042940 -0.769992
v 1.695106 0.301244 -1.622746
v 2.330008 0.320208 -0.444711
v 2.224479 0.357060 -0.699480
v 1.764728 0.250000 -1.566192
v 2.400520 0.265056 -0.274480
v 2.425281 0.200000 -0.214702
v 2.400520 0.134944 -0.274480
v 2.330008 0.079792 -0.444711
v 2.224479 0.042940 -0.699480
v 1.790211 0.180000 -1.545492
v 2.100000 0.320208 -0.398959
v 2.100000 0.357060 -0.674719
v 1.764728 0.110000 -1.566192
v 2.100000 0.265056 -0.214702
v 2.100000 0.200000 -0.150000
v 2.100000 0.134944 -0.214702
v 2.100000 0.079792 -0.398959
v 2.100000 0.042940 -0.674719
v 1.695106 0.058756 -1.622746
v 1.869991 0.320208 -0.444711
v 1.975520 0.357060 -0.699480
v 2.195106 0.058756 -1.622746
v 1.799479 0.265056 -0.274480
v 1.774719 0.200000 -0.214702
v 1.799479 0.134944 -0.274480
v 1.869991 0.079792 -0.444711
v 1.975520 0.042940 -0.699480
v 2.100000 0.040000 -1.700000
v 1.675000 0.320208 -0.575000
v 1.869991 0.357060 -0.769992
v 1.695106 0.058756 -1.777254
v 1.544711 0.265056 -0.444711
v 1.498959 0.200000 -0.398959
v 1.544711 0.134944 -0.444711
v 1.675000 0.079792 -0.575000
v 1.869991 0.042940 -0.769992
v 1.764728 0.110000 -1.833808
v 1.544711 0.320208 -0.769992
v 1.799479 0.357060 -0.875520
v 1.790211 0.180000 -1.854509
v 1.374480 0.265056 -0.699480
v 1.314702 0.200000 -0.674719
v 1.374480 0.134944 -0.699480
v 1.544711 0.079792 -0.769992
v 1.799479 0.042940 -0.875520
v 1.764728 0.250000 -1.833808
v 1.498959 0.320208 -1.000000
v 1.774719 0.357060 -1.000000
v 1.695106 0.301244 -1.777254
v 1.314702 0.265056 -1.000000
v 1.250000 0.200000 -1.000000
v 1.314702 0.134944 -1.000000
v 1.498959 0.079792 -1.000000
v 1.774719 0.042940 -1.000000
v 2.790211 0.180000 -1.545492
v 1.544711 0.320208 -1.230009
v 1.799479 0.357060 -1.124480
v 2.195106 0.058756 -1.777254
v 1.374480 0.265056 -1.300521
v 1.314703 0.200000 -1.325281
v 1.374480 0.134944 -1.300521
v 1.544711 0.079792 -1.230009
v 1.799479 0.042940 -1.124480
v 1.658779 0.301244 -1.902254
v 1.675000 0.320208 -1.425000
v 1.869992 0.357060 -1.230008
v 1.701807 0.250000 -2.050315
v 1.544711 0.265056 -1.555290
v 1.498960 0.200000 -1.601041
v 1.544711 0.134944 -1.555290
v 1.675000 0.079792 -1.425000
v 1.869992 0.042940 -1.230008
v 1.717557 0.180000 -2.104509
v 1.869992 0.320208 -1.555289
v 1.975520 0.357060 -1.300520
v 1.701807 0.110000 -2.050315
v 1.799480 0.265056 -1.725520
v 1.774719 0.200000 -1.785298
v 1.799480 0.134944 -1.725520
v 1.869992 0.079792 -1.555289
v 1.975520 0.042940 -1.300520
v 1.658779 0.058756 -1.902254
v 2.264728 0.110000 -1.833808
v 2.100000 0.357060 -1.325281
v 2.290211 0.180000 -1.854509
v 1.600000 0.058756 -1.950000
v 2.264728 0.250000 -1.833808
v 1.600000 0.180000 -2.200000
v 2.195106 0.301244 -1.777254
v 1.600000 0.301244 -1.950000
v 2.100000 0.320000 -1.700000
v 1.600000 0.250000 -1.266987
v 1.600000 0.301244 -1.450000
v 2.764728 0.110000 -1.566192
v 1.482443 0.180000 -1.295491
v 1.498193 0.110000 -1.349685
v 1.541221 0.058756 -1.497746
v 2.158778 0.301244 -1.902254
v 1.498193 0.250000 -1.349685
v 1.541221 0.301244 -1.497746
v 2.201807 0.250000 -2.050315
v 1.409789 0.180000 -1.545491
v 1.435272 0.110000 -1.566192
v 1.504894 0.058756 -1.622746
v 2.217557 0.180000 -2.104509
v 1.435272 0.250000 -1.566192
v 1.504894 0.301244 -1.622746
v 2.201807 0.110000 -2.050315
v 1.409789 0.180000 -1.854509
v 1.435272 0.110000 -1.833808
v 1.504894 0.058756 -1.777254
v 2.158778 0.058756 -1.902254
v 1.435272 0.250000 -1.833808
v 1.504894 0.301244 -1.777254
v 2.695106 0.058756 -1.622746
v 1.482443 0.180000 -2.104509
v 1.498193 0.110000 -2.050315
v 1.541221 0.058756 -1.902254
v 2.600000 0.040000 -1.700000
v 1.498193 0.250000 -2.050315
v 1.541221 0.301244 -1.902254
v 2.100000 0.058756 -1.950000
v 1.350000 0.298959 -1.325000
v 1.600000 0.110000 -2.133013
v 2.100000 0.180000 -2.200000
v 2.695106 0.058756 -1.777254
v 1.600000 0.250000 -2.133013
v 2.100000 0.301244 -1.950000
v 2.764728 0.110000 -1.833808
v 2.264728 0.250000 -1.566192
v 2.195106 0.301244 -1.622746
v 2.790211 0.180000 -1.854509
v 2.217557 0.180000 -1.295491
v 2.201807 0.110000 -1.349685
v 2.158778 0.058756 -1.497746
v 2.764728 0.250000 -1.833808
v 2.201807 0.250000 -1.349685
v 2.158778 0.301244 -1.497746
v 2.695106 0.301244 -1.777254
v 2.100000 0.180000 -1.200000
v 2.100000 0.110000 -1.266987
v 2.100000 0.058756 -1.450000
v 2.600000 0.320000 -1.700000
v 2.100000 0.250000 -1.266987
v 2.100000 0.301244 -1.450000
v 1.411313 0.574719 -1.393977
v 1.982443 0.180000 -1.295491
v 1.998193 0.110000 -1.349685
v 2.041221 0.058756 -1.497746
v 2.658778 0.301244 -1.902254
v 1.998193 0.250000 -1.349685
v 2.041221 0.301244 -1.497746
v 2.701807 0.250000 -2.050315
v 1.909789 0.180000 -1.545491
v 1.935272 0.110000 -1.566192
v 2.004894 0.058756 -1.622746
v 2.717557 0.180000 -2.104509
v 1.935272 0.250000 -1.566192
v 2.004894 0.301244 -1.622746
v 2.701807 0.110000 -2.050315
v 1.909789 0.180000 -1.854509
v 1.935272 0.110000 -1.833808
v 2.004894 0.058756 -1.777254
v 2.658778 0.058756 -1.902254
v 1.935272 0.250000 -1.833808
v 2.004894 0.301244 -1.777254
v 1.432843 0.900000 -1.418198
v 1.982443 0.180000 -2.104509
v 1.998193 0.110000 -2.050315
v 2.041221 0.058756 -1.902254
v 1.411313 1.225281 -1.393977
v 1.998193 0.250000 -2.050315
v 2.041221 0.301244 -1.902254
v 2.600000 0.058756 -1.950000
v 1.350000 1.501041 -1.325000
v 2.100000 0.110000 -2.133013
v 2.600000 0.180000 -2.200000
v 1.258239 1.685297 -1.221769
v 2.100000 0.250000 -2.133013
v 2.600000 0.301244 -1.950000
v 1.150000 1.750000 -1.100000
v 2.764728 0.250000 -1.566192
v 2.695106 0.301244 -1.622746
v 1.588909 0.293137 -1.600000
v 2.717557 0.180000 -1.295491
v 2.701807 0.110000 -1.349685
v 2.658778 0.058756 -1.497746
v 1.208579 1.685297 -1.259099
v 2.701807 0.250000 -1.349685
v 2.658778 0.301244 -1.497746
v 1.258239 1.501041 -1.393977
v 2.600000 0.180000 -1.200000
v 2.600000 0.110000 -1.266987
v 2.600000 0.058756 -1.450000
v 1.291421 1.225281 -1.484099
v 2.600000 0.250000 -1.266987
v 2.600000 0.301244 -1.450000
v 1.303073 0.900000 -1.515746
v 2.482443 0.180000 -1.295491
v 2.498193 0.110000 -1.349685
v 2.541221 0.058756 -1.497746
v 1.291421 0.574719 -1.484099
v 2.498193 0.250000 -1.349685
v 2.541221 0.301244 -1.497746
v 1.258239 0.298959 -1.393977
v 2.409789 0.180000 -1.545491
v 2.435272 0.110000 -1.566192
v 2.504894 0.058756 -1.622746
v 1.208579 0.114702 -1.259099
v 2.435272 0.250000 -1.566192
v 2.504894 0.301244 -1.622746
v 1.150000 0.050000 -1.100000
v 2.409789 0.180000 -1.854509
v 2.435272 0.110000 -1.833808
v 2.504894 0.058756 -1.777254
v 1.410476 0.327821 -1.600000
v 2.435272 0.250000 -1.833808
v 2.504894 0.301244 -1.777254
v 1.200000 0.340000 -1.600000
v 2.482443 0.180000 -2.104509
v 2.498193 0.110000 -2.050315
v 2.541221 0.058756 -1.902254
v 1.150000 0.298959 -1.418198
v 2.498193 0.250000 -2.050315
v 2.541221 0.301244 -1.902254
v 1.150000 0.574719 -1.515746
v 1.150000 0.900000 -1.550000
v 2.600000 0.110000 -2.133013
v 1.150000 1.225281 -1.515746
v 0.900000 0.160000 -1.750000
v 2.600000 0.250000 -2.133013
v 1.150000 1.685297 -1.272208
v 1.394454 0.327821 -1.687868
v 1.258239 0.114702 -1.221769
v 1.559305 0.293137 -1.762359
v 1.411313 0.298959 -1.221769
v 1.491421 0.574719 -1.259099
v 1.519552 0.900000 -1.272207
v 1.491421 1.225281 -1.259099
v 1.411313 1.501041 -1.221769
v 1.291421 1.685297 -1.165901
v 1.669454 0.241229 -1.812132
v 1.291421 0.114702 -1.165901
v 1.708134 0.180000 -1.829610
v 1.432843 0.298959 -1.100000
v 1.519552 0.574719 -1.100000
v 1.550000 0.900000 -1.100000
v 1.519552 1.225281 -1.100000
v 1.432843 1.501041 -1.100000
v 1.303073 1.685297 -1.100000
v 1.669454 0.118771 -1.812132
v 1.303073 0.114702 -1.100000
v 1.559305 0.066863 -1.762359
v 1.411313 0.298959 -0.978231
v 1.491421 0.574719 -0.940901
v 1.519552 0.900000 -0.927792
v 1.491421 1.225281 -0.940901
v 1.411313 1.501041 -0.978231
v 1.291421 1.685297 -1.034099
v 1.394454 0.032179 -1.687868
v 1.291421 0.114702 -1.034099
v 1.200000 0.020000 -1.600000
v 1.350000 0.298959 -0.875000
v 1.411313 0.574719 -0.806023
v 1.432843 0.900000 -0.781802
v 1.411313 1.225281 -0.806023
v 1.350000 1.501041 -0.875000
v 1.258239 1.685297 -0.978231
v 0.900000 0.100000 -1.790192
v 1.258239 0.114702 -0.978231
v 1.348829 0.032179 -1.762359
v 1.258239 0.298959 -0.806023
v 1.291421 0.574719 -0.715901
v 1.303073 0.900000 -0.684254
v 1.291421 1.225281 -0.715901
v 1.258239 1.501041 -0.806023
v 1.208579 1.685297 -0.940901
v 1.475000 0.066863 -1.900000
v 1.208579 0.114702 -0.940901
v 1.559305 0.118771 -1.991969
v 1.150000 0.298959 -0.781802
v 1.150000 0.574719 -0.684254
v 1.150000 0.900000 -0.650000
v 1.150000 1.225281 -0.684254
v 1.150000 1.501041 -0.781802
v 1.150000 1.685297 -0.927792
v 1.588909 0.180000 -2.024264
v 1.150000 0.114702 -0.927792
v 1.559305 0.241229 -1.991969
v 1.041761 0.298959 -0.806023
v 1.008579 0.574719 -0.715901
v 0.996926 0.900000 -0.684254
v 1.008579 1.225281 -0.715901
v 1.041761 1.501041 -0.806023
v 1.091421 1.685297 -0.940901
v 1.475000 0.293137 -1.900000
v 1.091421 0.114702 -0.940901
v 1.348829 0.327821 -1.762359
v 0.950000 0.298959 -0.875000
v 0.888687 0.574719 -0.806023
v 0.867157 0.900000 -0.781802
v 0.888687 1.225281 -0.806023
v 0.950000 1.501041 -0.875000
v 1.041761 1.685297 -0.978231
v 0.900000 0.056077 -1.900000
v 1.041761 0.114702 -0.978231
v 0.900000 0.040000 -2.050000
v 0.888687 0.298959 -0.978231
v 0.808579 0.574719 -0.940901
v 0.780448 0.900000 -0.927793
v 0.808579 1.225281 -0.940901
v 0.888687 1.501041 -0.978231
v 1.008579 1.685297 -1.034099
v 1.280546 0.327821 -1.812132
v 1.008579 0.114702 -1.034099
v 1.348829 0.293137 -1.991969
v 0.867157 0.298959 -1.100000
v 0.780448 0.574719 -1.100000
v 0.750000 0.900000 -1.100000
v 0.780448 1.225281 -1.100000
v 0.867157 1.501041 -1.100000
v 0.996927 1.685297 -1.100000
v 1.394454 0.241229 -2.112132
v 0.996927 0.114702 -1.100000
v 1.410476 0.180000 -2.154328
v 0.888687 0.298959 -1.221769
v 0.808579 0.574719 -1.259099
v 0.780448 0.900000 -1.272208
v 0.808579 1.225281 -1.259099
v 0.888687 1.501041 -1.221769
v 1.008579 1.685297 -1.165901
v 1.394454 0.118771 -2.112132
v 1.008579 0.114702 -1.165901
v 1.348829 0.066863 -1.991969
v 0.950000 0.298959 -1.325000
v 0.888687 0.574719 -1.393977
v 0.867157 0.900000 -1.418198
v 0.888687 1.225281 -1.393977
v 0.950000 1.501041 -1.325000
v 1.041761 1.685297 -1.221769
v 1.280546 0.032179 -1.812132
v 1.041761 0.114702 -1.221769
v 1.333148 0.160000 -1.957295
v 1.041761 0.298959 -1.393977
v 1.008579 0.574719 -1.484099
v 0.996927 0.900000 -1.515746
v 1.008579 1.225281 -1.484099
v 1.041761 1.501041 -1.393977
v 1.091421 1.685297 -1.259099
v 0.941145 0.056077 -1.928647
v 1.091421 0.114702 -1.259099
v 1.200000 0.032179 -1.829610
v 1.200000 0.066863 -2.024264
v 1.200000 0.118771 -2.154328
v 1.200000 0.180000 -2.200000
v 1.200000 0.241229 -2.154328
v 1.150000 1.501041 -1.418198
v 1.200000 0.293137 -2.024264
v 0.971265 0.100000 -1.839811
v 1.150000 0.114702 -1.272208
v 0.982290 0.160000 -1.807295
v 1.708134 0.241229 -1.600000
v 1.750000 0.180000 -1.600000
v 1.708134 0.118771 -1.600000
v 1.588909 0.066863 -1.600000
v 1.410476 0.032179 -1.600000
v 0.971265 0.220000 -1.839811
v 1.559305 0.293137 -1.437641
v 1.394454 0.327821 -1.512132
v 0.941145 0.263923 -1.928647
v 1.669454 0.241229 -1.387868
v 1.708134 0.180000 -1.370390
v 1.669454 0.118771 -1.387868
v 1.559305 0.066863 -1.437641
v 1.394454 0.032179 -1.512132
v 0.900000 0.280000 -2.050000
v 1.475000 0.293137 -1.300000
v 1.348829 0.327821 -1.437641
v 1.315310 0.100000 -1.969715
v 1.559305 0.241229 -1.208031
v 1.588909 0.180000 -1.175736
v 1.559305 0.118771 -1.208031
v 1.475000 0.066863 -1.300000
v 1.348829 0.032179 -1.437641
v 0.966574 0.263923 -2.003647
v 1.348829 0.293137 -1.208031
v 1.280546 0.327821 -1.387868
v 1.015309 0.220000 -1.969715
v 1.394454 0.241229 -1.087868
v 1.410476 0.180000 -1.045672
v 1.394454 0.118771 -1.087868
v 1.348829 0.066863 -1.208031
v 1.280546 0.032179 -1.387868
v 1.033148 0.160000 -1.957295
v 1.200000 0.293137 -1.175736
v 1.200000 0.327821 -1.370390
v 1.015309 0.100000 -1.969715
v 1.200000 0.241229 -1.045672
v 1.200000 0.180000 -1.000000
v 1.200000 0.118771 -1.045672
v 1.200000 0.066863 -1.175736
v 1.200000 0.032179 -1.370390
v 0.966574 0.056077 -2.003647
v 1.051171 0.293137 -1.208031
v 1.119454 0.327821 -1.387868
v 1.266574 0.056077 -2.003647
v 1.005546 0.241229 -1.087868
v 0.989524 0.180000 -1.045672
v 1.005546 0.118771 -1.087868
v 1.051171 0.066863 -1.208031
v 1.119454 0.032179 -1.387868
v 1.200000 0.040000 -2.050000
v 0.925000 0.293137 -1.300000
v 1.051171 0.327821 -1.437641
v 0.966574 0.056077 -2.096353
v 0.840695 0.241229 -1.208031
v 0.811091 0.180000 -1.175736
v 0.840695 0.118771 -1.208031
v 0.925000 0.066863 -1.300000
v 1.051171 0.032179 -1.437641
v 1.015309 0.100000 -2.130285
v 0.840695 0.293137 -1.437641
v 1.005546 0.327821 -1.512132
v 1.033148 0.160000 -2.142705
v 0.730546 0.241229 -1.387868
v 0.691866 0.180000 -1.370390
v 0.730546 0.118771 -1.387868
v 0.840695 0.066863 -1.437641
v 1.005546 0.032179 -1.512132
v 1.015309 0.220000 -2.130285
v 0.811091 0.293137 -1.600000
v 0.989524 0.327821 -1.600000
v 0.966574 0.263923 -2.096353
v 0.691866 0.241229 -1.600000
v 0.650000 0.180000 -1.600000
v 0.691866 0.118771 -1.600000
v 0.811091 0.066863 -1.600000
v 0.989524 0.032179 -1.600000
v 1.633148 0.160000 -1.957295
v 0.840695 0.293137 -1.762359
v 1.005546 0.327821 -1.687868
v 1.266574 0.056077 -2.096353
v 0.730546 0.241229 -1.812132
v 0.691866 0.180000 -1.829610
v 0.730546 0.118771 -1.812132
v 0.840695 0.066863 -1.762359
v 1.005546 0.032179 -1.687868
v 0.941145 0.263923 -2.171352
v 0.925000 0.293137 -1.900000
v 1.051171 0.327821 -1.762359
v 0.971265 0.220000 -2.260189
v 0.840695 0.241229 -1.991969
v 0.811092 0.180000 -2.024264
v 0.840695 0.118771 -1.991969
v 0.925000 0.066863 -1.900000
v 1.051171 0.032179 -1.762359
v 0.982290 0.160000 -2.292705
v 1.051171 0.293137 -1.991969
v 1.119455 0.327821 -1.812132
v 0.971265 0.100000 -2.260189
v 1.005546 0.241229 -2.112132
v 0.989524 0.180000 -2.154328
v 1.005546 0.118771 -2.112132
v 1.051171 0.066863 -1.991969
v 1.119455 0.032179 -1.812132
v 0.941145 0.056077 -2.171352
v 1.315310 0.100000 -2.130285
v 1.200000 0.327821 -1.829610
v 1.333148 0.160000 -2.142705
v 0.900000 0.056077 -2.200000
v 1.315310 0.220000 -2.130285
v 0.900000 0.160000 -2.350000
v 1.266574 0.263923 -2.096353
v 0.900000 0.263923 -2.200000
v 1.200000 0.280000 -2.050000
v 0.900000 0.220000 -1.790192
v 0.900000 0.263923 -1.900000
v 1.615309 0.100000 -1.969715
v 0.817710 0.160000 -1.807295
v 0.828735 0.100000 -1.839811
v 0.858855 0.056077 -1.928647
v 1.241145 0.263923 -2.171352
v 0.828735 0.220000 -1.839811
v 0.858855 0.263923 -1.928647
v 1.271265 0.220000 -2.260189
v 0.766852 0.160000 -1.957295
v 0.784690 0.100000 -1.969715
v 0.833426 0.056077 -2.003647
v 1.282290 0.160000 -2.292705
v 0.784690 0.220000 -1.969715
v 0.833426 0.263923 -2.003647
v 1.271265 0.100000 -2.260189
v 0.766852 0.160000 -2.142705
v 0.784690 0.100000 -2.130285
v 0.833426 0.056077 -2.096353
v 1.241145 0.056077 -2.171352
v 0.784690 0.220000 -2.130285
v 0.833426 0.263923 -2.096353
v 1.566574 0.056077 -2.003647
v 0.817710 0.160000 -2.292705
v 0.828735 0.100000 -2.260189
v 0.858855 0.056077 -2.171353
v 1.500000 0.040000 -2.050000
v 0.828735 0.220000 -2.260189
v 0.858855 0.263923 -2.171353
v 1.200000 0.056077 -2.200000
v 1.424472 1.978130 -2.163562
v 0.900000 0.100000 -2.309808
v 1.200000 0.160000 -2.350000
v 1.566574 0.056077 -2.096353
v 0.900000 0.220000 -2.309808
v 1.200000 0.263923 -2.200000
v 1.615309 0.100000 -2.130285
v 1.315310 0.220000 -1.969715
v 1.266574 0.263923 -2.003647
v 1.633148 0.160000 -2.142705
v 1.282290 0.160000 -1.807295
v 1.271265 0.100000 -1.839811
v 1.241145 0.056077 -1.928647
v 1.615309 0.220000 -2.130285
v 1.271265 0.220000 -1.839811
v 1.241145 0.263923 -1.928647
v 1.566574 0.263923 -2.096353
v 1.200000 0.160000 -1.750000
v 1.200000 0.100000 -1.790192
v 1.200000 0.056077 -1.900000
v 1.500000 0.280000 -2.050000
v 1.200000 0.220000 -1.790192
v 1.200000 0.263923 -1.900000
v 0.756365 1.914097 -2.515469
v 1.117710 0.160000 -1.807295
v 1.128735 0.100000 -1.839811
v 1.158855 0.056077 -1.928647
v 1.541145 0.263923 -2.171352
v 1.128735 0.220000 -1.839811
v 1.158855 0.263923 -1.928647
v 1.571265 0.220000 -2.260189
v 1.066852 0.160000 -1.957295
v 1.084691 0.100000 -1.969715
v 1.133426 0.056077 -2.003647
v 1.582290 0.160000 -2.292705
v 1.084691 0.220000 -1.969715
v 1.133426 0.263923 -2.003647
v 1.571265 0.100000 -2.260189
v 1.066852 0.160000 -2.142705
v 1.084691 0.100000 -2.130285
v 1.133426 0.056077 -2.096353
v 1.541145 0.056077 -2.171352
v 1.084691 0.220000 -2.130285
v 1.133426 0.263923 -2.096353
v 0.734968 1.917735 -2.454200
v 1.117710 0.160000 -2.292705
v 1.128735 0.100000 -2.260189
v 1.158855 0.056077 -2.171353
v 0.728603 1.863639 -2.418730
v 1.128735 0.220000 -2.260189
v 1.158855 0.263923 -2.171353
v 1.500000 0.056077 -2.200000
v 0.743635 1.805903 -2.444531
v 1.200000 0.100000 -2.309808
v 1.500000 0.160000 -2.350000
v 0.765032 1.802265 -2.505800
v 1.200000 0.220000 -2.309808
v 1.500000 0.263923 -2.200000
v 0.771397 1.856361 -2.541270
v 1.615309 0.220000 -1.969715
v 1.566574 0.263923 -2.003647
v 0.000000 1.888440 -2.638532
v 1.582290 0.160000 -1.807295
v 1.571265 0.100000 -1.839811
v 1.541145 0.056077 -1.928647
v 0.000000 1.892590 -2.568655
v 1.571265 0.220000 -1.839811
v 1.541145 0.263923 -1.928647
v 0.000000 1.834150 -2.530123
v 1.500000 0.160000 -1.750000
v 1.500000 0.100000 -1.790192
v 1.500000 0.056077 -1.900000
v 0.000000 1.771560 -2.561467
v 1.500000 0.220000 -1.790192
v 1.500000 0.263923 -1.900000
v 0.000000 1.767410 -2.631344
v 1.417710 0.160000 -1.807295
v 1.428735 0.100000 -1.839811
v 1.458855 0.056077 -1.928647
v 0.000000 1.825850 -2.669877
v 1.428735 0.220000 -1.839811
v 1.458855 0.263923 -1.928647
v -0.755765 1.915082 -2.514026
v 1.366852 0.160000 -1.957295
v 1.384691 0.100000 -1.969715
v 1.433426 0.056077 -2.003647
v -0.734519 1.916885 -2.452623
v 1.384691 0.220000 -1.969715
v 1.433426 0.263923 -2.003647
v -0.728754 1.861803 -2.418597
v 1.366852 0.160000 -2.142705
v 1.384691 0.100000 -2.130285
v 1.433426 0.056077 -2.096353
v -0.744235 1.804919 -2.445974
v 1.384691 0.220000 -2.130285
v 1.433426 0.263923 -2.096353
v -0.765481 1.803115 -2.507377
v 1.417710 0.160000 -2.292705
v 1.428735 0.100000 -2.260189
v 1.458855 0.056077 -2.171353
v -0.771246 1.858197 -2.541403
v 1.428735 0.220000 -2.260189
v 1.458855 0.263923 -2.171353
v -1.381848 2.022748 -2.101475
v -1.406073 2.022748 -2.145215
v 1.500000 0.100000 -2.309808
v -1.424225 1.980000 -2.163739
v -1.418152 1.937253 -2.138525
v 1.500000 0.220000 -2.309808
v -1.393927 1.937253 -2.094785
v -1.375775 1.980000 -2.076260
v 1.417476 1.936349 -2.137004
v 1.393004 1.938218 -2.093442
v 1.375528 1.981870 -2.076438
v 1.382524 2.023652 -2.102996
v 1.406996 2.021782 -2.146558
v -1.400000 2.030000 -2.120000
v -1.400000 2.023301 -2.145000
v 1.447553 1.980000 -2.104549
v -1.400000 1.980000 -2.170000
v 1.441182 1.955000 -2.106619
v -1.400000 1.936699 -2.145000
v -1.400000 1.930000 -2.120000
v 1.423776 1.936699 -2.112274
v -1.385305 2.023301 -2.140225
v -1.374548 2.005000 -2.155031
v -1.370611 1.980000 -2.160451
v -1.374548 1.955000 -2.155031
v -1.385305 1.936699 -2.140225
v 1.400000 1.930000 -2.120000
v -0.438599 2.907219 1.017426
v -1.376224 2.023301 -2.127725
v -1.358818 2.005000 -2.133381
v -1.352447 1.980000 -2.135451
v -1.358818 1.955000 -2.133381
v -1.376224 1.936699 -2.127725
v 1.423776 1.936699 -2.127725
v 1.441182 1.955000 -2.133381
v -1.376224 2.023301 -2.112274
v -1.358818 2.005000 -2.106619
v -1.352447 1.980000 -2.104549
v -1.358818 1.955000 -2.106619
v -1.376224 1.936699 -2.112274
v 1.447553 1.980000 -2.135451
v 1.441182 2.005000 -2.133381
v -1.385305 2.023301 -2.099774
v -1.374548 2.005000 -2.084968
v -1.370611 1.980000 -2.079549
v -1.374548 1.955000 -2.084968
v -1.385305 1.936699 -2.099774
v 1.423776 2.023301 -2.127725
v 1.400000 2.030000 -2.120000
v -1.400000 2.023301 -2.095000
v -1.400000 2.005000 -2.076699
v -1.400000 1.980000 -2.070000
v -1.400000 1.955000 -2.076699
v -1.400000 1.936699 -2.095000
v -0.487017 2.857219 1.001694
v 1.414695 2.023301 -2.140225
v -1.414695 2.023301 -2.099774
v -1.425452 2.005000 -2.084968
v -1.429389 1.980000 -2.079549
v -1.425452 1.955000 -2.084968
v -1.414695 1.936699 -2.099774
v 1.425452 2.005000 -2.155031
v 1.429389 1.980000 -2.160451
v -1.423776 2.023301 -2.112274
v -1.441182 2.005000 -2.106619
v -1.447553 1.980000 -2.104549
v -1.441182 1.955000 -2.106619
v -1.423776 1.936699 -2.112274
v 1.425452 1.955000 -2.155031
v 1.414695 1.936699 -2.140225
v -1.423776 2.023301 -2.127725
v -1.441182 2.005000 -2.133381
v -1.447553 1.980000 -2.135451
v -1.441182 1.955000 -2.133381
v -1.423776 1.936699 -2.127725
v -0.619299 2.820617 0.958713
v -0.800000 2.807219 0.900000
v -1.414695 2.023301 -2.140225
v -1.425452 2.005000 -2.155031
v -1.429389 1.980000 -2.160451
v -1.425452 1.955000 -2.155031
v -1.414695 1.936699 -2.140225
v 1.400000 1.936699 -2.145000
v 1.163849 2.964740 0.601976
v 1.400000 1.980000 -2.170000
v -1.400000 2.005000 -2.163301
v -0.619299 2.820617 0.841287
v -1.400000 1.955000 -2.163301
v 1.400000 2.023301 -2.145000
v -0.487017 2.857219 0.798306
v 1.441182 2.005000 -2.106619
v 1.423776 2.023301 -2.112274
v -0.438599 2.907219 0.782574
v 1.429389 1.980000 -2.079549
v 1.425452 1.955000 -2.084968
v 1.414695 1.936699 -2.099774
v -0.487017 2.957219 0.798306
v 1.425452 2.005000 -2.084968
v 1.414695 2.023301 -2.099774
v -0.619299 2.993822 0.841287
v 1.400000 1.980000 -2.070000
v 1.400000 1.955000 -2.076699
v 1.400000 1.936699 -2.095000
v -0.800000 3.007219 0.900000
v 1.400000 2.005000 -2.076699
v 1.400000 2.023301 -2.095000
v 1.121801 2.914740 0.588313
v 1.370611 1.980000 -2.079549
v 1.374548 1.955000 -2.084968
v 1.385305 1.936699 -2.099774
v -0.688321 2.993822 0.746287
v 1.374548 2.005000 -2.084968
v 1.385305 2.023301 -2.099774
v -0.606566 2.957219 0.633761
v 1.352447 1.980000 -2.104549
v 1.358818 1.955000 -2.106619
v 1.376224 1.936699 -2.112274
v -0.576642 2.907219 0.592574
v 1.358818 2.005000 -2.106619
v 1.376224 2.023301 -2.112274
v -0.606566 2.857219 0.633761
v 1.352447 1.980000 -2.135451
v 1.358818 1.955000 -2.133381
v 1.376224 1.936699 -2.127725
v -0.688321 2.820617 0.746287
v 1.358818 2.005000 -2.133381
v 1.376224 2.023301 -2.127725
v 1.006924 2.878137 0.550988
v 1.370611 1.980000 -2.160451
v 1.374548 1.955000 -2.155031
v 1.385305 1.936699 -2.140225
v 0.850000 2.864740 0.500000
v 1.374548 2.005000 -2.155031
v 1.385305 2.023301 -2.140225
v -0.800000 2.820617 0.710000
v 0.435317 2.831380 1.592705
v 1.400000 1.955000 -2.163301
v -0.800000 2.907219 0.520000
v 1.006924 2.878137 0.449012
v 1.400000 2.005000 -2.163301
v -0.800000 2.993822 0.710000
v 1.121801 2.914740 0.411687
v -0.487017 2.957219 1.001694
v -0.619299 2.993822 0.958713
v 1.163849 2.964740 0.398024
v -0.576642 2.907219 1.207426
v -0.606566 2.857219 1.166239
v -0.688321 2.820617 1.053713
v 1.121801 3.014740 0.411687
v -0.606566 2.957219 1.166239
v -0.688321 2.993822 1.053713
v 1.006924 3.051342 0.449012
v -0.800000 2.907219 1.280000
v -0.800000 2.857219 1.229090
v -0.800000 2.820617 1.090000
v 0.850000 3.064739 0.500000
v -0.800000 2.957219 1.229090
v -0.800000 2.993822 1.090000
v 0.397092 2.781380 1.580285
v -1.023358 2.907219 1.207427
v -0.993434 2.857219 1.166239
v -0.911679 2.820617 1.053713
v 0.946985 3.051342 0.366512
v -0.993434 2.957219 1.166239
v -0.911679 2.993822 1.053713
v 1.017982 3.014740 0.268792
v -1.161402 2.907219 1.017426
v -1.112983 2.857219 1.001694
v -0.980701 2.820617 0.958713
v 1.043969 2.964740 0.233024
v -1.112983 2.957219 1.001694
v -0.980701 2.993822 0.958713
v 1.017982 2.914740 0.268792
v -1.161402 2.907219 0.782574
v -1.112983 2.857219 0.798306
v -0.980701 2.820617 0.841287
v 0.946985 2.878137 0.366512
v -1.112983 2.957219 0.798306
v -0.980701 2.993822 0.841287
v 0.292659 2.744777 1.546353
v -1.023358 2.907219 0.592574
v -0.993434 2.857219 0.633761
v -0.911679 2.820617 0.746287
v 0.150000 2.731380 1.500000
v -0.993434 2.957219 0.633761
v -0.911679 2.993822 0.746287
v 0.850000 2.878137 0.335000
v 0.016296 3.101890 -0.213475
v -0.800000 2.857219 0.570910
v 0.850000 2.964740 0.170000
v 0.292659 2.744777 1.453647
v -0.800000 2.957219 0.570910
v 0.850000 3.051342 0.335000
v 0.397092 2.781380 1.419715
v 1.121801 3.014740 0.588313
v 1.006924 3.051342 0.550988
v 0.435317 2.831380 1.407295
v 1.043969 2.964740 0.766976
v 1.017982 2.914740 0.731208
v 0.946985 2.878137 0.633488
v 0.397092 2.881380 1.419715
v 1.017982 3.014740 0.731208
v 0.946985 3.051342 0.633488
v 0.292659 2.917982 1.453647
v 0.850000 2.964740 0.830000
v 0.850000 2.914740 0.785788
v 0.850000 2.878137 0.665000
v 0.150000 2.931380 1.500000
v 0.850000 3.014740 0.785788
v 0.850000 3.051342 0.665000
v -0.019381 3.051890 -0.225067
v 0.656031 2.964740 0.766976
v 0.682018 2.914740 0.731208
v 0.753015 2.878137 0.633488
v 0.238168 2.917982 1.378647
v 0.682018 3.014740 0.731208
v 0.753015 3.051342 0.633488
v 0.302711 2.881380 1.289811
v 0.536151 2.964740 0.601976
v 0.578199 2.914740 0.588313
v 0.693076 2.878137 0.550988
v 0.326336 2.831380 1.257295
v 0.578199 3.014740 0.588313
v 0.693076 3.051342 0.550988
v 0.302711 2.781380 1.289811
v 0.536151 2.964740 0.398024
v 0.578199 2.914740 0.411687
v 0.693076 2.878137 0.449012
v 0.238168 2.744777 1.378647
v 0.578199 3.014740 0.411687
v 0.693076 3.051342 0.449012
v -0.116852 3.015287 -0.256738
v 0.656031 2.964740 0.233024
v 0.682018 2.914740 0.268792
v 0.753015 2.878137 0.366512
v -0.250000 3.001890 -0.300000
v 0.682018 3.014740 0.268792
v 0.753015 3.051342 0.366512
v 0.150000 2.744777 1.350000
v 1.209232 2.492653 1.567984
v 0.850000 2.914740 0.214212
v 0.150000 2.831380 1.200000
v -0.116852 3.015287 -0.343262
v 0.850000 3.014740 0.214212
v 0.150000 2.917982 1.350000
v -0.019381 3.051890 -0.374933
v 0.397092 2.881380 1.580285
v 0.292659 2.917982 1.546353
v 0.016296 3.101890 -0.386525
v 0.326336 2.831380 1.742705
v 0.302711 2.781380 1.710189
v 0.238168 2.744777 1.621353
v -0.019381 3.151890 -0.374933
v 0.302711 2.881380 1.710189
v 0.238168 2.917982 1.621353
v -0.116852 3.188492 -0.343262
v 0.150000 2.831380 1.800000
v 0.150000 2.781380 1.759808
v 0.150000 2.744777 1.650000
v -0.250000 3.201890 -0.300000
v 0.150000 2.881380 1.759808
v 0.150000 2.917982 1.650000
v 1.181201 2.442653 1.558876
v -0.026336 2.831380 1.742705
v -0.002711 2.781380 1.710189
v 0.061832 2.744777 1.621353
v -0.167710 3.188492 -0.413262
v -0.002711 2.881380 1.710189
v 0.061832 2.917982 1.621353
v -0.107470 3.151890 -0.496176
v -0.135317 2.831380 1.592705
v -0.097092 2.781380 1.580285
v 0.007342 2.744777 1.546353
v -0.085420 3.101890 -0.526525
v -0.097092 2.881380 1.580285
v 0.007342 2.917982 1.546353
v -0.107470 3.051890 -0.496176
v -0.135317 2.831380 1.407295
v -0.097092 2.781380 1.419715
v 0.007341 2.744777 1.453647
v -0.167710 3.015287 -0.413262
v -0.097092 2.881380 1.419715
v 0.007341 2.917982 1.453647
v 1.104616 2.406050 1.533992
v -0.026336 2.831380 1.257295
v -0.002711 2.781380 1.289811
v 0.061832 2.744777 1.378647
v 1.000000 2.392653 1.500000
v -0.002711 2.881380 1.289811
v 0.061832 2.917982 1.378647
v -0.250000 3.015287 -0.440000
v 0.150000 2.781380 1.240192
v -0.250000 3.101890 -0.580000
v 1.104616 2.406050 1.466008
v 0.150000 2.881380 1.240192
v -0.250000 3.188492 -0.440000
v 1.181201 2.442653 1.441124
v -0.019381 3.151890 -0.225067
v -0.116852 3.188492 -0.256738
v 1.209232 2.492653 1.432016
v -0.085420 3.101890 -0.073475
v -0.107470 3.051890 -0.103824
v -0.167710 3.015287 -0.186738
v 1.181201 2.542653 1.441124
v -0.107470 3.151890 -0.103824
v -0.167710 3.188492 -0.186738
v 1.104616 2.579255 1.466008
v -0.250000 3.101890 -0.020000
v -0.250000 3.051890 -0.057513
v -0.250000 3.015287 -0.160000
v 1.000000 2.592653 1.500000
v -0.250000 3.151890 -0.057513
v -0.250000 3.188492 -0.160000
v -0.414580 3.101890 -0.073475
v -0.392530 3.051890 -0.103824
v -0.332290 3.015287 -0.186738
v 1.064656 2.579255 1.411008
v -0.392530 3.151890 -0.103824
v -0.332290 3.188492 -0.186738
v 1.111988 2.542653 1.345862
v -0.516296 3.101890 -0.213475
v -0.480619 3.051890 -0.225067
v -0.383148 3.015287 -0.256738
v 1.129313 2.492653 1.322016
v -0.480619 3.151890 -0.225067
v -0.383148 3.188492 -0.256738
v 1.111988 2.442653 1.345862
v -0.516296 3.101890 -0.386525
v -0.480619 3.051890 -0.374933
v -0.383148 3.015287 -0.343262
v 1.064656 2.406050 1.411008
v -0.480619 3.151890 -0.374933
v -0.383148 3.188492 -0.343262
v -0.414580 3.101890 -0.526525
v -0.392530 3.051890 -0.496176
v -0.332290 3.015287 -0.413262
v -0.392530 3.151890 -0.496176
v -0.332290 3.188492 -0.413262
v 1.000000 2.406050 1.390000
v -0.250000 3.051890 -0.542487
v 1.000000 2.492653 1.280000
v -0.250000 3.151890 -0.542487
v 1.000000 2.579255 1.390000
v 1.181201 2.542653 1.558876
v 1.104616 2.579255 1.533992
v 1.129313 2.492653 1.677984
v 1.111988 2.442653 1.654138
v 1.064656 2.406050 1.588992
v 1.111988 2.542653 1.654138
v 1.064656 2.579255 1.588992
v 1.000000 2.492653 1.720000
v 1.000000 2.442653 1.690526
v 1.000000 2.406050 1.610000
v 1.000000 2.542653 1.690526
v 1.000000 2.579255 1.610000
v 0.870687 2.492653 1.677984
v 0.888012 2.442653 1.654138
v 0.935344 2.406050 1.588992
v 0.888012 2.542653 1.654138
v 0.935344 2.579255 1.588992
v 0.790768 2.492653 1.567984
v 0.818799 2.442653 1.558876
v 0.895384 2.406050 1.533992
v 0.818799 2.542653 1.558876
v 0.895384 2.579255 1.533992
v 0.790768 2.492653 1.432016
v 0.818799 2.442653 1.441124
v 0.895384 2.406050 1.466008
v 0.818799 2.542653 1.441124
v 0.895384 2.579255 1.466008
v 0.870687 2.492653 1.322016
v 0.888012 2.442653 1.345862
v 0.935344 2.406050 1.411008
v 0.888012 2.542653 1.345862
v 0.935344 2.579255 1.411008
v 1.000000 2.442653 1.309474
v 1.000000 2.542653 1.309474
vn -0.0000 1.0000 -0.0000
vn -0.0000 0.9801 -0.1986
vn 0.7624 -0.0000 0.6471
vn 0.6258 0.5785 0.5232
vn -0.0000 0.6167 -0.7872
vn -0.0000 0.3413 -0.9400
vn -0.0000 -0.0000 -1.0000
vn -0.0000 -0.3413 -0.9400
vn -0.0000 -0.6167 -0.7872
vn -0.0000 -0.8050 -0.5933
vn 0.3827 0.8689 0.3140
vn -0.0000 -0.9801 -0.1986
vn -0.0000 -1.0000 -0.0000
vn 0.1807 0.9727 0.1459
vn 0.0605 0.9797 -0.1913
vn 0.1188 0.9179 -0.3786
vn 0.1782 0.8019 -0.5703
vn 0.2348 0.6126 -0.7547
vn 0.2786 0.3382 -0.8989
vn 0.2955 -0.0000 -0.9553
vn 0.2786 -0.3382 -0.8989
vn 0.2348 -0.6126 -0.7547
vn 0.1782 -0.8019 -0.5703
vn 0.1188 -0.9179 -0.3786
vn 0.0605 -0.9797 -0.1913
vn 0.1161 0.9785 -0.1704
vn 0.2277 0.9136 -0.3368
vn 0.3398 0.7935 -0.5049
vn 0.4447 0.6018 -0.6634
vn 0.5243 0.3299 -0.7850
vn 0.5548 -0.0000 -0.8320
vn 0.5243 -0.3299 -0.7850
vn 0.4447 -0.6018 -0.6634
vn 0.3398 -0.7935 -0.5049
vn 0.2277 -0.9136 -0.3368
vn 0.1160 -0.9785 -0.1704
vn 0.2316 0.9697 0.0774
vn 0.4882 0.8568 0.1660
vn 0.1627 0.9770 -0.1380
vn 0.3187 0.9079 -0.2723
vn 0.4726 0.7825 -0.4054
vn 0.6130 0.5878 -0.5280
vn 0.7170 0.3195 -0.6195
vn 0.7562 -0.0000 -0.6543
vn 0.7170 -0.3195 -0.6195
vn 0.6130 -0.5878 -0.5280
vn 0.4726 -0.7825 -0.4054
vn 0.3187 -0.9079 -0.2723
vn 0.1627 -0.9770 -0.1380
vn 0.7834 0.5593 0.2712
vn 0.9436 -0.0000 0.3310
vn 0.1977 0.9755 -0.0968
vn 0.3866 0.9023 -0.1907
vn 0.5696 0.7719 -0.2822
vn 0.7328 0.5746 -0.3644
vn 0.8508 0.3099 -0.4243
vn 0.8947 -0.0000 -0.4467
vn 0.8508 -0.3099 -0.4243
vn 0.7328 -0.5746 -0.3644
vn 0.5696 -0.7719 -0.2822
vn 0.3866 -0.9023 -0.1907
vn 0.1977 -0.9755 -0.0968
vn 0.7834 -0.5593 0.2712
vn 0.4882 -0.8568 0.1660
vn 0.2193 0.9744 -0.0498
vn 0.4283 0.8983 -0.0981
vn 0.6283 0.7645 -0.1445
vn 0.8036 0.5655 -0.1854
vn 0.9284 0.3033 -0.2148
vn 0.9742 -0.0000 -0.2257
vn 0.9284 -0.3033 -0.2148
vn 0.8036 -0.5655 -0.1854
vn 0.6283 -0.7645 -0.1445
vn 0.4283 -0.8983 -0.0981
vn 0.2193 -0.9744 -0.0498
vn 0.2316 -0.9697 0.0774
vn 0.2266 0.9740 -0.0000
vn 0.4423 0.8968 -0.0000
vn 0.6478 0.7618 -0.0000
vn 0.8270 0.5622 -0.0000
vn 0.9536 0.3010 -0.0000
vn 1.0000 -0.0000 -0.0000
vn 0.9536 -0.3010 -0.0000
vn 0.8270 -0.5622 -0.0000
vn 0.6478 -0.7618 -0.0000
vn 0.4423 -0.8969 -0.0000
vn 0.2266 -0.9740 -0.0000
vn 0.0832 -0.9778 -0.1922
vn 0.2488 -0.9685 -0.0000
vn 0.2193 0.9744 0.0498
vn 0.4283 0.8983 0.0981
vn 0.6283 0.7645 0.1445
vn 0.8036 0.5655 0.1854
vn 0.9284 0.3033 0.2148
vn 0.9742 -0.0000 0.2257
vn 0.9284 -0.3033 0.2148
vn 0.8036 -0.5655 0.1854
vn 0.6283 -0.7645 0.1445
vn 0.4283 -0.8983 0.0981
vn 0.2193 -0.9744 0.0498
vn 0.5236 -0.8520 -0.0000
vn 0.8340 -0.5517 -0.0000
vn 0.1977 0.9755 0.0968
vn 0.3866 0.9023 0.1907
vn 0.5696 0.7719 0.2822
vn 0.7328 0.5746 0.3644
vn 0.8508 0.3099 0.4243
vn 0.8947 -0.0000 0.4467
vn 0.8508 -0.3099 0.4243
vn 0.7328 -0.5746 0.3644
vn 0.5696 -0.7719 0.2822
vn 0.3866 -0.9023 0.1907
vn 0.1977 -0.9755 0.0968
vn 0.8340 0.5517 -0.0000
vn 0.1627 0.9770 0.1380
vn 0.3187 0.9079 0.2723
vn 0.4726 0.7825 0.4054
vn 0.6130 0.5878 0.5280
vn 0.7170 0.3195 0.6195
vn 0.7562 -0.0000 0.6543
vn 0.7170 -0.3195 0.6195
vn 0.6130 -0.5878 0.5280
vn 0.4726 -0.7825 0.4054
vn 0.3187 -0.9079 0.2723
vn 0.1627 -0.9770 0.1380
vn 0.5236 0.8520 -0.0000
vn 0.2488 0.9685 -0.0000
vn 0.1161 0.9785 0.1704
vn 0.2277 0.9136 0.3368
vn 0.3398 0.7935 0.5049
vn 0.4447 0.6018 0.6634
vn 0.5243 0.3299 0.7850
vn 0.5548 -0.0000 0.8320
vn 0.5243 -0.3299 0.7850
vn 0.4447 -0.6018 0.6634
vn 0.3398 -0.7935 0.5049
vn 0.2277 -0.9136 0.3368
vn 0.1161 -0.9785 0.1704
vn 0.1660 -0.9106 -0.3785
vn 0.2491 -0.7875 -0.5637
vn 0.0605 0.9797 0.1913
vn 0.1188 0.9179 0.3786
vn 0.1782 0.8019 0.5703
vn 0.2348 0.6126 0.7547
vn 0.2786 0.3382 0.8989
vn 0.2955 -0.0000 0.9553
vn 0.2786 -0.3382 0.8989
vn 0.2348 -0.6126 0.7547
vn 0.1782 -0.8019 0.5703
vn 0.1188 -0.9179 0.3786
vn 0.0605 -0.9797 0.1913
vn 0.2316 0.9697 -0.0774
vn 0.4882 0.8568 -0.1660
vn -0.0000 0.9801 0.1986
vn -0.0000 0.9195 0.3931
vn -0.0000 0.8050 0.5933
vn -0.0000 0.6167 0.7872
vn -0.0000 0.3413 0.9400
vn -0.0000 -0.0000 1.0000
vn -0.0000 -0.3413 0.9400
vn -0.0000 -0.6167 0.7872
vn -0.0000 -0.8050 0.5933
vn -0.0000 -0.9195 0.3931
vn -0.0000 -0.9801 0.1986
vn 0.7834 0.5593 -0.2712
vn 0.9436 -0.0000 -0.3310
vn -0.0605 0.9797 0.1913
vn -0.1188 0.9179 0.3786
vn -0.1782 0.8019 0.5703
vn -0.2348 0.6126 0.7547
vn -0.2786 0.3382 0.8989
vn -0.2955 -0.0000 0.9553
vn -0.2786 -0.3382 0.8989
vn -0.2348 -0.6126 0.7547
vn -0.1782 -0.8019 0.5703
vn -0.1188 -0.9179 0.3786
vn -0.0605 -0.9797 0.1913
vn 0.7834 -0.5593 -0.2712
vn 0.4882 -0.8568 -0.1660
vn -0.1161 0.9785 0.1704
vn -0.2277 0.9136 0.3368
vn -0.3398 0.7935 0.5049
vn -0.4447 0.6018 0.6634
vn -0.5243 0.3299 0.7850
vn -0.5548 -0.0000 0.8320
vn -0.5243 -0.3299 0.7850
vn -0.4447 -0.6018 0.6634
vn -0.3398 -0.7935 0.5049
vn -0.2277 -0.9136 0.3368
vn -0.1160 -0.9785 0.1704
vn 0.2316 -0.9697 -0.0774
vn 0.3269 -0.5942 -0.7349
vn -0.1627 0.9770 0.1380
vn -0.3187 0.9079 0.2723
vn -0.4726 0.7825 0.4054
vn -0.6130 0.5878 0.5280
vn -0.7170 0.3195 0.6195
vn -0.7562 -0.0000 0.6543
vn -0.7170 -0.3195 0.6195
vn -0.6130 -0.5878 0.5280
vn -0.4726 -0.7825 0.4054
vn -0.3187 -0.9079 0.2723
vn -0.1627 -0.9770 0.1380
vn 0.3862 -0.3243 -0.8635
vn 0.1807 -0.9727 -0.1459
vn -0.1977 0.9755 0.0968
vn -0.3866 0.9023 0.1907
vn -0.5696 0.7719 0.2822
vn -0.7328 0.5746 0.3644
vn -0.8508 0.3099 0.4243
vn -0.8947 -0.0000 0.4467
vn -0.8508 -0.3099 0.4243
vn -0.7328 -0.5746 0.3644
vn -0.5696 -0.7719 0.2822
vn -0.3866 -0.9023 0.1907
vn -0.1977 -0.9755 0.0968
vn 0.3827 -0.8689 -0.3140
vn 0.6258 -0.5785 -0.5232
vn -0.2193 0.9744 0.0498
vn -0.4283 0.8983 0.0981
vn -0.6283 0.7645 0.1445
vn -0.8036 0.5655 0.1854
vn -0.9284 0.3033 0.2148
vn -0.9742 -0.0000 0.2257
vn -0.9284 -0.3033 0.2148
vn -0.8036 -0.5655 0.1854
vn -0.6283 -0.7645 0.1445
vn -0.4283 -0.8983 0.0981
vn -0.2193 -0.9744 0.0498
vn 0.7624 -0.0000 -0.6471
vn 0.6258 0.5785 -0.5232
vn -0.2266 0.9740 -0.0000
vn -0.4423 0.8968 -0.0000
vn -0.6478 0.7618 -0.0000
vn -0.8270 0.5622 -0.0000
vn -0.9536 0.3010 -0.0000
vn -1.0000 -0.0000 -0.0000
vn -0.9536 -0.3010 -0.0000
vn -0.8270 -0.5622 -0.0000
vn -0.6478 -0.7618 -0.0000
vn -0.4423 -0.8968 -0.0000
vn -0.2266 -0.9740 -0.0000
vn 0.3827 0.8689 -0.3140
vn 0.1807 0.9727 -0.1459
vn -0.2193 0.9744 -0.0498
vn -0.4283 0.8983 -0.0981
vn -0.6283 0.7645 -0.1445
vn -0.8036 0.5655 -0.1854
vn -0.9284 0.3033 -0.2148
vn -0.9742 -0.0000 -0.2257
vn -0.9284 -0.3033 -0.2148
vn -0.8036 -0.5655 -0.1854
vn -0.6283 -0.7645 -0.1445
vn -0.4283 -0.8983 -0.0981
vn -0.2193 -0.9744 -0.0498
vn 0.4091 -0.0000 -0.9125
vn 0.3862 0.3243 -0.8635
vn -0.1977 0.9755 -0.0968
vn -0.3866 0.9023 -0.1907
vn -0.5696 0.7719 -0.2822
vn -0.7328 0.5746 -0.3644
vn -0.8508 0.3099 -0.4243
vn -0.8947 -0.0000 -0.4467
vn -0.8508 -0.3099 -0.4243
vn -0.7328 -0.5746 -0.3644
vn -0.5696 -0.7719 -0.2822
vn -0.3866 -0.9023 -0.1907
vn -0.1977 -0.9755 -0.0968
vn 0.0999 0.9758 -0.1947
vn 0.2128 0.8817 -0.4212
vn -0.1627 0.9770 -0.1380
vn -0.3187 0.9079 -0.2723
vn -0.4726 0.7825 -0.4054
vn -0.6130 0.5878 -0.5280
vn -0.7170 0.3195 -0.6195
vn -0.7562 -0.0000 -0.6543
vn -0.7170 -0.3195 -0.6195
vn -0.6130 -0.5878 -0.5280
vn -0.4726 -0.7825 -0.4054
vn -0.3187 -0.9079 -0.2723
vn -0.1627 -0.9770 -0.1380
vn 0.3552 0.5992 -0.7175
vn 0.4375 -0.0000 -0.8992
vn -0.1161 0.9785 -0.1704
vn -0.2277 0.9136 -0.3368
vn -0.3398 0.7935 -0.5049
vn -0.4447 0.6018 -0.6634
vn -0.5243 0.3299 -0.7850
vn -0.5548 -0.0000 -0.8320
vn -0.5243 -0.3299 -0.7850
vn -0.4447 -0.6018 -0.6634
vn -0.3398 -0.7935 -0.5049
vn -0.2277 -0.9136 -0.3368
vn -0.1160 -0.9785 -0.1704
vn 0.3552 -0.5992 -0.7175
vn 0.2128 -0.8817 -0.4212
vn -0.0605 0.9797 -0.1913
vn -0.1188 0.9179 -0.3786
vn -0.1782 0.8019 -0.5703
vn -0.2348 0.6126 -0.7547
vn -0.2786 0.3382 -0.8989
vn -0.2955 -0.0000 -0.9553
vn -0.2786 -0.3382 -0.8989
vn -0.2348 -0.6126 -0.7547
vn -0.1782 -0.8019 -0.5703
vn -0.1188 -0.9179 -0.3786
vn -0.0605 -0.9797 -0.1913
vn 0.0999 -0.9758 -0.1947
vn 0.3269 0.5942 -0.7349
vn 0.2491 0.7875 -0.5637
vn -0.0000 0.9195 -0.3931
vn -0.0000 0.8050 -0.5933
vn 0.1660 0.9106 -0.3785
vn 0.0832 0.9778 -0.1922
vn -0.0000 0.6082 -0.7938
vn 0.6276 -0.0000 0.7785
vn -0.0000 -0.9195 -0.3931
vn -0.0000 0.9771 -0.2129
vn 0.0427 0.9762 -0.2125
vn 0.6258 -0.5785 0.5232
vn 0.3827 -0.8689 0.3140
vn 0.1807 -0.9727 0.1459
vn 0.0851 0.9046 -0.4178
vn 0.4375 -0.0000 0.8992
vn 0.3552 0.5992 0.7175
vn 0.2128 0.8817 0.4212
vn 0.0999 0.9758 0.1947
vn 0.1268 0.7759 -0.6180
vn 0.3552 -0.5992 0.7175
vn 0.2128 -0.8817 0.4212
vn 0.0999 -0.9758 0.1947
vn 0.1648 0.5794 -0.7982
vn -0.0000 0.6082 0.7938
vn -0.0000 0.8872 0.4614
vn -0.0000 0.9771 0.2129
vn 0.1929 0.3133 -0.9299
vn -0.0000 -0.6082 0.7938
vn -0.0000 -0.8872 0.4614
vn -0.0000 -0.9771 0.2129
vn 0.2035 -0.0000 -0.9791
vn -0.4375 -0.0000 0.8992
vn -0.3552 0.5992 0.7175
vn -0.2128 0.8817 0.4212
vn -0.0999 0.9758 0.1947
vn 0.1929 -0.3133 -0.9299
vn -0.3552 -0.5992 0.7175
vn -0.2128 -0.8817 0.4212
vn -0.0999 -0.9758 0.1947
vn 0.1648 -0.5794 -0.7982
vn -0.7624 -0.0000 0.6471
vn -0.6258 0.5785 0.5232
vn -0.3827 0.8689 0.3140
vn -0.1807 0.9727 0.1459
vn 0.1268 -0.7759 -0.6180
vn -0.6258 -0.5785 0.5232
vn -0.3827 -0.8689 0.3140
vn -0.1807 -0.9727 0.1459
vn 0.0851 -0.9046 -0.4178
vn -0.9436 -0.0000 0.3310
vn -0.7834 0.5593 0.2712
vn -0.4882 0.8568 0.1660
vn -0.2316 0.9697 0.0774
vn 0.0427 -0.9762 -0.2125
vn -0.7834 -0.5593 0.2712
vn -0.4882 -0.8568 0.1660
vn -0.2316 -0.9697 0.0774
vn 0.5337 0.5145 0.6711
vn -0.8340 0.5517 -0.0000
vn -0.5236 0.8520 -0.0000
vn -0.2488 0.9685 -0.0000
vn 0.3473 0.8245 0.4467
vn -0.8340 -0.5517 -0.0000
vn -0.5236 -0.8520 -0.0000
vn -0.2488 -0.9685 -0.0000
vn -0.0000 -0.9756 -0.2193
vn -0.9436 -0.0000 -0.3310
vn -0.7834 0.5593 -0.2712
vn -0.4882 0.8568 -0.1660
vn -0.2316 0.9697 -0.0774
vn 0.1684 0.9605 0.2217
vn -0.7834 -0.5593 -0.2712
vn -0.4882 -0.8568 -0.1660
vn -0.2316 -0.9697 -0.0774
vn -0.7624 -0.0000 -0.6471
vn -0.6258 0.5785 -0.5232
vn -0.3827 0.8689 -0.3140
vn -0.1807 0.9727 -0.1459
vn 0.7189 0.6952 -0.0000
vn -0.6258 -0.5785 -0.5232
vn -0.3827 -0.8689 -0.3140
vn -0.1807 -0.9727 -0.1459
vn -0.0000 -0.3095 -0.9509
vn -0.4375 -0.0000 -0.8992
vn -0.3552 0.5992 -0.7175
vn -0.2128 0.8817 -0.4212
vn -0.0999 0.9758 -0.1947
vn -0.3552 -0.5992 -0.7175
vn -0.2128 -0.8817 -0.4212
vn -0.0999 -0.9758 -0.1947
vn 0.2268 0.9661 0.1236
vn 0.4720 0.8449 0.2516
vn 0.7455 0.5421 0.3876
vn -0.0000 0.8872 -0.4614
vn 0.8904 -0.0000 0.4552
vn -0.0000 0.9756 -0.2193
vn -0.0000 -0.6082 -0.7938
vn -0.0000 -0.8872 -0.4614
vn -0.0000 -0.9771 -0.2129
vn 0.7455 -0.5421 0.3876
vn 0.4720 -0.8449 0.2516
vn 0.1192 -0.9801 -0.1590
vn 0.2383 -0.9191 -0.3137
vn 0.3611 -0.8043 -0.4719
vn 0.4807 -0.6161 -0.6239
vn 0.5760 -0.3411 -0.7429
vn 0.6139 -0.0000 -0.7894
vn 0.5760 0.3411 -0.7429
vn 0.4807 0.6161 -0.6239
vn 0.3611 0.8043 -0.4719
vn 0.2383 0.9191 -0.3137
vn 0.1192 0.9801 -0.1590
vn 0.2268 -0.9661 0.1236
vn 0.1482 -0.9824 -0.1141
vn 0.2966 -0.9280 -0.2256
vn 0.4543 -0.8222 -0.3429
vn 0.6146 -0.6404 -0.4605
vn 0.7485 -0.3603 -0.5567
vn 0.8034 -0.0000 -0.5954
vn 0.7485 0.3603 -0.5567
vn 0.6146 0.6404 -0.4605
vn 0.4543 0.8222 -0.3429
vn 0.2966 0.9280 -0.2256
vn 0.1482 0.9824 -0.1141
vn 0.4031 0.9152 -0.0000
vn 0.2489 -0.9685 -0.0000
vn 0.1672 -0.9841 -0.0597
vn 0.3352 -0.9347 -0.1183
vn 0.5176 -0.8362 -0.1814
vn 0.7096 -0.6601 -0.2467
vn 0.8759 -0.3763 -0.3020
vn 0.9458 -0.0000 -0.3248
vn 0.8759 0.3763 -0.3020
vn 0.7096 0.6601 -0.2467
vn 0.5176 0.8362 -0.1814
vn 0.3352 0.9347 -0.1183
vn 0.1672 0.9841 -0.0597
vn 0.5203 -0.8540 -0.0000
vn 0.8322 -0.5545 -0.0000
vn 0.1739 -0.9848 -0.0000
vn 0.3488 -0.9372 -0.0000
vn 0.5403 -0.8415 -0.0000
vn 0.7445 -0.6677 -0.0000
vn 0.9239 -0.3826 -0.0000
vn 0.9239 0.3826 -0.0000
vn 0.7445 0.6677 -0.0000
vn 0.5403 0.8415 -0.0000
vn 0.3488 0.9372 -0.0000
vn 0.1739 0.9848 -0.0000
vn 0.8322 0.5545 -0.0000
vn 0.1672 -0.9841 0.0597
vn 0.3352 -0.9347 0.1183
vn 0.5176 -0.8362 0.1814
vn 0.7096 -0.6601 0.2467
vn 0.8759 -0.3763 0.3020
vn 0.9458 -0.0000 0.3248
vn 0.8759 0.3763 0.3020
vn 0.7096 0.6601 0.2467
vn 0.5176 0.8362 0.1814
vn 0.3352 0.9347 0.1183
vn 0.1672 0.9841 0.0597
vn 0.5203 0.8540 -0.0000
vn 0.2489 0.9685 -0.0000
vn 0.1482 -0.9824 0.1141
vn 0.2966 -0.9280 0.2256
vn 0.4543 -0.8222 0.3429
vn 0.6146 -0.6404 0.4605
vn 0.7485 -0.3603 0.5567
vn 0.8034 -0.0000 0.5954
vn 0.7485 0.3603 0.5567
vn 0.6146 0.6404 0.4605
vn 0.4543 0.8222 0.3429
vn 0.2966 0.9280 0.2256
vn 0.1482 0.9824 0.1141
vn 0.7205 0.6935 -0.0000
vn 0.1192 -0.9801 0.1590
vn 0.2383 -0.9191 0.3137
vn 0.3611 -0.8043 0.4719
vn 0.4807 -0.6161 0.6239
vn 0.5760 -0.3411 0.7429
vn 0.6139 -0.0000 0.7894
vn 0.5760 0.3411 0.7429
vn 0.4807 0.6161 0.6239
vn 0.3611 0.8043 0.4719
vn 0.2383 0.9191 0.3137
vn 0.1192 0.9801 0.1590
vn 0.2268 0.9661 -0.1236
vn 0.4720 0.8449 -0.2516
vn 0.0832 -0.9778 0.1922
vn 0.1660 -0.9106 0.3785
vn 0.2491 -0.7875 0.5637
vn 0.3269 -0.5942 0.7349
vn 0.3862 -0.3243 0.8635
vn 0.4091 -0.0000 0.9125
vn 0.3862 0.3243 0.8635
vn 0.3269 0.5942 0.7349
vn 0.2491 0.7875 0.5637
vn 0.1660 0.9106 0.3785
vn 0.0832 0.9778 0.1922
vn 0.7455 0.5421 -0.3876
vn 0.8904 -0.0000 -0.4552
vn 0.0427 -0.9762 0.2125
vn 0.0851 -0.9046 0.4178
vn 0.1268 -0.7759 0.6180
vn 0.1648 -0.5794 0.7982
vn 0.1929 -0.3133 0.9299
vn 0.2035 -0.0000 0.9791
vn 0.1929 0.3133 0.9299
vn 0.1648 0.5794 0.7982
vn 0.1268 0.7759 0.6180
vn 0.0851 0.9046 0.4178
vn 0.0427 0.9762 0.2125
vn 0.7455 -0.5421 -0.3876
vn 0.4720 -0.8449 -0.2516
vn -0.0000 -0.9756 0.2193
vn -0.0000 -0.9024 0.4309
vn -0.0000 -0.7718 0.6359
vn -0.0000 -0.5742 0.8187
vn -0.0000 -0.3095 0.9509
vn -0.0000 0.3095 0.9509
vn -0.0000 0.5742 0.8187
vn -0.0000 0.7718 0.6359
vn -0.0000 0.9024 0.4309
vn -0.0000 0.9756 0.2193
vn 0.2268 -0.9661 -0.1236
vn 0.3724 0.9152 -0.1543
vn -0.0427 -0.9762 0.2125
vn -0.0851 -0.9046 0.4178
vn -0.1268 -0.7759 0.6180
vn -0.1648 -0.5794 0.7982
vn -0.1929 -0.3133 0.9299
vn -0.2035 -0.0000 0.9791
vn -0.1929 0.3133 0.9299
vn -0.1648 0.5794 0.7982
vn -0.1268 0.7759 0.6180
vn -0.0851 0.9046 0.4178
vn -0.0427 0.9762 0.2125
vn 0.6641 0.6952 -0.2751
vn 0.1684 -0.9605 -0.2217
vn -0.0832 -0.9778 0.1922
vn -0.1660 -0.9106 0.3785
vn -0.2491 -0.7875 0.5637
vn -0.3269 -0.5942 0.7349
vn -0.3862 -0.3243 0.8635
vn -0.4091 -0.0000 0.9125
vn -0.3862 0.3243 0.8635
vn -0.3269 0.5942 0.7349
vn -0.2491 0.7875 0.5637
vn -0.1660 0.9106 0.3785
vn -0.0832 0.9778 0.1922
vn 0.3473 -0.8245 -0.4467
vn 0.5337 -0.5145 -0.6711
vn -0.1192 -0.9801 0.1590
vn -0.2383 -0.9191 0.3137
vn -0.3611 -0.8043 0.4719
vn -0.4807 -0.6161 0.6239
vn -0.5760 -0.3411 0.7429
vn -0.6139 -0.0000 0.7894
vn -0.5760 0.3411 0.7429
vn -0.4807 0.6161 0.6239
vn -0.3611 0.8043 0.4719
vn -0.2383 0.9191 0.3137
vn -0.1192 0.9801 0.1590
vn 0.6276 -0.0000 -0.7785
vn 0.5337 0.5145 -0.6711
vn -0.1482 -0.9824 0.1141
vn -0.2966 -0.9280 0.2256
vn -0.4543 -0.8222 0.3429
vn -0.6146 -0.6404 0.4605
vn -0.7485 -0.3603 0.5567
vn -0.8034 -0.0000 0.5954
vn -0.7485 0.3603 0.5567
vn -0.6146 0.6404 0.4605
vn -0.4543 0.8222 0.3429
vn -0.2966 0.9280 0.2256
vn -0.1482 0.9824 0.1141
vn 0.3473 0.8245 -0.4467
vn 0.1684 0.9605 -0.2217
vn -0.1672 -0.9841 0.0597
vn -0.3352 -0.9347 0.1183
vn -0.5176 -0.8362 0.1814
vn -0.7096 -0.6601 0.2467
vn -0.8759 -0.3763 0.3020
vn -0.9458 -0.0000 0.3248
vn -0.8759 0.3763 0.3020
vn -0.7096 0.6601 0.2467
vn -0.5176 0.8362 0.1814
vn -0.3352 0.9347 0.1183
vn -0.1672 0.9841 0.0597
vn 0.8567 0.3744 -0.3549
vn 0.9239 -0.0000 -0.3827
vn -0.1739 -0.9848 -0.0000
vn -0.3488 -0.9372 -0.0000
vn -0.5403 -0.8415 -0.0000
vn -0.7445 -0.6677 -0.0000
vn -0.9239 -0.3826 -0.0000
vn -0.9239 0.3826 -0.0000
vn -0.7445 0.6677 -0.0000
vn -0.5403 0.8415 -0.0000
vn -0.3488 0.9372 -0.0000
vn -0.1739 0.9848 -0.0000
vn 0.0888 0.9552 -0.2822
vn 0.1817 0.8057 -0.5638
vn -0.1672 -0.9841 -0.0597
vn -0.3352 -0.9347 -0.1183
vn -0.5176 -0.8362 -0.1814
vn -0.7096 -0.6601 -0.2467
vn -0.8759 -0.3763 -0.3020
vn -0.9458 -0.0000 -0.3248
vn -0.8759 0.3763 -0.3020
vn -0.7096 0.6601 -0.2467
vn -0.5176 0.8362 -0.1814
vn -0.3352 0.9347 -0.1183
vn -0.1672 0.9841 -0.0597
vn 0.2725 0.4897 -0.8282
vn 0.3157 -0.0000 -0.9489
vn -0.1482 -0.9824 -0.1141
vn -0.2966 -0.9280 -0.2256
vn -0.4543 -0.8222 -0.3429
vn -0.6146 -0.6404 -0.4605
vn -0.7485 -0.3603 -0.5567
vn -0.8034 -0.0000 -0.5954
vn -0.7485 0.3603 -0.5567
vn -0.6146 0.6404 -0.4605
vn -0.4543 0.8222 -0.3429
vn -0.2966 0.9280 -0.2256
vn -0.1482 0.9824 -0.1141
vn 0.2725 -0.4897 -0.8282
vn 0.1817 -0.8057 -0.5638
vn -0.1192 -0.9801 -0.1590
vn -0.2383 -0.9191 -0.3137
vn -0.3611 -0.8043 -0.4719
vn -0.4807 -0.6161 -0.6239
vn -0.5760 -0.3411 -0.7429
vn -0.6139 -0.0000 -0.7894
vn -0.5760 0.3411 -0.7429
vn -0.4807 0.6161 -0.6239
vn -0.3611 0.8043 -0.4719
vn -0.2383 0.9191 -0.3137
vn -0.1192 0.9801 -0.1590
vn 0.0888 -0.9552 -0.2822
vn 0.8567 -0.3744 -0.3549
vn -0.0832 -0.9778 -0.1922
vn -0.1660 -0.9106 -0.3785
vn -0.2491 -0.7875 -0.5637
vn -0.3269 -0.5942 -0.7349
vn -0.3862 -0.3243 -0.8635
vn -0.4091 -0.0000 -0.9125
vn -0.3862 0.3243 -0.8635
vn -0.3269 0.5942 -0.7349
vn -0.2491 0.7875 -0.5637
vn -0.1660 0.9106 -0.3785
vn -0.0832 0.9778 -0.1922
vn 0.6641 -0.6952 -0.2751
vn 0.3724 -0.9152 -0.1543
vn -0.0427 -0.9762 -0.2125
vn -0.0851 -0.9046 -0.4178
vn -0.1268 -0.7759 -0.6180
vn -0.1648 -0.5794 -0.7982
vn -0.1929 -0.3133 -0.9299
vn -0.2035 -0.0000 -0.9791
vn -0.1929 0.3133 -0.9299
vn -0.1648 0.5794 -0.7982
vn -0.1268 0.7759 -0.6180
vn -0.0851 0.9046 -0.4178
vn -0.0427 0.9762 -0.2125
vn 0.4060 0.9139 -0.0000
vn -0.0000 -0.9024 -0.4309
vn -0.0000 -0.7718 -0.6359
vn -0.0000 -0.5742 -0.8187
vn -0.0000 0.4801 -0.8772
vn 0.2850 -0.9152 -0.2850
vn -0.0000 0.3095 -0.9509
vn -0.0000 0.5742 -0.8187
vn -0.0000 0.7718 -0.6359
vn -0.0000 0.9024 -0.4309
vn -0.0000 0.9532 -0.3025
vn 0.5083 -0.6952 -0.5083
vn 0.5337 -0.5145 0.6711
vn 0.3473 -0.8245 0.4467
vn 0.1684 -0.9605 0.2217
vn 0.6557 -0.3744 -0.6557
vn 0.3157 -0.0000 0.9489
vn 0.2725 0.4897 0.8282
vn 0.1817 0.8057 0.5638
vn 0.0888 0.9552 0.2822
vn 0.7071 -0.0000 -0.7071
vn 0.2725 -0.4897 0.8282
vn 0.1817 -0.8057 0.5638
vn 0.0888 -0.9552 0.2822
vn 0.6557 0.3744 -0.6557
vn -0.0000 0.4801 0.8772
vn -0.0000 0.7983 0.6023
vn -0.0000 0.9532 0.3025
vn 0.5083 0.6952 -0.5083
vn -0.0000 -0.4801 0.8772
vn -0.0000 -0.7983 0.6023
vn -0.0000 -0.9532 0.3025
vn 0.2850 0.9152 -0.2850
vn -0.3157 -0.0000 0.9489
vn -0.2725 0.4897 0.8282
vn -0.1817 0.8057 0.5638
vn -0.0888 0.9552 0.2822
vn -0.2725 -0.4897 0.8282
vn -0.1817 -0.8057 0.5638
vn -0.0888 -0.9552 0.2822
vn -0.6276 -0.0000 0.7785
vn -0.5337 0.5145 0.6711
vn -0.3473 0.8245 0.4467
vn -0.1684 0.9605 0.2217
vn 0.1543 0.9152 -0.3724
vn -0.5337 -0.5145 0.6711
vn -0.3473 -0.8245 0.4467
vn -0.1684 -0.9605 0.2217
vn 0.2751 0.6952 -0.6641
vn -0.8904 -0.0000 0.4552
vn -0.7455 0.5421 0.3876
vn -0.4720 0.8449 0.2516
vn -0.2268 0.9661 0.1236
vn 0.3549 0.3744 -0.8567
vn -0.7455 -0.5421 0.3876
vn -0.4720 -0.8449 0.2516
vn -0.2268 -0.9661 0.1236
vn 0.3827 -0.0000 -0.9239
vn -0.8322 0.5545 -0.0000
vn -0.5203 0.8540 -0.0000
vn -0.2489 0.9685 -0.0000
vn 0.3549 -0.3744 -0.8567
vn -0.8322 -0.5545 -0.0000
vn -0.5203 -0.8540 -0.0000
vn -0.2489 -0.9685 -0.0000
vn 0.2751 -0.6952 -0.6641
vn -0.8904 -0.0000 -0.4552
vn -0.7455 0.5421 -0.3876
vn -0.4720 0.8449 -0.2516
vn -0.2268 0.9661 -0.1236
vn 0.1543 -0.9152 -0.3724
vn -0.7455 -0.5421 -0.3876
vn -0.4720 -0.8449 -0.2516
vn -0.2268 -0.9661 -0.1236
vn 0.3716 0.9111 -0.1785
vn -0.6276 -0.0000 -0.7785
vn -0.5337 0.5145 -0.6711
vn -0.3473 0.8245 -0.4467
vn -0.1684 0.9605 -0.2217
vn 0.6572 0.6866 -0.3109
vn -0.5337 -0.5145 -0.6711
vn -0.3473 -0.8245 -0.4467
vn -0.1684 -0.9605 -0.2217
vn -0.0000 -0.9152 -0.4031
vn -0.3157 -0.0000 -0.9489
vn -0.2725 0.4897 -0.8282
vn -0.1817 0.8057 -0.5638
vn -0.0888 0.9552 -0.2822
vn -0.0000 -0.6952 -0.7189
vn -0.2725 -0.4897 -0.8282
vn -0.1817 -0.8057 -0.5638
vn -0.0888 -0.9552 -0.2822
vn -0.0000 -0.3744 -0.9273
vn -0.0000 0.3744 -0.9273
vn -0.0000 0.7983 -0.6023
vn -0.0000 0.6952 -0.7189
vn 0.8421 0.3672 -0.3951
vn -0.0000 -0.4801 -0.8772
vn -0.0000 -0.7983 -0.6023
vn -0.0000 -0.9532 -0.3025
vn 0.9057 -0.0000 -0.4238
vn 0.9273 0.3744 -0.0000
vn 0.9273 -0.3744 -0.0000
vn 0.7189 -0.6952 -0.0000
vn 0.4031 -0.9152 -0.0000
vn 0.8421 -0.3672 -0.3951
vn 0.6641 0.6952 0.2751
vn 0.3724 0.9152 0.1543
vn 0.6572 -0.6866 -0.3109
vn 0.8567 0.3744 0.3549
vn 0.9239 -0.0000 0.3827
vn 0.8567 -0.3744 0.3549
vn 0.6641 -0.6952 0.2751
vn 0.3724 -0.9152 0.1543
vn 0.3716 -0.9111 -0.1785
vn 0.5083 0.6952 0.5083
vn 0.2850 0.9152 0.2850
vn 0.6557 0.3744 0.6557
vn 0.7071 -0.0000 0.7071
vn 0.6557 -0.3744 0.6557
vn 0.5083 -0.6952 0.5083
vn 0.2850 -0.9152 0.2850
vn -0.0000 -0.1800 0.9837
vn 0.2751 0.6952 0.6641
vn 0.1543 0.9152 0.3724
vn 0.2786 -0.9045 -0.3229
vn 0.3549 0.3744 0.8567
vn 0.3827 -0.0000 0.9239
vn 0.3549 -0.3744 0.8567
vn 0.2751 -0.6952 0.6641
vn 0.1543 -0.9152 0.3724
vn 0.4886 -0.6708 -0.5580
vn -0.0000 0.6952 0.7189
vn -0.0000 0.9152 0.4031
vn 0.6188 -0.3534 -0.7016
vn -0.0000 0.3744 0.9273
vn -0.0000 -0.3744 0.9273
vn -0.0000 -0.6952 0.7189
vn -0.0000 -0.9152 0.4031
vn 0.6623 -0.0000 -0.7492
vn -0.2751 0.6952 0.6641
vn -0.1543 0.9152 0.3724
vn 0.6188 0.3534 -0.7016
vn -0.3549 0.3744 0.8567
vn -0.3827 -0.0000 0.9239
vn -0.3549 -0.3744 0.8567
vn -0.2751 -0.6952 0.6641
vn -0.1543 -0.9152 0.3724
vn 0.4886 0.6708 -0.5580
vn -0.5083 0.6952 0.5083
vn -0.2850 0.9152 0.2850
vn 0.2786 0.9045 -0.3229
vn -0.6557 0.3744 0.6557
vn -0.7071 -0.0000 0.7071
vn -0.6557 -0.3744 0.6557
vn -0.5083 -0.6952 0.5083
vn -0.2850 -0.9152 0.2850
vn -0.0000 -0.5213 0.8534
vn -0.6641 0.6952 0.2751
vn -0.3724 0.9152 0.1543
vn -0.8567 0.3744 0.3549
vn -0.9239 -0.0000 0.3827
vn -0.8567 -0.3744 0.3549
vn -0.6641 -0.6952 0.2751
vn -0.3724 -0.9152 0.1543
vn 0.1479 0.8982 -0.4139
vn -0.7189 0.6952 -0.0000
vn -0.4031 0.9152 -0.0000
vn 0.2574 0.6558 -0.7097
vn -0.9273 0.3744 -0.0000
vn -0.9273 -0.3744 -0.0000
vn -0.7189 -0.6952 -0.0000
vn -0.4031 -0.9152 -0.0000
vn 0.3224 0.3407 -0.8832
vn -0.6641 0.6952 -0.2751
vn -0.3724 0.9152 -0.1543
vn 0.3435 -0.0000 -0.9392
vn -0.8567 0.3744 -0.3549
vn -0.9239 -0.0000 -0.3827
vn -0.8567 -0.3744 -0.3549
vn -0.6641 -0.6952 -0.2751
vn -0.3724 -0.9152 -0.1543
vn 0.3224 -0.3407 -0.8832
vn -0.5083 0.6952 -0.5083
vn -0.2850 0.9152 -0.2850
vn 0.2574 -0.6558 -0.7097
vn -0.6557 0.3744 -0.6557
vn -0.7071 -0.0000 -0.7071
vn -0.6557 -0.3744 -0.6557
vn -0.5083 -0.6952 -0.5083
vn -0.2850 -0.9152 -0.2850
vn 0.1479 -0.8982 -0.4139
vn -0.2751 0.6952 -0.6641
vn -0.1543 0.9152 -0.3724
vn 0.9146 -0.0000 0.4044
vn -0.3549 0.3744 -0.8567
vn -0.3827 -0.0000 -0.9239
vn -0.3549 -0.3744 -0.8567
vn -0.2751 -0.6952 -0.6641
vn -0.1543 -0.9152 -0.3724
vn 0.2333 -0.5904 0.7726
vn -0.0000 -0.8957 -0.4446
vn -0.0000 0.9152 -0.4031
vn -0.0000 -0.6499 -0.7600
vn -0.0000 -0.3358 -0.9419
vn -0.0000 0.3358 -0.9419
vn -0.0000 0.6499 -0.7600
vn 0.2942 -0.2231 0.9293
vn 0.3018 -0.0000 0.9534
vn 0.9277 0.3732 -0.0000
vn 0.9277 -0.3732 -0.0000
vn 0.7205 -0.6935 -0.0000
vn 0.4060 -0.9139 -0.0000
vn 0.2942 0.2231 0.9293
vn 0.6572 0.6866 0.3109
vn 0.3716 0.9111 0.1785
vn 0.2333 0.5904 0.7726
vn 0.8421 0.3672 0.3951
vn 0.9057 -0.0000 0.4238
vn 0.8421 -0.3672 0.3951
vn 0.6572 -0.6866 0.3109
vn 0.3716 -0.9111 0.1785
vn 0.4886 0.6708 0.5580
vn 0.2786 0.9045 0.3229
vn 0.8094 -0.4563 0.3696
vn 0.6188 0.3534 0.7016
vn 0.6623 -0.0000 0.7492
vn 0.6188 -0.3534 0.7016
vn 0.4886 -0.6708 0.5580
vn 0.2786 -0.9045 0.3229
vn 0.5537 0.7315 0.3979
vn 0.2574 0.6558 0.7097
vn 0.1479 0.8982 0.4139
vn 0.7976 0.3654 0.4799
vn 0.3224 0.3407 0.8832
vn 0.3435 -0.0000 0.9392
vn 0.3224 -0.3407 0.8832
vn 0.2574 -0.6558 0.7097
vn 0.1479 -0.8982 0.4139
vn 0.8657 -0.0000 0.5006
vn -0.0000 0.6499 0.7600
vn -0.0000 0.8957 0.4446
vn 0.7976 -0.3654 0.4799
vn -0.0000 0.3358 0.9419
vn -0.0000 -0.3358 0.9419
vn -0.0000 -0.6499 0.7600
vn -0.0000 -0.8957 0.4446
vn 0.5537 -0.7315 0.3979
vn -0.2574 0.6558 0.7097
vn -0.1479 0.8982 0.4139
vn 0.5085 -0.8217 0.2573
vn -0.3224 0.3407 0.8832
vn -0.3435 -0.0000 0.9392
vn -0.3224 -0.3407 0.8832
vn -0.2574 -0.6558 0.7097
vn -0.1479 -0.8982 0.4139
vn -0.4886 0.6708 0.5580
vn -0.2786 0.9045 0.3229
vn 0.5537 -0.7315 -0.3979
vn -0.6188 0.3534 0.7016
vn -0.6623 -0.0000 0.7492
vn -0.6188 -0.3534 0.7016
vn -0.4886 -0.6708 0.5580
vn -0.2786 -0.9045 0.3229
vn 0.7976 -0.3654 -0.4799
vn -0.6572 0.6866 0.3109
vn -0.3716 0.9111 0.1785
vn 0.8657 -0.0000 -0.5005
vn -0.8421 0.3672 0.3951
vn -0.9057 -0.0000 0.4238
vn -0.8421 -0.3672 0.3951
vn -0.6572 -0.6866 0.3109
vn -0.3716 -0.9111 0.1785
vn 0.7976 0.3654 -0.4799
vn -0.7205 0.6935 -0.0000
vn -0.4060 0.9139 -0.0000
vn 0.5537 0.7315 -0.3979
vn -0.9277 0.3732 -0.0000
vn -0.9277 -0.3732 -0.0000
vn -0.7205 -0.6935 -0.0000
vn -0.4060 -0.9139 -0.0000
vn 0.8705 -0.0000 0.4922
vn -0.6572 0.6866 -0.3109
vn -0.3716 0.9111 -0.1785
vn 0.5085 -0.8217 -0.2573
vn -0.8421 0.3672 -0.3951
vn -0.9057 -0.0000 -0.4238
vn -0.8421 -0.3672 -0.3951
vn -0.6572 -0.6866 -0.3109
vn -0.3716 -0.9111 -0.1785
vn 0.2333 0.5904 -0.7726
vn -0.4886 0.6708 -0.5580
vn -0.2786 0.9045 -0.3229
vn 0.2942 0.2231 -0.9293
vn -0.6188 0.3534 -0.7016
vn -0.6623 -0.0000 -0.7492
vn -0.6188 -0.3534 -0.7016
vn -0.4886 -0.6708 -0.5580
vn -0.2786 -0.9045 -0.3229
vn 0.3018 -0.0000 -0.9534
vn -0.2574 0.6558 -0.7097
vn -0.1479 0.8982 -0.4139
vn 0.2942 -0.2231 -0.9293
vn -0.3224 0.3407 -0.8832
vn -0.3435 -0.0000 -0.9392
vn -0.3224 -0.3407 -0.8832
vn -0.2574 -0.6558 -0.7097
vn -0.1479 -0.8982 -0.4139
vn 0.2333 -0.5904 -0.7726
vn 0.8094 -0.4563 -0.3696
vn -0.0000 0.8957 -0.4446
vn 0.9146 -0.0000 -0.4044
vn -0.0000 -0.5213 -0.8534
vn 0.8094 0.4563 -0.3696
vn 0.5085 0.8217 -0.2573
vn -0.0000 0.5213 -0.8534
vn -0.0000 0.1800 0.9837
vn -0.0000 0.5213 0.8534
vn 0.7171 -0.5250 0.4585
vn -0.3018 -0.0000 0.9534
vn -0.2942 -0.2231 0.9293
vn -0.2333 -0.5904 0.7726
vn 0.2688 0.7690 -0.5800
vn -0.2942 0.2231 0.9293
vn -0.2333 0.5904 0.7726
vn 0.4118 0.3835 -0.8266
vn -0.8657 -0.0000 0.5006
vn -0.7976 -0.3654 0.4799
vn -0.5537 -0.7315 0.3979
vn 0.4509 -0.0000 -0.8926
vn -0.7976 0.3654 0.4799
vn -0.5537 0.7315 0.3979
vn 0.4118 -0.3835 -0.8266
vn -0.8657 -0.0000 -0.5006
vn -0.7976 -0.3654 -0.4799
vn -0.5537 -0.7315 -0.3979
vn 0.2688 -0.7690 -0.5800
vn -0.7976 0.3654 -0.4799
vn -0.5537 0.7315 -0.3979
vn 0.4006 -0.8512 0.3391
vn -0.3018 -0.0000 -0.9534
vn -0.2942 -0.2231 -0.9293
vn -0.2333 -0.5904 -0.7726
vn -0.2942 0.2231 -0.9293
vn -0.2333 0.5904 -0.7726
vn -0.0000 -0.7409 -0.6717
vn 0.9123 -0.0000 0.4095
vn -0.0000 -0.1800 -0.9837
vn 0.4006 -0.8512 -0.3391
vn -0.0000 0.1800 -0.9837
vn -0.0000 0.7409 -0.6717
vn 0.7171 -0.5250 -0.4585
vn 0.8094 0.4563 0.3696
vn 0.5085 0.8217 0.2573
vn 0.8705 -0.0000 -0.4922
vn 0.4509 -0.0000 0.8926
vn 0.4118 -0.3835 0.8266
vn 0.2688 -0.7690 0.5800
vn 0.7171 0.5250 -0.4585
vn 0.4118 0.3835 0.8266
vn 0.2688 0.7690 0.5800
vn 0.4006 0.8512 -0.3391
vn -0.0000 -0.3465 0.9381
vn -0.0000 -0.7409 0.6717
vn -0.0000 0.3465 0.9381
vn -0.0000 0.7409 0.6717
vn 0.7715 -0.5210 0.3652
vn -0.4509 -0.0000 0.8926
vn -0.4118 -0.3835 0.8266
vn -0.2688 -0.7690 0.5800
vn 0.1742 0.7392 -0.6506
vn -0.4118 0.3835 0.8266
vn -0.2688 0.7690 0.5800
vn 0.2746 0.3549 -0.8937
vn -0.9146 -0.0000 0.4044
vn -0.8094 -0.4563 0.3696
vn -0.5085 -0.8217 0.2573
vn 0.3001 -0.0000 -0.9539
vn -0.8094 0.4563 0.3696
vn -0.5085 0.8217 0.2573
vn 0.2746 -0.3549 -0.8937
vn -0.9146 -0.0000 -0.4044
vn -0.8094 -0.4563 -0.3696
vn -0.5085 -0.8217 -0.2573
vn 0.1742 -0.7392 -0.6506
vn -0.8094 0.4563 -0.3696
vn -0.5085 0.8217 -0.2573
vn 0.4427 -0.8645 0.2380
vn -0.4509 -0.0000 -0.8926
vn -0.4118 -0.3835 -0.8266
vn -0.2688 -0.7690 -0.5800
vn -0.4118 0.3835 -0.8266
vn -0.2688 0.7690 -0.5800
vn -0.0000 -0.6861 -0.7275
vn 0.5508 -0.7243 -0.4148
vn -0.0000 -0.3465 -0.9381
vn 0.4427 -0.8645 -0.2380
vn -0.0000 0.3465 -0.9381
vn -0.0000 0.6861 -0.7275
vn 0.7715 -0.5210 -0.3652
vn 0.7171 0.5250 0.4585
vn 0.4006 0.8512 0.3391
vn 0.9123 -0.0000 -0.4095
vn 0.3001 -0.0000 0.9539
vn 0.2746 -0.3549 0.8937
vn 0.1742 -0.7392 0.6506
vn 0.7715 0.5210 -0.3652
vn 0.2746 0.3549 0.8937
vn 0.1742 0.7392 0.6506
vn 0.4427 0.8645 -0.2380
vn -0.0000 -0.2907 0.9568
vn -0.0000 -0.6861 0.7275
vn -0.0000 0.2907 0.9568
vn -0.0000 0.6861 0.7275
vn 0.7197 -0.4059 -0.5633
vn -0.3001 -0.0000 0.9539
vn -0.2746 -0.3549 0.8937
vn -0.1742 -0.7392 0.6506
vn 0.2323 0.8142 -0.5321
vn -0.2746 0.3549 0.8937
vn -0.1742 0.7392 0.6506
vn 0.3883 0.4408 -0.8093
vn -0.8705 -0.0000 0.4922
vn -0.7171 -0.5250 0.4585
vn -0.4006 -0.8512 0.3391
vn 0.4414 -0.0000 -0.8973
vn -0.7171 0.5250 0.4585
vn -0.4006 0.8512 0.3391
vn 0.3883 -0.4408 -0.8093
vn -0.8705 -0.0000 -0.4922
vn -0.7171 -0.5250 -0.4585
vn -0.4006 -0.8512 -0.3391
vn 0.2323 -0.8142 -0.5321
vn -0.7171 0.5250 -0.4585
vn -0.4006 0.8512 -0.3391
vn 0.7827 -0.0000 -0.6224
vn -0.3001 -0.0000 -0.9539
vn -0.2746 -0.3549 -0.8937
vn -0.1742 -0.7392 -0.6506
vn 0.7197 0.4059 -0.5633
vn -0.2746 0.3549 -0.8937
vn -0.1742 0.7392 -0.6506
vn -0.0000 -0.7883 -0.6152
vn 0.5508 0.7243 -0.4148
vn -0.0000 -0.2907 -0.9568
vn 0.3107 0.9245 -0.2210
vn -0.0000 0.2907 -0.9568
vn -0.0000 0.7883 -0.6152
vn 0.7715 0.5210 0.3652
vn 0.4427 0.8645 0.2380
vn 0.6379 0.7649 0.0896
vn 0.4414 -0.0000 0.8973
vn 0.3883 -0.4408 0.8093
vn 0.2323 -0.8142 0.5321
vn 0.1620 0.9497 -0.2681
vn 0.3883 0.4408 0.8093
vn 0.2323 0.8142 0.5321
vn 0.2942 0.7970 -0.5274
vn -0.0000 -0.3989 0.9170
vn -0.0000 -0.7883 0.6152
vn 0.4003 0.4858 -0.7770
vn -0.0000 0.3989 0.9170
vn -0.0000 0.7883 0.6152
vn 0.4418 -0.0000 -0.8971
vn -0.4414 -0.0000 0.8973
vn -0.3883 -0.4408 0.8093
vn -0.2323 -0.8142 0.5321
vn 0.4003 -0.4858 -0.7770
vn -0.3883 0.4408 0.8093
vn -0.2323 0.8142 0.5321
vn 0.2942 -0.7970 -0.5274
vn -0.9123 -0.0000 0.4095
vn -0.7715 -0.5210 0.3652
vn -0.4427 -0.8645 0.2380
vn 0.1620 -0.9497 -0.2681
vn -0.7715 0.5210 0.3652
vn -0.4427 0.8645 0.2380
vn -0.9123 -0.0000 -0.4095
vn -0.7715 -0.5210 -0.3652
vn -0.4427 -0.8645 -0.2380
vn 0.3285 0.9434 0.0462
vn -0.7715 0.5210 -0.3652
vn -0.4427 0.8645 -0.2380
vn -0.4414 -0.0000 -0.8973
vn -0.3883 -0.4408 -0.8093
vn -0.2323 -0.8142 -0.5321
vn -0.0955 -0.8352 -0.5416
vn -0.3883 0.4408 -0.8093
vn -0.2323 0.8142 -0.5321
vn -0.1475 -0.5277 -0.8365
vn -0.1736 -0.0000 -0.9848
vn -0.0000 -0.3989 -0.9170
vn -0.1475 0.5277 -0.8365
vn 0.2196 0.9756 -0.0000
vn -0.0000 0.3989 -0.9170
vn -0.0472 0.9624 -0.2676
vn 0.3174 0.9483 0.0012
vn 0.3107 -0.9245 -0.2210
vn 0.6203 0.7843 -0.0061
vn 0.6909 -0.6671 -0.2785
vn 0.8664 -0.3503 -0.3558
vn 0.9243 -0.0000 -0.3818
vn 0.8664 0.3503 -0.3558
vn 0.6909 0.6671 -0.2785
vn 0.3994 0.9037 -0.1545
vn 0.8839 0.4673 -0.0187
vn 0.3994 -0.9037 -0.1545
vn 0.9996 -0.0000 -0.0276
vn 0.7515 -0.6463 -0.1325
vn 0.9290 -0.3320 -0.1638
vn 0.9848 -0.0000 -0.1736
vn 0.9290 0.3320 -0.1638
vn 0.7515 0.6463 -0.1325
vn 0.4374 0.8959 -0.0771
vn 0.8839 -0.4673 -0.0187
vn 0.4374 -0.8959 -0.0771
vn 0.6203 -0.7843 -0.0061
vn 0.7445 -0.6671 0.0254
vn 0.9359 -0.3503 0.0381
vn 0.9991 -0.0000 0.0427
vn 0.9359 0.3503 0.0381
vn 0.7445 0.6671 0.0254
vn 0.4281 0.9037 0.0086
vn 0.3174 -0.9483 0.0012
vn 0.4281 -0.9037 0.0086
vn 0.6595 -0.7243 0.2014
vn 0.8690 -0.4059 0.2831
vn 0.9484 -0.0000 0.3172
vn 0.8690 0.4059 0.2831
vn 0.6595 0.7243 0.2014
vn 0.3675 0.9245 0.1014
vn 0.0920 0.9958 -0.0000
vn 0.3675 -0.9245 0.1014
vn 0.2673 -0.9623 -0.0494
vn 0.4569 -0.7970 0.3950
vn 0.6419 -0.4858 0.5933
vn 0.7220 -0.0000 0.6919
vn 0.6419 0.4858 0.5933
vn 0.4569 0.7970 0.3950
vn 0.2439 0.9497 0.1965
vn 0.5362 -0.8366 -0.1121
vn 0.2439 -0.9497 0.1965
vn 0.8162 -0.5441 -0.1944
vn 0.0955 -0.8352 0.5416
vn 0.1475 -0.5277 0.8365
vn 0.1736 -0.0000 0.9848
vn 0.1475 0.5277 0.8365
vn 0.0955 0.8352 0.5416
vn 0.0472 0.9624 0.2676
vn 0.9667 -0.0000 -0.2559
vn 0.0472 -0.9624 0.2676
vn 0.8162 0.5441 -0.1944
vn -0.2942 -0.7970 0.5274
vn -0.4003 -0.4858 0.7770
vn -0.4418 -0.0000 0.8971
vn -0.4003 0.4858 0.7770
vn -0.2942 0.7970 0.5274
vn -0.1620 0.9497 0.2681
vn 0.5362 0.8366 -0.1121
vn -0.1620 -0.9497 0.2681
vn 0.2673 0.9623 -0.0494
vn -0.5508 -0.7243 0.4148
vn -0.7197 -0.4059 0.5633
vn -0.7827 -0.0000 0.6224
vn -0.7197 0.4059 0.5633
vn -0.5508 0.7243 0.4148
vn -0.3107 0.9245 0.2210
vn -0.3107 -0.9245 0.2210
vn -0.6909 -0.6671 0.2785
vn -0.8664 -0.3503 0.3558
vn -0.9243 -0.0000 0.3818
vn -0.8664 0.3503 0.3558
vn -0.6909 0.6671 0.2785
vn -0.3994 0.9037 0.1545
vn 0.1723 0.9796 -0.1029
vn -0.3994 -0.9037 0.1545
vn 0.3594 0.9041 -0.2314
vn -0.7515 -0.6463 0.1325
vn -0.9290 -0.3320 0.1638
vn -0.9848 -0.0000 0.1736
vn -0.9290 0.3320 0.1638
vn -0.7515 0.6463 0.1325
vn -0.4374 0.8959 0.0771
vn 0.6100 0.6568 -0.4433
vn -0.4374 -0.8959 0.0771
vn 0.7655 -0.0000 -0.6435
vn -0.7445 -0.6671 -0.0254
vn -0.9359 -0.3503 -0.0381
vn -0.9991 -0.0000 -0.0427
vn -0.9359 0.3503 -0.0381
vn -0.7445 0.6671 -0.0254
vn -0.4281 0.9037 -0.0086
vn 0.6100 -0.6568 -0.4433
vn -0.4281 -0.9037 -0.0086
vn 0.3594 -0.9041 -0.2314
vn -0.6595 -0.7243 -0.2014
vn -0.8690 -0.4059 -0.2831
vn -0.9484 -0.0000 -0.3172
vn -0.8690 0.4059 -0.2831
vn -0.6595 0.7243 -0.2014
vn -0.3675 0.9245 -0.1014
vn 0.1723 -0.9796 -0.1029
vn -0.3675 -0.9245 -0.1014
vn 0.0850 0.9958 -0.0352
vn -0.4569 -0.7970 -0.3950
vn -0.6419 -0.4858 -0.5933
vn -0.7220 -0.0000 -0.6919
vn -0.6419 0.4858 -0.5933
vn -0.4569 0.7970 -0.3950
vn -0.2439 0.9497 -0.1965
vn 0.2029 0.9756 -0.0841
vn -0.2439 -0.9497 -0.1965
vn 0.0208 -0.9887 -0.1482
vn 0.0468 -0.9418 -0.3330
vn 0.0963 -0.7219 -0.6852
vn 0.1392 -0.0000 -0.9903
vn 0.0963 0.7219 -0.6852
vn -0.0955 0.8352 -0.5416
vn 0.0468 0.9418 -0.3330
vn 0.4948 0.8445 -0.2050
vn -0.0472 -0.9624 -0.2676
vn 0.8886 0.4414 0.1249
vn 0.9903 -0.0000 0.1392
vn 0.8886 -0.4414 0.1249
vn 0.6379 -0.7649 0.0896
vn 0.3285 -0.9434 0.0462
vn 0.4948 -0.8445 -0.2050
vn 0.5946 0.7843 0.1769
vn 0.3054 0.9483 0.0863
vn 0.2029 -0.9756 -0.0841
vn 0.8445 0.4673 0.2616
vn 0.9533 -0.0000 0.3021
vn 0.8445 -0.4673 0.2616
vn 0.5946 -0.7843 0.1769
vn 0.3054 -0.9483 0.0863
vn 0.0850 -0.9958 -0.0352
vn 0.4845 0.8366 0.2556
vn 0.2433 0.9623 0.1212
vn 0.7310 0.5441 0.4119
vn 0.8587 -0.0000 0.5125
vn 0.7310 -0.5441 0.4119
vn 0.4845 -0.8366 0.2556
vn 0.2433 -0.9623 0.1212
vn -0.0000 -0.8094 0.5873
vn 0.2817 0.9041 0.3215
vn 0.1373 0.9796 0.1465
vn 0.0650 -0.9958 -0.0650
vn 0.4641 0.6568 0.5943
vn 0.5584 -0.0000 0.8295
vn 0.4641 -0.6568 0.5943
vn 0.2817 -0.9041 0.3215
vn 0.1373 -0.9796 0.1465
vn 0.1553 -0.9756 -0.1553
vn -0.0468 0.9418 0.3330
vn -0.0208 0.9887 0.1482
vn 0.3787 -0.8445 -0.3787
vn -0.0963 0.7219 0.6852
vn -0.1392 -0.0000 0.9903
vn -0.0963 -0.7219 0.6852
vn -0.0468 -0.9418 0.3330
vn -0.0208 -0.9887 0.1482
vn -0.3594 0.9041 0.2314
vn -0.1723 0.9796 0.1029
vn 0.3787 0.8445 -0.3787
vn -0.6100 0.6568 0.4433
vn -0.7655 -0.0000 0.6435
vn -0.6100 -0.6568 0.4433
vn -0.3594 -0.9041 0.2314
vn -0.1723 -0.9796 0.1029
vn 0.1553 0.9756 -0.1553
vn -0.5362 0.8366 0.1121
vn -0.2673 0.9623 0.0494
vn 0.0650 0.9958 -0.0650
vn -0.8162 0.5441 0.1944
vn -0.9667 -0.0000 0.2559
vn -0.8162 -0.5441 0.1944
vn -0.5362 -0.8366 0.1121
vn -0.2673 -0.9623 0.0494
vn -0.0000 -0.9769 0.2139
vn -0.6203 0.7843 0.0061
vn -0.3174 0.9483 -0.0012
vn -0.8839 0.4673 0.0187
vn -0.9996 -0.0000 0.0276
vn -0.8839 -0.4673 0.0187
vn -0.6203 -0.7843 0.0061
vn -0.3174 -0.9483 -0.0012
vn 0.0352 0.9958 -0.0850
vn -0.6379 0.7649 -0.0896
vn -0.3285 0.9434 -0.0462
vn 0.0841 0.9756 -0.2029
vn -0.8886 0.4414 -0.1249
vn -0.9903 -0.0000 -0.1392
vn -0.8886 -0.4414 -0.1249
vn -0.6379 -0.7649 -0.0896
vn -0.3285 -0.9434 -0.0462
vn 0.2050 0.8445 -0.4948
vn -0.5946 0.7843 -0.1769
vn -0.3054 0.9483 -0.0863
vn -0.8445 0.4673 -0.2616
vn -0.9533 -0.0000 -0.3021
vn -0.8445 -0.4673 -0.2616
vn -0.5946 -0.7843 -0.1769
vn -0.3054 -0.9483 -0.0863
vn 0.2050 -0.8445 -0.4948
vn -0.4845 0.8366 -0.2556
vn -0.2433 0.9623 -0.1212
vn 0.0841 -0.9756 -0.2029
vn -0.7310 0.5441 -0.4119
vn -0.8587 -0.0000 -0.5125
vn -0.7310 -0.5441 -0.4119
vn -0.4845 -0.8366 -0.2556
vn -0.2433 -0.9623 -0.1212
vn 0.0352 -0.9958 -0.0850
vn -0.2817 0.9041 -0.3215
vn -0.1373 0.9796 -0.1465
vn 0.9872 -0.0000 0.1596
vn -0.4641 0.6568 -0.5943
vn -0.5584 -0.0000 -0.8295
vn -0.4641 -0.6568 -0.5943
vn -0.2817 -0.9041 -0.3215
vn -0.1373 -0.9796 -0.1465
vn 0.2843 -0.9484 0.1405
vn -0.0000 -0.9958 -0.0920
vn 0.0208 0.9887 -0.1482
vn -0.0000 -0.9756 -0.2196
vn -0.0000 -0.8445 -0.5356
vn -0.0000 0.8445 -0.5356
vn -0.0000 0.9756 -0.2196
vn 0.5923 -0.7227 0.3563
vn 0.7931 -0.0000 0.6091
vn 0.5356 0.8445 -0.0000
vn 0.5356 -0.8445 -0.0000
vn 0.2196 -0.9756 -0.0000
vn 0.0920 -0.9958 -0.0000
vn 0.5923 0.7227 0.3563
vn 0.2029 0.9756 0.0841
vn 0.0850 0.9958 0.0352
vn 0.2843 0.9484 0.1405
vn 0.4948 0.8445 0.2050
vn 0.4948 -0.8445 0.2050
vn 0.2029 -0.9756 0.0841
vn 0.0850 -0.9958 0.0352
vn 0.1553 0.9756 0.1553
vn 0.0650 0.9958 0.0650
vn 0.7767 -0.6201 0.1101
vn 0.3787 0.8445 0.3787
vn 0.3787 -0.8445 0.3787
vn 0.1553 -0.9756 0.1553
vn 0.0650 -0.9958 0.0650
vn 0.3909 0.9194 0.0444
vn 0.0841 0.9756 0.2029
vn 0.0352 0.9958 0.0850
vn 0.7767 0.6201 0.1101
vn 0.2050 0.8445 0.4948
vn 0.2050 -0.8445 0.4948
vn 0.0841 -0.9756 0.2029
vn 0.0352 -0.9958 0.0850
vn -0.0000 0.9756 0.2196
vn -0.0000 0.9958 0.0920
vn -0.0000 0.8445 0.5356
vn -0.0000 -0.8445 0.5356
vn -0.0000 -0.9756 0.2196
vn -0.0000 -0.9958 0.0920
vn 0.3909 -0.9194 0.0444
vn -0.0841 0.9756 0.2029
vn -0.0352 0.9958 0.0850
vn -0.2050 0.8445 0.4948
vn -0.2050 -0.8445 0.4948
vn -0.0841 -0.9756 0.2029
vn -0.0352 -0.9958 0.0850
vn -0.1553 0.9756 0.1553
vn -0.0650 0.9958 0.0650
vn 0.3909 -0.9194 -0.0444
vn -0.3787 0.8445 0.3787
vn -0.3787 -0.8445 0.3787
vn -0.1553 -0.9756 0.1553
vn -0.0650 -0.9958 0.0650
vn 0.7767 -0.6201 -0.1101
vn -0.2029 0.9756 0.0841
vn -0.0850 0.9958 0.0352
vn 0.9872 -0.0000 -0.1596
vn -0.4948 0.8445 0.2050
vn -0.4948 -0.8445 0.2050
vn -0.2029 -0.9756 0.0841
vn -0.0850 -0.9958 0.0352
vn 0.7767 0.6201 -0.1101
vn -0.2196 0.9756 -0.0000
vn -0.0920 0.9958 -0.0000
vn 0.3909 0.9194 -0.0444
vn -0.5356 0.8445 -0.0000
vn -0.5356 -0.8445 -0.0000
vn -0.2196 -0.9756 -0.0000
vn -0.0920 -0.9958 -0.0000
vn -0.2029 0.9756 -0.0841
vn -0.0850 0.9958 -0.0352
vn -0.4948 0.8445 -0.2050
vn -0.4948 -0.8445 -0.2050
vn -0.2029 -0.9756 -0.0841
vn -0.0850 -0.9958 -0.0352
vn 0.2843 0.9484 -0.1405
vn -0.1553 0.9756 -0.1553
vn -0.0650 0.9958 -0.0650
vn 0.5923 0.7227 -0.3563
vn -0.3787 0.8445 -0.3787
vn -0.3787 -0.8445 -0.3787
vn -0.1553 -0.9756 -0.1553
vn -0.0650 -0.9958 -0.0650
vn 0.7931 -0.0000 -0.6091
vn -0.0841 0.9756 -0.2029
vn -0.0352 0.9958 -0.0850
vn 0.5923 -0.7227 -0.3563
vn -0.2050 0.8445 -0.4948
vn -0.2050 -0.8445 -0.4948
vn -0.0841 -0.9756 -0.2029
vn -0.0352 -0.9958 -0.0850
vn 0.2843 -0.9484 -0.1405
vn -0.0000 0.9958 -0.0920
vn -0.0000 -0.9769 -0.2139
vn -0.0000 0.9769 -0.2139
vn -0.0000 0.8094 0.5873
vn -0.0000 0.9769 0.2139
vn -0.7931 -0.0000 0.6091
vn -0.5923 -0.7227 0.3563
vn -0.2843 -0.9484 0.1405
vn -0.5923 0.7227 0.3563
vn -0.2843 0.9484 0.1405
vn -0.9872 -0.0000 0.1596
vn -0.7767 -0.6201 0.1101
vn -0.3909 -0.9194 0.0444
vn -0.7767 0.6201 0.1101
vn -0.3909 0.9194 0.0444
vn -0.9872 -0.0000 -0.1596
vn -0.7767 -0.6201 -0.1101
vn -0.3909 -0.9194 -0.0444
vn -0.7767 0.6201 -0.1101
vn -0.3909 0.9194 -0.0444
vn -0.7931 -0.0000 -0.6091
vn -0.5923 -0.7227 -0.3563
vn -0.2843 -0.9484 -0.1405
vn -0.5923 0.7227 -0.3563
vn -0.2843 0.9484 -0.1405
vn 0.6628 -0.4545 -0.5951
vn -0.0000 -0.8094 -0.5873
vn -0.0000 0.8094 -0.5873
vn 0.7277 -0.2056 -0.6543
vn 0.7436 -0.0000 -0.6687
vn 0.7277 0.2056 -0.6543
vn 0.6628 0.4545 -0.5951
vn 0.4705 0.7767 -0.4188
vn 0.3081 0.9514 -0.0000
vn 0.2607 0.7863 -0.5602
vn 0.3700 0.4684 -0.8023
vn 0.4085 0.2137 -0.8874
vn 0.4181 -0.0000 -0.9084
vn 0.4085 -0.2137 -0.8874
vn 0.3700 -0.4684 -0.8023
vn 0.2607 -0.7863 -0.5602
vn 0.1321 0.9912 -0.0000
vn -0.0000 -0.4744 -0.8803
vn -0.0000 -0.2172 -0.9761
vn -0.0000 0.2172 -0.9761
vn -0.0000 0.7904 -0.6126
vn 0.1225 0.9914 -0.0460
vn 0.4705 -0.7767 -0.4188
vn 0.2855 0.9523 -0.1078
vn 0.8410 -0.4416 -0.3126
vn 0.9186 -0.1983 -0.3419
vn 0.9372 -0.0000 -0.3488
vn 0.9186 0.1983 -0.3419
vn 0.8410 0.4416 -0.3126
vn 0.6015 0.7675 -0.2218
vn 0.6094 0.7583 -0.2318
vn 0.6015 -0.7675 -0.2218
vn 0.9328 -0.0000 -0.3603
vn 0.8997 -0.4365 -0.0000
vn 0.9807 -0.1955 -0.0000
vn 0.9807 0.1955 -0.0000
vn 0.8997 0.4365 -0.0000
vn 0.6455 0.7637 -0.0000
vn 0.6094 -0.7583 -0.2318
vn 0.6455 -0.7637 -0.0000
vn 0.2855 -0.9523 -0.1078
vn 0.8410 -0.4416 0.3126
vn 0.9186 -0.1983 0.3419
vn 0.9372 -0.0000 0.3488
vn 0.9186 0.1983 0.3419
vn 0.8410 0.4416 0.3126
vn 0.6015 0.7675 0.2218
vn 0.1225 -0.9914 -0.0460
vn 0.6015 -0.7675 0.2218
vn 0.6628 -0.4545 0.5951
vn 0.7277 -0.2056 0.6543
vn 0.7436 -0.0000 0.6687
vn 0.7277 0.2056 0.6543
vn 0.6628 0.4545 0.5951
vn 0.4705 0.7767 0.4188
vn -0.0000 -0.7259 0.6878
vn 0.4705 -0.7767 0.4188
vn 0.0945 -0.9918 -0.0857
vn 0.3700 -0.4684 0.8023
vn 0.4085 -0.2137 0.8874
vn 0.4181 -0.0000 0.9084
vn 0.4085 0.2137 0.8874
vn 0.3700 0.4684 0.8023
vn 0.2607 0.7863 0.5602
vn 0.2202 -0.9546 -0.2007
vn 0.2607 -0.7863 0.5602
vn 0.4742 -0.7653 -0.4353
vn -0.0000 -0.4744 0.8803
vn -0.0000 -0.2172 0.9761
vn -0.0000 0.2172 0.9761
vn -0.0000 0.4744 0.8803
vn -0.0000 0.7904 0.6126
vn 0.7312 -0.0000 -0.6821
vn -0.0000 -0.7904 0.6126
vn 0.4742 0.7653 -0.4353
vn -0.3700 -0.4684 0.8023
vn -0.4085 -0.2137 0.8874
vn -0.4181 -0.0000 0.9084
vn -0.4085 0.2137 0.8874
vn -0.3700 0.4684 0.8023
vn -0.2607 0.7863 0.5602
vn 0.2202 0.9546 -0.2007
vn -0.2607 -0.7863 0.5602
vn 0.0945 0.9918 -0.0857
vn -0.6628 -0.4545 0.5951
vn -0.7277 -0.2056 0.6543
vn -0.7436 -0.0000 0.6687
vn -0.7277 0.2056 0.6543
vn -0.6628 0.4545 0.5951
vn -0.4705 0.7767 0.4188
vn -0.0000 -0.9572 0.2894
vn -0.4705 -0.7767 0.4188
vn -0.8410 -0.4416 0.3126
vn -0.9186 -0.1983 0.3419
vn -0.9372 -0.0000 0.3488
vn -0.9186 0.1983 0.3419
vn -0.8410 0.4416 0.3126
vn -0.6015 0.7675 0.2218
vn 0.0515 0.9923 -0.1129
vn -0.6015 -0.7675 0.2218
vn 0.1201 0.9569 -0.2644
vn -0.8997 -0.4365 -0.0000
vn -0.9807 -0.1955 -0.0000
vn -0.9807 0.1955 -0.0000
vn -0.8997 0.4365 -0.0000
vn -0.6455 0.7637 -0.0000
vn 0.2611 0.7726 -0.5788
vn -0.6455 -0.7638 -0.0000
vn 0.4056 -0.0000 -0.9140
vn -0.8410 -0.4416 -0.3126
vn -0.9186 -0.1983 -0.3419
vn -0.9372 -0.0000 -0.3488
vn -0.9186 0.1983 -0.3419
vn -0.8410 0.4416 -0.3126
vn -0.6015 0.7675 -0.2218
vn 0.2611 -0.7726 -0.5788
vn -0.6015 -0.7675 -0.2218
vn 0.1201 -0.9569 -0.2644
vn -0.6628 -0.4545 -0.5951
vn -0.7277 -0.2056 -0.6543
vn -0.7436 -0.0000 -0.6687
vn -0.7277 0.2056 -0.6543
vn -0.6628 0.4545 -0.5951
vn -0.4705 0.7767 -0.4188
vn 0.0515 -0.9923 -0.1129
vn -0.4705 -0.7767 -0.4188
vn 0.9842 -0.0000 0.1771
vn -0.3700 -0.4684 -0.8023
vn -0.4085 -0.2137 -0.8874
vn -0.4181 -0.0000 -0.9084
vn -0.4085 0.2137 -0.8874
vn -0.3700 0.4684 -0.8023
vn -0.2607 0.7863 -0.5602
vn 0.3273 -0.9243 0.1962
vn -0.2607 -0.7863 -0.5602
vn -0.0000 -0.9924 -0.1227
vn -0.0000 -0.9579 -0.2871
vn -0.0000 -0.7756 -0.6312
vn -0.0000 0.7756 -0.6312
vn -0.0000 0.4744 -0.8803
vn -0.0000 0.9579 -0.2871
vn 0.6153 -0.6522 0.4427
vn -0.0000 -0.7904 -0.6126
vn 0.7681 -0.0000 0.6404
vn 0.6553 0.7554 -0.0000
vn 0.6553 -0.7554 -0.0000
vn 0.3081 -0.9514 -0.0000
vn 0.1321 -0.9912 -0.0000
vn 0.6153 0.6522 0.4427
vn 0.2855 0.9523 0.1078
vn 0.1225 0.9914 0.0460
vn 0.3273 0.9243 0.1962
vn 0.6094 0.7583 0.2318
vn 0.9328 -0.0000 0.3603
vn 0.6094 -0.7583 0.2318
vn 0.2855 -0.9523 0.1078
vn 0.1225 -0.9914 0.0460
vn 0.2202 0.9546 0.2007
vn 0.0945 0.9918 0.0857
vn 0.8214 -0.5536 0.1373
vn 0.4742 0.7653 0.4353
vn 0.7312 -0.0000 0.6821
vn 0.4742 -0.7653 0.4353
vn 0.2202 -0.9546 0.2007
vn 0.0945 -0.9918 0.0857
vn 0.4541 0.8887 0.0637
vn 0.1201 0.9569 0.2644
vn 0.0515 0.9923 0.1129
vn 0.8214 0.5536 0.1373
vn 0.2611 0.7726 0.5788
vn 0.4056 -0.0000 0.9140
vn 0.2611 -0.7726 0.5788
vn 0.1201 -0.9569 0.2644
vn 0.0515 -0.9923 0.1129
vn -0.0000 0.9579 0.2871
vn -0.0000 0.9924 0.1227
vn -0.0000 0.7756 0.6312
vn -0.0000 -0.7756 0.6312
vn -0.0000 -0.9579 0.2871
vn -0.0000 -0.9924 0.1227
vn 0.4541 -0.8887 0.0637
vn -0.1201 0.9569 0.2644
vn -0.0515 0.9923 0.1129
vn -0.2611 0.7726 0.5788
vn -0.4056 -0.0000 0.9140
vn -0.2611 -0.7726 0.5788
vn -0.1201 -0.9569 0.2644
vn -0.0515 -0.9923 0.1129
vn -0.2202 0.9546 0.2007
vn -0.0945 0.9918 0.0857
vn 0.4541 -0.8887 -0.0637
vn -0.4742 0.7653 0.4353
vn -0.7312 -0.0000 0.6821
vn -0.4742 -0.7653 0.4353
vn -0.2202 -0.9546 0.2007
vn -0.0945 -0.9918 0.0857
vn 0.8214 -0.5536 -0.1373
vn -0.2855 0.9523 0.1078
vn -0.1225 0.9914 0.0460
vn 0.9842 -0.0000 -0.1771
vn -0.6094 0.7583 0.2318
vn -0.9328 -0.0000 0.3603
vn -0.6094 -0.7583 0.2318
vn -0.2855 -0.9523 0.1078
vn -0.1225 -0.9914 0.0460
vn 0.8214 0.5536 -0.1373
vn -0.3081 0.9514 -0.0000
vn -0.1321 0.9912 -0.0000
vn 0.4541 0.8887 -0.0637
vn -0.6553 0.7554 -0.0000
vn -0.6553 -0.7554 -0.0000
vn -0.3081 -0.9514 -0.0000
vn -0.1321 -0.9912 -0.0000
vn -0.2855 0.9523 -0.1078
vn -0.1225 0.9914 -0.0460
vn -0.6094 0.7583 -0.2318
vn -0.9328 -0.0000 -0.3603
vn -0.6094 -0.7583 -0.2318
vn -0.2855 -0.9523 -0.1078
vn -0.1225 -0.9914 -0.0460
vn 0.3273 0.9243 -0.1962
vn -0.2202 0.9546 -0.2007
vn -0.0945 0.9918 -0.0857
vn 0.6153 0.6522 -0.4427
vn -0.4742 0.7653 -0.4353
vn -0.7312 -0.0000 -0.6821
vn -0.4742 -0.7653 -0.4353
vn -0.2202 -0.9546 -0.2007
vn -0.0945 -0.9918 -0.0857
vn 0.7681 -0.0000 -0.6404
vn -0.1201 0.9569 -0.2644
vn -0.0515 0.9923 -0.1129
vn 0.6153 -0.6522 -0.4427
vn -0.2611 0.7726 -0.5788
vn -0.4056 -0.0000 -0.9140
vn -0.2611 -0.7726 -0.5788
vn -0.1201 -0.9569 -0.2644
vn -0.0515 -0.9923 -0.1129
vn 0.3273 -0.9243 -0.1962
vn -0.0000 0.9924 -0.1227
vn -0.0000 -0.9572 -0.2894
vn -0.0000 0.9572 -0.2894
vn -0.0000 0.7259 0.6878
vn -0.0000 0.9572 0.2894
vn -0.7681 -0.0000 0.6404
vn -0.6153 -0.6522 0.4427
vn -0.3273 -0.9243 0.1962
vn -0.6153 0.6522 0.4427
vn -0.3273 0.9243 0.1962
vn -0.9842 -0.0000 0.1771
vn -0.8214 -0.5536 0.1373
vn -0.4541 -0.8887 0.0637
vn -0.8214 0.5536 0.1373
vn -0.4541 0.8887 0.0637
vn -0.9842 -0.0000 -0.1771
vn -0.8214 -0.5536 -0.1373
vn -0.4541 -0.8887 -0.0637
vn -0.8214 0.5536 -0.1373
vn -0.4541 0.8887 -0.0637
vn -0.7681 -0.0000 -0.6404
vn -0.6153 -0.6522 -0.4427
vn -0.3273 -0.9243 -0.1962
vn -0.6153 0.6522 -0.4427
vn -0.3273 0.9243 -0.1962
vn -0.0000 -0.7259 -0.6878
vn -0.0000 0.7259 -0.6878
vn 0.8657 -0.0000 -0.5006
vn 0.6595 -0.7243 -0.2014
vn 0.8690 -0.4059 -0.2831
vn 0.9484 -0.0000 -0.3172
vn 0.8690 0.4059 -0.2831
vn 0.6595 0.7243 -0.2014
vn 0.3675 0.9245 -0.1014
vn 0.6379 0.7649 -0.0896
vn 0.2439 0.9497 -0.1965
vn 0.4569 0.7970 -0.3950
vn 0.6419 0.4858 -0.5933
vn 0.7220 -0.0000 -0.6919
vn 0.6419 -0.4858 -0.5933
vn 0.4569 -0.7970 -0.3950
vn 0.2439 -0.9497 -0.1965
vn 0.3285 0.9434 -0.0462
vn 0.0955 -0.8352 -0.5416
vn 0.1475 -0.5277 -0.8365
vn 0.1736 -0.0000 -0.9848
vn 0.1475 0.5277 -0.8365
vn 0.0472 0.9624 -0.2676
vn 0.3054 0.9483 -0.0863
vn 0.3675 -0.9245 -0.1014
vn 0.5946 0.7843 -0.1769
vn 0.7445 -0.6671 -0.0254
vn 0.9359 -0.3503 -0.0381
vn 0.9991 -0.0000 -0.0427
vn 0.9359 0.3503 -0.0381
vn 0.7445 0.6671 -0.0254
vn 0.4281 0.9037 -0.0086
vn 0.8445 0.4673 -0.2616
vn 0.4281 -0.9037 -0.0086
vn 0.9533 -0.0000 -0.3021
vn 0.7515 -0.6463 0.1325
vn 0.9290 -0.3320 0.1638
vn 0.9848 -0.0000 0.1736
vn 0.9290 0.3320 0.1638
vn 0.7515 0.6463 0.1325
vn 0.4374 0.8959 0.0771
vn 0.8445 -0.4673 -0.2616
vn 0.4374 -0.8959 0.0771
vn 0.5946 -0.7843 -0.1769
vn 0.6909 -0.6671 0.2785
vn 0.8664 -0.3503 0.3558
vn 0.9243 -0.0000 0.3818
vn 0.8664 0.3503 0.3558
vn 0.6909 0.6671 0.2785
vn 0.3994 0.9037 0.1545
vn 0.3054 -0.9483 -0.0863
vn 0.3994 -0.9037 0.1545
vn 0.5508 -0.7243 0.4148
vn 0.7197 -0.4059 0.5633
vn 0.7827 -0.0000 0.6224
vn 0.7197 0.4059 0.5633
vn 0.5508 0.7243 0.4148
vn 0.3107 0.9245 0.2210
vn 0.3107 -0.9245 0.2210
vn 0.2433 -0.9623 -0.1212
vn 0.2942 -0.7970 0.5274
vn 0.4003 -0.4858 0.7770
vn 0.4418 -0.0000 0.8971
vn 0.4003 0.4858 0.7770
vn 0.2942 0.7970 0.5274
vn 0.1620 0.9497 0.2681
vn 0.4845 -0.8366 -0.2556
vn 0.1620 -0.9497 0.2681
vn 0.7310 -0.5441 -0.4119
vn -0.0955 -0.8352 0.5416
vn -0.1475 -0.5277 0.8365
vn -0.1736 -0.0000 0.9848
vn -0.1475 0.5277 0.8365
vn -0.0955 0.8352 0.5416
vn -0.0472 0.9624 0.2676
vn 0.8587 -0.0000 -0.5125
vn -0.0472 -0.9624 0.2676
vn 0.7310 0.5441 -0.4119
vn -0.4569 -0.7970 0.3950
vn -0.6419 -0.4858 0.5933
vn -0.7220 -0.0000 0.6919
vn -0.6419 0.4858 0.5933
vn -0.4569 0.7970 0.3950
vn -0.2439 0.9497 0.1965
vn 0.4845 0.8366 -0.2556
vn -0.2439 -0.9497 0.1965
vn 0.2433 0.9623 -0.1212
vn -0.6595 -0.7243 0.2014
vn -0.8690 -0.4059 0.2831
vn -0.9484 -0.0000 0.3172
vn -0.8690 0.4059 0.2831
vn -0.6595 0.7243 0.2014
vn -0.3675 0.9245 0.1014
vn -0.3675 -0.9245 0.1014
vn -0.7445 -0.6671 0.0254
vn -0.9359 -0.3503 0.0381
vn -0.9991 -0.0000 0.0426
vn -0.9359 0.3503 0.0381
vn -0.7445 0.6671 0.0254
vn -0.4281 0.9037 0.0086
vn 0.1373 0.9796 -0.1465
vn -0.4281 -0.9037 0.0086
vn 0.2817 0.9041 -0.3215
vn -0.7515 -0.6463 -0.1325
vn -0.9290 -0.3320 -0.1638
vn -0.9848 -0.0000 -0.1736
vn -0.9290 0.3320 -0.1638
vn -0.7515 0.6463 -0.1325
vn -0.4374 0.8959 -0.0771
vn 0.4641 0.6568 -0.5943
vn -0.4374 -0.8959 -0.0771
vn 0.5584 -0.0000 -0.8295
vn -0.6909 -0.6671 -0.2785
vn -0.8664 -0.3503 -0.3558
vn -0.9243 -0.0000 -0.3818
vn -0.8664 0.3503 -0.3558
vn -0.6909 0.6671 -0.2785
vn -0.3994 0.9037 -0.1545
vn 0.4641 -0.6568 -0.5943
vn -0.3994 -0.9037 -0.1545
vn 0.2817 -0.9041 -0.3215
vn -0.5508 -0.7243 -0.4148
vn -0.7197 -0.4059 -0.5633
vn -0.7827 -0.0000 -0.6224
vn -0.7197 0.4059 -0.5633
vn -0.5508 0.7243 -0.4148
vn -0.3107 0.9245 -0.2210
vn 0.1373 -0.9796 -0.1465
vn -0.3107 -0.9245 -0.2210
vn -0.2942 -0.7970 -0.5274
vn -0.4003 -0.4858 -0.7770
vn -0.4418 -0.0000 -0.8971
vn -0.4003 0.4858 -0.7770
vn -0.2942 0.7970 -0.5274
vn -0.1620 0.9497 -0.2681
vn -0.1620 -0.9497 -0.2681
vn -0.0208 -0.9887 -0.1482
vn -0.0468 -0.9418 -0.3330
vn -0.0963 -0.7219 -0.6852
vn -0.1392 -0.0000 -0.9903
vn -0.0963 0.7219 -0.6852
vn 0.0955 0.8352 -0.5416
vn -0.0468 0.9418 -0.3330
vn 0.0472 -0.9624 -0.2676
vn 0.8886 0.4414 -0.1249
vn 0.9903 -0.0000 -0.1392
vn 0.8886 -0.4414 -0.1249
vn 0.6379 -0.7649 -0.0896
vn 0.3285 -0.9434 -0.0462
vn 0.6203 0.7843 0.0061
vn 0.3174 0.9483 -0.0012
vn 0.8839 0.4673 0.0187
vn 0.9996 -0.0000 0.0276
vn 0.8839 -0.4673 0.0187
vn 0.6203 -0.7843 0.0061
vn 0.3174 -0.9483 -0.0012
vn 0.5362 0.8366 0.1121
vn 0.2673 0.9623 0.0494
vn 0.8162 0.5441 0.1944
vn 0.9667 -0.0000 0.2559
vn 0.8162 -0.5441 0.1944
vn 0.5362 -0.8366 0.1121
vn 0.2673 -0.9623 0.0494
vn 0.3594 0.9041 0.2314
vn 0.1723 0.9796 0.1029
vn 0.6100 0.6568 0.4433
vn 0.7655 -0.0000 0.6435
vn 0.6100 -0.6568 0.4433
vn 0.3594 -0.9041 0.2314
vn 0.1723 -0.9796 0.1029
vn 0.0468 0.9418 0.3330
vn 0.0208 0.9887 0.1482
vn 0.0963 0.7219 0.6852
vn 0.1392 -0.0000 0.9903
vn 0.0963 -0.7219 0.6852
vn 0.0468 -0.9418 0.3330
vn 0.0208 -0.9887 0.1482
vn -0.2817 0.9041 0.3215
vn -0.1373 0.9796 0.1465
vn -0.4641 0.6568 0.5943
vn -0.5584 -0.0000 0.8295
vn -0.4641 -0.6568 0.5943
vn -0.2817 -0.9041 0.3215
vn -0.1373 -0.9796 0.1465
vn -0.4845 0.8366 0.2556
vn -0.2433 0.9623 0.1212
vn -0.7310 0.5441 0.4119
vn -0.8587 -0.0000 0.5125
vn -0.7310 -0.5441 0.4119
vn -0.4845 -0.8366 0.2556
vn -0.2433 -0.9623 0.1212
vn -0.5946 0.7843 0.1769
vn -0.3054 0.9483 0.0863
vn -0.8445 0.4673 0.2616
vn -0.9533 -0.0000 0.3021
vn -0.8445 -0.4673 0.2616
vn -0.5946 -0.7843 0.1769
vn -0.3054 -0.9483 0.0863
vn -0.6379 0.7649 0.0896
vn -0.3285 0.9434 0.0462
vn -0.8886 0.4414 0.1249
vn -0.9903 -0.0000 0.1392
vn -0.8886 -0.4414 0.1249
vn -0.6379 -0.7649 0.0896
vn -0.3285 -0.9434 0.0462
vn -0.6203 0.7843 -0.0061
vn -0.3174 0.9483 0.0012
vn -0.8839 0.4673 -0.0187
vn -0.9996 -0.0000 -0.0276
vn -0.8839 -0.4673 -0.0187
vn -0.6203 -0.7843 -0.0061
vn -0.3174 -0.9483 0.0012
vn -0.5362 0.8366 -0.1121
vn -0.2673 0.9623 -0.0494
vn -0.8162 0.5441 -0.1944
vn -0.9667 -0.0000 -0.2559
vn -0.8162 -0.5441 -0.1944
vn -0.5362 -0.8366 -0.1121
vn -0.2673 -0.9623 -0.0494
vn -0.3594 0.9041 -0.2314
vn -0.1723 0.9796 -0.1029
vn -0.6100 0.6568 -0.4433
vn -0.7655 -0.0000 -0.6435
vn -0.6100 -0.6568 -0.4433
vn -0.3594 -0.9041 -0.2314
vn -0.1723 -0.9796 -0.1029
vn -0.0208 0.9887 -0.1482
vn 0.6455 0.7638 -0.0000
vn 0.6455 -0.7638 -0.0000
vn 0.2611 0.7725 -0.5788
vn -0.6455 -0.7637 -0.0000
vn 0.2611 -0.7725 -0.5788
vn -0.9181 -0.0688 0.3904
vn -0.1281 -0.8024 0.5829
vn 0.2081 -0.9078 -0.3641
vn 0.3160 -0.0397 -0.9479
vn 0.0671 0.8607 -0.5046
vn -0.2524 0.8695 0.4246
vn -0.3424 0.0693 0.9370
vn 0.0007 -0.8078 0.5895
vn 0.0001 -0.9119 -0.4105
vn -0.0007 -0.0491 -0.9988
vn -0.0007 0.8613 -0.5080
vn 0.0001 0.8768 0.4809
vn 0.0006 0.0682 0.9977
vn 0.1610 -0.8125 0.5603
vn -0.2035 -0.8924 -0.4028
vn -0.2782 -0.0138 -0.9604
vn -0.0466 0.8684 -0.4937
vn 0.2962 0.8434 0.4482
vn 0.3954 0.0358 0.9178
vn -0.2218 0.7699 0.5983
vn -0.6205 0.7683 -0.1572
vn -0.8808 0.0880 -0.4652
vn -0.8113 -0.5823 -0.0515
vn -0.4130 -0.5783 0.7036
vn -0.1099 0.0934 0.9895
vn -0.8082 0.5883 -0.0274
vn -0.4230 0.5588 -0.7133
vn -0.1477 -0.1280 -0.9807
vn -0.2578 -0.7852 -0.5630
vn -0.6432 -0.7558 0.1227
vn -0.0000 0.8438 -0.5367
vn 0.9511 -0.0000 0.3090
vn 0.8348 -0.4791 0.2712
vn -0.0000 -0.8438 -0.5367
vn 0.5104 -0.8438 0.1659
vn 0.3155 0.8438 -0.4342
vn 0.5159 0.4791 -0.7101
vn 0.5878 -0.0000 -0.8090
vn 0.5159 -0.4791 -0.7101
vn 0.3155 -0.8438 -0.4342
vn 0.5104 0.8438 -0.1659
vn 0.8348 0.4791 -0.2712
vn 0.9511 -0.0000 -0.3090
vn 0.8348 -0.4791 -0.2712
vn 0.5104 -0.8438 -0.1659
vn 0.5104 0.8438 0.1659
vn 0.8348 0.4791 0.2712
vn 0.3155 0.8438 0.4342
vn 0.5159 0.4791 0.7101
vn 0.5878 -0.0000 0.8090
vn 0.5159 -0.4791 0.7101
vn 0.3155 -0.8438 0.4342
vn -0.0000 0.8438 0.5367
vn -0.0000 0.4791 0.8778
vn -0.0000 -0.4791 0.8778
vn -0.0000 -0.8438 0.5367
vn 0.5049 -0.8475 0.1640
vn -0.3155 0.8438 0.4342
vn -0.5159 0.4791 0.7101
vn -0.5878 -0.0000 0.8090
vn -0.5159 -0.4791 0.7101
vn -0.3155 -0.8438 0.4342
vn -0.5104 0.8438 0.1659
vn -0.8348 0.4791 0.2712
vn -0.9511 -0.0000 0.3090
vn -0.8348 -0.4791 0.2712
vn -0.5104 -0.8438 0.1659
vn -0.5104 0.8438 -0.1658
vn -0.8348 0.4791 -0.2712
vn -0.9511 -0.0000 -0.3090
vn -0.8348 -0.4791 -0.2712
vn -0.5104 -0.8438 -0.1658
vn 0.1723 -0.9835 0.0560
vn -0.3155 0.8438 -0.4342
vn -0.5159 0.4791 -0.7101
vn -0.5878 -0.0000 -0.8090
vn -0.5159 -0.4791 -0.7101
vn -0.3155 -0.8438 -0.4342
vn -0.0000 0.4791 -0.8778
vn 0.1723 -0.9835 -0.0560
vn -0.0000 -0.4791 -0.8778
vn 0.5049 -0.8475 -0.1640
vn 0.8348 0.4791 0.2713
vn 0.5049 0.8475 -0.1640
vn 0.1723 0.9835 -0.0560
vn 0.5481 -0.8172 0.1781
vn 0.1065 0.9835 -0.1466
vn 0.3120 0.8475 -0.4295
vn 0.3120 -0.8475 -0.4295
vn 0.1065 -0.9835 -0.1466
vn -0.5104 0.8438 -0.1659
vn 0.1968 -0.9784 0.0639
vn -0.0000 -0.9835 -0.1812
vn 0.1968 -0.9784 -0.0639
vn -0.0000 0.9835 -0.1812
vn 0.5481 -0.8172 -0.1781
vn 0.5049 0.8475 0.1640
vn 0.1723 0.9835 0.0560
vn 0.3120 -0.8475 0.4295
vn 0.1065 -0.9835 0.1466
vn 0.5481 0.8172 -0.1781
vn 0.3120 0.8475 0.4295
vn 0.1065 0.9835 0.1466
vn 0.1968 0.9784 -0.0639
vn -0.0000 -0.8475 0.5309
vn -0.0000 -0.9835 0.1812
vn -0.0000 0.8475 0.5309
vn -0.0000 0.9835 0.1812
vn 0.5768 -0.7951 0.1874
vn -0.3120 -0.8475 0.4295
vn -0.1065 -0.9835 0.1466
vn 0.1216 0.9784 -0.1674
vn -0.3120 0.8475 0.4295
vn -0.1065 0.9835 0.1466
vn 0.3387 0.8172 -0.4662
vn -0.5049 -0.8475 0.1640
vn -0.1723 -0.9835 0.0560
vn -0.5049 0.8475 0.1640
vn -0.1723 0.9835 0.0560
vn 0.3388 -0.8172 -0.4663
vn -0.5049 -0.8475 -0.1640
vn -0.1723 -0.9835 -0.0560
vn 0.1216 -0.9784 -0.1674
vn -0.5049 0.8475 -0.1640
vn -0.1723 0.9835 -0.0560
vn 0.2149 -0.9741 0.0698
vn -0.3120 -0.8475 -0.4295
vn -0.1065 -0.9835 -0.1466
vn -0.3120 0.8475 -0.4295
vn -0.1065 0.9835 -0.1466
vn -0.0000 -0.9784 -0.2069
vn -0.0000 -0.8475 -0.5309
vn 0.2149 -0.9741 -0.0698
vn -0.0000 0.8475 -0.5309
vn -0.0000 0.9784 -0.2069
vn 0.5768 -0.7951 -0.1874
vn 0.5481 0.8172 0.1781
vn 0.1968 0.9784 0.0639
vn 0.3387 -0.8172 0.4662
vn 0.1216 -0.9784 0.1674
vn 0.5768 0.7951 -0.1874
vn 0.3388 0.8172 0.4662
vn 0.1216 0.9784 0.1674
vn 0.2149 0.9741 -0.0698
vn -0.0000 -0.8172 0.5763
vn -0.0000 -0.9784 0.2069
vn -0.0000 0.8172 0.5763
vn -0.0000 0.9784 0.2069
vn 0.5972 -0.7783 0.1940
vn -0.3388 -0.8172 0.4662
vn -0.1216 -0.9784 0.1674
vn 0.1328 0.9741 -0.1828
vn -0.3388 0.8172 0.4662
vn -0.1216 0.9784 0.1674
vn 0.3565 0.7951 -0.4907
vn -0.5481 -0.8172 0.1781
vn -0.1968 -0.9784 0.0639
vn -0.5481 0.8172 0.1781
vn -0.1968 0.9784 0.0639
vn 0.3565 -0.7951 -0.4907
vn -0.5481 -0.8172 -0.1781
vn -0.1968 -0.9784 -0.0639
vn 0.1328 -0.9741 -0.1828
vn -0.5481 0.8172 -0.1781
vn -0.1968 0.9784 -0.0639
vn 0.2289 -0.9706 0.0744
vn -0.3387 -0.8172 -0.4662
vn -0.1216 -0.9784 -0.1674
vn -0.3387 0.8172 -0.4662
vn -0.1216 0.9784 -0.1674
vn -0.0000 -0.9741 -0.2260
vn -0.0000 -0.8172 -0.5763
vn 0.2289 -0.9706 -0.0744
vn -0.0000 0.8172 -0.5763
vn -0.0000 0.9741 -0.2260
vn 0.5972 -0.7783 -0.1940
vn 0.5768 0.7951 0.1874
vn 0.2149 0.9741 0.0698
vn 0.3565 -0.7951 0.4907
vn 0.1328 -0.9741 0.1828
vn 0.5972 0.7783 -0.1940
vn 0.3565 0.7951 0.4907
vn 0.1328 0.9741 0.1828
vn 0.2289 0.9706 -0.0744
vn -0.0000 -0.7951 0.6065
vn -0.0000 -0.9741 0.2260
vn -0.0000 0.7951 0.6065
vn -0.0000 0.9741 0.2260
vn 0.6650 -0.7149 0.2161
vn -0.3565 -0.7951 0.4907
vn -0.1328 -0.9741 0.1828
vn 0.1415 0.9706 -0.1947
vn -0.3565 0.7951 0.4907
vn -0.1328 0.9741 0.1828
vn 0.3691 0.7783 -0.5080
vn -0.5768 -0.7951 0.1874
vn -0.2149 -0.9741 0.0698
vn -0.5768 0.7951 0.1874
vn -0.2149 0.9741 0.0698
vn 0.3691 -0.7783 -0.5080
vn -0.5768 -0.7951 -0.1874
vn -0.2149 -0.9741 -0.0698
vn 0.1415 -0.9706 -0.1947
vn -0.5768 0.7951 -0.1874
vn -0.2149 0.9741 -0.0698
vn 0.2836 -0.9545 0.0921
vn -0.3565 -0.7951 -0.4907
vn -0.1328 -0.9741 -0.1828
vn -0.3565 0.7951 -0.4907
vn -0.1328 0.9741 -0.1828
vn -0.0000 -0.9706 -0.2407
vn -0.0000 -0.7951 -0.6065
vn 0.2836 -0.9545 -0.0921
vn -0.0000 0.7951 -0.6065
vn -0.0000 0.9706 -0.2407
vn 0.6650 -0.7149 -0.2161
vn 0.5972 0.7783 0.1940
vn 0.2289 0.9706 0.0744
vn 0.3691 -0.7783 0.5080
vn 0.1415 -0.9706 0.1947
vn 0.6650 0.7149 -0.2161
vn 0.3691 0.7783 0.5080
vn 0.1415 0.9706 0.1947
vn 0.2836 0.9545 -0.0921
vn -0.0000 -0.7783 0.6279
vn -0.0000 -0.9706 0.2407
vn -0.0000 0.7783 0.6279
vn -0.0000 0.9706 0.2407
vn -0.3691 -0.7783 0.5080
vn -0.1415 -0.9706 0.1947
vn 0.1753 0.9545 -0.2412
vn -0.3691 0.7783 0.5080
vn -0.1415 0.9706 0.1947
vn 0.4110 0.7149 -0.5657
vn -0.5972 -0.7783 0.1940
vn -0.2289 -0.9706 0.0744
vn -0.5972 0.7783 0.1940
vn -0.2289 0.9706 0.0744
vn 0.4110 -0.7149 -0.5657
vn -0.5972 -0.7783 -0.1940
vn -0.2289 -0.9706 -0.0744
vn 0.1753 -0.9545 -0.2412
vn -0.5972 0.7783 -0.1940
vn -0.2289 0.9706 -0.0744
vn -0.3691 -0.7783 -0.5080
vn -0.1415 -0.9706 -0.1947
vn -0.3691 0.7783 -0.5080
vn -0.1415 0.9706 -0.1947
vn -0.0000 -0.9545 -0.2982
vn -0.0000 -0.7783 -0.6279
vn -0.0000 0.7783 -0.6279
vn -0.0000 0.9545 -0.2982
vn 0.6650 0.7149 0.2161
vn 0.2836 0.9545 0.0921
vn 0.4110 -0.7149 0.5657
vn 0.1753 -0.9545 0.2412
vn 0.4110 0.7149 0.5657
vn 0.1753 0.9545 0.2412
vn -0.0000 -0.7149 0.6992
vn -0.0000 -0.9545 0.2982
vn -0.0000 0.7149 0.6992
vn -0.0000 0.9545 0.2982
vn -0.4110 -0.7149 0.5657
vn -0.1753 -0.9545 0.2412
vn -0.4110 0.7149 0.5657
vn -0.1753 0.9545 0.2412
vn -0.6650 -0.7149 0.2161
vn -0.2836 -0.9545 0.0921
vn -0.6650 0.7149 0.2161
vn -0.2836 0.9545 0.0921
vn -0.6650 -0.7149 -0.2161
vn -0.2836 -0.9545 -0.0921
vn -0.6650 0.7149 -0.2161
vn -0.2836 0.9545 -0.0921
vn -0.4110 -0.7149 -0.5657
vn -0.1753 -0.9545 -0.2412
vn -0.4110 0.7149 -0.5657
vn -0.1753 0.9545 -0.2412
vn -0.0000 -0.7149 -0.6992
vn -0.0000 0.7149 -0.6992
s 1
usemtl Frog_skin
f 2//2 16//16 315//311
f 10//10 22//22 23//23
f 6//6 20//20 7//7
f 315//311 17//17 316//312
f 323//317 23//23 24//24
f 8//8 20//20 21//21
f 316//312 18//18 5//5
f 12//12 24//24 25//25
f 2//2 1//1 15//15
f 9//9 21//21 22//22
f 5//5 19//19 6//6
f 13//13 12//12 25//25
f 21//21 33//31 34//32
f 17//17 31//29 18//18
f 25//25 37//35 38//36
f 15//15 1//1 28//26
f 22//22 34//32 35//33
f 18//18 32//30 19//19
f 13//13 25//25 38//36
f 15//15 29//27 16//16
f 23//23 35//33 36//34
f 19//19 33//31 20//20
f 16//16 30//28 17//17
f 24//24 36//34 37//35
f 32//30 46//44 33//31
f 29//27 43//41 30//28
f 37//35 49//47 50//48
f 34//32 46//44 47//45
f 30//28 44//42 31//29
f 38//36 50//48 51//49
f 28//26 1//1 41//39
f 35//33 47//45 48//46
f 31//29 45//43 32//30
f 13//13 38//36 51//49
f 28//26 42//40 29//27
f 36//34 48//46 49//47
f 48//46 60//58 61//59
f 44//42 58//56 45//43
f 13//13 51//49 64//62
f 41//39 55//53 42//40
f 49//47 61//59 62//60
f 45//43 59//57 46//44
f 42//40 56//54 43//41
f 50//48 62//60 63//61
f 47//45 59//57 60//58
f 43//41 57//55 44//42
f 51//49 63//61 64//62
f 41//39 1//1 54//52
f 60//58 72//70 73//71
f 56//54 70//68 57//55
f 64//62 76//74 77//75
f 54//52 1//1 67//65
f 61//59 73//71 74//72
f 57//55 71//69 58//56
f 13//13 64//62 77//75
f 54//52 68//66 55//53
f 62//60 74//72 75//73
f 58//56 72//70 59//57
f 55//53 69//67 56//54
f 63//61 75//73 76//74
f 75//73 87//84 88//85
f 71//69 85//82 72//70
f 68//66 82//79 69//67
f 76//74 88//85 89//86
f 73//71 85//82 86//83
f 69//67 83//80 70//68
f 77//75 89//86 90//87
f 67//65 1//1 80//77
f 74//72 86//83 87//84
f 70//68 84//81 71//69
f 13//13 77//75 90//87
f 67//65 81//78 68//66
f 80//77 1//1 93//90
f 86//83 100//97 87//84
f 84//81 96//93 97//94
f 13//13 90//87 103//100
f 81//78 93//90 94//91
f 87//84 101//98 88//85
f 85//82 97//94 98//95
f 82//79 94//91 95//92
f 88//85 102//99 89//86
f 85//82 99//96 86//83
f 83//80 95//92 96//93
f 89//86 103//100 90//87
f 101//98 115//112 102//99
f 98//95 112//109 99//96
f 96//93 108//105 109//106
f 102//99 116//113 103//100
f 93//90 1//1 106//103
f 99//96 113//110 100//97
f 97//94 109//106 110//107
f 13//13 103//100 116//113
f 94//91 106//103 107//104
f 100//97 114//111 101//98
f 98//95 110//107 111//108
f 95//92 107//104 108//105
f 107//104 119//115 120//116
f 113//110 127//123 114//111
f 111//108 123//119 124//120
f 108//105 120//116 121//117
f 114//111 128//124 115//112
f 111//108 125//121 112//109
f 109//106 121//117 122//118
f 115//112 129//125 116//113
f 106//103 1//1 119//115
f 112//109 126//122 113//110
f 110//107 122//118 123//119
f 13//13 116//113 129//125
f 128//124 142//138 129//125
f 119//115 1//1 132//128
f 125//121 139//135 126//122
f 123//119 135//131 136//132
f 13//13 129//125 142//138
f 120//116 132//128 133//129
f 126//122 140//136 127//123
f 124//120 136//132 137//133
f 121//117 133//129 134//130
f 127//123 141//137 128//124
f 124//120 138//134 125//121
f 122//118 134//130 135//131
f 134//130 146//142 147//143
f 140//136 154//150 141//137
f 137//133 151//147 138//134
f 135//131 147//143 148//144
f 141//137 155//151 142//138
f 132//128 1//1 145//141
f 138//134 152//148 139//135
f 136//132 148//144 149//145
f 13//13 142//138 155//151
f 133//129 145//141 146//142
f 139//135 153//149 140//136
f 137//133 149//145 150//146
f 13//13 155//151 168//164
f 146//142 158//154 159//155
f 152//148 166//162 153//149
f 150//146 162//158 163//159
f 147//143 159//155 160//156
f 153//149 167//163 154//150
f 150//146 164//160 151//147
f 148//144 160//156 161//157
f 154//150 168//164 155//151
f 145//141 1//1 158//154
f 151//147 165//161 152//148
f 149//145 161//157 162//158
f 160//156 174//170 161//157
f 168//164 180//176 181//177
f 158//154 1//1 171//167
f 165//161 177//173 178//174
f 161//157 175//171 162//158
f 13//13 168//164 181//177
f 158//154 172//168 159//155
f 166//162 178//174 179//175
f 162//158 176//172 163//159
f 159//155 173//169 160//156
f 167//163 179//175 180//176
f 164//160 176//172 177//173
f 172//168 186//182 173//169
f 180//176 192//188 193//189
f 177//173 189//185 190//186
f 173//169 187//183 174//170
f 181//177 193//189 194//190
f 171//167 1//1 184//180
f 178//174 190//186 191//187
f 174//170 188//184 175//171
f 13//13 181//177 194//190
f 171//167 185//181 172//168
f 179//175 191//187 192//188
f 175//171 189//185 176//172
f 187//183 201//197 188//184
f 13//13 194//190 207//203
f 184//180 198//194 185//181
f 192//188 204//200 205//201
f 188//184 202//198 189//185
f 185//181 199//195 186//182
f 193//189 205//201 206//202
f 190//186 202//198 203//199
f 186//182 200//196 187//183
f 194//190 206//202 207//203
f 184//180 1//1 197//193
f 191//187 203//199 204//200
f 199//195 213//209 200//196
f 207//203 219//215 220//216
f 197//193 1//1 210//206
f 204//200 216//212 217//213
f 200//196 214//210 201//197
f 13//13 207//203 220//216
f 197//193 211//207 198//194
f 205//201 217//213 218//214
f 201//197 215//211 202//198
f 198//194 212//208 199//195
f 206//202 218//214 219//215
f 203//199 215//211 216//212
f 214//210 228//224 215//211
f 211//207 225//221 212//208
f 219//215 231//227 232//228
f 216//212 228//224 229//225
f 212//208 226//222 213//209
f 220//216 232//228 233//229
f 210//206 1//1 223//219
f 217//213 229//225 230//226
f 213//209 227//223 214//210
f 13//13 220//216 233//229
f 210//206 224//220 211//207
f 218//214 230//226 231//227
f 226//222 240//236 227//223
f 13//13 233//229 246//242
f 223//219 237//233 224//220
f 231//227 243//239 244//240
f 227//223 241//237 228//224
f 224//220 238//234 225//221
f 232//228 244//240 245//241
f 229//225 241//237 242//238
f 225//221 239//235 226//222
f 233//229 245//241 246//242
f 223//219 1//1 236//232
f 230//226 242//238 243//239
f 241//237 255//251 242//238
f 239//235 251//247 252//248
f 245//241 259//255 246//242
f 236//232 1//1 249//245
f 242//238 256//252 243//239
f 240//236 252//248 253//249
f 13//13 246//242 259//255
f 237//233 249//245 250//246
f 243//239 257//253 244//240
f 241//237 253//249 254//250
f 238//234 250//246 251//247
f 244//240 258//254 245//241
f 254//250 266//262 267//263
f 251//247 263//259 264//260
f 257//253 271//267 258//254
f 254//250 268//264 255//251
f 252//248 264//260 265//261
f 258//254 272//268 259//255
f 249//245 1//1 262//258
f 255//251 269//265 256//252
f 253//249 265//261 266//262
f 13//13 259//255 272//268
f 250//246 262//258 263//259
f 256//252 270//266 257//253
f 268//264 282//278 269//265
f 266//262 278//274 279//275
f 13//13 272//268 285//281
f 263//259 275//271 276//272
f 269//265 283//279 270//266
f 267//263 279//275 280//276
f 264//260 276//272 277//273
f 270//266 284//280 271//267
f 267//263 281//277 268//264
f 265//261 277//273 278//274
f 271//267 285//281 272//268
f 262//258 1//1 275//271
f 280//276 294//290 281//277
f 278//274 290//286 291//287
f 284//280 298//294 285//281
f 275//271 1//1 288//284
f 281//277 295//291 282//278
f 279//275 291//287 292//288
f 13//13 285//281 298//294
f 276//272 288//284 289//285
f 282//278 296//292 283//279
f 280//276 292//288 293//289
f 277//273 289//285 290//286
f 283//279 297//293 284//280
f 295//291 309//305 296//292
f 293//289 305//301 306//302
f 290//286 302//298 303//299
f 296//292 310//306 297//293
f 293//289 307//303 294//290
f 291//287 303//299 304//300
f 297//293 311//307 298//294
f 288//284 1//1 301//297
f 294//290 308//304 295//291
f 292//288 304//300 305//301
f 13//13 298//294 311//307
f 289//285 301//297 302//298
f 301//297 1//1 2//2
f 307//303 9//9 308//304
f 305//301 5//5 6//6
f 13//13 311//307 12//12
f 302//298 2//2 315//311
f 308//304 10//10 309//305
f 306//302 6//6 7//7
f 303//299 315//311 316//312
f 309//305 323//317 310//306
f 306//302 8//8 307//303
f 304//300 316//312 5//5
f 310//306 12//12 311//307
f 697//679 361//354 696//678
f 701//683 334//328 338//332
f 415//405 319//1 325//319
f 27//13 383//375 370//363
f 401//392 356//349 697//679
f 695//677 370//363 383//375
f 406//7 343//336 347//340
f 406//7 352//345 401//392
f 702//684 329//323 334//328
f 696//678 365//358 695//677
f 700//682 338//332 343//336
f 703//685 325//319 329//323
f 325//319 319//1 318//314
f 343//336 313//309 261//257
f 352//345 196//192 356//349
f 361//354 143//139 365//358
f 347//340 261//257 260//256
f 329//323 318//314 317//313
f 365//358 91//88 370//363
f 334//328 317//313 314//310
f 347//340 208//204 352//345
f 356//349 144//140 361//354
f 27//13 370//363 91//88
f 338//332 314//310 313//309
f 314//310 430//420 429//419
f 27//13 91//88 421//411
f 317//313 431//421 430//420
f 260//256 427//417 426//416
f 318//314 319//1 431//421
f 261//257 428//418 427//417
f 144//140 422//412 143//139
f 313//309 429//419 428//418
f 196//192 423//413 144//140
f 260//256 425//415 208//204
f 143//139 421//411 91//88
f 208//204 424//414 196//192
f 426//416 440//429 439//428
f 426//416 438//427 425//415
f 422//412 434//423 421//411
f 423//413 435//424 422//412
f 27//13 421//411 434//423
f 427//417 441//430 440//429
f 431//421 319//1 444//433
f 429//419 443//432 442//431
f 424//414 436//425 423//413
f 425//415 437//426 424//414
f 428//418 442//431 441//430
f 430//420 444//433 443//432
f 439//428 451//440 438//427
f 441//430 455//444 454//443
f 435//424 447//436 434//423
f 444//433 319//1 457//446
f 438//427 450//439 437//426
f 440//429 454//443 453//442
f 27//13 434//423 447//436
f 443//432 457//446 456//445
f 437//426 449//438 436//425
f 439//428 453//442 452//441
f 442//431 456//445 455//444
f 436//425 448//437 435//424
f 452//441 466//454 465//82
f 455//444 469//457 468//456
f 449//438 461//450 448//437
f 452//441 464//453 451//440
f 454//443 468//456 467//455
f 448//437 460//449 447//436
f 457//446 319//1 470//458
f 451//440 463//452 450//439
f 453//442 467//455 466//454
f 27//13 447//436 460//449
f 456//445 470//458 469//457
f 450//439 462//451 449//438
f 463//452 477//464 476//463
f 467//455 479//466 466//454
f 27//13 460//449 473//460
f 470//458 482//469 469//457
f 462//451 476//463 475//462
f 466//454 478//465 465//82
f 469//457 481//468 468//456
f 461//450 475//462 474//461
f 464//453 478//465 477//464
f 468//456 480//467 467//455
f 460//449 474//461 473//460
f 470//458 319//1 483//470
f 477//464 491//478 490//477
f 481//468 493//480 480//467
f 473//460 487//474 486//473
f 483//470 319//1 496//483
f 476//463 490//477 489//476
f 480//467 492//479 479//466
f 27//13 473//460 486//473
f 483//470 495//482 482//469
f 475//462 489//476 488//475
f 479//466 491//478 478//465
f 482//469 494//481 481//468
f 474//461 488//475 487//474
f 488//475 502//488 501//487
f 492//479 504//490 491//478
f 495//482 507//493 494//481
f 487//474 501//487 500//486
f 490//477 504//490 503//489
f 494//481 506//492 493//480
f 486//473 500//486 499//485
f 496//483 319//1 509//495
f 489//476 503//489 502//488
f 493//480 505//491 492//479
f 27//13 486//473 499//485
f 496//483 508//494 495//482
f 509//495 319//1 522//508
f 502//488 516//502 515//501
f 506//492 518//504 505//491
f 27//13 499//485 512//498
f 509//495 521//507 508//494
f 501//487 515//501 514//500
f 505//491 517//503 504//490
f 508//494 520//506 507//493
f 500//486 514//500 513//499
f 503//489 517//503 516//502
f 507//493 519//505 506//492
f 499//485 513//499 512//498
f 513//499 527//513 526//512
f 516//502 530//516 529//515
f 520//506 532//518 519//505
f 512//498 526//512 525//511
f 522//508 319//1 535//521
f 515//501 529//515 528//514
f 519//505 531//517 518//504
f 27//13 512//498 525//511
f 522//508 534//520 521//507
f 514//500 528//514 527//513
f 518//504 530//516 517//503
f 521//507 533//519 520//506
f 535//521 547//532 534//520
f 527//513 541//527 540//526
f 531//517 543//159 530//516
f 534//520 546//531 533//519
f 526//512 540//526 539//525
f 529//515 543//159 542//528
f 533//519 545//530 532//518
f 525//511 539//525 538//524
f 535//521 319//1 548//533
f 528//514 542//528 541//527
f 532//518 544//529 531//517
f 27//13 525//511 538//524
f 539//525 551//536 538//524
f 548//533 319//1 561//546
f 542//528 554//539 541//527
f 544//529 558//543 557//542
f 27//13 538//524 551//536
f 547//532 561//546 560//545
f 541//527 553//538 540//526
f 543//159 557//542 556//541
f 546//531 560//545 559//544
f 540//526 552//537 539//525
f 543//159 555//540 542//528
f 545//530 559//544 558//543
f 559//544 573//558 572//557
f 553//538 565//550 552//537
f 556//541 568//553 555//540
f 558//543 572//557 571//556
f 552//537 564//549 551//536
f 561//546 319//1 574//559
f 555//540 567//552 554//539
f 557//542 571//556 570//555
f 27//13 551//536 564//549
f 560//545 574//559 573//558
f 554//539 566//551 553//538
f 556//541 570//555 569//554
f 27//13 564//549 577//562
f 573//558 587//572 586//571
f 567//552 579//564 566//551
f 569//554 583//568 582//567
f 572//557 586//571 585//570
f 566//551 578//563 565//550
f 569//554 581//566 568//553
f 571//556 585//570 584//569
f 565//550 577//562 564//549
f 574//559 319//1 587//572
f 568//553 580//565 567//552
f 570//555 584//569 583//568
f 584//569 598//583 597//582
f 578//563 590//575 577//562
f 587//572 319//1 600//585
f 581//566 593//578 580//565
f 583//568 597//582 596//581
f 27//13 577//562 590//575
f 586//571 600//585 599//584
f 580//565 592//577 579//564
f 582//567 596//581 595//580
f 585//570 599//584 598//583
f 579//564 591//576 578//563
f 582//567 594//579 581//566
f 598//583 612//597 611//596
f 592//577 604//589 591//576
f 595//580 607//592 594//579
f 597//582 611//596 610//595
f 591//576 603//588 590//575
f 600//585 319//1 613//598
f 594//579 606//591 593//578
f 596//581 610//595 609//594
f 27//13 590//575 603//588
f 599//584 613//598 612//597
f 593//578 605//590 592//577
f 595//580 609//594 608//593
f 609//594 623//607 622//606
f 27//13 603//588 616//601
f 612//597 626//610 625//609
f 606//591 618//603 605//590
f 608//593 622//606 621//237
f 611//596 625//609 624//608
f 605//590 617//602 604//589
f 608//593 620//605 607//592
f 610//595 624//608 623//607
f 604//589 616//601 603//588
f 613//598 319//1 626//610
f 607//592 619//604 606//591
f 624//608 636//620 623//607
f 616//601 630//614 629//613
f 626//610 319//1 639//623
f 619//604 633//617 632//616
f 623//607 635//619 622//606
f 27//13 616//601 629//613
f 626//610 638//622 625//609
f 618//603 632//616 631//615
f 622//606 634//618 621//237
f 625//609 637//621 624//608
f 617//602 631//615 630//614
f 620//605 634//618 633//617
f 635//619 647//631 634//618
f 638//622 650//634 637//621
f 630//614 644//628 643//627
f 633//617 647//631 646//630
f 637//621 649//633 636//620
f 629//613 643//627 642//626
f 639//623 319//1 652//636
f 632//616 646//630 645//629
f 636//620 648//632 635//619
f 27//13 629//613 642//626
f 639//623 651//635 638//622
f 631//615 645//629 644//628
f 649//633 661//645 648//632
f 27//13 642//626 655//639
f 652//636 664//648 651//635
f 644//628 658//642 657//641
f 648//632 660//644 647//631
f 651//635 663//647 650//634
f 643//627 657//641 656//640
f 646//630 660//644 659//643
f 650//634 662//646 649//633
f 642//626 656//640 655//639
f 652//636 319//1 665//649
f 645//629 659//643 658//642
f 659//643 673//657 672//656
f 663//647 675//659 662//646
f 655//639 669//653 668//652
f 665//649 319//1 678//662
f 658//642 672//656 671//655
f 662//646 674//658 661//645
f 27//13 655//639 668//652
f 665//649 677//661 664//648
f 657//641 671//655 670//654
f 661//645 673//657 660//644
f 664//648 676//660 663//647
f 656//640 670//654 669//653
f 674//658 686//670 673//657
f 677//661 689//673 676//660
f 669//653 683//667 682//666
f 672//656 686//670 685//669
f 676//660 688//672 675//659
f 668//652 682//666 681//665
f 678//662 319//1 691//675
f 671//655 685//669 684//668
f 675//659 687//671 674//658
f 27//13 668//652 681//665
f 678//662 690//674 677//661
f 670//654 684//668 683//667
f 684//668 401//392 697//679
f 688//672 700//682 687//671
f 27//13 681//665 383//375
f 691//675 703//685 690//674
f 683//667 697//679 696//678
f 687//671 406//7 686//670
f 690//674 702//684 689//673
f 682//666 696//678 695//677
f 685//669 406//7 401//392
f 689//673 701//683 688//672
f 681//665 695//677 383//375
f 691//675 319//1 415//405
f 791//7 759//737 790//768
f 794//771 741//720 745//724
f 781//759 763//741 768//746
f 792//769 745//724 750//729
f 792//769 754//733 791//7
f 790//768 763//741 786//764
f 906//878 497//1 741//720
f 692//13 781//759 768//746
f 692//13 768//746 699//681
f 741//720 497//1 727//708
f 750//729 714//696 754//733
f 759//737 705//687 763//741
f 741//720 723//704 745//724
f 763//741 699//681 768//746
f 745//724 718//700 750//729
f 759//737 714//696 709//691
f 723//704 614//599 718//700
f 705//687 680//664 699//681
f 727//708 562//547 723//704
f 727//708 497//1 550//535
f 709//691 679//663 705//687
f 718//700 615//600 714//696
f 692//13 699//681 680//664
f 714//696 667//651 709//691
f 550//535 397//388 562//547
f 679//663 804//780 680//664
f 615//600 800//777 801//82
f 562//547 800//777 614//599
f 692//13 680//664 804//780
f 667//651 803//779 679//663
f 615//600 802//778 667//651
f 550//535 497//1 445//434
f 803//779 813//789 804//780
f 692//13 804//780 813//789
f 397//388 807//783 806//782
f 800//777 810//786 801//82
f 801//82 811//787 802//778
f 802//778 812//788 803//779
f 445//434 497//1 807//783
f 397//388 809//785 800//777
f 807//783 815//791 806//782
f 812//788 820//795 821//796
f 809//785 819//794 810//786
f 812//788 822//797 813//789
f 810//786 820//795 811//787
f 807//783 497//1 816//792
f 806//782 818//793 809//785
f 692//13 813//789 822//797
f 815//791 825//800 824//799
f 818//793 828//803 819//794
f 821//796 831//806 822//797
f 819//794 829//804 820//795
f 816//792 497//1 825//800
f 815//791 827//802 818//793
f 692//13 822//797 831//806
f 821//796 829//804 830//805
f 828//803 838//812 829//804
f 825//800 497//1 834//809
f 824//799 836//811 827//802
f 692//13 831//806 840//814
f 829//804 839//813 830//805
f 825//800 833//808 824//799
f 828//803 836//811 837//159
f 830//805 840//814 831//806
f 833//808 845//819 836//811
f 692//13 840//814 849//823
f 839//813 847//821 848//822
f 834//809 842//816 833//808
f 837//159 845//819 846//820
f 839//813 849//823 840//814
f 837//159 847//821 838//812
f 834//809 497//1 843//817
f 843//817 851//825 842//816
f 845//819 855//829 846//820
f 849//823 857//831 858//832
f 846//820 856//830 847//821
f 843//817 497//1 852//826
f 842//816 854//828 845//819
f 692//13 849//823 858//832
f 848//822 856//830 857//831
f 855//829 863//836 864//837
f 858//832 866//839 867//840
f 855//829 865//838 856//830
f 852//826 497//1 861//835
f 851//825 863//836 854//828
f 692//13 858//832 867//840
f 856//830 866//839 857//831
f 852//826 860//834 851//825
f 861//835 497//1 870//843
f 860//834 872//845 863//836
f 692//13 867//840 876//848
f 865//838 875//847 866//839
f 861//835 869//842 860//834
f 864//837 872//845 873//237
f 866//839 876//848 867//840
f 864//837 874//846 865//838
f 692//13 876//848 885//857
f 874//846 884//856 875//847
f 870//843 878//850 869//842
f 873//237 881//853 882//854
f 875//847 885//857 876//848
f 873//237 883//855 874//846
f 870//843 497//1 879//851
f 869//842 881//853 872//845
f 879//851 887//859 878//850
f 881//853 891//863 882//854
f 885//857 893//865 894//866
f 882//854 892//864 883//855
f 879//851 497//1 888//860
f 878//850 890//862 881//853
f 692//13 885//857 894//866
f 884//856 892//864 893//865
f 893//865 903//875 894//866
f 891//863 901//873 892//864
f 888//860 497//1 897//869
f 887//859 899//871 890//862
f 692//13 894//866 903//875
f 892//864 902//874 893//865
f 888//860 896//868 887//859
f 891//863 899//871 900//872
f 897//869 497//1 906//878
f 896//868 792//769 899//871
f 692//13 903//875 781//759
f 902//874 790//768 786//764
f 897//869 794//771 896//868
f 900//872 792//769 791//7
f 902//874 781//759 903//875
f 900//872 790//768 901//873
f 1220//1171 1179//1133 1345//1293
f 1217//1168 1186//1139 1215//1166
f 1214//1165 1186//1139 1190//1143
f 1211//1162 1190//1143 1193//1146
f 1200//13 1348//1296 1197//1150
f 1220//1171 1169//1 1176//1130
f 1345//1293 1183//1136 1217//1168
f 1348//1296 1193//1146 1197//1150
f 1200//13 1197//1150 1222//1173
f 1193//1146 1134//1090 1111//1070
f 1176//1130 1163//1119 1179//1133
f 1179//1133 1159//1115 1183//1136
f 1197//1150 1111//1070 1222//1173
f 1190//1143 1155//1111 1134//1090
f 1176//1130 1169//1 1166//1121
f 1183//1136 1155//1111 1186//1139
f 1163//1119 1227//1178 1159//1115
f 1222//1173 1224//1175 1231//1182
f 1159//1115 1226//1177 1155//1111
f 1200//13 1222//1173 1231//1182
f 1166//1121 1228//1179 1163//1119
f 1111//1070 1225//1176 1224//1175
f 1166//1121 1169//1 1229//1180
f 1134//1090 1226//1177 1225//1176
f 1228//1179 1236//1187 1227//1178
f 1200//13 1231//1182 1240//1191
f 1224//1175 1234//1185 1233//1184
f 1229//1180 1237//1188 1228//1179
f 1225//1176 1235//1186 1234//1185
f 1231//1182 1233//1184 1240//1191
f 1227//1178 1235//1186 1226//1177
f 1229//1180 1169//1 1238//1189
f 1238//1189 1169//1 1247//1198
f 1200//13 1240//1191 1249//1200
f 1234//1185 1242//1193 1233//1184
f 1235//1186 1245//1196 1244//1195
f 1237//1188 1247//1198 1246//1197
f 1233//1184 1249//1200 1240//1191
f 1235//1186 1243//1194 1234//1185
f 1236//1187 1246//1197 1245//1196
f 1243//1194 1251//1201 1242//1193
f 1244//1195 1254//1204 1253//1203
f 1246//1197 1256//1206 1255//1205
f 1242//1193 1258//1208 1249//1200
f 1244//1195 1252//1202 1243//1194
f 1245//1196 1255//1205 1254//1204
f 1247//1198 1169//1 1256//1206
f 1200//13 1249//1200 1258//1208
f 1251//1201 1267//1217 1258//1208
f 1253//1203 1261//1211 1252//1202
f 1254//1204 1264//1214 1263//1213
f 1256//1206 1169//1 1265//1215
f 1200//13 1258//1208 1267//1217
f 1252//1202 1260//1210 1251//1201
f 1253//1203 1263//1213 1262//1212
f 1255//1205 1265//1215 1264//1214
f 1262//1212 1270//1220 1261//1211
f 1263//1213 1273//1223 1272//1222
f 1265//1215 1169//1 1274//1224
f 1200//13 1267//1217 1276//1226
f 1261//1211 1269//1219 1260//1210
f 1262//1212 1272//1222 1271//1221
f 1264//1214 1274//1224 1273//1223
f 1260//1210 1276//1226 1267//1217
f 1200//13 1276//1226 1285//1235
f 1269//1219 1279//1229 1278//1228
f 1272//1222 1280//1230 1271//1221
f 1274//1224 1282//1232 1273//1223
f 1276//1226 1278//1228 1285//1235
f 1270//1220 1280//1230 1279//1229
f 1273//1223 1281//1231 1272//1222
f 1274//1224 1169//1 1283//1233
f 1281//1231 1289//1239 1280//1230
f 1283//1233 1291//1241 1282//1232
f 1285//1235 1287//1237 1294//1243
f 1279//1229 1289//1239 1288//1238
f 1282//1232 1290//1240 1281//1231
f 1283//1233 1169//1 1292//1242
f 1200//13 1285//1235 1294//1243
f 1278//1228 1288//1238 1287//1237
f 1294//1243 1296//1244 1303//1251
f 1288//1238 1298//1246 1297//1245
f 1291//1241 1299//1247 1290//1240
f 1292//1242 1169//1 1301//1249
f 1200//13 1294//1243 1303//1251
f 1287//1237 1297//1245 1296//1244
f 1290//1240 1298//1246 1289//1239
f 1292//1242 1300//1248 1291//1241
f 1300//1248 1308//1256 1299//1247
f 1301//1249 1169//1 1310//1258
f 1200//13 1303//1251 1312//1260
f 1296//1244 1306//1254 1305//1253
f 1299//1247 1307//1255 1298//1246
f 1301//1249 1309//1257 1300//1248
f 1303//1251 1305//1253 1312//1260
f 1297//1245 1307//1255 1306//1254
f 1200//13 1312//1260 1321//1269
f 1306//1254 1314//1262 1305//1253
f 1307//1255 1317//1265 1316//1264
f 1309//1257 1319//1267 1318//1266
f 1305//1253 1321//1269 1312//1260
f 1307//1255 1315//1263 1306//1254
f 1308//1256 1318//1266 1317//1265
f 1310//1258 1169//1 1319//1267
f 1318//1266 1328//1276 1327//1275
f 1314//1262 1330//1278 1321//1269
f 1316//1264 1324//1272 1315//1263
f 1317//1265 1327//1275 1326//1274
f 1319//1267 1169//1 1328//1276
f 1200//13 1321//1269 1330//1278
f 1315//1263 1323//1271 1314//1262
f 1316//1264 1326//1274 1325//1273
f 1323//1271 1339//1287 1330//1278
f 1325//1273 1333//1281 1324//1272
f 1326//1274 1336//1284 1335//1283
f 1328//1276 1169//1 1337//1285
f 1200//13 1330//1278 1339//1287
f 1324//1272 1332//1280 1323//1271
f 1325//1273 1335//1283 1334//1282
f 1327//1275 1337//1285 1336//1284
f 1337//1285 1169//1 1220//1171
f 1200//13 1339//1287 1348//1296
f 1333//1281 1211//1162 1332//1280
f 1334//1282 1217//1168 1215//1166
f 1336//1284 1220//1171 1345//1293
f 1332//1280 1348//1296 1339//1287
f 1334//1282 1214//1165 1333//1281
f 1335//1283 1345//1293 1217//1168
f 1846//1659 1691//1531 1695//1532
f 1718//1537 1677//1527 1843//1656
f 1715//1536 1684//1529 1713//7
f 1712//1535 1684//1529 1688//1530
f 1709//1534 1688//1530 1691//1531
f 1698//13 1846//1659 1695//1532
f 1718//1537 1667//1 1674//1526
f 1843//1656 1681//1528 1715//1536
f 1674//1526 1667//1 1664//1524
f 1698//13 1695//1532 1720//1539
f 1691//1531 1632//1520 1609//1517
f 1674//1526 1661//1523 1677//1527
f 1681//1528 1653//1521 1684//1529
f 1677//1527 1657//1522 1681//1528
f 1695//1532 1609//1517 1720//1539
f 1688//1530 1653//1521 1632//1520
f 1664//1524 1667//1 1727//1546
f 1632//1520 1724//1543 1723//1542
f 1661//1523 1725//1544 1657//1522
f 1720//1539 1722//1541 1729//1548
f 1664//1524 1726//1545 1661//1523
f 1698//13 1720//1539 1729//1548
f 1609//1517 1723//1542 1722//1541
f 1657//1522 1724//1543 1653//1521
f 1723//1542 1733//82 1732//1551
f 1727//1546 1735//1553 1726//1545
f 1725//1544 1733//82 1724//1543
f 1729//1548 1731//1550 1738//1556
f 1727//1546 1667//1 1736//1554
f 1726//1545 1734//1552 1725//1544
f 1698//13 1729//1548 1738//1556
f 1722//1541 1732//1551 1731//1550
f 1731//1550 1747//1565 1738//1556
f 1733//82 1741//1559 1732//1551
f 1734//1552 1744//1562 1743//1561
f 1736//1554 1667//1 1745//1563
f 1698//13 1738//1556 1747//1565
f 1732//1551 1740//1558 1731//1550
f 1733//82 1743//1561 1742//1560
f 1735//1553 1745//1563 1744//1562
f 1745//1563 1667//1 1754//1571
f 1698//13 1747//1565 1756//1573
f 1741//1559 1749//1566 1740//1558
f 1742//1560 1752//1569 1751//1568
f 1744//1562 1754//1571 1753//1570
f 1740//1558 1756//1573 1747//1565
f 1742//1560 1750//1567 1741//1559
f 1743//1561 1753//1570 1752//1569
f 1750//1567 1758//1575 1749//1566
f 1751//1568 1761//1578 1760//1577
f 1753//1570 1763//1580 1762//1579
f 1749//1566 1765//1582 1756//1573
f 1751//1568 1759//1576 1750//1567
f 1752//1569 1762//1579 1761//1578
f 1754//1571 1667//1 1763//1580
f 1698//13 1756//1573 1765//1582
f 1758//1575 1774//1590 1765//1582
f 1760//1577 1768//1585 1759//1576
f 1761//1578 1771//1587 1770//1586
f 1763//1580 1667//1 1772//1588
f 1698//13 1765//1582 1774//1590
f 1759//1576 1767//1584 1758//1575
f 1760//1577 1770//1586 1769//159
f 1762//1579 1772//1588 1771//1587
f 1768//1585 1778//1594 1777//1593
f 1771//1587 1779//1595 1770//1586
f 1772//1588 1667//1 1781//1597
f 1698//13 1774//1590 1783//1599
f 1767//1584 1777//1593 1776//1592
f 1770//1586 1778//1594 1769//159
f 1772//1588 1780//1596 1771//1587
f 1774//1590 1776//1592 1783//1599
f 1698//13 1783//1599 1792//1608
f 1776//1592 1786//1602 1785//1601
f 1779//1595 1787//1603 1778//1594
f 1781//1597 1789//1605 1780//1596
f 1783//1599 1785//1601 1792//1608
f 1777//1593 1787//1603 1786//1602
f 1780//1596 1788//1604 1779//1595
f 1781//1597 1667//1 1790//1606
f 1788//1604 1796//1611 1787//1603
f 1790//1606 1798//1613 1789//1605
f 1792//1608 1794//1609 1801//1616
f 1786//1602 1796//1611 1795//1610
f 1789//1605 1797//1612 1788//1604
f 1790//1606 1667//1 1799//1614
f 1698//13 1792//1608 1801//1616
f 1785//1601 1795//1610 1794//1609
f 1801//1616 1803//1618 1810//1624
f 1795//1610 1805//237 1804//1619
f 1798//1613 1806//1620 1797//1612
f 1799//1614 1667//1 1808//1622
f 1698//13 1801//1616 1810//1624
f 1794//1609 1804//1619 1803//1618
f 1797//1612 1805//237 1796//1611
f 1799//1614 1807//1621 1798//1613
f 1806//1620 1816//1630 1815//1629
f 1808//1622 1667//1 1817//1631
f 1698//13 1810//1624 1819//1633
f 1804//1619 1812//1626 1803//1618
f 1805//237 1815//1629 1814//1628
f 1807//1621 1817//1631 1816//1630
f 1803//1618 1819//1633 1810//1624
f 1805//237 1813//1627 1804//1619
f 1698//13 1819//1633 1828//1642
f 1813//1627 1821//1635 1812//1626
f 1814//1628 1824//1638 1823//1637
f 1816//1630 1826//1640 1825//1639
f 1812//1626 1828//1642 1819//1633
f 1814//1628 1822//1636 1813//1627
f 1815//1629 1825//1639 1824//1638
f 1817//1631 1667//1 1826//1640
f 1825//1639 1835//1649 1834//1648
f 1821//1635 1837//1651 1828//1642
f 1823//1637 1831//1645 1822//1636
f 1824//1638 1834//1648 1833//1647
f 1826//1640 1667//1 1835//1649
f 1698//13 1828//1642 1837//1651
f 1822//1636 1830//1644 1821//1635
f 1823//1637 1833//1647 1832//1646
f 1830//1644 1846//1659 1837//1651
f 1832//1646 1712//1535 1831//1645
f 1833//1647 1843//1656 1715//1536
f 1835//1649 1667//1 1718//1537
f 1698//13 1837//1651 1846//1659
f 1831//1645 1709//1534 1830//1644
f 1832//1646 1715//1536 1713//7
f 1834//1648 1718//1537 1843//1656
f 2102//878 2051//1 2058//720
f 2227//771 2065//729 2099//769
f 2099//769 2068//733 2097//7
f 2096//768 2068//733 2072//737
f 2093//764 2079//746 2230//759
f 2227//771 2058//720 2061//724
f 2093//764 2072//737 2075//741
f 2082//13 2230//759 2079//746
f 2079//746 1993//687 2104//681
f 2068//733 2016//691 2072//737
f 2058//720 2051//1 2048//708
f 2082//13 2079//746 2104//681
f 2072//737 1993//687 2075//741
f 2058//720 2045//704 2061//724
f 2068//733 2041//700 2037//696
f 2061//724 2041//700 2065//729
f 2016//691 2106//663 1993//687
f 2048//708 2051//1 2111//535
f 2037//696 2107//651 2016//691
f 2041//700 2110//547 2109//599
f 2104//681 2106//663 2113//664
f 2037//696 2109//599 2108//600
f 2082//13 2104//681 2113//664
f 2045//704 2111//535 2110//547
f 2082//13 2113//664 2122//780
f 2111//535 2119//388 2110//547
f 2110//547 2118//777 2109//599
f 2108//600 2116//778 2107//651
f 2109//599 2117//82 2108//600
f 2107//651 2115//779 2106//663
f 2106//663 2122//780 2113//664
f 2111//535 2051//1 2120//434
f 2122//780 2124//788 2131//789
f 2117//82 2125//787 2116//778
f 2118//777 2128//782 2127//785
f 2120//434 2051//1 2129//783
f 2082//13 2122//780 2131//789
f 2116//778 2124//788 2115//779
f 2118//777 2126//786 2117//82
f 2120//434 2128//782 2119//388
f 2126//786 2134//795 2125//787
f 2128//782 2136//793 2127//785
f 2129//783 2051//1 2138//792
f 2082//13 2131//789 2140//797
f 2125//787 2133//796 2124//788
f 2127//785 2135//794 2126//786
f 2128//782 2138//792 2137//791
f 2124//788 2140//797 2131//789
f 2082//13 2140//797 2149//806
f 2134//795 2142//805 2133//796
f 2136//793 2144//803 2135//794
f 2137//791 2147//800 2146//799
f 2133//796 2149//806 2140//797
f 2135//794 2143//804 2134//795
f 2136//793 2146//799 2145//802
f 2138//792 2051//1 2147//800
f 2144//803 2154//811 2153//159
f 2147//800 2155//808 2146//799
f 2142//805 2158//814 2149//806
f 2144//803 2152//812 2143//804
f 2146//799 2154//811 2145//802
f 2147//800 2051//1 2156//809
f 2082//13 2149//806 2158//814
f 2143//804 2151//813 2142//805
f 2151//813 2167//823 2158//814
f 2153//159 2161//821 2152//812
f 2155//808 2163//819 2154//811
f 2156//809 2051//1 2165//817
f 2082//13 2158//814 2167//823
f 2151//813 2161//821 2160//822
f 2153//159 2163//819 2162//820
f 2155//808 2165//817 2164//816
f 2164//816 2172//828 2163//819
f 2165//817 2051//1 2174//826
f 2082//13 2167//823 2176//832
f 2160//822 2170//830 2169//831
f 2162//820 2172//828 2171//829
f 2165//817 2173//825 2164//816
f 2167//823 2169//831 2176//832
f 2162//820 2170//830 2161//821
f 2082//13 2176//832 2185//840
f 2170//830 2178//839 2169//831
f 2171//829 2181//836 2180//837
f 2174//826 2182//834 2173//825
f 2176//832 2178//839 2185//840
f 2171//829 2179//838 2170//830
f 2173//825 2181//836 2172//828
f 2174//826 2051//1 2183//835
f 2183//835 2191//842 2182//834
f 2185//840 2187//847 2194//848
f 2180//837 2188//846 2179//838
f 2182//834 2190//845 2181//836
f 2183//835 2051//1 2192//843
f 2082//13 2185//840 2194//848
f 2178//839 2188//846 2187//847
f 2180//837 2190//845 2189//237
f 2187//847 2203//857 2194//848
f 2189//237 2197//855 2188//846
f 2191//842 2199//853 2190//845
f 2192//843 2051//1 2201//851
f 2082//13 2194//848 2203//857
f 2187//847 2197//855 2196//856
f 2189//237 2199//853 2198//854
f 2192//843 2200//850 2191//842
f 2201//851 2051//1 2210//860
f 2082//13 2203//857 2212//866
f 2196//856 2206//864 2205//865
f 2198//854 2208//862 2207//863
f 2201//851 2209//859 2200//850
f 2196//856 2212//866 2203//857
f 2198//854 2206//864 2197//855
f 2200//850 2208//862 2199//853
f 2206//864 2214//874 2205//865
f 2207//863 2217//871 2216//872
f 2209//859 2219//869 2218//868
f 2205//865 2221//875 2212//866
f 2207//863 2215//873 2206//864
f 2209//859 2217//871 2208//862
f 2210//860 2051//1 2219//869
f 2082//13 2212//866 2221//875
f 2221//875 2093//764 2230//759
f 2215//873 2097//7 2096//768
f 2218//868 2099//769 2217//871
f 2219//869 2051//1 2102//878
f 2082//13 2221//875 2230//759
f 2215//873 2093//764 2214//874
f 2217//871 2097//7 2216//872
f 2219//869 2227//771 2218//868
f 2666//1924 2511//1796 2515//1797
f 2538//1803 2497//1792 2663//1922
f 2535//1802 2504//1794 2533//1801
f 2532//1800 2504//1794 2508//1795
f 2529//1799 2508//1795 2511//1796
f 2518//13 2666//1924 2515//1797
f 2538//1803 2487//1 2494//1791
f 2663//1922 2501//1793 2535//1802
f 2494//1791 2487//1 2484//1789
f 2518//13 2515//1797 2540//1805
f 2511//1796 2452//1785 2429//1784
f 2494//1791 2481//1788 2497//1792
f 2501//1793 2473//1786 2504//1794
f 2497//1792 2477//1787 2501//1793
f 2515//1797 2429//1784 2540//1805
f 2508//1795 2473//1786 2452//1785
f 2484//1789 2487//1 2547//1812
f 2452//1785 2544//1809 2543//1808
f 2481//1788 2545//1810 2477//1787
f 2540//1805 2542//1807 2549//1814
f 2518//13 2540//1805 2549//1814
f 2484//1789 2546//1811 2481//1788
f 2477//1787 2544//1809 2473//1786
f 2429//1784 2543//1808 2542//1807
f 2545//1810 2553//1818 2544//1809
f 2547//1812 2487//1 2556//1821
f 2546//1811 2554//1819 2545//1810
f 2518//13 2549//1814 2558//1823
f 2542//1807 2552//1817 2551//1816
f 2547//1812 2555//1820 2546//1811
f 2549//1814 2551//1816 2558//1823
f 2543//1808 2553//1818 2552//1817
f 2551//1816 2567//1832 2558//1823
f 2553//1818 2561//1826 2552//1817
f 2554//1819 2564//1829 2563//1828
f 2556//1821 2487//1 2565//1830
f 2518//13 2558//1823 2567//1832
f 2552//1817 2560//1825 2551//1816
f 2553//1818 2563//1828 2562//1827
f 2555//1820 2565//1830 2564//1829
f 2565//1830 2487//1 2574//1838
f 2518//13 2567//1832 2576//1839
f 2561//1826 2569//1833 2560//1825
f 2562//1827 2572//1836 2571//1835
f 2564//1829 2574//1838 2573//1837
f 2560//1825 2576//1839 2567//1832
f 2562//1827 2570//1834 2561//1826
f 2563//1828 2573//1837 2572//1836
f 2570//1834 2578//1841 2569//1833
f 2571//1835 2581//1844 2580//1843
f 2573//1837 2583//1846 2582//1845
f 2569//1833 2585//1848 2576//1839
f 2571//1835 2579//1842 2570//1834
f 2572//1836 2582//1845 2581//1844
f 2574//1838 2487//1 2583//1846
f 2518//13 2576//1839 2585//1848
f 2578//1841 2594//1857 2585//1848
f 2580//1843 2588//1851 2579//1842
f 2581//1844 2591//1854 2590//1853
f 2583//1846 2487//1 2592//1855
f 2518//13 2585//1848 2594//1857
f 2579//1842 2587//1850 2578//1841
f 2580//1843 2590//1853 2589//1852
f 2582//1845 2592//1855 2591//1854
f 2588//1851 2598//1861 2597//1860
f 2591//1854 2599//1862 2590//1853
f 2592//1855 2487//1 2601//1864
f 2518//13 2594//1857 2603//1866
f 2587//1850 2597//1860 2596//1859
f 2590//1853 2598//1861 2589//1852
f 2592//1855 2600//1863 2591//1854
f 2594//1857 2596//1859 2603//1866
f 2518//13 2603//1866 2612//1874
f 2596//1859 2606//1869 2605//1868
f 2599//1862 2607//1870 2598//1861
f 2601//1864 2609//1872 2600//1863
f 2603//1866 2605//1868 2612//1874
f 2597//1860 2607//1870 2606//1869
f 2600//1863 2608//1871 2599//1862
f 2601//1864 2487//1 2610//1873
f 2608//1871 2616//1877 2607//1870
f 2610//1873 2618//1879 2609//1872
f 2612//1874 2614//1875 2621//1882
f 2606//1869 2616//1877 2615//1876
f 2609//1872 2617//1878 2608//1871
f 2610//1873 2487//1 2619//1880
f 2518//13 2612//1874 2621//1882
f 2605//1868 2615//1876 2614//1875
f 2621//1882 2623//1884 2630//1891
f 2615//1876 2625//1886 2624//1885
f 2618//1879 2626//1887 2617//1878
f 2619//1880 2487//1 2628//1889
f 2518//13 2621//1882 2630//1891
f 2614//1875 2624//1885 2623//1884
f 2617//1878 2625//1886 2616//1877
f 2619//1880 2627//1888 2618//1879
f 2626//1887 2636//1897 2635//1896
f 2628//1889 2487//1 2637//1898
f 2518//13 2630//1891 2639//1900
f 2624//1885 2632//1893 2623//1884
f 2625//1886 2635//1896 2634//1895
f 2627//1888 2637//1898 2636//1897
f 2623//1884 2639//1900 2630//1891
f 2625//1886 2633//1894 2624//1885
f 2518//13 2639//1900 2648//1909
f 2633//1894 2641//1902 2632//1893
f 2634//1895 2644//1905 2643//1904
f 2636//1897 2646//1907 2645//1906
f 2632//1893 2648//1909 2639//1900
f 2634//1895 2642//1903 2633//1894
f 2635//1896 2645//1906 2644//1905
f 2637//1898 2487//1 2646//1907
f 2645//1906 2655//1915 2654//1914
f 2641//1902 2657//1916 2648//1909
f 2643//1904 2651//1911 2642//1903
f 2644//1905 2654//1914 2653//1913
f 2646//1907 2487//1 2655//1915
f 2518//13 2648//1909 2657//1916
f 2642//1903 2650//1910 2641//1902
f 2643//1904 2653//1913 2652//1912
f 2650//1910 2666//1924 2657//1916
f 2652//1912 2532//1800 2651//1911
f 2653//1913 2663//1922 2535//1802
f 2655//1915 2487//1 2538//1803
f 2518//13 2657//1916 2666//1924
f 2651//1911 2529//1799 2650//1910
f 2652//1912 2535//1802 2533//1801
f 2654//1914 2538//1803 2663//1922
f 3016//13 3164//1659 3013//1532
f 3036//1537 2985//1 2992//1526
f 3036//1537 2995//1527 3161//1656
f 3161//1656 2999//1528 3033//1536
f 3030//1535 3002//1529 3006//1530
f 3164//1659 3009//1531 3013//1532
f 3033//1536 3002//1529 3031//7
f 3027//1534 3006//1530 3009//1531
f 2995//1527 2975//1522 2999//1528
f 3013//1532 2927//1517 3038//1539
f 3006//1530 2971//1521 2950//1520
f 2992//1526 2985//1 2982//1524
f 3016//13 3013//1532 3038//1539
f 3009//1531 2950//1520 2927//1517
f 2992//1526 2979//1523 2995//1527
f 2999//1528 2971//1521 3002//1529
f 2982//1524 3044//1545 2979//1523
f 3016//13 3038//1539 3047//1548
f 2927//1517 3041//1542 3040//1541
f 2982//1524 2985//1 3045//1546
f 2975//1522 3042//1543 2971//1521
f 2950//1520 3042//1543 3041//1542
f 2979//1523 3043//1544 2975//1522
f 3038//1539 3040//1541 3047//1548
f 3016//13 3047//1548 3056//2009
f 3041//1542 3051//82 3050//1551
f 3045//1546 2985//1 3054//2008
f 3045//1546 3053//1553 3044//1545
f 3040//1541 3050//1551 3049//1550
f 3043//1544 3051//82 3042//1543
f 3047//1548 3049//1550 3056//2009
f 3044//1545 3052//1552 3043//1544
f 3053//1553 3063//1563 3062//1562
f 3049//1550 3065//1565 3056//2009
f 3051//82 3059//1559 3050//1551
f 3052//1552 3062//1562 3061//1561
f 3054//2008 2985//1 3063//1563
f 3016//13 3056//2009 3065//1565
f 3050//1551 3058//1558 3049//1550
f 3051//82 3061//1561 3060//1560
f 3058//1558 3074//1573 3065//1565
f 3060//1560 3068//1567 3059//1559
f 3061//1561 3071//1570 3070//1569
f 3063//1563 2985//1 3072//1571
f 3016//13 3065//1565 3074//1573
f 3059//1559 3067//1566 3058//1558
f 3060//1560 3070//1569 3069//1568
f 3062//1562 3072//1571 3071//1570
f 3072//1571 2985//1 3081//1580
f 3016//13 3074//1573 3083//1582
f 3068//1567 3076//1575 3067//1566
f 3069//1568 3079//1578 3078//1577
f 3071//1570 3081//1580 3080//1579
f 3067//1566 3083//1582 3074//1573
f 3069//1568 3077//1576 3068//1567
f 3070//1569 3080//1579 3079//1578
f 3077//1576 3085//1584 3076//1575
f 3078//1577 3088//1586 3087//159
f 3080//1579 3090//1588 3089//1587
f 3076//1575 3092//1590 3083//1582
f 3078//1577 3086//1585 3077//1576
f 3079//1578 3089//1587 3088//1586
f 3081//1580 2985//1 3090//1588
f 3016//13 3083//1582 3092//1590
f 3092//1590 3094//1592 3101//1599
f 3086//1585 3096//1594 3095//1593
f 3089//1587 3097//1595 3088//1586
f 3090//1588 2985//1 3099//1597
f 3016//13 3092//1590 3101//1599
f 3085//1584 3095//1593 3094//1592
f 3088//1586 3096//1594 3087//159
f 3090//1588 3098//1596 3089//1587
f 3095//1593 3105//1603 3104//1602
f 3098//1596 3106//1604 3097//1595
f 3099//1597 2985//1 3108//1606
f 3016//13 3101//1599 3110//1608
f 3094//1592 3104//1602 3103//1601
f 3097//1595 3105//1603 3096//1594
f 3099//1597 3107//1605 3098//1596
f 3101//1599 3103//1601 3110//1608
f 3016//13 3110//1608 3119//1616
f 3103//1601 3113//1610 3112//1609
f 3106//1604 3114//1611 3105//1603
f 3108//1606 3116//1613 3107//1605
f 3110//1608 3112//1609 3119//1616
f 3104//1602 3114//1611 3113//1610
f 3107//1605 3115//1612 3106//1604
f 3108//1606 2985//1 3117//1614
f 3115//1612 3123//237 3114//1611
f 3117//1614 3125//1621 3116//1613
f 3119//1616 3121//1618 3128//2011
f 3113//1610 3123//237 3122//1619
f 3116//1613 3124//1620 3115//1612
f 3117//1614 2985//1 3126//1622
f 3016//13 3119//1616 3128//2011
f 3112//1609 3122//1619 3121//1618
f 3121//1618 3137//1633 3128//2011
f 3123//237 3131//1627 3122//1619
f 3124//1620 3134//1630 3133//1629
f 3126//1622 2985//1 3135//1631
f 3016//13 3128//2011 3137//1633
f 3122//1619 3130//1626 3121//1618
f 3123//237 3133//1629 3132//1628
f 3125//1621 3135//1631 3134//1630
f 3133//1629 3143//1639 3142//1638
f 3135//1631 2985//1 3144//1640
f 3016//13 3137//1633 3146//1642
f 3131//1627 3139//1635 3130//1626
f 3132//1628 3142//1638 3141//1637
f 3134//1630 3144//1640 3143//1639
f 3130//1626 3146//1642 3137//1633
f 3132//1628 3140//1636 3131//1627
f 3140//1636 3148//1644 3139//1635
f 3141//1637 3151//1647 3150//1646
f 3143//1639 3153//1649 3152//1648
f 3139//1635 3155//1651 3146//1642
f 3141//1637 3149//1645 3140//1636
f 3142//1638 3152//1648 3151//1647
f 3144//1640 2985//1 3153//1649
f 3016//13 3146//1642 3155//1651
f 3148//1644 3164//1659 3155//1651
f 3150//1646 3030//1535 3149//1645
f 3151//1647 3161//1656 3033//1536
f 3153//1649 2985//1 3036//1537
f 3016//13 3155//1651 3164//1659
f 3149//1645 3027//1534 3148//1644
f 3150//1646 3033//1536 3031//7
f 3152//1648 3036//1537 3161//1656
f 2//2 15//15 16//16
f 10//10 9//9 22//22
f 6//6 19//19 20//20
f 315//311 16//16 17//17
f 323//317 10//10 23//23
f 8//8 7//7 20//20
f 316//312 17//17 18//18
f 12//12 323//317 24//24
f 9//9 8//8 21//21
f 5//5 18//18 19//19
f 21//21 20//20 33//31
f 17//17 30//28 31//29
f 25//25 24//24 37//35
f 22//22 21//21 34//32
f 18//18 31//29 32//30
f 15//15 28//26 29//27
f 23//23 22//22 35//33
f 19//19 32//30 33//31
f 16//16 29//27 30//28
f 24//24 23//23 36//34
f 32//30 45//43 46//44
f 29//27 42//40 43//41
f 37//35 36//34 49//47
f 34//32 33//31 46//44
f 30//28 43//41 44//42
f 38//36 37//35 50//48
f 35//33 34//32 47//45
f 31//29 44//42 45//43
f 28//26 41//39 42//40
f 36//34 35//33 48//46
f 48//46 47//45 60//58
f 44//42 57//55 58//56
f 41//39 54//52 55//53
f 49//47 48//46 61//59
f 45//43 58//56 59//57
f 42//40 55//53 56//54
f 50//48 49//47 62//60
f 47//45 46//44 59//57
f 43//41 56//54 57//55
f 51//49 50//48 63//61
f 60//58 59//57 72//70
f 56//54 69//67 70//68
f 64//62 63//61 76//74
f 61//59 60//58 73//71
f 57//55 70//68 71//69
f 54//52 67//65 68//66
f 62//60 61//59 74//72
f 58//56 71//69 72//70
f 55//53 68//66 69//67
f 63//61 62//60 75//73
f 75//73 74//72 87//84
f 71//69 84//81 85//82
f 68//66 81//78 82//79
f 76//74 75//73 88//85
f 73//71 72//70 85//82
f 69//67 82//79 83//80
f 77//75 76//74 89//86
f 74//72 73//71 86//83
f 70//68 83//80 84//81
f 67//65 80//77 81//78
f 86//83 99//96 100//97
f 84//81 83//80 96//93
f 81//78 80//77 93//90
f 87//84 100//97 101//98
f 85//82 84//81 97//94
f 82//79 81//78 94//91
f 88//85 101//98 102//99
f 85//82 98//95 99//96
f 83//80 82//79 95//92
f 89//86 102//99 103//100
f 101//98 114//111 115//112
f 98//95 111//108 112//109
f 96//93 95//92 108//105
f 102//99 115//112 116//113
f 99//96 112//109 113//110
f 97//94 96//93 109//106
f 94//91 93//90 106//103
f 100//97 113//110 114//111
f 98//95 97//94 110//107
f 95//92 94//91 107//104
f 107//104 106//103 119//115
f 113//110 126//122 127//123
f 111//108 110//107 123//119
f 108//105 107//104 120//116
f 114//111 127//123 128//124
f 111//108 124//120 125//121
f 109//106 108//105 121//117
f 115//112 128//124 129//125
f 112//109 125//121 126//122
f 110//107 109//106 122//118
f 128//124 141//137 142//138
f 125//121 138//134 139//135
f 123//119 122//118 135//131
f 120//116 119//115 132//128
f 126//122 139//135 140//136
f 124//120 123//119 136//132
f 121//117 120//116 133//129
f 127//123 140//136 141//137
f 124//120 137//133 138//134
f 122//118 121//117 134//130
f 134//130 133//129 146//142
f 140//136 153//149 154//150
f 137//133 150//146 151//147
f 135//131 134//130 147//143
f 141//137 154//150 155//151
f 138//134 151//147 152//148
f 136//132 135//131 148//144
f 133//129 132//128 145//141
f 139//135 152//148 153//149
f 137//133 136//132 149//145
f 146//142 145//141 158//154
f 152//148 165//161 166//162
f 150//146 149//145 162//158
f 147//143 146//142 159//155
f 153//149 166//162 167//163
f 150//146 163//159 164//160
f 148//144 147//143 160//156
f 154//150 167//163 168//164
f 151//147 164//160 165//161
f 149//145 148//144 161//157
f 160//156 173//169 174//170
f 168//164 167//163 180//176
f 165//161 164//160 177//173
f 161//157 174//170 175//171
f 158//154 171//167 172//168
f 166//162 165//161 178//174
f 162//158 175//171 176//172
f 159//155 172//168 173//169
f 167//163 166//162 179//175
f 164//160 163//159 176//172
f 172//168 185//181 186//182
f 180//176 179//175 192//188
f 177//173 176//172 189//185
f 173//169 186//182 187//183
f 181//177 180//176 193//189
f 178//174 177//173 190//186
f 174//170 187//183 188//184
f 171//167 184//180 185//181
f 179//175 178//174 191//187
f 175//171 188//184 189//185
f 187//183 200//196 201//197
f 184//180 197//193 198//194
f 192//188 191//187 204//200
f 188//184 201//197 202//198
f 185//181 198//194 199//195
f 193//189 192//188 205//201
f 190//186 189//185 202//198
f 186//182 199//195 200//196
f 194//190 193//189 206//202
f 191//187 190//186 203//199
f 199//195 212//208 213//209
f 207//203 206//202 219//215
f 204//200 203//199 216//212
f 200//196 213//209 214//210
f 197//193 210//206 211//207
f 205//201 204//200 217//213
f 201//197 214//210 215//211
f 198//194 211//207 212//208
f 206//202 205//201 218//214
f 203//199 202//198 215//211
f 214//210 227//223 228//224
f 211//207 224//220 225//221
f 219//215 218//214 231//227
f 216//212 215//211 228//224
f 212//208 225//221 226//222
f 220//216 219//215 232//228
f 217//213 216//212 229//225
f 213//209 226//222 227//223
f 210//206 223//219 224//220
f 218//214 217//213 230//226
f 226//222 239//235 240//236
f 223//219 236//232 237//233
f 231//227 230//226 243//239
f 227//223 240//236 241//237
f 224//220 237//233 238//234
f 232//228 231//227 244//240
f 229//225 228//224 241//237
f 225//221 238//234 239//235
f 233//229 232//228 245//241
f 230//226 229//225 242//238
f 241//237 254//250 255//251
f 239//235 238//234 251//247
f 245//241 258//254 259//255
f 242//238 255//251 256//252
f 240//236 239//235 252//248
f 237//233 236//232 249//245
f 243//239 256//252 257//253
f 241//237 240//236 253//249
f 238//234 237//233 250//246
f 244//240 257//253 258//254
f 254//250 253//249 266//262
f 251//247 250//246 263//259
f 257//253 270//266 271//267
f 254//250 267//263 268//264
f 252//248 251//247 264//260
f 258//254 271//267 272//268
f 255//251 268//264 269//265
f 253//249 252//248 265//261
f 250//246 249//245 262//258
f 256//252 269//265 270//266
f 268//264 281//277 282//278
f 266//262 265//261 278//274
f 263//259 262//258 275//271
f 269//265 282//278 283//279
f 267//263 266//262 279//275
f 264//260 263//259 276//272
f 270//266 283//279 284//280
f 267//263 280//276 281//277
f 265//261 264//260 277//273
f 271//267 284//280 285//281
f 280//276 293//289 294//290
f 278//274 277//273 290//286
f 284//280 297//293 298//294
f 281//277 294//290 295//291
f 279//275 278//274 291//287
f 276//272 275//271 288//284
f 282//278 295//291 296//292
f 280//276 279//275 292//288
f 277//273 276//272 289//285
f 283//279 296//292 297//293
f 295//291 308//304 309//305
f 293//289 292//288 305//301
f 290//286 289//285 302//298
f 296//292 309//305 310//306
f 293//289 306//302 307//303
f 291//287 290//286 303//299
f 297//293 310//306 311//307
f 294//290 307//303 308//304
f 292//288 291//287 304//300
f 289//285 288//284 301//297
f 307//303 8//8 9//9
f 305//301 304//300 5//5
f 302//298 301//297 2//2
f 308//304 9//9 10//10
f 306//302 305//301 6//6
f 303//299 302//298 315//311
f 309//305 10//10 323//317
f 306//302 7//7 8//8
f 304//300 303//299 316//312
f 310//306 323//317 12//12
f 697//679 356//349 361//354
f 701//683 702//684 334//328
f 401//392 352//345 356//349
f 695//677 365//358 370//363
f 406//7 700//682 343//336
f 406//7 347//340 352//345
f 702//684 703//685 329//323
f 696//678 361//354 365//358
f 700//682 701//683 338//332
f 703//685 415//405 325//319
f 343//336 338//332 313//309
f 352//345 208//204 196//192
f 361//354 144//140 143//139
f 347//340 343//336 261//257
f 329//323 325//319 318//314
f 365//358 143//139 91//88
f 334//328 329//323 317//313
f 347//340 260//256 208//204
f 356//349 196//192 144//140
f 338//332 334//328 314//310
f 314//310 317//313 430//420
f 317//313 318//314 431//421
f 260//256 261//257 427//417
f 261//257 313//309 428//418
f 144//140 423//413 422//412
f 313//309 314//310 429//419
f 196//192 424//414 423//413
f 260//256 426//416 425//415
f 143//139 422//412 421//411
f 208//204 425//415 424//414
f 426//416 427//417 440//429
f 426//416 439//428 438//427
f 422//412 435//424 434//423
f 423//413 436//425 435//424
f 427//417 428//418 441//430
f 429//419 430//420 443//432
f 424//414 437//426 436//425
f 425//415 438//427 437//426
f 428//418 429//419 442//431
f 430//420 431//421 444//433
f 439//428 452//441 451//440
f 441//430 442//431 455//444
f 435//424 448//437 447//436
f 438//427 451//440 450//439
f 440//429 441//430 454//443
f 443//432 444//433 457//446
f 437//426 450//439 449//438
f 439//428 440//429 453//442
f 442//431 443//432 456//445
f 436//425 449//438 448//437
f 452//441 453//442 466//454
f 455//444 456//445 469//457
f 449//438 462//451 461//450
f 452//441 465//82 464//453
f 454//443 455//444 468//456
f 448//437 461//450 460//449
f 451//440 464//453 463//452
f 453//442 454//443 467//455
f 456//445 457//446 470//458
f 450//439 463//452 462//451
f 463//452 464//453 477//464
f 467//455 480//467 479//466
f 470//458 483//470 482//469
f 462//451 463//452 476//463
f 466//454 479//466 478//465
f 469//457 482//469 481//468
f 461//450 462//451 475//462
f 464//453 465//82 478//465
f 468//456 481//468 480//467
f 460//449 461//450 474//461
f 477//464 478//465 491//478
f 481//468 494//481 493//480
f 473//460 474//461 487//474
f 476//463 477//464 490//477
f 480//467 493//480 492//479
f 483//470 496//483 495//482
f 475//462 476//463 489//476
f 479//466 492//479 491//478
f 482//469 495//482 494//481
f 474//461 475//462 488//475
f 488//475 489//476 502//488
f 492//479 505//491 504//490
f 495//482 508//494 507//493
f 487//474 488//475 501//487
f 490//477 491//478 504//490
f 494//481 507//493 506//492
f 486//473 487//474 500//486
f 489//476 490//477 503//489
f 493//480 506//492 505//491
f 496//483 509//495 508//494
f 502//488 503//489 516//502
f 506//492 519//505 518//504
f 509//495 522//508 521//507
f 501//487 502//488 515//501
f 505//491 518//504 517//503
f 508//494 521//507 520//506
f 500//486 501//487 514//500
f 503//489 504//490 517//503
f 507//493 520//506 519//505
f 499//485 500//486 513//499
f 513//499 514//500 527//513
f 516//502 517//503 530//516
f 520//506 533//519 532//518
f 512//498 513//499 526//512
f 515//501 516//502 529//515
f 519//505 532//518 531//517
f 522//508 535//521 534//520
f 514//500 515//501 528//514
f 518//504 531//517 530//516
f 521//507 534//520 533//519
f 535//521 548//533 547//532
f 527//513 528//514 541//527
f 531//517 544//529 543//159
f 534//520 547//532 546//531
f 526//512 527//513 540//526
f 529//515 530//516 543//159
f 533//519 546//531 545//530
f 525//511 526//512 539//525
f 528//514 529//515 542//528
f 532//518 545//530 544//529
f 539//525 552//537 551//536
f 542//528 555//540 554//539
f 544//529 545//530 558//543
f 547//532 548//533 561//546
f 541//527 554//539 553//538
f 543//159 544//529 557//542
f 546//531 547//532 560//545
f 540//526 553//538 552//537
f 543//159 556//541 555//540
f 545//530 546//531 559//544
f 559//544 560//545 573//558
f 553//538 566//551 565//550
f 556//541 569//554 568//553
f 558//543 559//544 572//557
f 552//537 565//550 564//549
f 555//540 568//553 567//552
f 557//542 558//543 571//556
f 560//545 561//546 574//559
f 554//539 567//552 566//551
f 556//541 557//542 570//555
f 573//558 574//559 587//572
f 567//552 580//565 579//564
f 569//554 570//555 583//568
f 572//557 573//558 586//571
f 566//551 579//564 578//563
f 569//554 582//567 581//566
f 571//556 572//557 585//570
f 565//550 578//563 577//562
f 568//553 581//566 580//565
f 570//555 571//556 584//569
f 584//569 585//570 598//583
f 578//563 591//576 590//575
f 581//566 594//579 593//578
f 583//568 584//569 597//582
f 586//571 587//572 600//585
f 580//565 593//578 592//577
f 582//567 583//568 596//581
f 585//570 586//571 599//584
f 579//564 592//577 591//576
f 582//567 595//580 594//579
f 598//583 599//584 612//597
f 592//577 605//590 604//589
f 595//580 608//593 607//592
f 597//582 598//583 611//596
f 591//576 604//589 603//588
f 594//579 607//592 606//591
f 596//581 597//582 610//595
f 599//584 600//585 613//598
f 593//578 606//591 605//590
f 595//580 596//581 609//594
f 609//594 610//595 623//607
f 612//597 613//598 626//610
f 606//591 619//604 618//603
f 608//593 609//594 622//606
f 611//596 612//597 625//609
f 605//590 618//603 617//602
f 608//593 621//237 620//605
f 610//595 611//596 624//608
f 604//589 617//602 616//601
f 607//592 620//605 619//604
f 624//608 637//621 636//620
f 616//601 617//602 630//614
f 619//604 620//605 633//617
f 623//607 636//620 635//619
f 626//610 639//623 638//622
f 618//603 619//604 632//616
f 622//606 635//619 634//618
f 625//609 638//622 637//621
f 617//602 618//603 631//615
f 620//605 621//237 634//618
f 635//619 648//632 647//631
f 638//622 651//635 650//634
f 630//614 631//615 644//628
f 633//617 634//618 647//631
f 637//621 650//634 649//633
f 629//613 630//614 643//627
f 632//616 633//617 646//630
f 636//620 649//633 648//632
f 639//623 652//636 651//635
f 631//615 632//616 645//629
f 649//633 662//646 661//645
f 652//636 665//649 664//648
f 644//628 645//629 658//642
f 648//632 661//645 660//644
f 651//635 664//648 663//647
f 643//627 644//628 657//641
f 646//630 647//631 660//644
f 650//634 663//647 662//646
f 642//626 643//627 656//640
f 645//629 646//630 659//643
f 659//643 660//644 673//657
f 663//647 676//660 675//659
f 655//639 656//640 669//653
f 658//642 659//643 672//656
f 662//646 675//659 674//658
f 665//649 678//662 677//661
f 657//641 658//642 671//655
f 661//645 674//658 673//657
f 664//648 677//661 676//660
f 656//640 657//641 670//654
f 674//658 687//671 686//670
f 677//661 690//674 689//673
f 669//653 670//654 683//667
f 672//656 673//657 686//670
f 676//660 689//673 688//672
f 668//652 669//653 682//666
f 671//655 672//656 685//669
f 675//659 688//672 687//671
f 678//662 691//675 690//674
f 670//654 671//655 684//668
f 684//668 685//669 401//392
f 688//672 701//683 700//682
f 691//675 415//405 703//685
f 683//667 684//668 697//679
f 687//671 700//682 406//7
f 690//674 703//685 702//684
f 682//666 683//667 696//678
f 685//669 686//670 406//7
f 689//673 702//684 701//683
f 681//665 682//666 695//677
f 791//7 754//733 759//737
f 794//771 906//878 741//720
f 781//759 786//764 763//741
f 792//769 794//771 745//724
f 792//769 750//729 754//733
f 790//768 759//737 763//741
f 750//729 718//700 714//696
f 759//737 709//691 705//687
f 741//720 727//708 723//704
f 763//741 705//687 699//681
f 745//724 723//704 718//700
f 759//737 754//733 714//696
f 723//704 562//547 614//599
f 705//687 679//663 680//664
f 727//708 550//535 562//547
f 709//691 667//651 679//663
f 718//700 614//599 615//600
f 714//696 615//600 667//651
f 550//535 445//434 397//388
f 679//663 803//779 804//780
f 615//600 614//599 800//777
f 562//547 397//388 800//777
f 667//651 802//778 803//779
f 615//600 801//82 802//778
f 803//779 812//788 813//789
f 397//388 445//434 807//783
f 800//777 809//785 810//786
f 801//82 810//786 811//787
f 802//778 811//787 812//788
f 397//388 806//782 809//785
f 807//783 816//792 815//791
f 812//788 811//787 820//795
f 809//785 818//793 819//794
f 812//788 821//796 822//797
f 810//786 819//794 820//795
f 806//782 815//791 818//793
f 815//791 816//792 825//800
f 818//793 827//802 828//803
f 821//796 830//805 831//806
f 819//794 828//803 829//804
f 815//791 824//799 827//802
f 821//796 820//795 829//804
f 828//803 837//159 838//812
f 824//799 833//808 836//811
f 829//804 838//812 839//813
f 825//800 834//809 833//808
f 828//803 827//802 836//811
f 830//805 839//813 840//814
f 833//808 842//816 845//819
f 839//813 838//812 847//821
f 834//809 843//817 842//816
f 837//159 836//811 845//819
f 839//813 848//822 849//823
f 837//159 846//820 847//821
f 843//817 852//826 851//825
f 845//819 854//828 855//829
f 849//823 848//822 857//831
f 846//820 855//829 856//830
f 842//816 851//825 854//828
f 848//822 847//821 856//830
f 855//829 854//828 863//836
f 858//832 857//831 866//839
f 855//829 864//837 865//838
f 851//825 860//834 863//836
f 856//830 865//838 866//839
f 852//826 861//835 860//834
f 860//834 869//842 872//845
f 865//838 874//846 875//847
f 861//835 870//843 869//842
f 864//837 863//836 872//845
f 866//839 875//847 876//848
f 864//837 873//237 874//846
f 874//846 883//855 884//856
f 870//843 879//851 878//850
f 873//237 872//845 881//853
f 875//847 884//856 885//857
f 873//237 882//854 883//855
f 869//842 878//850 881//853
f 879//851 888//860 887//859
f 881//853 890//862 891//863
f 885//857 884//856 893//865
f 882//854 891//863 892//864
f 878//850 887//859 890//862
f 884//856 883//855 892//864
f 893//865 902//874 903//875
f 891//863 900//872 901//873
f 887//859 896//868 899//871
f 892//864 901//873 902//874
f 888//860 897//869 896//868
f 891//863 890//862 899//871
f 896//868 794//771 792//769
f 902//874 901//873 790//768
f 897//869 906//878 794//771
f 900//872 899//871 792//769
f 902//874 786//764 781//759
f 900//872 791//7 790//768
f 1220//1171 1176//1130 1179//1133
f 1217//1168 1183//1136 1186//1139
f 1214//1165 1215//1166 1186//1139
f 1211//1162 1214//1165 1190//1143
f 1345//1293 1179//1133 1183//1136
f 1348//1296 1211//1162 1193//1146
f 1193//1146 1190//1143 1134//1090
f 1176//1130 1166//1121 1163//1119
f 1179//1133 1163//1119 1159//1115
f 1197//1150 1193//1146 1111//1070
f 1190//1143 1186//1139 1155//1111
f 1183//1136 1159//1115 1155//1111
f 1163//1119 1228//1179 1227//1178
f 1222//1173 1111//1070 1224//1175
f 1159//1115 1227//1178 1226//1177
f 1166//1121 1229//1180 1228//1179
f 1111//1070 1134//1090 1225//1176
f 1134//1090 1155//1111 1226//1177
f 1228//1179 1237//1188 1236//1187
f 1224//1175 1225//1176 1234//1185
f 1229//1180 1238//1189 1237//1188
f 1225//1176 1226//1177 1235//1186
f 1231//1182 1224//1175 1233//1184
f 1227//1178 1236//1187 1235//1186
f 1234//1185 1243//1194 1242//1193
f 1235//1186 1236//1187 1245//1196
f 1237//1188 1238//1189 1247//1198
f 1233//1184 1242//1193 1249//1200
f 1235//1186 1244//1195 1243//1194
f 1236//1187 1237//1188 1246//1197
f 1243//1194 1252//1202 1251//1201
f 1244//1195 1245//1196 1254//1204
f 1246//1197 1247//1198 1256//1206
f 1242//1193 1251//1201 1258//1208
f 1244//1195 1253//1203 1252//1202
f 1245//1196 1246//1197 1255//1205
f 1251//1201 1260//1210 1267//1217
f 1253//1203 1262//1212 1261//1211
f 1254//1204 1255//1205 1264//1214
f 1252//1202 1261//1211 1260//1210
f 1253//1203 1254//1204 1263//1213
f 1255//1205 1256//1206 1265//1215
f 1262//1212 1271//1221 1270//1220
f 1263//1213 1264//1214 1273//1223
f 1261//1211 1270//1220 1269//1219
f 1262//1212 1263//1213 1272//1222
f 1264//1214 1265//1215 1274//1224
f 1260//1210 1269//1219 1276//1226
f 1269//1219 1270//1220 1279//1229
f 1272//1222 1281//1231 1280//1230
f 1274//1224 1283//1233 1282//1232
f 1276//1226 1269//1219 1278//1228
f 1270//1220 1271//1221 1280//1230
f 1273//1223 1282//1232 1281//1231
f 1281//1231 1290//1240 1289//1239
f 1283//1233 1292//1242 1291//1241
f 1285//1235 1278//1228 1287//1237
f 1279//1229 1280//1230 1289//1239
f 1282//1232 1291//1241 1290//1240
f 1278//1228 1279//1229 1288//1238
f 1294//1243 1287//1237 1296//1244
f 1288//1238 1289//1239 1298//1246
f 1291//1241 1300//1248 1299//1247
f 1287//1237 1288//1238 1297//1245
f 1290//1240 1299//1247 1298//1246
f 1292//1242 1301//1249 1300//1248
f 1300//1248 1309//1257 1308//1256
f 1296//1244 1297//1245 1306//1254
f 1299//1247 1308//1256 1307//1255
f 1301//1249 1310//1258 1309//1257
f 1303//1251 1296//1244 1305//1253
f 1297//1245 1298//1246 1307//1255
f 1306//1254 1315//1263 1314//1262
f 1307//1255 1308//1256 1317//1265
f 1309//1257 1310//1258 1319//1267
f 1305//1253 1314//1262 1321//1269
f 1307//1255 1316//1264 1315//1263
f 1308//1256 1309//1257 1318//1266
f 1318//1266 1319//1267 1328//1276
f 1314//1262 1323//1271 1330//1278
f 1316//1264 1325//1273 1324//1272
f 1317//1265 1318//1266 1327//1275
f 1315//1263 1324//1272 1323//1271
f 1316//1264 1317//1265 1326//1274
f 1323//1271 1332//1280 1339//1287
f 1325//1273 1334//1282 1333//1281
f 1326//1274 1327//1275 1336//1284
f 1324//1272 1333//1281 1332//1280
f 1325//1273 1326//1274 1335//1283
f 1327//1275 1328//1276 1337//1285
f 1333//1281 1214//1165 1211//1162
f 1334//1282 1335//1283 1217//1168
f 1336//1284 1337//1285 1220//1171
f 1332//1280 1211//1162 1348//1296
f 1334//1282 1215//1166 1214//1165
f 1335//1283 1336//1284 1345//1293
f 1846//1659 1709//1534 1691//1531
f 1718//1537 1674//1526 1677//1527
f 1715//1536 1681//1528 1684//1529
f 1712//1535 1713//7 1684//1529
f 1709//1534 1712//1535 1688//1530
f 1843//1656 1677//1527 1681//1528
f 1691//1531 1688//1530 1632//1520
f 1674//1526 1664//1524 1661//1523
f 1681//1528 1657//1522 1653//1521
f 1677//1527 1661//1523 1657//1522
f 1695//1532 1691//1531 1609//1517
f 1688//1530 1684//1529 1653//1521
f 1632//1520 1653//1521 1724//1543
f 1661//1523 1726//1545 1725//1544
f 1720//1539 1609//1517 1722//1541
f 1664//1524 1727//1546 1726//1545
f 1609//1517 1632//1520 1723//1542
f 1657//1522 1725//1544 1724//1543
f 1723//1542 1724//1543 1733//82
f 1727//1546 1736//1554 1735//1553
f 1725//1544 1734//1552 1733//82
f 1729//1548 1722//1541 1731//1550
f 1726//1545 1735//1553 1734//1552
f 1722//1541 1723//1542 1732//1551
f 1731//1550 1740//1558 1747//1565
f 1733//82 1742//1560 1741//1559
f 1734//1552 1735//1553 1744//1562
f 1732//1551 1741//1559 1740//1558
f 1733//82 1734//1552 1743//1561
f 1735//1553 1736//1554 1745//1563
f 1741//1559 1750//1567 1749//1566
f 1742//1560 1743//1561 1752//1569
f 1744//1562 1745//1563 1754//1571
f 1740//1558 1749//1566 1756//1573
f 1742//1560 1751//1568 1750//1567
f 1743//1561 1744//1562 1753//1570
f 1750//1567 1759//1576 1758//1575
f 1751//1568 1752//1569 1761//1578
f 1753//1570 1754//1571 1763//1580
f 1749//1566 1758//1575 1765//1582
f 1751//1568 1760//1577 1759//1576
f 1752//1569 1753//1570 1762//1579
f 1758//1575 1767//1584 1774//1590
f 1760//1577 1769//159 1768//1585
f 1761//1578 1762//1579 1771//1587
f 1759//1576 1768//1585 1767//1584
f 1760//1577 1761//1578 1770//1586
f 1762//1579 1763//1580 1772//1588
f 1768//1585 1769//159 1778//1594
f 1771//1587 1780//1596 1779//1595
f 1767//1584 1768//1585 1777//1593
f 1770//1586 1779//1595 1778//1594
f 1772//1588 1781//1597 1780//1596
f 1774//1590 1767//1584 1776//1592
f 1776//1592 1777//1593 1786//1602
f 1779//1595 1788//1604 1787//1603
f 1781//1597 1790//1606 1789//1605
f 1783//1599 1776//1592 1785//1601
f 1777//1593 1778//1594 1787//1603
f 1780//1596 1789//1605 1788//1604
f 1788//1604 1797//1612 1796//1611
f 1790//1606 1799//1614 1798//1613
f 1792//1608 1785//1601 1794//1609
f 1786//1602 1787//1603 1796//1611
f 1789//1605 1798//1613 1797//1612
f 1785//1601 1786//1602 1795//1610
f 1801//1616 1794//1609 1803//1618
f 1795//1610 1796//1611 1805//237
f 1798//1613 1807//1621 1806//1620
f 1794//1609 1795//1610 1804//1619
f 1797//1612 1806//1620 1805//237
f 1799//1614 1808//1622 1807//1621
f 1806//1620 1807//1621 1816//1630
f 1804//1619 1813//1627 1812//1626
f 1805//237 1806//1620 1815//1629
f 1807//1621 1808//1622 1817//1631
f 1803//1618 1812//1626 1819//1633
f 1805//237 1814//1628 1813//1627
f 1813//1627 1822//1636 1821//1635
f 1814//1628 1815//1629 1824//1638
f 1816//1630 1817//1631 1826//1640
f 1812//1626 1821//1635 1828//1642
f 1814//1628 1823//1637 1822//1636
f 1815//1629 1816//1630 1825//1639
f 1825//1639 1826//1640 1835//1649
f 1821//1635 1830//1644 1837//1651
f 1823//1637 1832//1646 1831//1645
f 1824//1638 1825//1639 1834//1648
f 1822//1636 1831//1645 1830//1644
f 1823//1637 1824//1638 1833//1647
f 1830//1644 1709//1534 1846//1659
f 1832//1646 1713//7 1712//1535
f 1833//1647 1834//1648 1843//1656
f 1831//1645 1712//1535 1709//1534
f 1832//1646 1833//1647 1715//1536
f 1834//1648 1835//1649 1718//1537
f 2227//771 2061//724 2065//729
f 2099//769 2065//729 2068//733
f 2096//768 2097//7 2068//733
f 2093//764 2075//741 2079//746
f 2227//771 2102//878 2058//720
f 2093//764 2096//768 2072//737
f 2079//746 2075//741 1993//687
f 2068//733 2037//696 2016//691
f 2072//737 2016//691 1993//687
f 2058//720 2048//708 2045//704
f 2068//733 2065//729 2041//700
f 2061//724 2045//704 2041//700
f 2016//691 2107//651 2106//663
f 2037//696 2108//600 2107//651
f 2041//700 2045//704 2110//547
f 2104//681 1993//687 2106//663
f 2037//696 2041//700 2109//599
f 2045//704 2048//708 2111//535
f 2111//535 2120//434 2119//388
f 2110//547 2119//388 2118//777
f 2108//600 2117//82 2116//778
f 2109//599 2118//777 2117//82
f 2107//651 2116//778 2115//779
f 2106//663 2115//779 2122//780
f 2122//780 2115//779 2124//788
f 2117//82 2126//786 2125//787
f 2118//777 2119//388 2128//782
f 2116//778 2125//787 2124//788
f 2118//777 2127//785 2126//786
f 2120//434 2129//783 2128//782
f 2126//786 2135//794 2134//795
f 2128//782 2137//791 2136//793
f 2125//787 2134//795 2133//796
f 2127//785 2136//793 2135//794
f 2128//782 2129//783 2138//792
f 2124//788 2133//796 2140//797
f 2134//795 2143//804 2142//805
f 2136//793 2145//802 2144//803
f 2137//791 2138//792 2147//800
f 2133//796 2142//805 2149//806
f 2135//794 2144//803 2143//804
f 2136//793 2137//791 2146//799
f 2144//803 2145//802 2154//811
f 2147//800 2156//809 2155//808
f 2142//805 2151//813 2158//814
f 2144//803 2153//159 2152//812
f 2146//799 2155//808 2154//811
f 2143//804 2152//812 2151//813
f 2151//813 2160//822 2167//823
f 2153//159 2162//820 2161//821
f 2155//808 2164//816 2163//819
f 2151//813 2152//812 2161//821
f 2153//159 2154//811 2163//819
f 2155//808 2156//809 2165//817
f 2164//816 2173//825 2172//828
f 2160//822 2161//821 2170//830
f 2162//820 2163//819 2172//828
f 2165//817 2174//826 2173//825
f 2167//823 2160//822 2169//831
f 2162//820 2171//829 2170//830
f 2170//830 2179//838 2178//839
f 2171//829 2172//828 2181//836
f 2174//826 2183//835 2182//834
f 2176//832 2169//831 2178//839
f 2171//829 2180//837 2179//838
f 2173//825 2182//834 2181//836
f 2183//835 2192//843 2191//842
f 2185//840 2178//839 2187//847
f 2180//837 2189//237 2188//846
f 2182//834 2191//842 2190//845
f 2178//839 2179//838 2188//846
f 2180//837 2181//836 2190//845
f 2187//847 2196//856 2203//857
f 2189//237 2198//854 2197//855
f 2191//842 2200//850 2199//853
f 2187//847 2188//846 2197//855
f 2189//237 2190//845 2199//853
f 2192//843 2201//851 2200//850
f 2196//856 2197//855 2206//864
f 2198//854 2199//853 2208//862
f 2201//851 2210//860 2209//859
f 2196//856 2205//865 2212//866
f 2198//854 2207//863 2206//864
f 2200//850 2209//859 2208//862
f 2206//864 2215//873 2214//874
f 2207//863 2208//862 2217//871
f 2209//859 2210//860 2219//869
f 2205//865 2214//874 2221//875
f 2207//863 2216//872 2215//873
f 2209//859 2218//868 2217//871
f 2221//875 2214//874 2093//764
f 2215//873 2216//872 2097//7
f 2218//868 2227//771 2099//769
f 2215//873 2096//768 2093//764
f 2217//871 2099//769 2097//7
f 2219//869 2102//878 2227//771
f 2666//1924 2529//1799 2511//1796
f 2538//1803 2494//1791 2497//1792
f 2535//1802 2501//1793 2504//1794
f 2532//1800 2533//1801 2504//1794
f 2529//1799 2532//1800 2508//1795
f 2663//1922 2497//1792 2501//1793
f 2511//1796 2508//1795 2452//1785
f 2494//1791 2484//1789 2481//1788
f 2501//1793 2477//1787 2473//1786
f 2497//1792 2481//1788 2477//1787
f 2515//1797 2511//1796 2429//1784
f 2508//1795 2504//1794 2473//1786
f 2452//1785 2473//1786 2544//1809
f 2481//1788 2546//1811 2545//1810
f 2540//1805 2429//1784 2542//1807
f 2484//1789 2547//1812 2546//1811
f 2477//1787 2545//1810 2544//1809
f 2429//1784 2452//1785 2543//1808
f 2545//1810 2554//1819 2553//1818
f 2546//1811 2555//1820 2554//1819
f 2542//1807 2543//1808 2552//1817
f 2547//1812 2556//1821 2555//1820
f 2549//1814 2542//1807 2551//1816
f 2543//1808 2544//1809 2553//1818
f 2551//1816 2560//1825 2567//1832
f 2553//1818 2562//1827 2561//1826
f 2554//1819 2555//1820 2564//1829
f 2552//1817 2561//1826 2560//1825
f 2553//1818 2554//1819 2563//1828
f 2555//1820 2556//1821 2565//1830
f 2561//1826 2570//1834 2569//1833
f 2562//1827 2563//1828 2572//1836
f 2564//1829 2565//1830 2574//1838
f 2560//1825 2569//1833 2576//1839
f 2562//1827 2571//1835 2570//1834
f 2563//1828 2564//1829 2573//1837
f 2570//1834 2579//1842 2578//1841
f 2571//1835 2572//1836 2581//1844
f 2573//1837 2574//1838 2583//1846
f 2569//1833 2578//1841 2585//1848
f 2571//1835 2580//1843 2579//1842
f 2572//1836 2573//1837 2582//1845
f 2578//1841 2587//1850 2594//1857
f 2580//1843 2589//1852 2588//1851
f 2581//1844 2582//1845 2591//1854
f 2579//1842 2588//1851 2587//1850
f 2580//1843 2581//1844 2590//1853
f 2582//1845 2583//1846 2592//1855
f 2588//1851 2589//1852 2598//1861
f 2591//1854 2600//1863 2599//1862
f 2587//1850 2588//1851 2597//1860
f 2590//1853 2599//1862 2598//1861
f 2592//1855 2601//1864 2600//1863
f 2594//1857 2587//1850 2596//1859
f 2596//1859 2597//1860 2606//1869
f 2599//1862 2608//1871 2607//1870
f 2601//1864 2610//1873 2609//1872
f 2603//1866 2596//1859 2605//1868
f 2597//1860 2598//1861 2607//1870
f 2600//1863 2609//1872 2608//1871
f 2608//1871 2617//1878 2616//1877
f 2610//1873 2619//1880 2618//1879
f 2612//1874 2605//1868 2614//1875
f 2606//1869 2607//1870 2616//1877
f 2609//1872 2618//1879 2617//1878
f 2605//1868 2606//1869 2615//1876
f 2621//1882 2614//1875 2623//1884
f 2615//1876 2616//1877 2625//1886
f 2618//1879 2627//1888 2626//1887
f 2614//1875 2615//1876 2624//1885
f 2617//1878 2626//1887 2625//1886
f 2619//1880 2628//1889 2627//1888
f 2626//1887 2627//1888 2636//1897
f 2624//1885 2633//1894 2632//1893
f 2625//1886 2626//1887 2635//1896
f 2627//1888 2628//1889 2637//1898
f 2623//1884 2632//1893 2639//1900
f 2625//1886 2634//1895 2633//1894
f 2633//1894 2642//1903 2641//1902
f 2634//1895 2635//1896 2644//1905
f 2636//1897 2637//1898 2646//1907
f 2632//1893 2641//1902 2648//1909
f 2634//1895 2643//1904 2642//1903
f 2635//1896 2636//1897 2645//1906
f 2645//1906 2646//1907 2655//1915
f 2641//1902 2650//1910 2657//1916
f 2643//1904 2652//1912 2651//1911
f 2644//1905 2645//1906 2654//1914
f 2642//1903 2651//1911 2650//1910
f 2643//1904 2644//1905 2653//1913
f 2650//1910 2529//1799 2666//1924
f 2652//1912 2533//1801 2532//1800
f 2653//1913 2654//1914 2663//1922
f 2651//1911 2532//1800 2529//1799
f 2652//1912 2653//1913 2535//1802
f 2654//1914 2655//1915 2538//1803
f 3036//1537 2992//1526 2995//1527
f 3161//1656 2995//1527 2999//1528
f 3030//1535 3031//7 3002//1529
f 3164//1659 3027//1534 3009//1531
f 3033//1536 2999//1528 3002//1529
f 3027//1534 3030//1535 3006//1530
f 2995//1527 2979//1523 2975//1522
f 3013//1532 3009//1531 2927//1517
f 3006//1530 3002//1529 2971//1521
f 3009//1531 3006//1530 2950//1520
f 2992//1526 2982//1524 2979//1523
f 2999//1528 2975//1522 2971//1521
f 2982//1524 3045//1546 3044//1545
f 2927//1517 2950//1520 3041//1542
f 2975//1522 3043//1544 3042//1543
f 2950//1520 2971//1521 3042//1543
f 2979//1523 3044//1545 3043//1544
f 3038//1539 2927//1517 3040//1541
f 3041//1542 3042//1543 3051//82
f 3045//1546 3054//2008 3053//1553
f 3040//1541 3041//1542 3050//1551
f 3043//1544 3052//1552 3051//82
f 3047//1548 3040//1541 3049//1550
f 3044//1545 3053//1553 3052//1552
f 3053//1553 3054//2008 3063//1563
f 3049//1550 3058//1558 3065//1565
f 3051//82 3060//1560 3059//1559
f 3052//1552 3053//1553 3062//1562
f 3050//1551 3059//1559 3058//1558
f 3051//82 3052//1552 3061//1561
f 3058//1558 3067//1566 3074//1573
f 3060//1560 3069//1568 3068//1567
f 3061//1561 3062//1562 3071//1570
f 3059//1559 3068//1567 3067//1566
f 3060//1560 3061//1561 3070//1569
f 3062//1562 3063//1563 3072//1571
f 3068//1567 3077//1576 3076//1575
f 3069//1568 3070//1569 3079//1578
f 3071//1570 3072//1571 3081//1580
f 3067//1566 3076//1575 3083//1582
f 3069//1568 3078//1577 3077//1576
f 3070//1569 3071//1570 3080//1579
f 3077//1576 3086//1585 3085//1584
f 3078//1577 3079//1578 3088//1586
f 3080//1579 3081//1580 3090//1588
f 3076//1575 3085//1584 3092//1590
f 3078//1577 3087//159 3086//1585
f 3079//1578 3080//1579 3089//1587
f 3092//1590 3085//1584 3094//1592
f 3086//1585 3087//159 3096//1594
f 3089//1587 3098//1596 3097//1595
f 3085//1584 3086//1585 3095//1593
f 3088//1586 3097//1595 3096//1594
f 3090//1588 3099//1597 3098//1596
f 3095//1593 3096//1594 3105//1603
f 3098//1596 3107//1605 3106//1604
f 3094//1592 3095//1593 3104//1602
f 3097//1595 3106//1604 3105//1603
f 3099//1597 3108//1606 3107//1605
f 3101//1599 3094//1592 3103//1601
f 3103//1601 3104//1602 3113//1610
f 3106//1604 3115//1612 3114//1611
f 3108//1606 3117//1614 3116//1613
f 3110//1608 3103//1601 3112//1609
f 3104//1602 3105//1603 3114//1611
f 3107//1605 3116//1613 3115//1612
f 3115//1612 3124//1620 3123//237
f 3117//1614 3126//1622 3125//1621
f 3119//1616 3112//1609 3121//1618
f 3113//1610 3114//1611 3123//237
f 3116//1613 3125//1621 3124//1620
f 3112//1609 3113//1610 3122//1619
f 3121//1618 3130//1626 3137//1633
f 3123//237 3132//1628 3131//1627
f 3124//1620 3125//1621 3134//1630
f 3122//1619 3131//1627 3130//1626
f 3123//237 3124//1620 3133//1629
f 3125//1621 3126//1622 3135//1631
f 3133//1629 3134//1630 3143//1639
f 3131//1627 3140//1636 3139//1635
f 3132//1628 3133//1629 3142//1638
f 3134//1630 3135//1631 3144//1640
f 3130//1626 3139//1635 3146//1642
f 3132//1628 3141//1637 3140//1636
f 3140//1636 3149//1645 3148//1644
f 3141//1637 3142//1638 3151//1647
f 3143//1639 3144//1640 3153//1649
f 3139//1635 3148//1644 3155//1651
f 3141//1637 3150//1646 3149//1645
f 3142//1638 3143//1639 3152//1648
f 3148//1644 3027//1534 3164//1659
f 3150//1646 3031//7 3030//1535
f 3151//1647 3152//1648 3161//1656
f 3149//1645 3030//1535 3027//1534
f 3150//1646 3151//1647 3033//1536
f 3152//1648 3153//1649 3036//1537
usemtl Frog_dark
f 1219//1170 1138//1094 1141//1097
f 1165//7 1148//1104 1216//1167
f 1216//1167 1152//1108 1162//1118
f 1107//13 1162//1118 1152//1108
f 1168//1123 1131//1 1138//1094
f 1165//7 1141//1097 1145//1101
f 1145//1101 1117//1075 1148//1104
f 1141//1097 1127//1085 1124//1082
f 1148//1104 1114//1072 1152//1108
f 1145//1101 1124//1082 1120//1078
f 1138//1094 1131//1 1127//1085
f 1107//13 1152//1108 1114//1072
f 1120//1078 1082//1042 1117//1075
f 1107//13 1114//1072 1103//1063
f 1124//1082 1059//1022 1120//1078
f 1127//1085 1131//1 1171//1125
f 1127//1085 1170//1124 1124//1082
f 1117//1075 1103//1063 1114//1072
f 1082//1042 1173//1127 1174//1128
f 1107//13 1103//1063 1175//1129
f 1171//1125 1177//1131 1170//1124
f 1171//1125 1131//1 1178//1132
f 1103//1063 1174//1128 1175//1129
f 1170//1124 1173//1127 1059//1022
f 1177//1131 1180//159 1173//1127
f 1107//13 1175//1129 1182//1135
f 1174//1128 1180//159 1181//1134
f 1178//1132 1131//1 1185//1138
f 1178//1132 1184//1137 1177//1131
f 1175//1129 1181//1134 1182//1135
f 1181//1134 1189//1142 1182//1135
f 1184//1137 1192//1145 1191//1144
f 1180//159 1188//1141 1181//1134
f 1107//13 1182//1135 1189//1142
f 1185//1138 1131//1 1192//1145
f 1180//159 1191//1144 1187//1140
f 1191//1144 1199//1152 1198//1151
f 1187//1140 1195//1148 1188//1141
f 1107//13 1189//1142 1196//1149
f 1192//1145 1131//1 1199//1152
f 1187//1140 1198//1151 1194//1147
f 1188//1141 1196//1149 1189//1142
f 1199//1152 1205//1157 1198//1151
f 1194//1147 1202//1154 1195//1148
f 1107//13 1196//1149 1203//1155
f 1199//1152 1131//1 1206//1158
f 1198//1151 1201//1153 1194//1147
f 1195//1148 1203//1155 1196//1149
f 1206//1158 1212//1163 1205//1157
f 1202//1154 1208//1159 1209//1160
f 1107//13 1203//1155 1210//1161
f 1206//1158 1131//1 1213//1164
f 1205//1157 1208//1159 1201//1153
f 1203//1155 1209//1160 1210//1161
f 1213//1164 1219//1170 1212//1163
f 1209//1160 1165//7 1216//1167
f 1107//13 1210//1161 1162//1118
f 1213//1164 1131//1 1168//1123
f 1212//1163 1165//7 1208//1159
f 1210//1161 1216//1167 1162//1118
f 1456//1399 1304//1252 1346//1294
f 1344//1292 1313//1261 1343//1291
f 1342//1290 1313//1261 1320//1268
f 1340//1288 1322//1270 1329//1277
f 1456//1399 1207//1 1302//1250
f 1346//1294 1311//1259 1344//1292
f 1341//1289 1320//1268 1322//1270
f 1250//13 1340//1288 1329//1277
f 1329//1277 1266//1216 1259//1209
f 1320//1268 1275//1225 1268//1218
f 1304//1252 1277//1227 1311//1259
f 1302//1250 1207//1 1286//1236
f 1250//13 1329//1277 1259//1209
f 1322//1270 1268//1218 1266//1216
f 1311//1259 1275//1225 1313//1261
f 1302//1250 1284//1234 1304//1252
f 1268//1218 1232//1183 1239//1190
f 1284//1234 1230//1181 1277//1227
f 1259//1209 1241//1192 1248//1199
f 1286//1236 1223//1174 1284//1234
f 1286//1236 1207//1 1221//1172
f 1277//1227 1232//1183 1275//1225
f 1266//1216 1239//1190 1241//1192
f 1250//13 1259//1209 1248//1199
f 1221//1172 1172//1126 1223//1174
f 1239//1190 1351//1298 1352//1299
f 1248//1199 1353//1300 1354//1301
f 1221//1172 1207//1 1204//1156
f 1223//1174 1350//1297 1230//1181
f 1250//13 1248//1199 1354//1301
f 1241//1192 1352//1299 1353//1300
f 1230//1181 1351//1298 1232//1183
f 1351//1298 1359//1306 1360//1307
f 1250//13 1354//1301 1363//1310
f 1350//1297 1356//1303 1359//1306
f 1352//1299 1362//1309 1353//1300
f 1204//1156 1207//1 1357//1304
f 1172//1126 1357//1304 1356//1303
f 1353//1300 1363//1310 1354//1301
f 1351//1298 1361//1308 1352//1299
f 1357//1304 1207//1 1366//1313
f 1359//1306 1365//1312 1368//1314
f 1361//1308 1371//1317 1362//1309
f 1356//1303 1366//1313 1365//1312
f 1250//13 1363//1310 1372//1318
f 1360//1307 1368//1314 1369//1315
f 1360//1307 1370//1316 1361//1308
f 1362//1309 1372//1318 1363//1310
f 1370//1316 1380//1326 1371//1317
f 1365//1312 1375//1321 1374//1320
f 1369//1315 1377//1323 1378//1324
f 1371//1317 1381//1327 1372//1318
f 1369//1315 1379//1325 1370//1316
f 1366//1313 1207//1 1375//1321
f 1368//1314 1374//1320 1377//1323
f 1250//13 1372//1318 1381//1327
f 1374//1320 1384//1330 1383//1329
f 1378//1324 1386//1332 1387//1333
f 1380//1326 1390//1336 1381//1327
f 1378//1324 1388//1334 1379//1325
f 1375//1321 1207//1 1384//1330
f 1377//1323 1383//1329 1386//1332
f 1250//13 1381//1327 1390//1336
f 1379//1325 1389//1335 1380//1326
f 1388//1334 1396//1341 1397//1342
f 1384//1330 1207//1 1393//1338
f 1383//1329 1395//1340 1386//1332
f 1250//13 1390//1336 1399//1344
f 1389//1335 1397//1342 1398//1343
f 1384//1330 1392//1337 1383//1329
f 1386//1332 1396//1341 1387//1333
f 1390//1336 1398//1343 1399//1344
f 1392//1337 1404//1349 1395//1340
f 1250//13 1399//1344 1408//1353
f 1398//1343 1406//1351 1407//1352
f 1393//1338 1401//1346 1392//1337
f 1395//1340 1405//1350 1396//1341
f 1399//1344 1407//1352 1408//1353
f 1397//1342 1405//1350 1406//1351
f 1393//1338 1207//1 1402//1347
f 1402//1347 1410//1355 1401//1346
f 1404//1349 1414//1358 1405//1350
f 1408//1353 1416//1360 1417//1361
f 1406//1351 1414//1358 1415//1359
f 1402//1347 1207//1 1411//1356
f 1401//1346 1413//1357 1404//1349
f 1250//13 1408//1353 1417//1361
f 1407//1352 1415//1359 1416//1360
f 1413//1357 1423//1367 1414//1358
f 1417//1361 1425//1369 1426//1370
f 1415//1359 1423//1367 1424//1368
f 1411//1356 1207//1 1420//1364
f 1410//1355 1422//1366 1413//1357
f 1250//13 1417//1361 1426//1370
f 1416//1360 1424//1368 1425//1369
f 1411//1356 1419//1363 1410//1355
f 1420//1364 1207//1 1429//1373
f 1422//1366 1428//1372 1431//1374
f 1250//13 1426//1370 1435//1378
f 1424//1368 1434//1377 1425//1369
f 1419//1363 1429//1373 1428//1372
f 1423//1367 1431//1374 1432//1375
f 1425//1369 1435//1378 1426//1370
f 1423//1367 1433//1376 1424//1368
f 1250//13 1435//1378 1444//1387
f 1433//1376 1443//1386 1434//1377
f 1428//1372 1438//1381 1437//1380
f 1432//1375 1440//1383 1441//1384
f 1434//1377 1444//1387 1435//1378
f 1432//1375 1442//1385 1433//1376
f 1429//1373 1207//1 1438//1381
f 1431//1374 1437//1380 1440//1383
f 1437//1380 1447//1390 1446//1389
f 1441//1384 1449//1392 1450//1393
f 1443//1386 1453//1396 1444//1387
f 1441//1384 1451//1394 1442//1385
f 1438//1381 1207//1 1447//1390
f 1440//1383 1446//1389 1449//1392
f 1250//13 1444//1387 1453//1396
f 1442//1385 1452//1395 1443//1386
f 1452//1395 1340//1288 1453//1396
f 1450//1393 1342//1290 1451//1394
f 1447//1390 1207//1 1456//1399
f 1449//1392 1346//1294 1344//1292
f 1250//13 1453//1396 1340//1288
f 1451//1394 1341//1289 1452//1395
f 1446//1389 1456//1399 1346//1294
f 1450//1393 1344//1292 1343//1291
f 1570//1492 1293//1 1418//1362
f 1461//1403 1427//1371 1460//1402
f 1458//1401 1439//1382 1457//1400
f 1367//13 1455//1398 1445//1388
f 1570//1492 1421//1365 1461//1403
f 1460//1402 1430//733 1459//7
f 1458//1401 1430//733 1436//1379
f 1457//1400 1445//1388 1455//1398
f 1367//13 1445//1388 1376//1322
f 1436//1379 1382//1328 1439//1382
f 1427//1371 1391//696 1430//733
f 1421//1365 1403//1348 1400//1345
f 1439//1382 1376//1322 1445//1388
f 1430//733 1385//1331 1436//1379
f 1421//1365 1394//1339 1427//1371
f 1418//1362 1293//1 1403//1348
f 1400//1345 1347//1295 1394//1339
f 1385//1331 1358//1305 1382//1328
f 1394//1339 1349//600 1391//696
f 1382//1328 1364//1311 1376//1322
f 1391//696 1355//1302 1385//1331
f 1367//13 1376//1322 1364//1311
f 1403//1348 1293//1 1331//1279
f 1400//1345 1331//1279 1338//1286
f 1358//1305 1468//1409 1364//1311
f 1331//1279 1293//1 1257//1207
f 1347//1295 1465//82 1349//600
f 1355//1302 1467//1408 1358//1305
f 1347//1295 1218//1169 1464//1406
f 1338//1286 1257//1207 1218//1169
f 1349//600 1466//1407 1355//1302
f 1367//13 1364//1311 1468//1409
f 1218//1169 1471//1412 1470//1411
f 1367//13 1468//1409 1477//1417
f 1466//1407 1476//1416 1467//1408
f 1465//82 1475//1415 1466//1407
f 1464//1406 1474//786 1465//82
f 1257//1207 1293//1 1471//1412
f 1467//1408 1477//1417 1468//1409
f 1218//1169 1473//1414 1464//1406
f 1471//1412 1293//1 1480//1419
f 1470//1411 1482//1421 1473//1414
f 1367//13 1477//1417 1486//1424
f 1474//786 1484//1422 1475//1415
f 1477//1417 1485//1423 1486//1424
f 1470//1411 1480//1419 1479//1418
f 1474//786 1482//1421 1483//794
f 1476//1416 1484//1422 1485//1423
f 1483//794 1493//1430 1484//1422
f 1367//13 1486//1424 1495//1432
f 1480//1419 1488//1426 1479//1418
f 1483//794 1491//1429 1492//803
f 1485//1423 1493//1430 1494//1431
f 1486//1424 1494//1431 1495//1432
f 1480//1419 1293//1 1489//1427
f 1479//1418 1491//1429 1482//1421
f 1488//1426 1498//1434 1497//1433
f 1491//1429 1501//159 1492//803
f 1494//1431 1502//1436 1503//1437
f 1495//1432 1503//1437 1504//1438
f 1489//1427 1293//1 1498//1434
f 1488//1426 1500//1435 1491//1429
f 1492//803 1502//1436 1493//1430
f 1367//13 1495//1432 1504//1438
f 1503//1437 1511//1443 1512//1444
f 1503//1437 1513//1445 1504//1438
f 1498//1434 1293//1 1507//1441
f 1497//1433 1509//1442 1500//1435
f 1502//1436 1510//820 1511//1443
f 1367//13 1504//1438 1513//1445
f 1497//1433 1507//1441 1506//1440
f 1500//1435 1510//820 1501//159
f 1507//1441 1293//1 1516//1447
f 1509//1442 1515//1446 1518//1449
f 1510//820 1520//1450 1511//1443
f 1367//13 1513//1445 1522//1452
f 1507//1441 1515//1446 1506//1440
f 1510//820 1518//1449 1519//829
f 1512//1444 1520//1450 1521//1451
f 1512//1444 1522//1452 1513//1445
f 1367//13 1522//1452 1531//1460
f 1515//1446 1525//1455 1524//1454
f 1519//829 1527//1457 1528//837
f 1521//1451 1529//1458 1530//1459
f 1521//1451 1531//1460 1522//1452
f 1516//1447 1293//1 1525//1455
f 1515//1446 1527//1457 1518//1449
f 1519//829 1529//1458 1520//1450
f 1524//1454 1534//1463 1533//1462
f 1528//837 1536//1465 1537//237
f 1529//1458 1539//1467 1530//1459
f 1530//1459 1540//1468 1531//1460
f 1525//1455 1293//1 1534//1463
f 1524//1454 1536//1465 1527//1457
f 1528//837 1538//1466 1529//1458
f 1367//13 1531//1460 1540//1468
f 1539//1467 1549//1474 1540//1468
f 1534//1463 1293//1 1543//1470
f 1536//1465 1542//1469 1545//1471
f 1537//237 1547//1472 1538//1466
f 1367//13 1540//1468 1549//1474
f 1534//1463 1542//1469 1533//1462
f 1537//237 1545//1471 1546//854
f 1538//1466 1548//1473 1539//1467
f 1542//1469 1554//1479 1545//1471
f 1546//854 1556//1480 1547//1472
f 1367//13 1549//1474 1558//1482
f 1543//1470 1551//1476 1542//1469
f 1546//854 1554//1479 1555//863
f 1548//1473 1556//1480 1557//1481
f 1549//1474 1557//1481 1558//1482
f 1543//1470 1293//1 1552//1477
f 1551//1476 1561//1485 1560//1484
f 1555//863 1563//1487 1564//872
f 1557//1481 1565//1488 1566//1489
f 1557//1481 1567//1490 1558//1482
f 1552//1477 1293//1 1561//1485
f 1551//1476 1563//1487 1554//1479
f 1555//863 1565//1488 1556//1480
f 1367//13 1558//1482 1567//1490
f 1564//872 1460//1402 1459//7
f 1565//1488 1457//1400 1566//1489
f 1566//1489 1455//1398 1567//1490
f 1561//1485 1293//1 1570//1492
f 1563//1487 1461//1403 1460//1402
f 1564//872 1458//1401 1565//1488
f 1367//13 1567//1490 1455//1398
f 1560//1484 1570//1492 1461//1403
f 1576//1494 1478//1 1550//1475
f 1613//1519 1559//1483 1574//7
f 1610//1518 1559//1483 1562//1486
f 1412//13 1572//1493 1568//1491
f 1576//1494 1553//1478 1613//1519
f 1572//1493 1562//1486 1568//1491
f 1412//13 1568//1491 1517//1448
f 1562//1486 1526//1456 1523//1453
f 1550//1475 1532//1461 1553//1478
f 1568//1491 1523//1453 1517//1448
f 1553//1478 1526//1456 1559//1483
f 1550//1475 1478//1 1535//1464
f 1412//13 1517//1448 1505//1439
f 1535//1464 1478//1 1487//1425
f 1526//1456 1499//1420 1523//1453
f 1535//1464 1490//1428 1532//1461
f 1523//1453 1505//1439 1517//1448
f 1532//1461 1496//1391 1526//1456
f 1496//1391 1462//1404 1499//1420
f 1412//13 1505//1439 1454//1397
f 1487//1425 1478//1 1472//1413
f 1496//1391 1469//1410 1463//1405
f 1499//1420 1454//1397 1505//1439
f 1490//1428 1472//1413 1469//1410
f 1469//1410 1579//1496 1578//1495
f 1412//13 1454//1397 1409//1354
f 1463//1405 1578//1495 1295//159
f 1463//1405 1373//1319 1462//1404
f 1472//1413 1478//1 1579//1496
f 1462//1404 1409//1354 1454//1397
f 1579//1496 1585//1500 1578//1495
f 1412//13 1409//1354 1583//1499
f 1409//1354 1582//1498 1583//1499
f 1578//1495 1581//1497 1295//159
f 1373//1319 1581//1497 1582//1498
f 1579//1496 1478//1 1586//1501
f 1585//1500 1588//1502 1581//1497
f 1586//1501 1478//1 1593//1506
f 1586//1501 1592//1505 1585//1500
f 1582//1498 1588//1502 1589//1503
f 1583//1499 1589//1503 1590//1504
f 1412//13 1583//1499 1590//1504
f 1592//1505 1595//1507 1588//1502
f 1589//1503 1597//1509 1590//1504
f 1593//1506 1599//1510 1592//1505
f 1589//1503 1595//1507 1596//1508
f 1412//13 1590//1504 1597//1509
f 1593//1506 1478//1 1600//1511
f 1596//1508 1604//1514 1597//1509
f 1599//1510 1607//1516 1606//1515
f 1595//1507 1603//1513 1596//1508
f 1412//13 1597//1509 1604//1514
f 1600//1511 1478//1 1607//1516
f 1595//1507 1606//1515 1602//1512
f 1606//1515 1576//1494 1613//1519
f 1602//1512 1610//1518 1603//1513
f 1412//13 1604//1514 1572//1493
f 1607//1516 1478//1 1576//1494
f 1602//1512 1613//1519 1574//7
f 1603//1513 1572//1493 1604//1514
f 1614//1494 1587//1478 1665//1519
f 1662//1518 1591//1483 1594//1486
f 1608//1493 1594//1486 1598//1491
f 1514//13 1608//1493 1598//1491
f 1614//1494 1577//1 1584//1475
f 1665//1519 1591//1483 1611//7
f 1514//13 1598//1491 1544//1448
f 1594//1486 1571//1456 1569//1453
f 1584//1475 1573//1461 1587//1478
f 1598//1491 1569//1453 1544//1448
f 1587//1478 1571//1456 1591//1483
f 1584//1475 1577//1 1575//1464
f 1575//1464 1577//1 1617//1425
f 1569//1453 1508//1439 1544//1448
f 1514//13 1544//1448 1508//1439
f 1571//1456 1481//1420 1569//1453
f 1575//1464 1616//1428 1573//1461
f 1573//1461 1448//1391 1571//1456
f 1616//1428 1624//1413 1623//1410
f 1448//1391 1623//1410 1619//1405
f 1617//1425 1577//1 1624//1413
f 1514//13 1508//1439 1621//1397
f 1481//1420 1621//1397 1508//1439
f 1448//1391 1620//1404 1481//1420
f 1619//1405 1630//1495 1626//159
f 1624//1413 1577//1 1631//1496
f 1620//1404 1628//1354 1621//1397
f 1623//1410 1631//1496 1630//1495
f 1514//13 1621//1397 1628//1354
f 1619//1405 1627//1319 1620//1404
f 1631//1496 1577//1 1638//1501
f 1630//1495 1633//1497 1626//159
f 1628//1354 1634//1498 1635//1499
f 1631//1496 1637//1500 1630//1495
f 1627//1319 1633//1497 1634//1498
f 1514//13 1628//1354 1635//1499
f 1638//1501 1577//1 1645//1506
f 1637//1500 1640//1502 1633//1497
f 1635//1499 1641//1503 1642//1504
f 1638//1501 1644//1505 1637//1500
f 1634//1498 1640//1502 1641//1503
f 1514//13 1635//1499 1642//1504
f 1644//1505 1647//1507 1640//1502
f 1641//1503 1649//1509 1642//1504
f 1645//1506 1651//1510 1644//1505
f 1641//1503 1647//1507 1648//1508
f 1514//13 1642//1504 1649//1509
f 1645//1506 1577//1 1652//1511
f 1648//1508 1656//1514 1649//1509
f 1651//1510 1659//1516 1658//1515
f 1647//1507 1655//1513 1648//1508
f 1514//13 1649//1509 1656//1514
f 1652//1511 1577//1 1659//1516
f 1647//1507 1658//1515 1654//1512
f 1658//1515 1614//1494 1665//1519
f 1654//1512 1662//1518 1655//1513
f 1514//13 1656//1514 1608//1493
f 1659//1516 1577//1 1614//1494
f 1654//1512 1665//1519 1611//7
f 1655//1513 1608//1493 1656//1514
f 1666//1494 1639//1478 1717//1519
f 1714//1518 1643//1483 1646//1486
f 1660//1493 1646//1486 1650//1491
f 1605//13 1660//1493 1650//1491
f 1666//1494 1629//1 1636//1475
f 1717//1519 1643//1483 1663//7
f 1605//13 1650//1491 1612//1448
f 1646//1486 1618//1456 1615//1453
f 1636//1475 1622//1461 1639//1478
f 1650//1491 1615//1453 1612//1448
f 1639//1478 1618//1456 1643//1483
f 1636//1475 1629//1 1625//1464
f 1625//1464 1629//1 1669//1425
f 1615//1453 1601//1439 1612//1448
f 1618//1456 1580//1420 1615//1453
f 1625//1464 1668//1428 1622//1461
f 1605//13 1612//1448 1601//1439
f 1622//1461 1541//1391 1618//1456
f 1605//13 1601//1439 1673//1397
f 1541//1391 1672//1404 1580//1420
f 1668//1428 1676//1413 1675//1410
f 1669//1425 1629//1 1676//1413
f 1580//1420 1673//1397 1601//1439
f 1541//1391 1675//1410 1671//1405
f 1671//1405 1682//1495 1678//159
f 1675//1410 1683//1496 1682//1495
f 1676//1413 1629//1 1683//1496
f 1605//13 1673//1397 1680//1354
f 1671//1405 1679//1319 1672//1404
f 1672//1404 1680//1354 1673//1397
f 1683//1496 1629//1 1690//1501
f 1682//1495 1685//1497 1678//159
f 1680//1354 1686//1498 1687//1499
f 1683//1496 1689//1500 1682//1495
f 1679//1319 1685//1497 1686//1498
f 1605//13 1680//1354 1687//1499
f 1690//1501 1629//1 1697//1506
f 1689//1500 1692//1502 1685//1497
f 1687//1499 1693//1503 1694//1504
f 1690//1501 1696//1505 1689//1500
f 1686//1498 1692//1502 1693//1503
f 1605//13 1687//1499 1694//1504
f 1696//1505 1699//1507 1692//1502
f 1693//1503 1701//1509 1694//1504
f 1697//1506 1703//1510 1696//1505
f 1693//1503 1699//1507 1700//1508
f 1605//13 1694//1504 1701//1509
f 1697//1506 1629//1 1704//1511
f 1700//1508 1708//1514 1701//1509
f 1703//1510 1711//1516 1710//1515
f 1699//1507 1707//1513 1700//1508
f 1605//13 1701//1509 1708//1514
f 1704//1511 1629//1 1711//1516
f 1699//1507 1710//1515 1706//1512
f 1710//1515 1666//1494 1717//1519
f 1706//1512 1714//1518 1707//1513
f 1605//13 1708//1514 1660//1493
f 1711//1516 1629//1 1666//1494
f 1706//1512 1717//1519 1663//7
f 1707//1513 1660//1493 1708//1514
f 1840//1654 1811//1625 1818//1632
f 1838//1652 1820//1634 1827//1641
f 1748//13 1838//1652 1827//1641
f 1954//1756 1705//1 1800//1615
f 1844//1657 1809//1623 1842//1655
f 1842//1655 1811//1625 1841//7
f 1839//1653 1818//1632 1820//1634
f 1954//1756 1802//1617 1844//1657
f 1800//1615 1782//1598 1802//1617
f 1827//1641 1764//1581 1757//1574
f 1818//1632 1773//1589 1766//1583
f 1802//1617 1775//1591 1809//1623
f 1800//1615 1705//1 1784//1600
f 1748//13 1827//1641 1757//1574
f 1820//1634 1766//1583 1764//1581
f 1809//1623 1773//1589 1811//1625
f 1784//1600 1705//1 1719//1538
f 1764//1581 1737//1555 1739//1557
f 1748//13 1757//1574 1746//1564
f 1766//1583 1730//1549 1737//1555
f 1782//1598 1728//1547 1775//1591
f 1757//1574 1739//1557 1746//1564
f 1784//1600 1721//1540 1782//1598
f 1775//1591 1730//1549 1773//1589
f 1739//1557 1850//1662 1851//1663
f 1728//1547 1849//82 1730//1549
f 1719//1538 1670//1525 1721//1540
f 1737//1555 1849//82 1850//1662
f 1746//1564 1851//1663 1852//1664
f 1719//1538 1705//1 1702//1533
f 1721//1540 1848//1661 1728//1547
f 1748//13 1746//1564 1852//1664
f 1670//1525 1855//1667 1854//1666
f 1849//82 1857//1669 1858//1670
f 1851//1663 1861//1673 1852//1664
f 1848//1661 1854//1666 1857//1669
f 1702//1533 1705//1 1855//1667
f 1850//1662 1860//1672 1851//1663
f 1849//82 1859//1671 1850//1662
f 1748//13 1852//1664 1861//1673
f 1855//1667 1705//1 1864//1675
f 1857//1669 1863//1674 1866//1677
f 1748//13 1861//1673 1870//1681
f 1859//1671 1869//1680 1860//1672
f 1858//1670 1868//1679 1859//1671
f 1854//1666 1864//1675 1863//1674
f 1860//1672 1870//1681 1861//1673
f 1858//1670 1866//1677 1867//1678
f 1864//1675 1705//1 1873//1684
f 1866//1677 1872//1683 1875//1686
f 1748//13 1870//1681 1879//1690
f 1868//1679 1878//1689 1869//1680
f 1863//1674 1873//1684 1872//1683
f 1867//1678 1875//1686 1876//1687
f 1869//1680 1879//1690 1870//1681
f 1867//1678 1877//1688 1868//1679
f 1877//1688 1887//1695 1878//1689
f 1872//1683 1882//1692 1881//1691
f 1876//1687 1884//1693 1885//159
f 1878//1689 1888//1696 1879//1690
f 1876//1687 1886//1694 1877//1688
f 1873//1684 1705//1 1882//1692
f 1875//1686 1881//1691 1884//1693
f 1748//13 1879//1690 1888//1696
f 1882//1692 1890//1698 1881//1691
f 1884//1693 1894//1701 1885//159
f 1888//1696 1896//1703 1897//1704
f 1886//1694 1894//1701 1895//1702
f 1882//1692 1705//1 1891//1699
f 1881//1691 1893//1700 1884//1693
f 1748//13 1888//1696 1897//1704
f 1887//1695 1895//1702 1896//1703
f 1895//1702 1903//1709 1904//1710
f 1891//1699 1705//1 1900//1706
f 1890//1698 1902//1708 1893//1700
f 1748//13 1897//1704 1906//1712
f 1896//1703 1904//1710 1905//1711
f 1891//1699 1899//1705 1890//1698
f 1893//1700 1903//1709 1894//1701
f 1897//1704 1905//1711 1906//1712
f 1899//1705 1911//1717 1902//1708
f 1748//13 1906//1712 1915//1721
f 1905//1711 1913//1719 1914//1720
f 1900//1706 1908//1714 1899//1705
f 1902//1708 1912//1718 1903//1709
f 1906//1712 1914//1720 1915//1721
f 1904//1710 1912//1718 1913//1719
f 1900//1706 1705//1 1909//1715
f 1909//1715 1917//1723 1908//1714
f 1911//1717 1921//237 1912//1718
f 1915//1721 1923//1728 1924//1729
f 1913//1719 1921//237 1922//1727
f 1909//1715 1705//1 1918//1724
f 1908//1714 1920//1726 1911//1717
f 1748//13 1915//1721 1924//1729
f 1914//1720 1922//1727 1923//1728
f 1921//237 1929//1732 1930//1733
f 1923//1728 1933//1736 1924//1729
f 1921//237 1931//1734 1922//1727
f 1918//1724 1705//1 1927//1731
f 1920//1726 1926//1730 1929//1732
f 1748//13 1924//1729 1933//1736
f 1922//1727 1932//1735 1923//1728
f 1917//1723 1927//1731 1926//1730
f 1927//1731 1705//1 1936//1739
f 1929//1732 1935//1738 1938//1741
f 1748//13 1933//1736 1942//1745
f 1931//1734 1941//1744 1932//1735
f 1926//1730 1936//1739 1935//1738
f 1930//1733 1938//1741 1939//1742
f 1932//1735 1942//1745 1933//1736
f 1930//1733 1940//1743 1931//1734
f 1748//13 1942//1745 1951//1754
f 1940//1743 1950//1753 1941//1744
f 1935//1738 1945//1748 1944//1747
f 1939//1742 1947//1750 1948//1751
f 1941//1744 1951//1754 1942//1745
f 1939//1742 1949//1752 1940//1743
f 1936//1739 1705//1 1945//1748
f 1938//1741 1944//1747 1947//1750
f 1944//1747 1954//1756 1844//1657
f 1948//1751 1842//1655 1841//7
f 1950//1753 1838//1652 1951//1754
f 1948//1751 1840//1654 1949//1752
f 1945//1748 1705//1 1954//1756
f 1947//1750 1844//1657 1842//1655
f 1748//13 1951//1754 1838//1652
f 1949//1752 1839//1653 1950//1753
f 1994//1781 1943//1746 1946//1749
f 1793//13 1956//1757 1952//1755
f 1960//1758 1862//1 1934//1737
f 1997//1782 1943//1746 1958//7
f 1956//1757 1946//1749 1952//1755
f 1960//1758 1937//1740 1997//1782
f 1946//1749 1910//1716 1907//1713
f 1934//1737 1916//1722 1937//1740
f 1793//13 1952//1755 1901//1707
f 1952//1755 1907//1713 1901//1707
f 1937//1740 1910//1716 1943//1746
f 1934//1737 1862//1 1919//1725
f 1901//1707 1883//1676 1889//1697
f 1919//1725 1874//1685 1916//1722
f 1793//13 1901//1707 1889//1697
f 1919//1725 1862//1 1871//1682
f 1910//1716 1874//1685 1880//1643
f 1910//1716 1883//1676 1907//1713
f 1883//1676 1836//1650 1889//1697
f 1874//1685 1856//1668 1853//1665
f 1880//1643 1845//1658 1883//1676
f 1793//13 1889//1697 1836//1650
f 1871//1682 1862//1 1856//1668
f 1880//1643 1853//1665 1847//1660
f 1847//1660 1755//1572 1845//1658
f 1856//1668 1862//1 1963//1760
f 1853//1665 1963//1760 1962//1759
f 1845//1658 1791//1607 1836//1650
f 1847//1660 1962//1759 1716//159
f 1793//13 1836//1650 1791//1607
f 1962//1759 1965//1761 1716//159
f 1793//13 1791//1607 1967//1763
f 1791//1607 1966//1762 1967//1763
f 1963//1760 1862//1 1970//1765
f 1963//1760 1969//1764 1962//1759
f 1755//1572 1965//1761 1966//1762
f 1970//1765 1976//1769 1969//1764
f 1970//1765 1862//1 1977//1770
f 1969//1764 1972//1766 1965//1761
f 1967//1763 1973//1767 1974//1768
f 1793//13 1967//1763 1974//1768
f 1966//1762 1972//1766 1973//1767
f 1977//1770 1862//1 1984//1775
f 1976//1769 1979//1771 1972//1766
f 1974//1768 1980//1772 1981//1773
f 1977//1770 1983//1774 1976//1769
f 1973//1767 1979//1771 1980//1772
f 1793//13 1974//1768 1981//1773
f 1984//1775 1862//1 1991//1780
f 1979//1771 1990//1779 1986//1776
f 1980//1772 1988//1778 1981//1773
f 1983//1774 1991//1780 1990//1779
f 1979//1771 1987//1777 1980//1772
f 1793//13 1981//1773 1988//1778
f 1986//1776 1997//1782 1958//7
f 1987//1777 1956//1757 1988//1778
f 1990//1779 1960//1758 1997//1782
f 1986//1776 1994//1781 1987//1777
f 1793//13 1988//1778 1956//1757
f 1991//1780 1862//1 1960//1758
f 1998//1758 1961//1 1968//1737
f 2049//1782 1975//1746 1995//7
f 2046//1781 1975//1746 1978//1749
f 1992//1757 1978//1749 1982//1755
f 1998//1758 1971//1740 2049//1782
f 1898//13 1992//1757 1982//1755
f 1971//1740 1955//1716 1975//1746
f 1968//1737 1961//1 1959//1725
f 1898//13 1982//1755 1928//1707
f 1978//1749 1955//1716 1953//1713
f 1968//1737 1957//1722 1971//1740
f 1982//1755 1953//1713 1928//1707
f 1955//1716 2000//1685 1829//1643
f 1959//1725 1961//1 2001//1682
f 1928//1707 1865//1676 1892//1697
f 1959//1725 2000//1685 1957//1722
f 1898//13 1928//1707 1892//1697
f 1955//1716 1865//1676 1953//1713
f 1829//1643 2007//1665 2003//1660
f 1865//1676 2005//1650 1892//1697
f 2000//1685 2008//1668 2007//1665
f 1829//1643 2004//1658 1865//1676
f 2001//1682 1961//1 2008//1668
f 1898//13 1892//1697 2005//1650
f 2004//1658 2012//1607 2005//1650
f 1898//13 2005//1650 2012//1607
f 2007//1665 2015//1760 2014//1759
f 2003//1660 2014//1759 2010//159
f 2003//1660 2011//1572 2004//1658
f 2008//1668 1961//1 2015//1760
f 1898//13 2012//1607 2019//1763
f 2015//1760 1961//1 2022//1765
f 2014//1759 2017//1761 2010//159
f 2012//1607 2018//1762 2019//1763
f 2015//1760 2021//1764 2014//1759
f 2011//1572 2017//1761 2018//1762
f 2022//1765 1961//1 2029//1770
f 2021//1764 2024//1766 2017//1761
f 2019//1763 2025//1767 2026//1768
f 2022//1765 2028//1769 2021//1764
f 2018//1762 2024//1766 2025//1767
f 1898//13 2019//1763 2026//1768
f 2029//1770 1961//1 2036//1775
f 2028//1769 2031//1771 2024//1766
f 2026//1768 2032//1772 2033//1773
f 2029//1770 2035//1774 2028//1769
f 2024//1766 2032//1772 2025//1767
f 1898//13 2026//1768 2033//1773
f 2036//1775 1961//1 2043//1780
f 2031//1771 2042//1779 2038//1776
f 2032//1772 2040//1778 2033//1773
f 2035//1774 2043//1780 2042//1779
f 2031//1771 2039//1777 2032//1772
f 1898//13 2033//1773 2040//1778
f 2038//1776 2049//1782 1995//7
f 2039//1777 1992//1757 2040//1778
f 2042//1779 1998//1758 2049//1782
f 2038//1776 2046//1781 2039//1777
f 1898//13 2040//1778 1992//1757
f 2043//1780 1961//1 1998//1758
f 2050//1758 2013//1 2020//1737
f 2101//1782 2027//1746 2047//7
f 2098//1781 2027//1746 2030//1749
f 2044//1757 2030//1749 2034//1755
f 2050//1758 2023//1740 2101//1782
f 1989//13 2044//1757 2034//1755
f 2023//1740 2002//1716 2027//1746
f 2020//1737 2013//1 2009//1725
f 1989//13 2034//1755 1996//1707
f 2030//1749 2002//1716 1999//1713
f 2020//1737 2006//1722 2023//1740
f 2034//1755 1999//1713 1996//1707
f 2009//1725 2052//1685 2006//1722
f 1996//1707 1964//1676 1985//1697
f 2002//1716 2052//1685 1925//1643
f 2009//1725 2013//1 2053//1682
f 1989//13 1996//1707 1985//1697
f 2002//1716 1964//1676 1999//1713
f 1964//1676 2057//1650 1985//1697
f 1989//13 1985//1697 2057//1650
f 1925//1643 2059//1665 2055//1660
f 2052//1685 2060//1668 2059//1665
f 2053//1682 2013//1 2060//1668
f 1925//1643 2056//1658 1964//1676
f 2059//1665 2067//1760 2066//1759
f 1989//13 2057//1650 2064//1607
f 2060//1668 2013//1 2067//1760
f 2055//1660 2066//1759 2062//159
f 2056//1658 2064//1607 2057//1650
f 2055//1660 2063//1572 2056//1658
f 1989//13 2064//1607 2071//1763
f 2067//1760 2013//1 2074//1765
f 2066//1759 2069//1761 2062//159
f 2064//1607 2070//1762 2071//1763
f 2067//1760 2073//1764 2066//1759
f 2063//1572 2069//1761 2070//1762
f 2074//1765 2013//1 2081//1770
f 2073//1764 2076//1766 2069//1761
f 2071//1763 2077//1767 2078//1768
f 2074//1765 2080//1769 2073//1764
f 2070//1762 2076//1766 2077//1767
f 1989//13 2071//1763 2078//1768
f 2081//1770 2013//1 2088//1775
f 2080//1769 2083//1771 2076//1766
f 2078//1768 2084//1772 2085//1773
f 2081//1770 2087//1774 2080//1769
f 2076//1766 2084//1772 2077//1767
f 1989//13 2078//1768 2085//1773
f 2088//1775 2013//1 2095//1780
f 2083//1771 2094//1779 2090//1776
f 2084//1772 2092//1778 2085//1773
f 2087//1774 2095//1780 2094//1779
f 2083//1771 2091//1777 2084//1772
f 1989//13 2085//1773 2092//1778
f 2090//1776 2101//1782 2047//7
f 2091//1777 2044//1757 2092//1778
f 2094//1779 2050//1758 2101//1782
f 2090//1776 2098//1781 2091//1777
f 1989//13 2092//1778 2044//1757
f 2095//1780 2013//1 2050//1758
f 2537//1170 2456//1094 2459//1097
f 2483//7 2466//1104 2534//1167
f 2534//1167 2470//1108 2480//1118
f 2425//13 2480//1118 2470//1108
f 2486//1123 2449//1 2456//1094
f 2483//7 2459//1097 2463//1101
f 2425//13 2470//1108 2432//1072
f 2463//1101 2435//1075 2466//1104
f 2459//1097 2445//1085 2442//1082
f 2466//1104 2432//1072 2470//1108
f 2463//1101 2442//1082 2438//1078
f 2456//1094 2449//1 2445//1085
f 2445//1085 2449//1 2489//1125
f 2435//1075 2421//1063 2432//1072
f 2438//1078 2400//1042 2435//1075
f 2445//1085 2488//1124 2442//1082
f 2425//13 2432//1072 2421//1063
f 2442//1082 2377//1022 2438//1078
f 2400//1042 2491//1127 2492//1128
f 2425//13 2421//1063 2493//1129
f 2489//1125 2495//1131 2488//1124
f 2489//1125 2449//1 2496//1132
f 2421//1063 2492//1128 2493//1129
f 2488//1124 2491//1127 2377//1022
f 2496//1132 2502//1137 2495//1131
f 2493//1129 2499//1134 2500//1135
f 2495//1131 2498//159 2491//1127
f 2425//13 2493//1129 2500//1135
f 2492//1128 2498//159 2499//1134
f 2496//1132 2449//1 2503//1138
f 2503//1138 2449//1 2510//1145
f 2498//159 2509//1144 2505//1140
f 2499//1134 2507//1142 2500//1135
f 2502//1137 2510//1145 2509//1144
f 2498//159 2506//1141 2499//1134
f 2425//13 2500//1135 2507//1142
f 2510//1145 2449//1 2517//1152
f 2505//1140 2516//1151 2512//1147
f 2506//1141 2514//1149 2507//1142
f 2509//1144 2517//1152 2516//1151
f 2505//1140 2513//1148 2506//1141
f 2425//13 2507//1142 2514//1149
f 2516//1151 2519//1153 2512//1147
f 2513//1148 2521//1155 2514//1149
f 2517//1152 2523//1157 2516//1151
f 2512//1147 2520//1154 2513//1148
f 2425//13 2514//1149 2521//1155
f 2517//1152 2449//1 2524//1158
f 2521//1155 2527//1160 2528//1161
f 2524//1158 2530//1163 2523//1157
f 2520//1154 2526//1159 2527//1160
f 2425//13 2521//1155 2528//1161
f 2524//1158 2449//1 2531//1164
f 2523//1157 2526//1159 2519//1153
f 2531//1164 2537//1170 2530//1163
f 2527//1160 2483//7 2534//1167
f 2425//13 2528//1161 2480//1118
f 2531//1164 2449//1 2486//1123
f 2530//1163 2483//7 2526//1159
f 2528//1161 2534//1167 2480//1118
f 2660//1919 2631//1892 2638//1899
f 2658//1917 2640//1901 2647//1908
f 2568//13 2658//1917 2647//1908
f 2774//2007 2525//1 2620//1881
f 2664//1923 2629//1890 2662//1921
f 2662//1921 2631//1892 2661//1920
f 2659//1918 2638//1899 2640//1901
f 2774//2007 2622//1883 2664//1923
f 2620//1881 2602//1865 2622//1883
f 2647//1908 2584//1847 2577//1840
f 2638//1899 2593//1856 2586//1849
f 2622//1883 2595//1858 2629//1890
f 2620//1881 2525//1 2604//1867
f 2568//13 2647//1908 2577//1840
f 2640//1901 2586//1849 2584//1847
f 2629//1890 2593//1856 2631//1892
f 2604//1867 2525//1 2539//1804
f 2584//1847 2557//1822 2559//1824
f 2568//13 2577//1840 2566//1831
f 2586//1849 2550//1815 2557//1822
f 2602//1865 2548//1813 2595//1858
f 2577//1840 2559//1824 2566//1831
f 2604//1867 2541//1806 2602//1865
f 2595//1858 2550//1815 2593//1856
f 2559//1824 2670//1927 2671//1928
f 2548//1813 2669//1926 2550//1815
f 2539//1804 2490//1790 2541//1806
f 2557//1822 2669//1926 2670//1927
f 2566//1831 2671//1928 2672//1929
f 2539//1804 2525//1 2522//1798
f 2541//1806 2668//1925 2548//1813
f 2568//13 2566//1831 2672//1929
f 2522//1798 2525//1 2675//1931
f 2490//1790 2675//1931 2674//1930
f 2669//1926 2677//1932 2678//1933
f 2671//1928 2681//1936 2672//1929
f 2668//1925 2674//1930 2677//1932
f 2670//1927 2680//1935 2671//1928
f 2669//1926 2679//1934 2670//1927
f 2568//13 2672//1929 2681//1936
f 2679//1934 2689//1942 2680//1935
f 2675//1931 2525//1 2684//1938
f 2677//1932 2683//1937 2686//1939
f 2680//1935 2690//1943 2681//1936
f 2674//1930 2684//1938 2683//1937
f 2678//1933 2686//1939 2687//1940
f 2678//1933 2688//1941 2679//1934
f 2568//13 2681//1936 2690//1943
f 2684//1938 2525//1 2693//1945
f 2686//1939 2692//1944 2695//1946
f 2568//13 2690//1943 2699//1950
f 2688//1941 2698//1949 2689//1942
f 2683//1937 2693//1945 2692//1944
f 2687//1940 2695//1946 2696//1947
f 2689//1942 2699//1950 2690//1943
f 2687//1940 2697//1948 2688//1941
f 2697//1948 2707//1956 2698//1949
f 2692//1944 2702//1952 2701//1951
f 2696//1947 2704//1953 2705//1954
f 2698//1949 2708//1957 2699//1950
f 2696//1947 2706//1955 2697//1948
f 2693//1945 2525//1 2702//1952
f 2695//1946 2701//1951 2704//1953
f 2568//13 2699//1950 2708//1957
f 2702//1952 2710//1958 2701//1951
f 2704//1953 2714//1961 2705//1954
f 2708//1957 2716//1963 2717//1964
f 2706//1955 2714//1961 2715//1962
f 2702//1952 2525//1 2711//1959
f 2701//1951 2713//1960 2704//1953
f 2568//13 2708//1957 2717//1964
f 2707//1956 2715//1962 2716//1963
f 2715//1962 2723//1968 2724//1969
f 2711//1959 2525//1 2720//1966
f 2710//1958 2722//1967 2713//1960
f 2568//13 2717//1964 2726//1971
f 2716//1963 2724//1969 2725//1970
f 2711//1959 2719//1965 2710//1958
f 2713//1960 2723//1968 2714//1961
f 2717//1964 2725//1970 2726//1971
f 2719//1965 2731//1974 2722//1967
f 2568//13 2726//1971 2735//1978
f 2725//1970 2733//1976 2734//1977
f 2720//1966 2728//1972 2719//1965
f 2722//1967 2732//1975 2723//1968
f 2726//1971 2734//1977 2735//1978
f 2724//1969 2732//1975 2733//1976
f 2720//1966 2525//1 2729//1973
f 2729//1973 2737//1979 2728//1972
f 2731//1974 2741//1982 2732//1975
f 2735//1978 2743//1984 2744//1985
f 2733//1976 2741//1982 2742//1983
f 2729//1973 2525//1 2738//1980
f 2728//1972 2740//1981 2731//1974
f 2568//13 2735//1978 2744//1985
f 2734//1977 2742//1983 2743//1984
f 2741//1982 2749//1988 2750//1989
f 2743//1984 2753//1992 2744//1985
f 2741//1982 2751//1990 2742//1983
f 2738//1980 2525//1 2747//1987
f 2740//1981 2746//1986 2749//1988
f 2568//13 2744//1985 2753//1992
f 2742//1983 2752//1991 2743//1984
f 2737//1979 2747//1987 2746//1986
f 2747//1987 2525//1 2756//1994
f 2749//1988 2755//1993 2758//1995
f 2568//13 2753//1992 2762//1999
f 2751//1990 2761//1998 2752//1991
f 2746//1986 2756//1994 2755//1993
f 2750//1989 2758//1995 2759//1996
f 2752//1991 2762//1999 2753//1992
f 2750//1989 2760//1997 2751//1990
f 2568//13 2762//1999 2771//2006
f 2760//1997 2770//2005 2761//1998
f 2755//1993 2765//2001 2764//2000
f 2759//1996 2767//2002 2768//2003
f 2761//1998 2771//2006 2762//1999
f 2759//1996 2769//2004 2760//1997
f 2756//1994 2525//1 2765//2001
f 2758//1995 2764//2000 2767//2002
f 2764//2000 2774//2007 2664//1923
f 2768//2003 2662//1921 2661//1920
f 2770//2005 2658//1917 2771//2006
f 2768//2003 2660//1919 2769//2004
f 2765//2001 2525//1 2774//2007
f 2767//2002 2664//1923 2662//1921
f 2568//13 2771//2006 2658//1917
f 2769//2004 2659//1918 2770//2005
f 2778//1402 2748//733 2777//7
f 2776//1401 2757//1382 2775//1400
f 2888//1492 2611//1 2736//1362
f 2779//1403 2745//1371 2778//1402
f 2777//7 2754//1379 2776//1401
f 2775//1400 2763//1388 2773//1398
f 2685//13 2773//1398 2763//1388
f 2888//1492 2739//1365 2779//1403
f 2739//1365 2712//1339 2745//1371
f 2736//1362 2611//1 2721//1348
f 2685//13 2763//1388 2694//1322
f 2754//1379 2700//1328 2757//1382
f 2748//733 2712//1339 2709//696
f 2736//1362 2718//1345 2739//1365
f 2763//1388 2700//1328 2694//1322
f 2748//733 2703//1331 2754//1379
f 2709//696 2673//1302 2703//1331
f 2718//1345 2649//1279 2656//1286
f 2721//1348 2611//1 2649//1279
f 2718//1345 2665//1295 2712//1339
f 2703//1331 2676//1305 2700//1328
f 2709//696 2665//1295 2667//600
f 2700//1328 2682//1311 2694//1322
f 2685//13 2694//1322 2682//1311
f 2656//1286 2575//1207 2536//1169
f 2667//600 2784//1407 2673//1302
f 2685//13 2682//1311 2786//1409
f 2682//1311 2785//1408 2786//1409
f 2665//1295 2783//82 2667//600
f 2673//1302 2785//1408 2676//1305
f 2649//1279 2611//1 2575//1207
f 2665//1295 2536//1169 2782//1406
f 2536//1169 2791//1414 2782//1406
f 2784//1407 2794//1416 2785//1408
f 2575//1207 2611//1 2789//1412
f 2685//13 2786//1409 2795//1417
f 2783//82 2793//1415 2784//1407
f 2782//1406 2792//786 2783//82
f 2785//1408 2795//1417 2786//1409
f 2575//1207 2788//1411 2536//1169
f 2791//1414 2801//794 2792//786
f 2793//1415 2803//1423 2794//1416
f 2789//1412 2611//1 2798//1419
f 2685//13 2795//1417 2804//1424
f 2788//1411 2800//1421 2791//1414
f 2792//786 2802//1422 2793//1415
f 2788//1411 2798//1419 2797//1418
f 2794//1416 2804//1424 2795//1417
f 2798//1419 2611//1 2807//1427
f 2797//1418 2809//1429 2800//1421
f 2802//1422 2810//803 2811//1430
f 2685//13 2804//1424 2813//1432
f 2797//1418 2807//1427 2806//1426
f 2800//1421 2810//803 2801//794
f 2803//1423 2811//1430 2812//1431
f 2804//1424 2812//1431 2813//1432
f 2810//803 2820//1436 2811//1430
f 2685//13 2813//1432 2822//1438
f 2806//1426 2816//1434 2815//1433
f 2810//803 2818//1435 2819//159
f 2811//1430 2821//1437 2812//1431
f 2812//1431 2822//1438 2813//1432
f 2807//1427 2611//1 2816//1434
f 2809//1429 2815//1433 2818//1435
f 2815//1433 2825//1441 2824//1440
f 2818//1435 2828//820 2819//159
f 2820//1436 2830//1444 2821//1437
f 2821//1437 2831//1445 2822//1438
f 2816//1434 2611//1 2825//1441
f 2815//1433 2827//1442 2818//1435
f 2820//1436 2828//820 2829//1443
f 2685//13 2822//1438 2831//1445
f 2830//1444 2838//1450 2839//1451
f 2831//1445 2839//1451 2840//1452
f 2825//1441 2611//1 2834//1447
f 2824//1440 2836//1449 2827//1442
f 2828//820 2838//1450 2829//1443
f 2685//13 2831//1445 2840//1452
f 2825//1441 2833//1446 2824//1440
f 2828//820 2836//1449 2837//829
f 2834//1447 2611//1 2843//1455
f 2833//1446 2845//1457 2836//1449
f 2837//829 2847//1458 2838//1450
f 2685//13 2840//1452 2849//1460
f 2833//1446 2843//1455 2842//1454
f 2837//829 2845//1457 2846//837
f 2839//1451 2847//1458 2848//1459
f 2839//1451 2849//1460 2840//1452
f 2685//13 2849//1460 2858//1468
f 2843//1455 2851//1462 2842//1454
f 2846//837 2854//1465 2855//237
f 2847//1458 2857//1467 2848//1459
f 2849//1460 2857//1467 2858//1468
f 2843//1455 2611//1 2852//1463
f 2845//1457 2851//1462 2854//1465
f 2846//837 2856//1466 2847//1458
f 2851//1462 2861//1470 2860//1469
f 2855//237 2863//1471 2864//854
f 2857//1467 2865//1472 2866//1473
f 2857//1467 2867//1474 2858//1468
f 2852//1463 2611//1 2861//1470
f 2851//1462 2863//1471 2854//1465
f 2855//237 2865//1472 2856//1466
f 2685//13 2858//1468 2867//1474
f 2867//1474 2875//1481 2876//1482
f 2861//1470 2611//1 2870//1477
f 2863//1471 2869//1476 2872//1479
f 2864//854 2874//1480 2865//1472
f 2685//13 2867//1474 2876//1482
f 2861//1470 2869//1476 2860//1469
f 2864//854 2872//1479 2873//863
f 2865//1472 2875//1481 2866//1473
f 2869//1476 2881//1487 2872//1479
f 2873//863 2883//1488 2874//1480
f 2685//13 2876//1482 2885//1490
f 2870//1477 2878//1484 2869//1476
f 2873//863 2881//1487 2882//872
f 2875//1481 2883//1488 2884//1489
f 2876//1482 2884//1489 2885//1490
f 2870//1477 2611//1 2879//1485
f 2878//1484 2888//1492 2779//1403
f 2882//872 2778//1402 2777//7
f 2883//1488 2775//1400 2884//1489
f 2884//1489 2773//1398 2885//1490
f 2879//1485 2611//1 2888//1492
f 2878//1484 2778//1402 2881//1487
f 2882//872 2776//1401 2883//1488
f 2685//13 2885//1490 2773//1398
f 2894//1494 2871//1478 2931//1519
f 2928//1518 2877//1483 2880//1486
f 2730//13 2890//1493 2886//1491
f 2894//1494 2796//1 2868//1475
f 2931//1519 2877//1483 2892//7
f 2890//1493 2880//1486 2886//1491
f 2868//1475 2796//1 2853//1464
f 2880//1486 2844//1456 2841//1453
f 2868//1475 2850//1461 2871//1478
f 2730//13 2886//1491 2835//1448
f 2886//1491 2841//1453 2835//1448
f 2871//1478 2844//1456 2877//1483
f 2853//1464 2808//1428 2850//1461
f 2841//1453 2823//1439 2835//1448
f 2730//13 2835//1448 2823//1439
f 2850//1461 2814//1391 2844//1456
f 2853//1464 2796//1 2805//1425
f 2844//1456 2817//1420 2841//1453
f 2814//1391 2787//1410 2781//1405
f 2808//1428 2790//1413 2787//1410
f 2805//1425 2796//1 2790//1413
f 2817//1420 2772//1397 2823//1439
f 2814//1391 2780//1404 2817//1420
f 2730//13 2823//1439 2772//1397
f 2781//1405 2691//1319 2780//1404
f 2787//1410 2897//1496 2896//1495
f 2780//1404 2727//1354 2772//1397
f 2730//13 2772//1397 2727//1354
f 2781//1405 2896//1495 2613//159
f 2790//1413 2796//1 2897//1496
f 2897//1496 2796//1 2904//1501
f 2897//1496 2903//1500 2896//1495
f 2730//13 2727//1354 2901//1499
f 2727//1354 2900//1498 2901//1499
f 2896//1495 2899//1497 2613//159
f 2691//1319 2899//1497 2900//1498
f 2904//1501 2910//1505 2903//1500
f 2903//1500 2906//1502 2899//1497
f 2730//13 2901//1499 2908//1504
f 2900//1498 2906//1502 2907//1503
f 2904//1501 2796//1 2911//1506
f 2901//1499 2907//1503 2908//1504
f 2911//1506 2796//1 2918//1511
f 2910//1505 2913//1507 2906//1502
f 2907//1503 2915//1509 2908//1504
f 2911//1506 2917//1510 2910//1505
f 2907//1503 2913//1507 2914//1508
f 2730//13 2908//1504 2915//1509
f 2918//1511 2796//1 2925//1516
f 2913//1507 2924//1515 2920//1512
f 2914//1508 2922//1514 2915//1509
f 2917//1510 2925//1516 2924//1515
f 2913//1507 2921//1513 2914//1508
f 2730//13 2915//1509 2922//1514
f 2925//1516 2796//1 2894//1494
f 2920//1512 2931//1519 2892//7
f 2921//1513 2890//1493 2922//1514
f 2924//1515 2894//1494 2931//1519
f 2920//1512 2928//1518 2921//1513
f 2730//13 2922//1514 2890//1493
f 2932//1494 2895//1 2902//1475
f 2932//1494 2905//1478 2983//1519
f 2983//1519 2909//1483 2929//7
f 2926//1493 2912//1486 2916//1491
f 2980//1518 2909//1483 2912//1486
f 2832//13 2926//1493 2916//1491
f 2916//1491 2887//1453 2862//1448
f 2905//1478 2889//1456 2909//1483
f 2902//1475 2895//1 2893//1464
f 2832//13 2916//1491 2862//1448
f 2912//1486 2889//1456 2887//1453
f 2902//1475 2891//1461 2905//1478
f 2893//1464 2934//1428 2891//1461
f 2887//1453 2826//1439 2862//1448
f 2832//13 2862//1448 2826//1439
f 2891//1461 2766//1391 2889//1456
f 2893//1464 2895//1 2935//1425
f 2889//1456 2799//1420 2887//1453
f 2832//13 2826//1439 2939//1397
f 2799//1420 2939//1397 2826//1439
f 2934//1428 2942//1413 2941//1410
f 2766//1391 2938//1404 2799//1420
f 2766//1391 2941//1410 2937//1405
f 2935//1425 2895//1 2942//1413
f 2941//1410 2949//1496 2948//1495
f 2938//1404 2946//1354 2939//1397
f 2937//1405 2945//1319 2938//1404
f 2937//1405 2948//1495 2944//159
f 2832//13 2939//1397 2946//1354
f 2942//1413 2895//1 2949//1496
f 2945//1319 2951//1497 2952//1498
f 2832//13 2946//1354 2953//1499
f 2949//1496 2895//1 2956//1501
f 2948//1495 2951//1497 2944//159
f 2946//1354 2952//1498 2953//1499
f 2949//1496 2955//1500 2948//1495
f 2832//13 2953//1499 2960//1504
f 2956//1501 2895//1 2963//1506
f 2955//1500 2958//1502 2951//1497
f 2953//1499 2959//1503 2960//1504
f 2956//1501 2962//1505 2955//1500
f 2952//1498 2958//1502 2959//1503
f 2963//1506 2895//1 2970//1511
f 2962//1505 2965//1507 2958//1502
f 2959//1503 2967//1509 2960//1504
f 2963//1506 2969//1510 2962//1505
f 2959//1503 2965//1507 2966//1508
f 2832//13 2960//1504 2967//1509
f 2970//1511 2895//1 2977//1516
f 2965//1507 2976//1515 2972//1512
f 2966//1508 2974//1514 2967//1509
f 2969//1510 2977//1516 2976//1515
f 2965//1507 2973//1513 2966//1508
f 2832//13 2967//1509 2974//1514
f 2977//1516 2895//1 2932//1494
f 2972//1512 2983//1519 2929//7
f 2973//1513 2926//1493 2974//1514
f 2976//1515 2932//1494 2983//1519
f 2972//1512 2980//1518 2973//1513
f 2832//13 2974//1514 2926//1493
f 2984//1494 2947//1 2954//1475
f 2984//1494 2957//1478 3035//1519
f 3035//1519 2961//1483 2981//7
f 2978//1493 2964//1486 2968//1491
f 3032//1518 2961//1483 2964//1486
f 2923//13 2978//1493 2968//1491
f 2968//1491 2933//1453 2930//1448
f 2957//1478 2936//1456 2961//1483
f 2954//1475 2947//1 2943//1464
f 2923//13 2968//1491 2930//1448
f 2964//1486 2936//1456 2933//1453
f 2954//1475 2940//1461 2957//1478
f 2943//1464 2947//1 2987//1425
f 2933//1453 2919//1439 2930//1448
f 2940//1461 2859//1391 2936//1456
f 2943//1464 2986//1428 2940//1461
f 2923//13 2930//1448 2919//1439
f 2936//1456 2898//1420 2933//1453
f 2923//13 2919//1439 2991//1397
f 2898//1420 2991//1397 2919//1439
f 2859//1391 2990//1404 2898//1420
f 2986//1428 2994//1413 2993//1410
f 2859//1391 2993//1410 2989//1405
f 2987//1425 2947//1 2994//1413
f 2994//1413 2947//1 3001//1496
f 2989//1405 2997//1319 2990//1404
f 2990//1404 2998//1354 2991//1397
f 2993//1410 3001//1496 3000//1495
f 2923//13 2991//1397 2998//1354
f 2989//1405 3000//1495 2996//159
f 2997//1319 3003//1497 3004//1498
f 2923//13 2998//1354 3005//1499
f 3001//1496 2947//1 3008//1501
f 3000//1495 3003//1497 2996//159
f 2998//1354 3004//1498 3005//1499
f 3001//1496 3007//1500 3000//1495
f 2923//13 3005//1499 3012//1504
f 3008//1501 2947//1 3015//1506
f 3007//1500 3010//1502 3003//1497
f 3005//1499 3011//1503 3012//1504
f 3008//1501 3014//1505 3007//1500
f 3004//1498 3010//1502 3011//1503
f 3015//1506 2947//1 3022//1511
f 3014//1505 3017//1507 3010//1502
f 3011//1503 3019//1509 3012//1504
f 3015//1506 3021//1510 3014//1505
f 3011//1503 3017//1507 3018//1508
f 2923//13 3012//1504 3019//1509
f 3022//1511 2947//1 3029//1516
f 3017//1507 3028//1515 3024//1512
f 3018//1508 3026//1514 3019//1509
f 3021//1510 3029//1516 3028//1515
f 3017//1507 3025//1513 3018//1508
f 2923//13 3019//1509 3026//1514
f 3029//1516 2947//1 2984//1494
f 3024//1512 3035//1519 2981//7
f 3025//1513 2978//1493 3026//1514
f 3028//1515 2984//1494 3035//1519
f 3024//1512 3032//1518 3025//1513
f 2923//13 3026//1514 2978//1493
f 3272//1756 3120//1617 3162//1657
f 3158//1654 3129//1625 3136//2012
f 3156//1652 3138//1634 3145//1641
f 3066//13 3156//1652 3145//1641
f 3272//1756 3023//1 3118//1615
f 3162//1657 3127//2010 3160//1655
f 3160//1655 3129//1625 3159//7
f 3157//1653 3136//2012 3138//1634
f 3138//1634 3084//1583 3082//1581
f 3127//2010 3091//1589 3129//1625
f 3118//1615 3100//1598 3120//1617
f 3145//1641 3082//1581 3075//1574
f 3136//2012 3091//1589 3084//1583
f 3120//1617 3093//1591 3127//2010
f 3118//1615 3023//1 3102//1600
f 3066//13 3145//1641 3075//1574
f 3102//1600 3039//1540 3100//1598
f 3102//1600 3023//1 3037//1538
f 3093//1591 3048//1549 3091//1589
f 3066//13 3075//1574 3064//1564
f 3082//1581 3055//1555 3057//1557
f 3084//1583 3048//1549 3055//1555
f 3100//1598 3046//1547 3093//1591
f 3075//1574 3057//1557 3064//1564
f 3066//13 3064//1564 3170//1664
f 3057//1557 3168//1662 3169//1663
f 3039//1540 3166//1661 3046//1547
f 3046//1547 3167//82 3048//1549
f 3055//1555 3167//82 3168//1662
f 3064//1564 3169//1663 3170//1664
f 3037//1538 2988//1525 3039//1540
f 3037//1538 3023//1 3020//1533
f 3168//1662 3178//1672 3169//1663
f 2988//1525 3173//1667 3172//1666
f 3169//1663 3179//1673 3170//1664
f 3167//82 3177//1671 3168//1662
f 3066//13 3170//1664 3179//1673
f 3020//1533 3023//1 3173//1667
f 3167//82 3175//1669 3176//1670
f 3166//1661 3172//1666 3175//1669
f 3172//1666 3182//1675 3181//1674
f 3176//1670 3184//1677 3185//1678
f 3178//1672 3188//1681 3179//1673
f 3177//1671 3187//1680 3178//1672
f 3173//1667 3023//1 3182//1675
f 3175//1669 3181//1674 3184//1677
f 3176//1670 3186//1679 3177//1671
f 3066//13 3179//1673 3188//1681
f 3185//1678 3195//1688 3186//1679
f 3182//1675 3023//1 3191//1684
f 3184//1677 3190//1683 3193//1686
f 3066//13 3188//1681 3197//1690
f 3186//1679 3196//1689 3187//1680
f 3181//1674 3191//1684 3190//1683
f 3185//1678 3193//1686 3194//1687
f 3187//1680 3197//1690 3188//1681
f 3193//1686 3199//1691 3202//1693
f 3066//13 3197//1690 3206//1696
f 3195//1688 3205//1695 3196//1689
f 3190//1683 3200//1692 3199//1691
f 3194//1687 3202//1693 3203//159
f 3196//1689 3206//1696 3197//1690
f 3194//1687 3204//1694 3195//1688
f 3191//1684 3023//1 3200//1692
f 3200//1692 3208//1698 3199//1691
f 3202//1693 3212//1701 3203//159
f 3206//1696 3214//1703 3215//1704
f 3204//1694 3212//1701 3213//1702
f 3200//1692 3023//1 3209//1699
f 3199//1691 3211//1700 3202//1693
f 3066//13 3206//1696 3215//1704
f 3205//1695 3213//1702 3214//1703
f 3211//1700 3221//1709 3212//1701
f 3215//1704 3223//1711 3224//1712
f 3213//1702 3221//1709 3222//1710
f 3209//1699 3023//1 3218//1706
f 3208//1698 3220//1708 3211//1700
f 3066//13 3215//1704 3224//1712
f 3214//1703 3222//1710 3223//1711
f 3209//1699 3217//1705 3208//1698
f 3218//1706 3023//1 3227//1715
f 3217//1705 3229//1717 3220//1708
f 3066//13 3224//1712 3233//1721
f 3223//1711 3231//1719 3232//1720
f 3218//1706 3226//1714 3217//1705
f 3220//1708 3230//1718 3221//1709
f 3224//1712 3232//1720 3233//1721
f 3222//1710 3230//1718 3231//1719
f 3066//13 3233//1721 3242//1729
f 3232//1720 3240//1727 3241//1728
f 3227//1715 3235//1723 3226//1714
f 3229//1717 3239//237 3230//1718
f 3233//1721 3241//1728 3242//1729
f 3231//1719 3239//237 3240//1727
f 3227//1715 3023//1 3236//1724
f 3226//1714 3238//1726 3229//1717
f 3235//1723 3245//1731 3244//1730
f 3239//237 3247//1732 3248//1733
f 3241//1728 3251//1736 3242//1729
f 3239//237 3249//1734 3240//1727
f 3236//1724 3023//1 3245//1731
f 3238//1726 3244//1730 3247//1732
f 3066//13 3242//1729 3251//1736
f 3240//1727 3250//1735 3241//1728
f 3250//1735 3260//1745 3251//1736
f 3248//1733 3258//1743 3249//1734
f 3245//1731 3023//1 3254//1739
f 3247//1732 3253//1738 3256//1741
f 3066//13 3251//1736 3260//1745
f 3249//1734 3259//1744 3250//1735
f 3244//1730 3254//1739 3253//1738
f 3248//1733 3256//1741 3257//1742
f 3254//1739 3023//1 3263//1748
f 3256//1741 3262//1747 3265//1750
f 3066//13 3260//1745 3269//1754
f 3258//1743 3268//1753 3259//1744
f 3253//1738 3263//1748 3262//1747
f 3257//1742 3265//1750 3266//1751
f 3259//1744 3269//1754 3260//1745
f 3257//1742 3267//1752 3258//1743
f 3267//1752 3157//1653 3268//1753
f 3262//1747 3272//1756 3162//1657
f 3266//1751 3160//1655 3159//7
f 3268//1753 3156//1652 3269//1754
f 3266//1751 3158//1654 3267//1752
f 3263//1748 3023//1 3272//1756
f 3265//1750 3162//1657 3160//1655
f 3066//13 3269//1754 3156//1652
f 3278//1758 3255//1740 3315//1782
f 3312//1781 3261//1746 3264//1749
f 3278//1758 3180//1 3252//1737
f 3315//1782 3261//1746 3276//7
f 3274//1757 3264//1749 3270//1755
f 3111//13 3274//1757 3270//1755
f 3255//1740 3228//1716 3261//1746
f 3252//1737 3180//1 3237//1725
f 3111//13 3270//1755 3219//1707
f 3264//1749 3228//1716 3225//1713
f 3252//1737 3234//1722 3255//1740
f 3270//1755 3225//1713 3219//1707
f 3228//1716 3201//1676 3225//1713
f 3237//1725 3192//1685 3234//1722
f 3219//1707 3201//1676 3207//1697
f 3111//13 3219//1707 3207//1697
f 3228//1716 3192//1685 3198//1643
f 3237//1725 3180//1 3189//1682
f 3198//1643 3171//1665 3165//1660
f 3111//13 3207//1697 3154//1650
f 3192//1685 3174//1668 3171//1665
f 3189//1682 3180//1 3174//1668
f 3201//1676 3154//1650 3207//1697
f 3198//1643 3163//1658 3201//1676
f 3174//1668 3180//1 3281//1760
f 3165//1660 3073//1572 3163//1658
f 3171//1665 3281//1760 3280//1759
f 3163//1658 3109//1607 3154//1650
f 3165//1660 3280//1759 3034//159
f 3111//13 3154//1650 3109//1607
f 3073//1572 3283//1761 3284//1762
f 3280//1759 3283//1761 3034//159
f 3111//13 3109//1607 3285//1763
f 3109//1607 3284//1762 3285//1763
f 3281//1760 3180//1 3288//1765
f 3281//1760 3287//1764 3280//1759
f 3111//13 3285//1763 3292//1768
f 3284//1762 3290//1766 3291//1767
f 3285//1763 3291//1767 3292//1768
f 3287//1764 3290//1766 3283//1761
f 3288//1765 3294//1769 3287//1764
f 3288//1765 3180//1 3295//1770
f 3111//13 3292//1768 3299//1773
f 3295//1770 3180//1 3302//1775
f 3294//1769 3297//1771 3290//1766
f 3292//1768 3298//1772 3299//1773
f 3295//1770 3301//1774 3294//1769
f 3290//1766 3298//1772 3291//1767
f 3302//1775 3180//1 3309//1780
f 3297//1771 3308//1779 3304//1776
f 3298//1772 3306//1778 3299//1773
f 3301//1774 3309//1780 3308//1779
f 3297//1771 3305//1777 3298//1772
f 3111//13 3299//1773 3306//1778
f 3309//1780 3180//1 3278//1758
f 3304//1776 3315//1782 3276//7
f 3305//1777 3274//1757 3306//1778
f 3308//1779 3278//1758 3315//1782
f 3304//1776 3312//1781 3305//1777
f 3111//13 3306//1778 3274//1757
f 3216//13 3310//1757 3300//1755
f 3316//1758 3279//1 3286//1737
f 3316//1758 3289//1740 3367//1782
f 3367//1782 3293//1746 3313//7
f 3310//1757 3296//1749 3300//1755
f 3364//1781 3293//1746 3296//1749
f 3300//1755 3271//1713 3246//1707
f 3289//1740 3273//1716 3293//1746
f 3286//1737 3279//1 3277//1725
f 3216//13 3300//1755 3246//1707
f 3296//1749 3273//1716 3271//1713
f 3286//1737 3275//1722 3289//1740
f 3273//1716 3183//1676 3271//1713
f 3216//13 3246//1707 3210//1697
f 3273//1716 3318//1685 3147//1643
f 3277//1725 3279//1 3319//1682
f 3246//1707 3183//1676 3210//1697
f 3277//1725 3318//1685 3275//1722
f 3147//1643 3325//1665 3321//1660
f 3216//13 3210//1697 3323//1650
f 3183//1676 3323//1650 3210//1697
f 3318//1685 3326//1668 3325//1665
f 3147//1643 3322//1658 3183//1676
f 3319//1682 3279//1 3326//1668
f 3321//1660 3332//1759 3328//159
f 3216//13 3323//1650 3330//1607
f 3322//1658 3330//1607 3323//1650
f 3321//1660 3329//1572 3322//1658
f 3325//1665 3333//1760 3332//1759
f 3326//1668 3279//1 3333//1760
f 3333//1760 3339//1764 3332//1759
f 3329//1572 3335//1761 3336//1762
f 3216//13 3330//1607 3337//1763
f 3333//1760 3279//1 3340//1765
f 3332//1759 3335//1761 3328//159
f 3330//1607 3336//1762 3337//1763
f 3336//1762 3342//1766 3343//1767
f 3216//13 3337//1763 3344//1768
f 3340//1765 3279//1 3347//1770
f 3339//1764 3342//1766 3335//1761
f 3337//1763 3343//1767 3344//1768
f 3340//1765 3346//1769 3339//1764
f 3216//13 3344//1768 3351//1773
f 3347//1770 3279//1 3354//1775
f 3346//1769 3349//1771 3342//1766
f 3344//1768 3350//1772 3351//1773
f 3347//1770 3353//1774 3346//1769
f 3342//1766 3350//1772 3343//1767
f 3354//1775 3279//1 3361//1780
f 3349//1771 3360//1779 3356//1776
f 3350//1772 3358//1778 3351//1773
f 3353//1774 3361//1780 3360//1779
f 3349//1771 3357//1777 3350//1772
f 3216//13 3351//1773 3358//1778
f 3361//1780 3279//1 3316//1758
f 3356//1776 3367//1782 3313//7
f 3357//1777 3310//1757 3358//1778
f 3360//1779 3316//1758 3367//1782
f 3356//1776 3364//1781 3357//1777
f 3216//13 3358//1778 3310//1757
f 3307//13 3362//1757 3352//1755
f 3368//1758 3331//1 3338//1737
f 3368//1758 3341//1740 3419//1782
f 3419//1782 3345//1746 3365//7
f 3362//1757 3348//1749 3352//1755
f 3416//1781 3345//1746 3348//1749
f 3352//1755 3317//1713 3314//1707
f 3341//1740 3320//1716 3345//1746
f 3338//1737 3331//1 3327//1725
f 3307//13 3352//1755 3314//1707
f 3348//1749 3320//1716 3317//1713
f 3338//1737 3324//1722 3341//1740
f 3327//1725 3331//1 3371//1682
f 3320//1716 3282//1676 3317//1713
f 3320//1716 3370//1685 3243//1643
f 3314//1707 3282//1676 3303//1697
f 3327//1725 3370//1685 3324//1722
f 3307//13 3314//1707 3303//1697
f 3282//1676 3375//1650 3303//1697
f 3243//1643 3374//1658 3282//1676
f 3243//1643 3377//1665 3373//1660
f 3371//1682 3331//1 3378//1668
f 3307//13 3303//1697 3375//1650
f 3370//1685 3378//1668 3377//1665
f 3374//1658 3382//1607 3375//1650
f 3378//1668 3331//1 3385//1760
f 3373//1660 3384//1759 3380//159
f 3307//13 3375//1650 3382//1607
f 3377//1665 3385//1760 3384//1759
f 3373//1660 3381//1572 3374//1658
f 3385//1760 3391//1764 3384//1759
f 3381//1572 3387//1761 3388//1762
f 3307//13 3382//1607 3389//1763
f 3385//1760 3331//1 3392//1765
f 3384//1759 3387//1761 3380//159
f 3382//1607 3388//1762 3389//1763
f 3388//1762 3394//1766 3395//1767
f 3307//13 3389//1763 3396//1768
f 3392//1765 3331//1 3399//1770
f 3391//1764 3394//1766 3387//1761
f 3389//1763 3395//1767 3396//1768
f 3392//1765 3398//1769 3391//1764
f 3307//13 3396//1768 3403//1773
f 3399//1770 3331//1 3406//1775
f 3398//1769 3401//1771 3394//1766
f 3396//1768 3402//1772 3403//1773
f 3399//1770 3405//1774 3398//1769
f 3395//1767 3401//1771 3402//1772
f 3406//1775 3331//1 3413//1780
f 3401//1771 3412//1779 3408//1776
f 3402//1772 3410//1778 3403//1773
f 3405//1774 3413//1780 3412//1779
f 3401//1771 3409//1777 3402//1772
f 3307//13 3403//1773 3410//1778
f 3413//1780 3331//1 3368//1758
f 3408//1776 3419//1782 3365//7
f 3409//1777 3362//1757 3410//1778
f 3412//1779 3368//1758 3419//1782
f 3408//1776 3416//1781 3409//1777
f 3307//13 3410//1778 3362//1757
f 3554//2107 3527//2100 3605//2146
f 3602//2144 3531//2050 3534//2101
f 3602//2144 3538//2102 3548//2105
f 3490//13 3548//2105 3538//2102
f 3554//2107 3517//1 3524//2099
f 3605//2146 3531//2050 3551//7
f 3490//13 3538//2102 3500//2092
f 3531//2050 3503//2094 3534//2101
f 3527//2100 3513//2097 3510//2096
f 3534//2101 3500//2092 3538//2102
f 3531//2050 3510//2096 3506//2055
f 3524//2099 3517//1 3513//2097
f 3513//2097 3517//1 3557//2110
f 3503//2094 3489//2085 3500//2092
f 3513//2097 3556//2109 3510//2096
f 3506//2055 3468//2069 3503//2094
f 3490//13 3500//2092 3489//2085
f 3510//2096 3441//2044 3506//2055
f 3557//2110 3517//1 3564//2115
f 3441//2044 3560//2111 3468//2069
f 3490//13 3489//2085 3561//2112
f 3468//2069 3561//2112 3489//2085
f 3556//2109 3559//2062 3441//2044
f 3556//2109 3564//2115 3563//2114
f 3490//13 3561//2112 3568//2118
f 3560//2111 3566//159 3567//2117
f 3563//2114 3566//159 3559//2062
f 3564//2115 3517//1 3571//2120
f 3560//2111 3568//2118 3561//2112
f 3563//2114 3571//2120 3570//2119
f 3571//2120 3517//1 3578//2126
f 3570//2119 3573//2072 3566//159
f 3568//2118 3574//2122 3575//2123
f 3571//2120 3577//2125 3570//2119
f 3567//2117 3573//2072 3574//2122
f 3490//13 3568//2118 3575//2123
f 3577//2125 3580//2077 3573//2072
f 3574//2122 3582//2129 3575//2123
f 3577//2125 3585//2131 3584//2130
f 3574//2122 3580//2077 3581//2128
f 3490//13 3575//2123 3582//2129
f 3578//2126 3517//1 3585//2131
f 3581//2128 3589//2134 3582//2129
f 3584//2130 3592//2137 3591//2136
f 3580//2077 3588//2133 3581//2128
f 3490//13 3582//2129 3589//2134
f 3585//2131 3517//1 3592//2137
f 3584//2130 3587//2082 3580//2077
f 3591//2136 3599//2142 3598//2141
f 3587//2082 3595//2139 3588//2133
f 3490//13 3589//2134 3596//2140
f 3592//2137 3517//1 3599//2142
f 3591//2136 3594//2088 3587//2082
f 3588//2133 3596//2140 3589//2134
f 3598//2141 3554//2107 3605//2146
f 3595//2139 3551//7 3602//2144
f 3490//13 3596//2140 3548//2105
f 3599//2142 3517//1 3554//2107
f 3598//2141 3551//7 3594//2088
f 3595//2139 3548//2105 3596//2140
f 3606//2147 3579//2127 3657//2186
f 3654//2184 3583//2050 3586//2132
f 3654//2184 3590//2135 3600//2143
f 3545//13 3600//2143 3590//2135
f 3606//2147 3569//1 3576//2124
f 3657//2186 3583//2050 3603//7
f 3545//13 3590//2135 3552//2106
f 3583//2050 3555//2108 3586//2132
f 3576//2124 3562//2113 3579//2127
f 3590//2135 3555//2108 3552//2106
f 3579//2127 3558//2055 3583//2050
f 3576//2124 3569//1 3565//2116
f 3565//2116 3569//1 3609//2150
f 3552//2106 3520//2098 3541//2104
f 3565//2116 3608//2149 3562//2113
f 3558//2055 3520//2098 3555//2108
f 3545//13 3552//2106 3541//2104
f 3562//2113 3497//2044 3558//2055
f 3520//2098 3613//2152 3541//2104
f 3608//2149 3611//2062 3497//2044
f 3609//2150 3615//2154 3608//2149
f 3609//2150 3569//1 3616//2155
f 3545//13 3541//2104 3613//2152
f 3497//2044 3612//2151 3520//2098
f 3611//2062 3622//2159 3618//159
f 3611//2062 3619//2157 3612//2151
f 3545//13 3613//2152 3620//2158
f 3612//2151 3620//2158 3613//2152
f 3616//2155 3622//2159 3615//2154
f 3616//2155 3569//1 3623//2160
f 3623//2160 3569//1 3630//2166
f 3618//159 3629//2165 3625//2072
f 3619//2157 3627//2163 3620//2158
f 3622//2159 3630//2166 3629//2165
f 3618//159 3626//2162 3619//2157
f 3545//13 3620//2158 3627//2163
f 3629//2165 3632//2077 3625//2072
f 3626//2162 3634//2169 3627//2163
f 3629//2165 3637//2171 3636//2170
f 3625//2072 3633//2168 3626//2162
f 3545//13 3627//2163 3634//2169
f 3630//2166 3569//1 3637//2171
f 3633//2168 3641//2174 3634//2169
f 3637//2171 3643//2176 3636//2170
f 3633//2168 3639//2082 3640//2173
f 3545//13 3634//2169 3641//2174
f 3637//2171 3569//1 3644//2177
f 3636//2170 3639//2082 3632//2077
f 3644//2177 3650//2181 3643//2176
f 3640//2173 3646//2088 3647//2179
f 3545//13 3641//2174 3648//2180
f 3644//2177 3569//1 3651//2182
f 3643//2176 3646//2088 3639//2082
f 3641//2174 3647//2179 3648//2180
f 3650//2181 3606//2147 3657//2186
f 3647//2179 3603//7 3654//2184
f 3545//13 3648//2180 3600//2143
f 3651//2182 3569//1 3606//2147
f 3650//2181 3603//7 3646//2088
f 3647//2179 3600//2143 3648//2180
f 3658//2187 3631//2167 3708//2226
f 3705//2224 3635//2050 3638//2172
f 3652//2183 3638//2172 3642//2175
f 3597//13 3652//2183 3642//2175
f 3658//2187 3621//1 3628//2164
f 3708//2226 3635//2050 3655//7
f 3597//13 3642//2175 3604//2145
f 3638//2172 3610//2055 3607//2148
f 3631//2167 3617//2156 3614//2153
f 3638//2172 3604//2145 3642//2175
f 3631//2167 3610//2055 3635//2050
f 3628//2164 3621//1 3617//2156
f 3617//2156 3621//1 3661//2190
f 3607//2148 3593//2138 3604//2145
f 3617//2156 3660//2189 3614//2153
f 3610//2055 3572//2121 3607//2148
f 3597//13 3604//2145 3593//2138
f 3614//2153 3549//2044 3610//2055
f 3572//2121 3663//2062 3664//2191
f 3660//2189 3668//2195 3667//2194
f 3661//2190 3621//1 3668//2195
f 3572//2121 3665//2192 3593//2138
f 3597//13 3593//2138 3665//2192
f 3660//2189 3663//2062 3549//2044
f 3667//2194 3670//159 3663//2062
f 3664//2191 3670//159 3671//2197
f 3668//2195 3621//1 3675//2200
f 3597//13 3665//2192 3672//2198
f 3664//2191 3672//2198 3665//2192
f 3668//2195 3674//2199 3667//2194
f 3675//2200 3621//1 3682//2206
f 3674//2199 3677//2072 3670//159
f 3671//2197 3679//2203 3672//2198
f 3674//2199 3682//2206 3681//2205
f 3670//159 3678//2202 3671//2197
f 3597//13 3672//2198 3679//2203
f 3677//2072 3688//2210 3684//2077
f 3678//2202 3686//2209 3679//2203
f 3681//2205 3689//2211 3688//2210
f 3677//2072 3685//2208 3678//2202
f 3597//13 3679//2203 3686//2209
f 3682//2206 3621//1 3689//2211
f 3685//2208 3693//2214 3686//2209
f 3688//2210 3696//2217 3695//2216
f 3684//2077 3692//2213 3685//2208
f 3597//13 3686//2209 3693//2214
f 3689//2211 3621//1 3696//2217
f 3688//2210 3691//2082 3684//2077
f 3695//2216 3703//2222 3702//2221
f 3692//2213 3698//2088 3699//2219
f 3597//13 3693//2214 3700//2220
f 3696//2217 3621//1 3703//2222
f 3695//2216 3698//2088 3691//2082
f 3692//2213 3700//2220 3693//2214
f 3703//2222 3708//2226 3702//2221
f 3698//2088 3705//2224 3699//2219
f 3597//13 3700//2220 3652//2183
f 3703//2222 3621//1 3658//2187
f 3702//2221 3655//7 3698//2088
f 3700//2220 3705//2224 3652//2183
f 3755//2263 3680//2204 3683//2207
f 3753//2262 3687//2050 3690//2212
f 3753//2262 3694//2215 3704//2223
f 3649//13 3704//2223 3694//2215
f 3709//2227 3673//1 3680//2204
f 3755//2263 3687//2050 3706//7
f 3649//13 3694//2215 3656//2185
f 3690//2212 3662//2055 3659//2188
f 3680//2204 3666//2193 3683//2207
f 3690//2212 3656//2185 3694//2215
f 3683//2207 3662//2055 3687//2050
f 3680//2204 3673//1 3669//2196
f 3669//2196 3673//1 3712//2230
f 3659//2188 3645//2178 3656//2185
f 3666//2193 3712//2230 3711//2229
f 3659//2188 3601//2044 3624//2161
f 3649//13 3656//2185 3645//2178
f 3666//2193 3601//2044 3662//2055
f 3601//2044 3715//2231 3624//2161
f 3649//13 3645//2178 3716//2232
f 3712//2230 3718//2234 3711//2229
f 3712//2230 3673//1 3719//2235
f 3624//2161 3716//2232 3645//2178
f 3601//2044 3718//2234 3714//2062
f 3715//2231 3723//2238 3716//2232
f 3718//2234 3721//159 3714//2062
f 3649//13 3716//2232 3723//2238
f 3714//2062 3722//2237 3715//2231
f 3719//2235 3673//1 3726//2240
f 3719//2235 3725//2239 3718//2234
f 3726//2240 3673//1 3732//2245
f 3721//159 3731//2244 3727//2072
f 3722//2237 3729//2242 3723//2238
f 3726//2240 3731//2244 3725//2239
f 3721//159 3728//2241 3722//2237
f 3649//13 3723//2238 3729//2242
f 3731//2244 3734//2077 3727//2072
f 3728//2241 3736//2248 3729//2242
f 3732//2245 3738//2249 3731//2244
f 3727//2072 3735//2247 3728//2241
f 3649//13 3729//2242 3736//2248
f 3732//2245 3673//1 3739//2250
f 3735//2247 3743//2253 3736//2248
f 3739//2250 3745//2255 3738//2249
f 3734//2077 3742//2252 3735//2247
f 3649//13 3736//2248 3743//2253
f 3739//2250 3673//1 3746//2256
f 3738//2249 3741//2082 3734//2077
f 3745//2255 3751//2260 3750//2259
f 3742//2252 3747//2088 3748//2257
f 3649//13 3743//2253 3749//2258
f 3746//2256 3673//1 3751//2260
f 3745//2255 3747//2088 3741//2082
f 3742//2252 3749//2258 3743//2253
f 3751//2260 3755//2263 3750//2259
f 3748//2257 3706//7 3753//2262
f 3649//13 3749//2258 3704//2223
f 3751//2260 3673//1 3709//2227
f 3750//2259 3706//7 3747//2088
f 3748//2257 3704//2223 3749//2258
f 3756//2264 3733//2246 3790//2292
f 3789//2291 3737//2050 3740//2251
f 3752//2261 3740//2251 3744//2254
f 3701//13 3752//2261 3744//2254
f 3756//2264 3724//1 3730//2243
f 3790//2292 3737//2050 3754//7
f 3701//13 3744//2254 3707//2225
f 3737//2050 3710//2228 3740//2251
f 3730//2243 3717//2233 3733//2246
f 3744//2254 3710//2228 3707//2225
f 3733//2246 3713//2055 3737//2050
f 3730//2243 3724//1 3720//2236
f 3720//2236 3724//1 3758//2266
f 3710//2228 3697//2218 3707//2225
f 3720//2236 3757//2265 3717//2233
f 3713//2055 3676//2201 3710//2228
f 3701//13 3707//2225 3697//2218
f 3717//2233 3653//2044 3713//2055
f 3653//2044 3760//2267 3676//2201
f 3757//2265 3763//2270 3762//2269
f 3701//13 3697//2218 3761//2268
f 3758//2266 3724//1 3763//2270
f 3676//2201 3761//2268 3697//2218
f 3757//2265 3759//2062 3653//2044
f 3761//2268 3765//2271 3766//2272
f 3762//2269 3764//159 3759//2062
f 3701//13 3761//2268 3766//2272
f 3760//2267 3764//159 3765//2271
f 3763//2270 3724//1 3768//2274
f 3763//2270 3767//2273 3762//2269
f 3768//2274 3724//1 3773//2278
f 3767//2273 3769//2072 3764//159
f 3765//2271 3771//2276 3766//2272
f 3767//2273 3773//2278 3772//2277
f 3764//159 3770//2275 3765//2271
f 3701//13 3766//2272 3771//2276
f 3769//2072 3777//2281 3774//2077
f 3771//2276 3775//2279 3776//2280
f 3772//2277 3778//2282 3777//2281
f 3769//2072 3775//2279 3770//2275
f 3701//13 3771//2276 3776//2280
f 3773//2278 3724//1 3778//2282
f 3775//2279 3781//2284 3776//2280
f 3777//2281 3783//2286 3782//2285
f 3774//2077 3780//2283 3775//2279
f 3701//13 3776//2280 3781//2284
f 3778//2282 3724//1 3783//2286
f 3777//2281 3779//2082 3774//2077
f 3782//2285 3788//2290 3787//2289
f 3779//2082 3785//2287 3780//2283
f 3701//13 3781//2284 3786//2288
f 3783//2286 3724//1 3788//2290
f 3782//2285 3784//2088 3779//2082
f 3780//2283 3786//2288 3781//2284
f 3788//2290 3790//2292 3787//2289
f 3785//2287 3754//7 3789//2291
f 3701//13 3786//2288 3752//2261
f 3788//2290 3724//1 3756//2264
f 3787//2289 3754//7 3784//2088
f 3786//2288 3789//2291 3752//2261
f 1219//1170 1168//1123 1138//1094
f 1165//7 1145//1101 1148//1104
f 1216//1167 1148//1104 1152//1108
f 1165//7 1219//1170 1141//1097
f 1145//1101 1120//1078 1117//1075
f 1141//1097 1138//1094 1127//1085
f 1148//1104 1117//1075 1114//1072
f 1145//1101 1141//1097 1124//1082
f 1120//1078 1059//1022 1082//1042
f 1124//1082 1170//1124 1059//1022
f 1127//1085 1171//1125 1170//1124
f 1117//1075 1082//1042 1103//1063
f 1082//1042 1059//1022 1173//1127
f 1171//1125 1178//1132 1177//1131
f 1103//1063 1082//1042 1174//1128
f 1170//1124 1177//1131 1173//1127
f 1177//1131 1184//1137 1180//159
f 1174//1128 1173//1127 1180//159
f 1178//1132 1185//1138 1184//1137
f 1175//1129 1174//1128 1181//1134
f 1181//1134 1188//1141 1189//1142
f 1184//1137 1185//1138 1192//1145
f 1180//159 1187//1140 1188//1141
f 1180//159 1184//1137 1191//1144
f 1191//1144 1192//1145 1199//1152
f 1187//1140 1194//1147 1195//1148
f 1187//1140 1191//1144 1198//1151
f 1188//1141 1195//1148 1196//1149
f 1199//1152 1206//1158 1205//1157
f 1194//1147 1201//1153 1202//1154
f 1198//1151 1205//1157 1201//1153
f 1195//1148 1202//1154 1203//1155
f 1206//1158 1213//1164 1212//1163
f 1202//1154 1201//1153 1208//1159
f 1205//1157 1212//1163 1208//1159
f 1203//1155 1202//1154 1209//1160
f 1213//1164 1168//1123 1219//1170
f 1209//1160 1208//1159 1165//7
f 1212//1163 1219//1170 1165//7
f 1210//1161 1209//1160 1216//1167
f 1456//1399 1302//1250 1304//1252
f 1344//1292 1311//1259 1313//1261
f 1342//1290 1343//1291 1313//1261
f 1340//1288 1341//1289 1322//1270
f 1346//1294 1304//1252 1311//1259
f 1341//1289 1342//1290 1320//1268
f 1329//1277 1322//1270 1266//1216
f 1320//1268 1313//1261 1275//1225
f 1304//1252 1284//1234 1277//1227
f 1322//1270 1320//1268 1268//1218
f 1311//1259 1277//1227 1275//1225
f 1302//1250 1286//1236 1284//1234
f 1268//1218 1275//1225 1232//1183
f 1284//1234 1223//1174 1230//1181
f 1259//1209 1266//1216 1241//1192
f 1286//1236 1221//1172 1223//1174
f 1277//1227 1230//1181 1232//1183
f 1266//1216 1268//1218 1239//1190
f 1221//1172 1204//1156 1172//1126
f 1239//1190 1232//1183 1351//1298
f 1248//1199 1241//1192 1353//1300
f 1223//1174 1172//1126 1350//1297
f 1241//1192 1239//1190 1352//1299
f 1230//1181 1350//1297 1351//1298
f 1351//1298 1350//1297 1359//1306
f 1350//1297 1172//1126 1356//1303
f 1352//1299 1361//1308 1362//1309
f 1172//1126 1204//1156 1357//1304
f 1353//1300 1362//1309 1363//1310
f 1351//1298 1360//1307 1361//1308
f 1359//1306 1356//1303 1365//1312
f 1361//1308 1370//1316 1371//1317
f 1356//1303 1357//1304 1366//1313
f 1360//1307 1359//1306 1368//1314
f 1360//1307 1369//1315 1370//1316
f 1362//1309 1371//1317 1372//1318
f 1370//1316 1379//1325 1380//1326
f 1365//1312 1366//1313 1375//1321
f 1369//1315 1368//1314 1377//1323
f 1371//1317 1380//1326 1381//1327
f 1369//1315 1378//1324 1379//1325
f 1368//1314 1365//1312 1374//1320
f 1374//1320 1375//1321 1384//1330
f 1378//1324 1377//1323 1386//1332
f 1380//1326 1389//1335 1390//1336
f 1378//1324 1387//1333 1388//1334
f 1377//1323 1374//1320 1383//1329
f 1379//1325 1388//1334 1389//1335
f 1388//1334 1387//1333 1396//1341
f 1383//1329 1392//1337 1395//1340
f 1389//1335 1388//1334 1397//1342
f 1384//1330 1393//1338 1392//1337
f 1386//1332 1395//1340 1396//1341
f 1390//1336 1389//1335 1398//1343
f 1392//1337 1401//1346 1404//1349
f 1398//1343 1397//1342 1406//1351
f 1393//1338 1402//1347 1401//1346
f 1395//1340 1404//1349 1405//1350
f 1399//1344 1398//1343 1407//1352
f 1397//1342 1396//1341 1405//1350
f 1402//1347 1411//1356 1410//1355
f 1404//1349 1413//1357 1414//1358
f 1408//1353 1407//1352 1416//1360
f 1406//1351 1405//1350 1414//1358
f 1401//1346 1410//1355 1413//1357
f 1407//1352 1406//1351 1415//1359
f 1413//1357 1422//1366 1423//1367
f 1417//1361 1416//1360 1425//1369
f 1415//1359 1414//1358 1423//1367
f 1410//1355 1419//1363 1422//1366
f 1416//1360 1415//1359 1424//1368
f 1411//1356 1420//1364 1419//1363
f 1422//1366 1419//1363 1428//1372
f 1424//1368 1433//1376 1434//1377
f 1419//1363 1420//1364 1429//1373
f 1423//1367 1422//1366 1431//1374
f 1425//1369 1434//1377 1435//1378
f 1423//1367 1432//1375 1433//1376
f 1433//1376 1442//1385 1443//1386
f 1428//1372 1429//1373 1438//1381
f 1432//1375 1431//1374 1440//1383
f 1434//1377 1443//1386 1444//1387
f 1432//1375 1441//1384 1442//1385
f 1431//1374 1428//1372 1437//1380
f 1437//1380 1438//1381 1447//1390
f 1441//1384 1440//1383 1449//1392
f 1443//1386 1452//1395 1453//1396
f 1441//1384 1450//1393 1451//1394
f 1440//1383 1437//1380 1446//1389
f 1442//1385 1451//1394 1452//1395
f 1452//1395 1341//1289 1340//1288
f 1450//1393 1343//1291 1342//1290
f 1449//1392 1446//1389 1346//1294
f 1451//1394 1342//1290 1341//1289
f 1446//1389 1447//1390 1456//1399
f 1450//1393 1449//1392 1344//1292
f 1461//1403 1421//1365 1427//1371
f 1458//1401 1436//1379 1439//1382
f 1570//1492 1418//1362 1421//1365
f 1460//1402 1427//1371 1430//733
f 1458//1401 1459//7 1430//733
f 1457//1400 1439//1382 1445//1388
f 1436//1379 1385//1331 1382//1328
f 1427//1371 1394//1339 1391//696
f 1421//1365 1418//1362 1403//1348
f 1439//1382 1382//1328 1376//1322
f 1430//733 1391//696 1385//1331
f 1421//1365 1400//1345 1394//1339
f 1400//1345 1338//1286 1347//1295
f 1385//1331 1355//1302 1358//1305
f 1394//1339 1347//1295 1349//600
f 1382//1328 1358//1305 1364//1311
f 1391//696 1349//600 1355//1302
f 1400//1345 1403//1348 1331//1279
f 1358//1305 1467//1408 1468//1409
f 1347//1295 1464//1406 1465//82
f 1355//1302 1466//1407 1467//1408
f 1347//1295 1338//1286 1218//1169
f 1338//1286 1331//1279 1257//1207
f 1349//600 1465//82 1466//1407
f 1218//1169 1257//1207 1471//1412
f 1466//1407 1475//1415 1476//1416
f 1465//82 1474//786 1475//1415
f 1464//1406 1473//1414 1474//786
f 1467//1408 1476//1416 1477//1417
f 1218//1169 1470//1411 1473//1414
f 1470//1411 1479//1418 1482//1421
f 1474//786 1483//794 1484//1422
f 1477//1417 1476//1416 1485//1423
f 1470//1411 1471//1412 1480//1419
f 1474//786 1473//1414 1482//1421
f 1476//1416 1475//1415 1484//1422
f 1483//794 1492//803 1493//1430
f 1480//1419 1489//1427 1488//1426
f 1483//794 1482//1421 1491//1429
f 1485//1423 1484//1422 1493//1430
f 1486//1424 1485//1423 1494//1431
f 1479//1418 1488//1426 1491//1429
f 1488//1426 1489//1427 1498//1434
f 1491//1429 1500//1435 1501//159
f 1494//1431 1493//1430 1502//1436
f 1495//1432 1494//1431 1503//1437
f 1488//1426 1497//1433 1500//1435
f 1492//803 1501//159 1502//1436
f 1503//1437 1502//1436 1511//1443
f 1503//1437 1512//1444 1513//1445
f 1497//1433 1506//1440 1509//1442
f 1502//1436 1501//159 1510//820
f 1497//1433 1498//1434 1507//1441
f 1500//1435 1509//1442 1510//820
f 1509//1442 1506//1440 1515//1446
f 1510//820 1519//829 1520//1450
f 1507//1441 1516//1447 1515//1446
f 1510//820 1509//1442 1518//1449
f 1512//1444 1511//1443 1520//1450
f 1512//1444 1521//1451 1522//1452
f 1515//1446 1516//1447 1525//1455
f 1519//829 1518//1449 1527//1457
f 1521//1451 1520//1450 1529//1458
f 1521//1451 1530//1459 1531//1460
f 1515//1446 1524//1454 1527//1457
f 1519//829 1528//837 1529//1458
f 1524//1454 1525//1455 1534//1463
f 1528//837 1527//1457 1536//1465
f 1529//1458 1538//1466 1539//1467
f 1530//1459 1539//1467 1540//1468
f 1524//1454 1533//1462 1536//1465
f 1528//837 1537//237 1538//1466
f 1539//1467 1548//1473 1549//1474
f 1536//1465 1533//1462 1542//1469
f 1537//237 1546//854 1547//1472
f 1534//1463 1543//1470 1542//1469
f 1537//237 1536//1465 1545//1471
f 1538//1466 1547//1472 1548//1473
f 1542//1469 1551//1476 1554//1479
f 1546//854 1555//863 1556//1480
f 1543//1470 1552//1477 1551//1476
f 1546//854 1545//1471 1554//1479
f 1548//1473 1547//1472 1556//1480
f 1549//1474 1548//1473 1557//1481
f 1551//1476 1552//1477 1561//1485
f 1555//863 1554//1479 1563//1487
f 1557//1481 1556//1480 1565//1488
f 1557//1481 1566//1489 1567//1490
f 1551//1476 1560//1484 1563//1487
f 1555//863 1564//872 1565//1488
f 1564//872 1563//1487 1460//1402
f 1565//1488 1458//1401 1457//1400
f 1566//1489 1457//1400 1455//1398
f 1563//1487 1560//1484 1461//1403
f 1564//872 1459//7 1458//1401
f 1560//1484 1561//1485 1570//1492
f 1613//1519 1553//1478 1559//1483
f 1610//1518 1574//7 1559//1483
f 1576//1494 1550//1475 1553//1478
f 1572//1493 1610//1518 1562//1486
f 1562//1486 1559//1483 1526//1456
f 1550//1475 1535//1464 1532//1461
f 1568//1491 1562//1486 1523//1453
f 1553//1478 1532//1461 1526//1456
f 1526//1456 1496//1391 1499//1420
f 1535//1464 1487//1425 1490//1428
f 1523//1453 1499//1420 1505//1439
f 1532//1461 1490//1428 1496//1391
f 1496//1391 1463//1405 1462//1404
f 1496//1391 1490//1428 1469//1410
f 1499//1420 1462//1404 1454//1397
f 1490//1428 1487//1425 1472//1413
f 1469//1410 1472//1413 1579//1496
f 1463//1405 1469//1410 1578//1495
f 1463//1405 1295//159 1373//1319
f 1462//1404 1373//1319 1409//1354
f 1579//1496 1586//1501 1585//1500
f 1409//1354 1373//1319 1582//1498
f 1578//1495 1585//1500 1581//1497
f 1373//1319 1295//159 1581//1497
f 1585//1500 1592//1505 1588//1502
f 1586//1501 1593//1506 1592//1505
f 1582//1498 1581//1497 1588//1502
f 1583//1499 1582//1498 1589//1503
f 1592//1505 1599//1510 1595//1507
f 1589//1503 1596//1508 1597//1509
f 1593//1506 1600//1511 1599//1510
f 1589//1503 1588//1502 1595//1507
f 1596//1508 1603//1513 1604//1514
f 1599//1510 1600//1511 1607//1516
f 1595//1507 1602//1512 1603//1513
f 1595//1507 1599//1510 1606//1515
f 1606//1515 1607//1516 1576//1494
f 1602//1512 1574//7 1610//1518
f 1602//1512 1606//1515 1613//1519
f 1603//1513 1610//1518 1572//1493
f 1614//1494 1584//1475 1587//1478
f 1662//1518 1611//7 1591//1483
f 1608//1493 1662//1518 1594//1486
f 1665//1519 1587//1478 1591//1483
f 1594//1486 1591//1483 1571//1456
f 1584//1475 1575//1464 1573//1461
f 1598//1491 1594//1486 1569//1453
f 1587//1478 1573//1461 1571//1456
f 1569//1453 1481//1420 1508//1439
f 1571//1456 1448//1391 1481//1420
f 1575//1464 1617//1425 1616//1428
f 1573//1461 1616//1428 1448//1391
f 1616//1428 1617//1425 1624//1413
f 1448//1391 1616//1428 1623//1410
f 1481//1420 1620//1404 1621//1397
f 1448//1391 1619//1405 1620//1404
f 1619//1405 1623//1410 1630//1495
f 1620//1404 1627//1319 1628//1354
f 1623//1410 1624//1413 1631//1496
f 1619//1405 1626//159 1627//1319
f 1630//1495 1637//1500 1633//1497
f 1628//1354 1627//1319 1634//1498
f 1631//1496 1638//1501 1637//1500
f 1627//1319 1626//159 1633//1497
f 1637//1500 1644//1505 1640//1502
f 1635//1499 1634//1498 1641//1503
f 1638//1501 1645//1506 1644//1505
f 1634//1498 1633//1497 1640//1502
f 1644//1505 1651//1510 1647//1507
f 1641//1503 1648//1508 1649//1509
f 1645//1506 1652//1511 1651//1510
f 1641//1503 1640//1502 1647//1507
f 1648//1508 1655//1513 1656//1514
f 1651//1510 1652//1511 1659//1516
f 1647//1507 1654//1512 1655//1513
f 1647//1507 1651//1510 1658//1515
f 1658//1515 1659//1516 1614//1494
f 1654//1512 1611//7 1662//1518
f 1654//1512 1658//1515 1665//1519
f 1655//1513 1662//1518 1608//1493
f 1666//1494 1636//1475 1639//1478
f 1714//1518 1663//7 1643//1483
f 1660//1493 1714//1518 1646//1486
f 1717//1519 1639//1478 1643//1483
f 1646//1486 1643//1483 1618//1456
f 1636//1475 1625//1464 1622//1461
f 1650//1491 1646//1486 1615//1453
f 1639//1478 1622//1461 1618//1456
f 1615//1453 1580//1420 1601//1439
f 1618//1456 1541//1391 1580//1420
f 1625//1464 1669//1425 1668//1428
f 1622//1461 1668//1428 1541//1391
f 1541//1391 1671//1405 1672//1404
f 1668//1428 1669//1425 1676//1413
f 1580//1420 1672//1404 1673//1397
f 1541//1391 1668//1428 1675//1410
f 1671//1405 1675//1410 1682//1495
f 1675//1410 1676//1413 1683//1496
f 1671//1405 1678//159 1679//1319
f 1672//1404 1679//1319 1680//1354
f 1682//1495 1689//1500 1685//1497
f 1680//1354 1679//1319 1686//1498
f 1683//1496 1690//1501 1689//1500
f 1679//1319 1678//159 1685//1497
f 1689//1500 1696//1505 1692//1502
f 1687//1499 1686//1498 1693//1503
f 1690//1501 1697//1506 1696//1505
f 1686//1498 1685//1497 1692//1502
f 1696//1505 1703//1510 1699//1507
f 1693//1503 1700//1508 1701//1509
f 1697//1506 1704//1511 1703//1510
f 1693//1503 1692//1502 1699//1507
f 1700//1508 1707//1513 1708//1514
f 1703//1510 1704//1511 1711//1516
f 1699//1507 1706//1512 1707//1513
f 1699//1507 1703//1510 1710//1515
f 1710//1515 1711//1516 1666//1494
f 1706//1512 1663//7 1714//1518
f 1706//1512 1710//1515 1717//1519
f 1707//1513 1714//1518 1660//1493
f 1840//1654 1841//7 1811//1625
f 1838//1652 1839//1653 1820//1634
f 1844//1657 1802//1617 1809//1623
f 1842//1655 1809//1623 1811//1625
f 1839//1653 1840//1654 1818//1632
f 1954//1756 1800//1615 1802//1617
f 1800//1615 1784//1600 1782//1598
f 1827//1641 1820//1634 1764//1581
f 1818//1632 1811//1625 1773//1589
f 1802//1617 1782//1598 1775//1591
f 1820//1634 1818//1632 1766//1583
f 1809//1623 1775//1591 1773//1589
f 1764//1581 1766//1583 1737//1555
f 1766//1583 1773//1589 1730//1549
f 1782//1598 1721//1540 1728//1547
f 1757//1574 1764//1581 1739//1557
f 1784//1600 1719//1538 1721//1540
f 1775//1591 1728//1547 1730//1549
f 1739//1557 1737//1555 1850//1662
f 1728//1547 1848//1661 1849//82
f 1719//1538 1702//1533 1670//1525
f 1737//1555 1730//1549 1849//82
f 1746//1564 1739//1557 1851//1663
f 1721//1540 1670//1525 1848//1661
f 1670//1525 1702//1533 1855//1667
f 1849//82 1848//1661 1857//1669
f 1851//1663 1860//1672 1861//1673
f 1848//1661 1670//1525 1854//1666
f 1850//1662 1859//1671 1860//1672
f 1849//82 1858//1670 1859//1671
f 1857//1669 1854//1666 1863//1674
f 1859//1671 1868//1679 1869//1680
f 1858//1670 1867//1678 1868//1679
f 1854//1666 1855//1667 1864//1675
f 1860//1672 1869//1680 1870//1681
f 1858//1670 1857//1669 1866//1677
f 1866//1677 1863//1674 1872//1683
f 1868//1679 1877//1688 1878//1689
f 1863//1674 1864//1675 1873//1684
f 1867//1678 1866//1677 1875//1686
f 1869//1680 1878//1689 1879//1690
f 1867//1678 1876//1687 1877//1688
f 1877//1688 1886//1694 1887//1695
f 1872//1683 1873//1684 1882//1692
f 1876//1687 1875//1686 1884//1693
f 1878//1689 1887//1695 1888//1696
f 1876//1687 1885//159 1886//1694
f 1875//1686 1872//1683 1881//1691
f 1882//1692 1891//1699 1890//1698
f 1884//1693 1893//1700 1894//1701
f 1888//1696 1887//1695 1896//1703
f 1886//1694 1885//159 1894//1701
f 1881//1691 1890//1698 1893//1700
f 1887//1695 1886//1694 1895//1702
f 1895//1702 1894//1701 1903//1709
f 1890//1698 1899//1705 1902//1708
f 1896//1703 1895//1702 1904//1710
f 1891//1699 1900//1706 1899//1705
f 1893//1700 1902//1708 1903//1709
f 1897//1704 1896//1703 1905//1711
f 1899//1705 1908//1714 1911//1717
f 1905//1711 1904//1710 1913//1719
f 1900//1706 1909//1715 1908//1714
f 1902//1708 1911//1717 1912//1718
f 1906//1712 1905//1711 1914//1720
f 1904//1710 1903//1709 1912//1718
f 1909//1715 1918//1724 1917//1723
f 1911//1717 1920//1726 1921//237
f 1915//1721 1914//1720 1923//1728
f 1913//1719 1912//1718 1921//237
f 1908//1714 1917//1723 1920//1726
f 1914//1720 1913//1719 1922//1727
f 1921//237 1920//1726 1929//1732
f 1923//1728 1932//1735 1933//1736
f 1921//237 1930//1733 1931//1734
f 1920//1726 1917//1723 1926//1730
f 1922//1727 1931//1734 1932//1735
f 1917//1723 1918//1724 1927//1731
f 1929//1732 1926//1730 1935//1738
f 1931//1734 1940//1743 1941//1744
f 1926//1730 1927//1731 1936//1739
f 1930//1733 1929//1732 1938//1741
f 1932//1735 1941//1744 1942//1745
f 1930//1733 1939//1742 1940//1743
f 1940//1743 1949//1752 1950//1753
f 1935//1738 1936//1739 1945//1748
f 1939//1742 1938//1741 1947//1750
f 1941//1744 1950//1753 1951//1754
f 1939//1742 1948//1751 1949//1752
f 1938//1741 1935//1738 1944//1747
f 1944//1747 1945//1748 1954//1756
f 1948//1751 1947//1750 1842//1655
f 1950//1753 1839//1653 1838//1652
f 1948//1751 1841//7 1840//1654
f 1947//1750 1944//1747 1844//1657
f 1949//1752 1840//1654 1839//1653
f 1994//1781 1958//7 1943//1746
f 1997//1782 1937//1740 1943//1746
f 1956//1757 1994//1781 1946//1749
f 1960//1758 1934//1737 1937//1740
f 1946//1749 1943//1746 1910//1716
f 1934//1737 1919//1725 1916//1722
f 1952//1755 1946//1749 1907//1713
f 1937//1740 1916//1722 1910//1716
f 1901//1707 1907//1713 1883//1676
f 1919//1725 1871//1682 1874//1685
f 1910//1716 1916//1722 1874//1685
f 1910//1716 1880//1643 1883//1676
f 1883//1676 1845//1658 1836//1650
f 1874//1685 1871//1682 1856//1668
f 1880//1643 1847//1660 1845//1658
f 1880//1643 1874//1685 1853//1665
f 1847//1660 1716//159 1755//1572
f 1853//1665 1856//1668 1963//1760
f 1845//1658 1755//1572 1791//1607
f 1847//1660 1853//1665 1962//1759
f 1962//1759 1969//1764 1965//1761
f 1791//1607 1755//1572 1966//1762
f 1963//1760 1970//1765 1969//1764
f 1755//1572 1716//159 1965//1761
f 1970//1765 1977//1770 1976//1769
f 1969//1764 1976//1769 1972//1766
f 1967//1763 1966//1762 1973//1767
f 1966//1762 1965//1761 1972//1766
f 1976//1769 1983//1774 1979//1771
f 1974//1768 1973//1767 1980//1772
f 1977//1770 1984//1775 1983//1774
f 1973//1767 1972//1766 1979//1771
f 1979//1771 1983//1774 1990//1779
f 1980//1772 1987//1777 1988//1778
f 1983//1774 1984//1775 1991//1780
f 1979//1771 1986//1776 1987//1777
f 1986//1776 1990//1779 1997//1782
f 1987//1777 1994//1781 1956//1757
f 1990//1779 1991//1780 1960//1758
f 1986//1776 1958//7 1994//1781
f 2049//1782 1971//1740 1975//1746
f 2046//1781 1995//7 1975//1746
f 1992//1757 2046//1781 1978//1749
f 1998//1758 1968//1737 1971//1740
f 1971//1740 1957//1722 1955//1716
f 1978//1749 1975//1746 1955//1716
f 1968//1737 1959//1725 1957//1722
f 1982//1755 1978//1749 1953//1713
f 1955//1716 1957//1722 2000//1685
f 1928//1707 1953//1713 1865//1676
f 1959//1725 2001//1682 2000//1685
f 1955//1716 1829//1643 1865//1676
f 1829//1643 2000//1685 2007//1665
f 1865//1676 2004//1658 2005//1650
f 2000//1685 2001//1682 2008//1668
f 1829//1643 2003//1660 2004//1658
f 2004//1658 2011//1572 2012//1607
f 2007//1665 2008//1668 2015//1760
f 2003//1660 2007//1665 2014//1759
f 2003//1660 2010//159 2011//1572
f 2014//1759 2021//1764 2017//1761
f 2012//1607 2011//1572 2018//1762
f 2015//1760 2022//1765 2021//1764
f 2011//1572 2010//159 2017//1761
f 2021//1764 2028//1769 2024//1766
f 2019//1763 2018//1762 2025//1767
f 2022//1765 2029//1770 2028//1769
f 2018//1762 2017//1761 2024//1766
f 2028//1769 2035//1774 2031//1771
f 2026//1768 2025//1767 2032//1772
f 2029//1770 2036//1775 2035//1774
f 2024//1766 2031//1771 2032//1772
f 2031//1771 2035//1774 2042//1779
f 2032//1772 2039//1777 2040//1778
f 2035//1774 2036//1775 2043//1780
f 2031//1771 2038//1776 2039//1777
f 2038//1776 2042//1779 2049//1782
f 2039//1777 2046//1781 1992//1757
f 2042//1779 2043//1780 1998//1758
f 2038//1776 1995//7 2046//1781
f 2101//1782 2023//1740 2027//1746
f 2098//1781 2047//7 2027//1746
f 2044//1757 2098//1781 2030//1749
f 2050//1758 2020//1737 2023//1740
f 2023//1740 2006//1722 2002//1716
f 2030//1749 2027//1746 2002//1716
f 2020//1737 2009//1725 2006//1722
f 2034//1755 2030//1749 1999//1713
f 2009//1725 2053//1682 2052//1685
f 1996//1707 1999//1713 1964//1676
f 2002//1716 2006//1722 2052//1685
f 2002//1716 1925//1643 1964//1676
f 1964//1676 2056//1658 2057//1650
f 1925//1643 2052//1685 2059//1665
f 2052//1685 2053//1682 2060//1668
f 1925//1643 2055//1660 2056//1658
f 2059//1665 2060//1668 2067//1760
f 2055//1660 2059//1665 2066//1759
f 2056//1658 2063//1572 2064//1607
f 2055//1660 2062//159 2063//1572
f 2066//1759 2073//1764 2069//1761
f 2064//1607 2063//1572 2070//1762
f 2067//1760 2074//1765 2073//1764
f 2063//1572 2062//159 2069//1761
f 2073//1764 2080//1769 2076//1766
f 2071//1763 2070//1762 2077//1767
f 2074//1765 2081//1770 2080//1769
f 2070//1762 2069//1761 2076//1766
f 2080//1769 2087//1774 2083//1771
f 2078//1768 2077//1767 2084//1772
f 2081//1770 2088//1775 2087//1774
f 2076//1766 2083//1771 2084//1772
f 2083//1771 2087//1774 2094//1779
f 2084//1772 2091//1777 2092//1778
f 2087//1774 2088//1775 2095//1780
f 2083//1771 2090//1776 2091//1777
f 2090//1776 2094//1779 2101//1782
f 2091//1777 2098//1781 2044//1757
f 2094//1779 2095//1780 2050//1758
f 2090//1776 2047//7 2098//1781
f 2537//1170 2486//1123 2456//1094
f 2483//7 2463//1101 2466//1104
f 2534//1167 2466//1104 2470//1108
f 2483//7 2537//1170 2459//1097
f 2463//1101 2438//1078 2435//1075
f 2459//1097 2456//1094 2445//1085
f 2466//1104 2435//1075 2432//1072
f 2463//1101 2459//1097 2442//1082
f 2435//1075 2400//1042 2421//1063
f 2438//1078 2377//1022 2400//1042
f 2445//1085 2489//1125 2488//1124
f 2442//1082 2488//1124 2377//1022
f 2400//1042 2377//1022 2491//1127
f 2489//1125 2496//1132 2495//1131
f 2421//1063 2400//1042 2492//1128
f 2488//1124 2495//1131 2491//1127
f 2496//1132 2503//1138 2502//1137
f 2493//1129 2492//1128 2499//1134
f 2495//1131 2502//1137 2498//159
f 2492//1128 2491//1127 2498//159
f 2498//159 2502//1137 2509//1144
f 2499//1134 2506//1141 2507//1142
f 2502//1137 2503//1138 2510//1145
f 2498//159 2505//1140 2506//1141
f 2505//1140 2509//1144 2516//1151
f 2506//1141 2513//1148 2514//1149
f 2509//1144 2510//1145 2517//1152
f 2505//1140 2512//1147 2513//1148
f 2516//1151 2523//1157 2519//1153
f 2513//1148 2520//1154 2521//1155
f 2517//1152 2524//1158 2523//1157
f 2512//1147 2519//1153 2520//1154
f 2521//1155 2520//1154 2527//1160
f 2524//1158 2531//1164 2530//1163
f 2520//1154 2519//1153 2526//1159
f 2523//1157 2530//1163 2526//1159
f 2531//1164 2486//1123 2537//1170
f 2527//1160 2526//1159 2483//7
f 2530//1163 2537//1170 2483//7
f 2528//1161 2527//1160 2534//1167
f 2660//1919 2661//1920 2631//1892
f 2658//1917 2659//1918 2640//1901
f 2664//1923 2622//1883 2629//1890
f 2662//1921 2629//1890 2631//1892
f 2659//1918 2660//1919 2638//1899
f 2774//2007 2620//1881 2622//1883
f 2620//1881 2604//1867 2602//1865
f 2647//1908 2640//1901 2584//1847
f 2638//1899 2631//1892 2593//1856
f 2622//1883 2602//1865 2595//1858
f 2640//1901 2638//1899 2586//1849
f 2629//1890 2595//1858 2593//1856
f 2584//1847 2586//1849 2557//1822
f 2586//1849 2593//1856 2550//1815
f 2602//1865 2541//1806 2548//1813
f 2577//1840 2584//1847 2559//1824
f 2604//1867 2539//1804 2541//1806
f 2595//1858 2548//1813 2550//1815
f 2559//1824 2557//1822 2670//1927
f 2548//1813 2668//1925 2669//1926
f 2539//1804 2522//1798 2490//1790
f 2557//1822 2550//1815 2669//1926
f 2566//1831 2559//1824 2671//1928
f 2541//1806 2490//1790 2668//1925
f 2490//1790 2522//1798 2675//1931
f 2669//1926 2668//1925 2677//1932
f 2671//1928 2680//1935 2681//1936
f 2668//1925 2490//1790 2674//1930
f 2670//1927 2679//1934 2680//1935
f 2669//1926 2678//1933 2679//1934
f 2679//1934 2688//1941 2689//1942
f 2677//1932 2674//1930 2683//1937
f 2680//1935 2689//1942 2690//1943
f 2674//1930 2675//1931 2684//1938
f 2678//1933 2677//1932 2686//1939
f 2678//1933 2687//1940 2688//1941
f 2686//1939 2683//1937 2692//1944
f 2688//1941 2697//1948 2698//1949
f 2683//1937 2684//1938 2693//1945
f 2687//1940 2686//1939 2695//1946
f 2689//1942 2698//1949 2699//1950
f 2687//1940 2696//1947 2697//1948
f 2697//1948 2706//1955 2707//1956
f 2692//1944 2693//1945 2702//1952
f 2696//1947 2695//1946 2704//1953
f 2698//1949 2707//1956 2708//1957
f 2696//1947 2705//1954 2706//1955
f 2695//1946 2692//1944 2701//1951
f 2702//1952 2711//1959 2710//1958
f 2704//1953 2713//1960 2714//1961
f 2708//1957 2707//1956 2716//1963
f 2706//1955 2705//1954 2714//1961
f 2701//1951 2710//1958 2713//1960
f 2707//1956 2706//1955 2715//1962
f 2715//1962 2714//1961 2723//1968
f 2710//1958 2719//1965 2722//1967
f 2716//1963 2715//1962 2724//1969
f 2711//1959 2720//1966 2719//1965
f 2713//1960 2722//1967 2723//1968
f 2717//1964 2716//1963 2725//1970
f 2719//1965 2728//1972 2731//1974
f 2725//1970 2724//1969 2733//1976
f 2720//1966 2729//1973 2728//1972
f 2722//1967 2731//1974 2732//1975
f 2726//1971 2725//1970 2734//1977
f 2724//1969 2723//1968 2732//1975
f 2729//1973 2738//1980 2737//1979
f 2731//1974 2740//1981 2741//1982
f 2735//1978 2734//1977 2743//1984
f 2733//1976 2732//1975 2741//1982
f 2728//1972 2737//1979 2740//1981
f 2734//1977 2733//1976 2742//1983
f 2741//1982 2740//1981 2749//1988
f 2743//1984 2752//1991 2753//1992
f 2741//1982 2750//1989 2751//1990
f 2740//1981 2737//1979 2746//1986
f 2742//1983 2751//1990 2752//1991
f 2737//1979 2738//1980 2747//1987
f 2749//1988 2746//1986 2755//1993
f 2751//1990 2760//1997 2761//1998
f 2746//1986 2747//1987 2756//1994
f 2750//1989 2749//1988 2758//1995
f 2752//1991 2761//1998 2762//1999
f 2750//1989 2759//1996 2760//1997
f 2760//1997 2769//2004 2770//2005
f 2755//1993 2756//1994 2765//2001
f 2759//1996 2758//1995 2767//2002
f 2761//1998 2770//2005 2771//2006
f 2759//1996 2768//2003 2769//2004
f 2758//1995 2755//1993 2764//2000
f 2764//2000 2765//2001 2774//2007
f 2768//2003 2767//2002 2662//1921
f 2770//2005 2659//1918 2658//1917
f 2768//2003 2661//1920 2660//1919
f 2767//2002 2764//2000 2664//1923
f 2769//2004 2660//1919 2659//1918
f 2778//1402 2745//1371 2748//733
f 2776//1401 2754//1379 2757//1382
f 2779//1403 2739//1365 2745//1371
f 2777//7 2748//733 2754//1379
f 2775//1400 2757//1382 2763//1388
f 2888//1492 2736//1362 2739//1365
f 2739//1365 2718//1345 2712//1339
f 2754//1379 2703//1331 2700//1328
f 2748//733 2745//1371 2712//1339
f 2736//1362 2721//1348 2718//1345
f 2763//1388 2757//1382 2700//1328
f 2748//733 2709//696 2703//1331
f 2709//696 2667//600 2673//1302
f 2718//1345 2721//1348 2649//1279
f 2718//1345 2656//1286 2665//1295
f 2703//1331 2673//1302 2676//1305
f 2709//696 2712//1339 2665//1295
f 2700//1328 2676//1305 2682//1311
f 2656//1286 2649//1279 2575//1207
f 2667//600 2783//82 2784//1407
f 2682//1311 2676//1305 2785//1408
f 2665//1295 2782//1406 2783//82
f 2673//1302 2784//1407 2785//1408
f 2665//1295 2656//1286 2536//1169
f 2536//1169 2788//1411 2791//1414
f 2784//1407 2793//1415 2794//1416
f 2783//82 2792//786 2793//1415
f 2782//1406 2791//1414 2792//786
f 2785//1408 2794//1416 2795//1417
f 2575//1207 2789//1412 2788//1411
f 2791//1414 2800//1421 2801//794
f 2793//1415 2802//1422 2803//1423
f 2788//1411 2797//1418 2800//1421
f 2792//786 2801//794 2802//1422
f 2788//1411 2789//1412 2798//1419
f 2794//1416 2803//1423 2804//1424
f 2797//1418 2806//1426 2809//1429
f 2802//1422 2801//794 2810//803
f 2797//1418 2798//1419 2807//1427
f 2800//1421 2809//1429 2810//803
f 2803//1423 2802//1422 2811//1430
f 2804//1424 2803//1423 2812//1431
f 2810//803 2819//159 2820//1436
f 2806//1426 2807//1427 2816//1434
f 2810//803 2809//1429 2818//1435
f 2811//1430 2820//1436 2821//1437
f 2812//1431 2821//1437 2822//1438
f 2809//1429 2806//1426 2815//1433
f 2815//1433 2816//1434 2825//1441
f 2818//1435 2827//1442 2828//820
f 2820//1436 2829//1443 2830//1444
f 2821//1437 2830//1444 2831//1445
f 2815//1433 2824//1440 2827//1442
f 2820//1436 2819//159 2828//820
f 2830//1444 2829//1443 2838//1450
f 2831//1445 2830//1444 2839//1451
f 2824//1440 2833//1446 2836//1449
f 2828//820 2837//829 2838//1450
f 2825//1441 2834//1447 2833//1446
f 2828//820 2827//1442 2836//1449
f 2833//1446 2842//1454 2845//1457
f 2837//829 2846//837 2847//1458
f 2833//1446 2834//1447 2843//1455
f 2837//829 2836//1449 2845//1457
f 2839//1451 2838//1450 2847//1458
f 2839//1451 2848//1459 2849//1460
f 2843//1455 2852//1463 2851//1462
f 2846//837 2845//1457 2854//1465
f 2847//1458 2856//1466 2857//1467
f 2849//1460 2848//1459 2857//1467
f 2845//1457 2842//1454 2851//1462
f 2846//837 2855//237 2856//1466
f 2851//1462 2852//1463 2861//1470
f 2855//237 2854//1465 2863//1471
f 2857//1467 2856//1466 2865//1472
f 2857//1467 2866//1473 2867//1474
f 2851//1462 2860//1469 2863//1471
f 2855//237 2864//854 2865//1472
f 2867//1474 2866//1473 2875//1481
f 2863//1471 2860//1469 2869//1476
f 2864//854 2873//863 2874//1480
f 2861//1470 2870//1477 2869//1476
f 2864//854 2863//1471 2872//1479
f 2865//1472 2874//1480 2875//1481
f 2869//1476 2878//1484 2881//1487
f 2873//863 2882//872 2883//1488
f 2870//1477 2879//1485 2878//1484
f 2873//863 2872//1479 2881//1487
f 2875//1481 2874//1480 2883//1488
f 2876//1482 2875//1481 2884//1489
f 2878//1484 2879//1485 2888//1492
f 2882//872 2881//1487 2778//1402
f 2883//1488 2776//1401 2775//1400
f 2884//1489 2775//1400 2773//1398
f 2878//1484 2779//1403 2778//1402
f 2882//872 2777//7 2776//1401
f 2894//1494 2868//1475 2871//1478
f 2928//1518 2892//7 2877//1483
f 2931//1519 2871//1478 2877//1483
f 2890//1493 2928//1518 2880//1486
f 2880//1486 2877//1483 2844//1456
f 2868//1475 2853//1464 2850//1461
f 2886//1491 2880//1486 2841//1453
f 2871//1478 2850//1461 2844//1456
f 2853//1464 2805//1425 2808//1428
f 2841//1453 2817//1420 2823//1439
f 2850//1461 2808//1428 2814//1391
f 2844//1456 2814//1391 2817//1420
f 2814//1391 2808//1428 2787//1410
f 2808//1428 2805//1425 2790//1413
f 2817//1420 2780//1404 2772//1397
f 2814//1391 2781//1405 2780//1404
f 2781//1405 2613//159 2691//1319
f 2787//1410 2790//1413 2897//1496
f 2780//1404 2691//1319 2727//1354
f 2781//1405 2787//1410 2896//1495
f 2897//1496 2904//1501 2903//1500
f 2727//1354 2691//1319 2900//1498
f 2896//1495 2903//1500 2899//1497
f 2691//1319 2613//159 2899//1497
f 2904//1501 2911//1506 2910//1505
f 2903//1500 2910//1505 2906//1502
f 2900//1498 2899//1497 2906//1502
f 2901//1499 2900//1498 2907//1503
f 2910//1505 2917//1510 2913//1507
f 2907//1503 2914//1508 2915//1509
f 2911//1506 2918//1511 2917//1510
f 2907//1503 2906//1502 2913//1507
f 2913//1507 2917//1510 2924//1515
f 2914//1508 2921//1513 2922//1514
f 2917//1510 2918//1511 2925//1516
f 2913//1507 2920//1512 2921//1513
f 2920//1512 2924//1515 2931//1519
f 2921//1513 2928//1518 2890//1493
f 2924//1515 2925//1516 2894//1494
f 2920//1512 2892//7 2928//1518
f 2932//1494 2902//1475 2905//1478
f 2983//1519 2905//1478 2909//1483
f 2926//1493 2980//1518 2912//1486
f 2980//1518 2929//7 2909//1483
f 2916//1491 2912//1486 2887//1453
f 2905//1478 2891//1461 2889//1456
f 2912//1486 2909//1483 2889//1456
f 2902//1475 2893//1464 2891//1461
f 2893//1464 2935//1425 2934//1428
f 2887//1453 2799//1420 2826//1439
f 2891//1461 2934//1428 2766//1391
f 2889//1456 2766//1391 2799//1420
f 2799//1420 2938//1404 2939//1397
f 2934//1428 2935//1425 2942//1413
f 2766//1391 2937//1405 2938//1404
f 2766//1391 2934//1428 2941//1410
f 2941//1410 2942//1413 2949//1496
f 2938//1404 2945//1319 2946//1354
f 2937//1405 2944//159 2945//1319
f 2937//1405 2941//1410 2948//1495
f 2945//1319 2944//159 2951//1497
f 2948//1495 2955//1500 2951//1497
f 2946//1354 2945//1319 2952//1498
f 2949//1496 2956//1501 2955//1500
f 2955//1500 2962//1505 2958//1502
f 2953//1499 2952//1498 2959//1503
f 2956//1501 2963//1506 2962//1505
f 2952//1498 2951//1497 2958//1502
f 2962//1505 2969//1510 2965//1507
f 2959//1503 2966//1508 2967//1509
f 2963//1506 2970//1511 2969//1510
f 2959//1503 2958//1502 2965//1507
f 2965//1507 2969//1510 2976//1515
f 2966//1508 2973//1513 2974//1514
f 2969//1510 2970//1511 2977//1516
f 2965//1507 2972//1512 2973//1513
f 2972//1512 2976//1515 2983//1519
f 2973//1513 2980//1518 2926//1493
f 2976//1515 2977//1516 2932//1494
f 2972//1512 2929//7 2980//1518
f 2984//1494 2954//1475 2957//1478
f 3035//1519 2957//1478 2961//1483
f 2978//1493 3032//1518 2964//1486
f 3032//1518 2981//7 2961//1483
f 2968//1491 2964//1486 2933//1453
f 2957//1478 2940//1461 2936//1456
f 2964//1486 2961//1483 2936//1456
f 2954//1475 2943//1464 2940//1461
f 2933//1453 2898//1420 2919//1439
f 2940//1461 2986//1428 2859//1391
f 2943//1464 2987//1425 2986//1428
f 2936//1456 2859//1391 2898//1420
f 2898//1420 2990//1404 2991//1397
f 2859//1391 2989//1405 2990//1404
f 2986//1428 2987//1425 2994//1413
f 2859//1391 2986//1428 2993//1410
f 2989//1405 2996//159 2997//1319
f 2990//1404 2997//1319 2998//1354
f 2993//1410 2994//1413 3001//1496
f 2989//1405 2993//1410 3000//1495
f 2997//1319 2996//159 3003//1497
f 3000//1495 3007//1500 3003//1497
f 2998//1354 2997//1319 3004//1498
f 3001//1496 3008//1501 3007//1500
f 3007//1500 3014//1505 3010//1502
f 3005//1499 3004//1498 3011//1503
f 3008//1501 3015//1506 3014//1505
f 3004//1498 3003//1497 3010//1502
f 3014//1505 3021//1510 3017//1507
f 3011//1503 3018//1508 3019//1509
f 3015//1506 3022//1511 3021//1510
f 3011//1503 3010//1502 3017//1507
f 3017//1507 3021//1510 3028//1515
f 3018//1508 3025//1513 3026//1514
f 3021//1510 3022//1511 3029//1516
f 3017//1507 3024//1512 3025//1513
f 3024//1512 3028//1515 3035//1519
f 3025//1513 3032//1518 2978//1493
f 3028//1515 3029//1516 2984//1494
f 3024//1512 2981//7 3032//1518
f 3272//1756 3118//1615 3120//1617
f 3158//1654 3159//7 3129//1625
f 3156//1652 3157//1653 3138//1634
f 3162//1657 3120//1617 3127//2010
f 3160//1655 3127//2010 3129//1625
f 3157//1653 3158//1654 3136//2012
f 3138//1634 3136//2012 3084//1583
f 3127//2010 3093//1591 3091//1589
f 3118//1615 3102//1600 3100//1598
f 3145//1641 3138//1634 3082//1581
f 3136//2012 3129//1625 3091//1589
f 3120//1617 3100//1598 3093//1591
f 3102//1600 3037//1538 3039//1540
f 3093//1591 3046//1547 3048//1549
f 3082//1581 3084//1583 3055//1555
f 3084//1583 3091//1589 3048//1549
f 3100//1598 3039//1540 3046//1547
f 3075//1574 3082//1581 3057//1557
f 3057//1557 3055//1555 3168//1662
f 3039//1540 2988//1525 3166//1661
f 3046//1547 3166//1661 3167//82
f 3055//1555 3048//1549 3167//82
f 3064//1564 3057//1557 3169//1663
f 3037//1538 3020//1533 2988//1525
f 3168//1662 3177//1671 3178//1672
f 2988//1525 3020//1533 3173//1667
f 3169//1663 3178//1672 3179//1673
f 3167//82 3176//1670 3177//1671
f 3167//82 3166//1661 3175//1669
f 3166//1661 2988//1525 3172//1666
f 3172//1666 3173//1667 3182//1675
f 3176//1670 3175//1669 3184//1677
f 3178//1672 3187//1680 3188//1681
f 3177//1671 3186//1679 3187//1680
f 3175//1669 3172//1666 3181//1674
f 3176//1670 3185//1678 3186//1679
f 3185//1678 3194//1687 3195//1688
f 3184//1677 3181//1674 3190//1683
f 3186//1679 3195//1688 3196//1689
f 3181//1674 3182//1675 3191//1684
f 3185//1678 3184//1677 3193//1686
f 3187//1680 3196//1689 3197//1690
f 3193//1686 3190//1683 3199//1691
f 3195//1688 3204//1694 3205//1695
f 3190//1683 3191//1684 3200//1692
f 3194//1687 3193//1686 3202//1693
f 3196//1689 3205//1695 3206//1696
f 3194//1687 3203//159 3204//1694
f 3200//1692 3209//1699 3208//1698
f 3202//1693 3211//1700 3212//1701
f 3206//1696 3205//1695 3214//1703
f 3204//1694 3203//159 3212//1701
f 3199//1691 3208//1698 3211//1700
f 3205//1695 3204//1694 3213//1702
f 3211//1700 3220//1708 3221//1709
f 3215//1704 3214//1703 3223//1711
f 3213//1702 3212//1701 3221//1709
f 3208//1698 3217//1705 3220//1708
f 3214//1703 3213//1702 3222//1710
f 3209//1699 3218//1706 3217//1705
f 3217//1705 3226//1714 3229//1717
f 3223//1711 3222//1710 3231//1719
f 3218//1706 3227//1715 3226//1714
f 3220//1708 3229//1717 3230//1718
f 3224//1712 3223//1711 3232//1720
f 3222//1710 3221//1709 3230//1718
f 3232//1720 3231//1719 3240//1727
f 3227//1715 3236//1724 3235//1723
f 3229//1717 3238//1726 3239//237
f 3233//1721 3232//1720 3241//1728
f 3231//1719 3230//1718 3239//237
f 3226//1714 3235//1723 3238//1726
f 3235//1723 3236//1724 3245//1731
f 3239//237 3238//1726 3247//1732
f 3241//1728 3250//1735 3251//1736
f 3239//237 3248//1733 3249//1734
f 3238//1726 3235//1723 3244//1730
f 3240//1727 3249//1734 3250//1735
f 3250//1735 3259//1744 3260//1745
f 3248//1733 3257//1742 3258//1743
f 3247//1732 3244//1730 3253//1738
f 3249//1734 3258//1743 3259//1744
f 3244//1730 3245//1731 3254//1739
f 3248//1733 3247//1732 3256//1741
f 3256//1741 3253//1738 3262//1747
f 3258//1743 3267//1752 3268//1753
f 3253//1738 3254//1739 3263//1748
f 3257//1742 3256//1741 3265//1750
f 3259//1744 3268//1753 3269//1754
f 3257//1742 3266//1751 3267//1752
f 3267//1752 3158//1654 3157//1653
f 3262//1747 3263//1748 3272//1756
f 3266//1751 3265//1750 3160//1655
f 3268//1753 3157//1653 3156//1652
f 3266//1751 3159//7 3158//1654
f 3265//1750 3262//1747 3162//1657
f 3278//1758 3252//1737 3255//1740
f 3312//1781 3276//7 3261//1746
f 3315//1782 3255//1740 3261//1746
f 3274//1757 3312//1781 3264//1749
f 3255//1740 3234//1722 3228//1716
f 3264//1749 3261//1746 3228//1716
f 3252//1737 3237//1725 3234//1722
f 3270//1755 3264//1749 3225//1713
f 3228//1716 3198//1643 3201//1676
f 3237//1725 3189//1682 3192//1685
f 3219//1707 3225//1713 3201//1676
f 3228//1716 3234//1722 3192//1685
f 3198//1643 3192//1685 3171//1665
f 3192//1685 3189//1682 3174//1668
f 3201//1676 3163//1658 3154//1650
f 3198//1643 3165//1660 3163//1658
f 3165//1660 3034//159 3073//1572
f 3171//1665 3174//1668 3281//1760
f 3163//1658 3073//1572 3109//1607
f 3165//1660 3171//1665 3280//1759
f 3073//1572 3034//159 3283//1761
f 3280//1759 3287//1764 3283//1761
f 3109//1607 3073//1572 3284//1762
f 3281//1760 3288//1765 3287//1764
f 3284//1762 3283//1761 3290//1766
f 3285//1763 3284//1762 3291//1767
f 3287//1764 3294//1769 3290//1766
f 3288//1765 3295//1770 3294//1769
f 3294//1769 3301//1774 3297//1771
f 3292//1768 3291//1767 3298//1772
f 3295//1770 3302//1775 3301//1774
f 3290//1766 3297//1771 3298//1772
f 3297//1771 3301//1774 3308//1779
f 3298//1772 3305//1777 3306//1778
f 3301//1774 3302//1775 3309//1780
f 3297//1771 3304//1776 3305//1777
f 3304//1776 3308//1779 3315//1782
f 3305//1777 3312//1781 3274//1757
f 3308//1779 3309//1780 3278//1758
f 3304//1776 3276//7 3312//1781
f 3316//1758 3286//1737 3289//1740
f 3367//1782 3289//1740 3293//1746
f 3310//1757 3364//1781 3296//1749
f 3364//1781 3313//7 3293//1746
f 3300//1755 3296//1749 3271//1713
f 3289//1740 3275//1722 3273//1716
f 3296//1749 3293//1746 3273//1716
f 3286//1737 3277//1725 3275//1722
f 3273//1716 3147//1643 3183//1676
f 3273//1716 3275//1722 3318//1685
f 3246//1707 3271//1713 3183//1676
f 3277//1725 3319//1682 3318//1685
f 3147//1643 3318//1685 3325//1665
f 3183//1676 3322//1658 3323//1650
f 3318//1685 3319//1682 3326//1668
f 3147//1643 3321//1660 3322//1658
f 3321//1660 3325//1665 3332//1759
f 3322//1658 3329//1572 3330//1607
f 3321//1660 3328//159 3329//1572
f 3325//1665 3326//1668 3333//1760
f 3333//1760 3340//1765 3339//1764
f 3329//1572 3328//159 3335//1761
f 3332//1759 3339//1764 3335//1761
f 3330//1607 3329//1572 3336//1762
f 3336//1762 3335//1761 3342//1766
f 3339//1764 3346//1769 3342//1766
f 3337//1763 3336//1762 3343//1767
f 3340//1765 3347//1770 3346//1769
f 3346//1769 3353//1774 3349//1771
f 3344//1768 3343//1767 3350//1772
f 3347//1770 3354//1775 3353//1774
f 3342//1766 3349//1771 3350//1772
f 3349//1771 3353//1774 3360//1779
f 3350//1772 3357//1777 3358//1778
f 3353//1774 3354//1775 3361//1780
f 3349//1771 3356//1776 3357//1777
f 3356//1776 3360//1779 3367//1782
f 3357//1777 3364//1781 3310//1757
f 3360//1779 3361//1780 3316//1758
f 3356//1776 3313//7 3364//1781
f 3368//1758 3338//1737 3341//1740
f 3419//1782 3341//1740 3345//1746
f 3362//1757 3416//1781 3348//1749
f 3416//1781 3365//7 3345//1746
f 3352//1755 3348//1749 3317//1713
f 3341//1740 3324//1722 3320//1716
f 3348//1749 3345//1746 3320//1716
f 3338//1737 3327//1725 3324//1722
f 3320//1716 3243//1643 3282//1676
f 3320//1716 3324//1722 3370//1685
f 3314//1707 3317//1713 3282//1676
f 3327//1725 3371//1682 3370//1685
f 3282//1676 3374//1658 3375//1650
f 3243//1643 3373//1660 3374//1658
f 3243//1643 3370//1685 3377//1665
f 3370//1685 3371//1682 3378//1668
f 3374//1658 3381//1572 3382//1607
f 3373//1660 3377//1665 3384//1759
f 3377//1665 3378//1668 3385//1760
f 3373//1660 3380//159 3381//1572
f 3385//1760 3392//1765 3391//1764
f 3381//1572 3380//159 3387//1761
f 3384//1759 3391//1764 3387//1761
f 3382//1607 3381//1572 3388//1762
f 3388//1762 3387//1761 3394//1766
f 3391//1764 3398//1769 3394//1766
f 3389//1763 3388//1762 3395//1767
f 3392//1765 3399//1770 3398//1769
f 3398//1769 3405//1774 3401//1771
f 3396//1768 3395//1767 3402//1772
f 3399//1770 3406//1775 3405//1774
f 3395//1767 3394//1766 3401//1771
f 3401//1771 3405//1774 3412//1779
f 3402//1772 3409//1777 3410//1778
f 3405//1774 3406//1775 3413//1780
f 3401//1771 3408//1776 3409//1777
f 3408//1776 3412//1779 3419//1782
f 3409//1777 3416//1781 3362//1757
f 3412//1779 3413//1780 3368//1758
f 3408//1776 3365//7 3416//1781
f 3554//2107 3524//2099 3527//2100
f 3602//2144 3551//7 3531//2050
f 3602//2144 3534//2101 3538//2102
f 3605//2146 3527//2100 3531//2050
f 3531//2050 3506//2055 3503//2094
f 3527//2100 3524//2099 3513//2097
f 3534//2101 3503//2094 3500//2092
f 3531//2050 3527//2100 3510//2096
f 3503//2094 3468//2069 3489//2085
f 3513//2097 3557//2110 3556//2109
f 3506//2055 3441//2044 3468//2069
f 3510//2096 3556//2109 3441//2044
f 3441//2044 3559//2062 3560//2111
f 3468//2069 3560//2111 3561//2112
f 3556//2109 3563//2114 3559//2062
f 3556//2109 3557//2110 3564//2115
f 3560//2111 3559//2062 3566//159
f 3563//2114 3570//2119 3566//159
f 3560//2111 3567//2117 3568//2118
f 3563//2114 3564//2115 3571//2120
f 3570//2119 3577//2125 3573//2072
f 3568//2118 3567//2117 3574//2122
f 3571//2120 3578//2126 3577//2125
f 3567//2117 3566//159 3573//2072
f 3577//2125 3584//2130 3580//2077
f 3574//2122 3581//2128 3582//2129
f 3577//2125 3578//2126 3585//2131
f 3574//2122 3573//2072 3580//2077
f 3581//2128 3588//2133 3589//2134
f 3584//2130 3585//2131 3592//2137
f 3580//2077 3587//2082 3588//2133
f 3584//2130 3591//2136 3587//2082
f 3591//2136 3592//2137 3599//2142
f 3587//2082 3594//2088 3595//2139
f 3591//2136 3598//2141 3594//2088
f 3588//2133 3595//2139 3596//2140
f 3598//2141 3599//2142 3554//2107
f 3595//2139 3594//2088 3551//7
f 3598//2141 3605//2146 3551//7
f 3595//2139 3602//2144 3548//2105
f 3606//2147 3576//2124 3579//2127
f 3654//2184 3603//7 3583//2050
f 3654//2184 3586//2132 3590//2135
f 3657//2186 3579//2127 3583//2050
f 3583//2050 3558//2055 3555//2108
f 3576//2124 3565//2116 3562//2113
f 3590//2135 3586//2132 3555//2108
f 3579//2127 3562//2113 3558//2055
f 3552//2106 3555//2108 3520//2098
f 3565//2116 3609//2150 3608//2149
f 3558//2055 3497//2044 3520//2098
f 3562//2113 3608//2149 3497//2044
f 3520//2098 3612//2151 3613//2152
f 3608//2149 3615//2154 3611//2062
f 3609//2150 3616//2155 3615//2154
f 3497//2044 3611//2062 3612//2151
f 3611//2062 3615//2154 3622//2159
f 3611//2062 3618//159 3619//2157
f 3612//2151 3619//2157 3620//2158
f 3616//2155 3623//2160 3622//2159
f 3618//159 3622//2159 3629//2165
f 3619//2157 3626//2162 3627//2163
f 3622//2159 3623//2160 3630//2166
f 3618//159 3625//2072 3626//2162
f 3629//2165 3636//2170 3632//2077
f 3626//2162 3633//2168 3634//2169
f 3629//2165 3630//2166 3637//2171
f 3625//2072 3632//2077 3633//2168
f 3633//2168 3640//2173 3641//2174
f 3637//2171 3644//2177 3643//2176
f 3633//2168 3632//2077 3639//2082
f 3636//2170 3643//2176 3639//2082
f 3644//2177 3651//2182 3650//2181
f 3640//2173 3639//2082 3646//2088
f 3643//2176 3650//2181 3646//2088
f 3641//2174 3640//2173 3647//2179
f 3650//2181 3651//2182 3606//2147
f 3647//2179 3646//2088 3603//7
f 3650//2181 3657//2186 3603//7
f 3647//2179 3654//2184 3600//2143
f 3658//2187 3628//2164 3631//2167
f 3705//2224 3655//7 3635//2050
f 3652//2183 3705//2224 3638//2172
f 3708//2226 3631//2167 3635//2050
f 3638//2172 3635//2050 3610//2055
f 3631//2167 3628//2164 3617//2156
f 3638//2172 3607//2148 3604//2145
f 3631//2167 3614//2153 3610//2055
f 3607//2148 3572//2121 3593//2138
f 3617//2156 3661//2190 3660//2189
f 3610//2055 3549//2044 3572//2121
f 3614//2153 3660//2189 3549//2044
f 3572//2121 3549//2044 3663//2062
f 3660//2189 3661//2190 3668//2195
f 3572//2121 3664//2191 3665//2192
f 3660//2189 3667//2194 3663//2062
f 3667//2194 3674//2199 3670//159
f 3664//2191 3663//2062 3670//159
f 3664//2191 3671//2197 3672//2198
f 3668//2195 3675//2200 3674//2199
f 3674//2199 3681//2205 3677//2072
f 3671//2197 3678//2202 3679//2203
f 3674//2199 3675//2200 3682//2206
f 3670//159 3677//2072 3678//2202
f 3677//2072 3681//2205 3688//2210
f 3678//2202 3685//2208 3686//2209
f 3681//2205 3682//2206 3689//2211
f 3677//2072 3684//2077 3685//2208
f 3685//2208 3692//2213 3693//2214
f 3688//2210 3689//2211 3696//2217
f 3684//2077 3691//2082 3692//2213
f 3688//2210 3695//2216 3691//2082
f 3695//2216 3696//2217 3703//2222
f 3692//2213 3691//2082 3698//2088
f 3695//2216 3702//2221 3698//2088
f 3692//2213 3699//2219 3700//2220
f 3703//2222 3658//2187 3708//2226
f 3698//2088 3655//7 3705//2224
f 3702//2221 3708//2226 3655//7
f 3700//2220 3699//2219 3705//2224
f 3755//2263 3709//2227 3680//2204
f 3753//2262 3706//7 3687//2050
f 3753//2262 3690//2212 3694//2215
f 3755//2263 3683//2207 3687//2050
f 3690//2212 3687//2050 3662//2055
f 3680//2204 3669//2196 3666//2193
f 3690//2212 3659//2188 3656//2185
f 3683//2207 3666//2193 3662//2055
f 3659//2188 3624//2161 3645//2178
f 3666//2193 3669//2196 3712//2230
f 3659//2188 3662//2055 3601//2044
f 3666//2193 3711//2229 3601//2044
f 3601//2044 3714//2062 3715//2231
f 3712//2230 3719//2235 3718//2234
f 3624//2161 3715//2231 3716//2232
f 3601//2044 3711//2229 3718//2234
f 3715//2231 3722//2237 3723//2238
f 3718//2234 3725//2239 3721//159
f 3714//2062 3721//159 3722//2237
f 3719//2235 3726//2240 3725//2239
f 3721//159 3725//2239 3731//2244
f 3722//2237 3728//2241 3729//2242
f 3726//2240 3732//2245 3731//2244
f 3721//159 3727//2072 3728//2241
f 3731//2244 3738//2249 3734//2077
f 3728//2241 3735//2247 3736//2248
f 3732//2245 3739//2250 3738//2249
f 3727//2072 3734//2077 3735//2247
f 3735//2247 3742//2252 3743//2253
f 3739//2250 3746//2256 3745//2255
f 3734//2077 3741//2082 3742//2252
f 3738//2249 3745//2255 3741//2082
f 3745//2255 3746//2256 3751//2260
f 3742//2252 3741//2082 3747//2088
f 3745//2255 3750//2259 3747//2088
f 3742//2252 3748//2257 3749//2258
f 3751//2260 3709//2227 3755//2263
f 3748//2257 3747//2088 3706//7
f 3750//2259 3755//2263 3706//7
f 3748//2257 3753//2262 3704//2223
f 3756//2264 3730//2243 3733//2246
f 3789//2291 3754//7 3737//2050
f 3752//2261 3789//2291 3740//2251
f 3790//2292 3733//2246 3737//2050
f 3737//2050 3713//2055 3710//2228
f 3730//2243 3720//2236 3717//2233
f 3744//2254 3740//2251 3710//2228
f 3733//2246 3717//2233 3713//2055
f 3710//2228 3676//2201 3697//2218
f 3720//2236 3758//2266 3757//2265
f 3713//2055 3653//2044 3676//2201
f 3717//2233 3757//2265 3653//2044
f 3653//2044 3759//2062 3760//2267
f 3757//2265 3758//2266 3763//2270
f 3676//2201 3760//2267 3761//2268
f 3757//2265 3762//2269 3759//2062
f 3761//2268 3760//2267 3765//2271
f 3762//2269 3767//2273 3764//159
f 3760//2267 3759//2062 3764//159
f 3763//2270 3768//2274 3767//2273
f 3767//2273 3772//2277 3769//2072
f 3765//2271 3770//2275 3771//2276
f 3767//2273 3768//2274 3773//2278
f 3764//159 3769//2072 3770//2275
f 3769//2072 3772//2277 3777//2281
f 3771//2276 3770//2275 3775//2279
f 3772//2277 3773//2278 3778//2282
f 3769//2072 3774//2077 3775//2279
f 3775//2279 3780//2283 3781//2284
f 3777//2281 3778//2282 3783//2286
f 3774//2077 3779//2082 3780//2283
f 3777//2281 3782//2285 3779//2082
f 3782//2285 3783//2286 3788//2290
f 3779//2082 3784//2088 3785//2287
f 3782//2285 3787//2289 3784//2088
f 3780//2283 3785//2287 3786//2288
f 3788//2290 3756//2264 3790//2292
f 3785//2287 3784//2088 3754//7
f 3787//2289 3790//2292 3754//7
f 3786//2288 3785//2287 3789//2291
usemtl Frog_belly
f 417//407 299//295 300//296
f 79//13 418//408 312//308
f 324//318 274//270 413//403
f 413//403 286//282 321//315
f 416//406 287//283 299//295
f 418//408 300//296 312//308
f 324//318 26//1 273//269
f 321//315 287//283 320//7
f 312//308 221//217 209//205
f 299//295 234//230 222//218
f 274//270 235//231 286//282
f 273//269 26//1 248//244
f 79//13 312//308 209//205
f 300//296 222//218 221//217
f 286//282 234//230 287//283
f 273//269 247//243 274//270
f 248//244 26//1 156//152
f 247//243 169//165 235//231
f 235//231 170//166 234//230
f 222//218 170//166 182//178
f 248//244 157//153 247//243
f 79//13 209//205 195//191
f 209//205 183//179 195//191
f 221//217 182//178 183//179
f 182//178 117//82 105//102
f 156//152 130//126 157//153
f 157//153 118//114 169//165
f 169//165 117//82 170//166
f 156//152 26//1 131//127
f 195//191 104//101 92//89
f 183//179 105//102 104//101
f 79//13 195//191 92//89
f 131//127 26//1 39//37
f 130//126 39//37 40//38
f 118//114 40//38 52//50
f 104//101 78//76 92//89
f 117//82 52//50 53//51
f 105//102 66//64 104//101
f 117//82 65//63 105//102
f 79//13 92//89 78//76
f 40//38 14//14 11//11
f 66//64 328//322 78//76
f 53//51 326//320 65//63
f 53//51 4//4 3//3
f 52//50 11//11 4//4
f 79//13 78//76 328//322
f 65//63 327//321 66//64
f 39//37 26//1 14//14
f 3//3 335//329 326//320
f 11//11 333//327 332//326
f 79//13 328//322 337//331
f 327//321 337//331 328//322
f 326//320 336//330 327//321
f 14//14 26//1 333//327
f 4//4 332//326 331//325
f 3//3 331//325 330//324
f 336//330 346//339 337//331
f 333//327 26//1 342//335
f 331//325 341//334 340//333
f 330//324 340//333 339//159
f 332//326 342//335 341//334
f 335//329 345//338 336//330
f 79//13 337//331 346//339
f 330//324 344//337 335//329
f 342//335 350//343 341//334
f 346//339 354//347 355//348
f 344//337 348//341 353//346
f 341//334 349//342 340//333
f 342//335 26//1 351//344
f 79//13 346//339 355//348
f 345//338 353//346 354//347
f 340//333 348//341 339//159
f 355//348 363//356 364//357
f 353//346 357//350 362//355
f 350//343 358//351 349//342
f 351//344 26//1 360//353
f 79//13 355//348 364//357
f 354//347 362//355 363//356
f 349//342 357//350 348//341
f 351//344 359//352 350//343
f 360//353 26//1 369//362
f 79//13 364//357 373//366
f 363//356 371//364 372//365
f 358//351 366//359 357//350
f 360//353 368//361 359//352
f 364//357 372//365 373//366
f 362//355 366//359 371//364
f 359//352 367//360 358//351
f 372//365 380//372 381//373
f 367//360 375//237 366//359
f 369//362 377//369 368//361
f 373//366 381//373 382//374
f 371//364 375//237 380//372
f 368//361 376//368 367//360
f 369//362 26//1 378//370
f 79//13 373//366 382//374
f 381//373 391//383 382//374
f 375//237 389//381 380//372
f 376//368 386//378 385//377
f 378//370 26//1 387//379
f 79//13 382//374 391//383
f 380//372 390//382 381//373
f 375//237 385//377 384//376
f 377//369 387//379 386//378
f 384//376 398//389 389//381
f 385//377 395//386 394//385
f 387//379 26//1 396//387
f 79//13 391//383 400//391
f 389//381 399//390 390//382
f 384//376 394//385 393//384
f 386//378 396//387 395//386
f 390//382 400//391 391//383
f 79//13 400//391 409//399
f 398//389 408//398 399//390
f 393//384 403//394 402//393
f 395//386 405//396 404//395
f 399//390 409//399 400//391
f 393//384 407//397 398//389
f 394//385 404//395 403//394
f 396//387 26//1 405//396
f 402//393 321//315 320//7
f 404//395 324//318 413//403
f 408//398 418//408 409//399
f 402//393 416//406 407//397
f 403//394 413//403 321//315
f 405//396 26//1 324//318
f 79//13 409//399 418//408
f 407//397 417//407 408//398
f 694//7 653//637 796//773
f 793//770 627//611 628//612
f 433//13 798//775 666//650
f 698//680 628//612 640//624
f 694//7 640//624 641//625
f 704//686 392//1 627//611
f 796//773 654//638 797//774
f 797//774 666//650 798//775
f 653//637 575//560 654//638
f 641//625 576//561 653//637
f 640//624 601//586 589//574
f 627//611 392//1 602//587
f 628//612 602//587 601//586
f 654//638 563//548 666//650
f 641//625 589//574 588//573
f 433//13 666//650 563//548
f 602//587 392//1 510//496
f 601//586 510//496 511//497
f 589//574 511//497 523//509
f 588//573 523//509 524//510
f 588//573 536//522 576//561
f 576//561 537//523 575//560
f 433//13 563//548 549//534
f 575//560 549//534 563//548
f 510//496 392//1 485//472
f 524//510 459//448 536//522
f 511//497 485//472 484//471
f 523//509 484//471 472//459
f 433//13 549//534 446//435
f 537//523 446//435 549//534
f 536//522 458//447 537//523
f 524//510 472//459 471//82
f 458//447 419//409 420//410
f 459//448 414//404 419//409
f 472//459 414//404 471//82
f 485//472 392//1 410//400
f 485//472 411//401 484//471
f 484//471 412//402 472//459
f 433//13 446//435 432//422
f 446//435 420//410 432//422
f 411//401 374//367 412//402
f 410//400 392//1 388//380
f 410//400 379//371 411//401
f 432//422 707//689 708//690
f 419//409 322//316 706//688
f 412//402 322//316 414//404
f 420//410 706//688 707//689
f 433//13 432//422 708//690
f 707//689 715//697 716//698
f 379//371 711//693 374//367
f 374//367 710//692 322//316
f 706//688 710//692 715//697
f 708//690 716//698 717//699
f 388//380 712//694 379//371
f 388//380 392//1 713//695
f 433//13 708//690 717//699
f 712//694 720//701 711//693
f 715//697 719//159 724//705
f 433//13 717//699 726//707
f 713//695 721//702 712//694
f 711//693 719//159 710//692
f 713//695 392//1 722//703
f 716//698 724//705 725//706
f 717//699 725//706 726//707
f 721//702 731//712 730//711
f 725//706 735//715 726//707
f 719//159 733//713 724//705
f 720//701 730//711 729//710
f 722//703 392//1 731//712
f 433//13 726//707 735//715
f 724//705 734//714 725//706
f 719//159 729//710 728//709
f 734//714 744//723 735//715
f 728//709 742//721 733//713
f 729//710 739//718 738//717
f 731//712 392//1 740//719
f 433//13 735//715 744//723
f 733//713 743//722 734//714
f 728//709 738//717 737//716
f 730//711 740//719 739//718
f 740//719 392//1 749//728
f 433//13 744//723 753//732
f 742//721 752//731 743//722
f 737//716 747//726 746//725
f 739//718 749//728 748//727
f 743//722 753//732 744//723
f 737//716 751//730 742//721
f 738//717 748//727 747//726
f 751//730 761//739 752//731
f 746//725 756//734 755//237
f 748//727 758//736 757//735
f 752//731 762//740 753//732
f 746//725 760//738 751//730
f 747//726 757//735 756//734
f 749//728 392//1 758//736
f 433//13 753//732 762//740
f 762//740 770//748 771//749
f 760//738 764//742 769//747
f 757//735 765//743 756//734
f 758//736 392//1 767//745
f 433//13 762//740 771//749
f 761//739 769//747 770//748
f 756//734 764//742 755//237
f 758//736 766//744 757//735
f 769//747 773//751 778//756
f 766//744 774//752 765//743
f 767//745 392//1 776//754
f 433//13 771//749 780//758
f 770//748 778//756 779//757
f 765//743 773//751 764//742
f 767//745 775//753 766//744
f 771//749 779//757 780//758
f 433//13 780//758 789//767
f 779//757 787//765 788//766
f 774//752 782//760 773//751
f 776//754 784//762 775//753
f 780//758 788//766 789//767
f 778//756 782//760 787//765
f 775//753 783//761 774//752
f 776//754 392//1 785//763
f 783//761 694//7 782//760
f 785//763 793//770 784//762
f 789//767 797//774 798//775
f 787//765 694//7 796//773
f 784//762 698//680 783//761
f 785//763 392//1 704//686
f 433//13 789//767 798//775
f 788//766 796//773 797//774
f 417//407 416//406 299//295
f 324//318 273//269 274//270
f 413//403 274//270 286//282
f 416//406 320//7 287//283
f 418//408 417//407 300//296
f 321//315 286//282 287//283
f 312//308 300//296 221//217
f 299//295 287//283 234//230
f 274//270 247//243 235//231
f 300//296 299//295 222//218
f 286//282 235//231 234//230
f 273//269 248//244 247//243
f 247//243 157//153 169//165
f 235//231 169//165 170//166
f 222//218 234//230 170//166
f 248//244 156//152 157//153
f 209//205 221//217 183//179
f 221//217 222//218 182//178
f 182//178 170//166 117//82
f 156//152 131//127 130//126
f 157//153 130//126 118//114
f 169//165 118//114 117//82
f 195//191 183//179 104//101
f 183//179 182//178 105//102
f 130//126 131//127 39//37
f 118//114 130//126 40//38
f 104//101 66//64 78//76
f 117//82 118//114 52//50
f 105//102 65//63 66//64
f 117//82 53//51 65//63
f 40//38 39//37 14//14
f 66//64 327//321 328//322
f 53//51 3//3 326//320
f 53//51 52//50 4//4
f 52//50 40//38 11//11
f 65//63 326//320 327//321
f 3//3 330//324 335//329
f 11//11 14//14 333//327
f 327//321 336//330 337//331
f 326//320 335//329 336//330
f 4//4 11//11 332//326
f 3//3 4//4 331//325
f 336//330 345//338 346//339
f 331//325 332//326 341//334
f 330//324 331//325 340//333
f 332//326 333//327 342//335
f 335//329 344//337 345//338
f 330//324 339//159 344//337
f 342//335 351//344 350//343
f 346//339 345//338 354//347
f 344//337 339//159 348//341
f 341//334 350//343 349//342
f 345//338 344//337 353//346
f 340//333 349//342 348//341
f 355//348 354//347 363//356
f 353//346 348//341 357//350
f 350//343 359//352 358//351
f 354//347 353//346 362//355
f 349//342 358//351 357//350
f 351//344 360//353 359//352
f 363//356 362//355 371//364
f 358//351 367//360 366//359
f 360//353 369//362 368//361
f 364//357 363//356 372//365
f 362//355 357//350 366//359
f 359//352 368//361 367//360
f 372//365 371//364 380//372
f 367//360 376//368 375//237
f 369//362 378//370 377//369
f 373//366 372//365 381//373
f 371//364 366//359 375//237
f 368//361 377//369 376//368
f 381//373 390//382 391//383
f 375//237 384//376 389//381
f 376//368 377//369 386//378
f 380//372 389//381 390//382
f 375//237 376//368 385//377
f 377//369 378//370 387//379
f 384//376 393//384 398//389
f 385//377 386//378 395//386
f 389//381 398//389 399//390
f 384//376 385//377 394//385
f 386//378 387//379 396//387
f 390//382 399//390 400//391
f 398//389 407//397 408//398
f 393//384 394//385 403//394
f 395//386 396//387 405//396
f 399//390 408//398 409//399
f 393//384 402//393 407//397
f 394//385 395//386 404//395
f 402//393 403//394 321//315
f 404//395 405//396 324//318
f 408//398 417//407 418//408
f 402//393 320//7 416//406
f 403//394 404//395 413//403
f 407//397 416//406 417//407
f 694//7 641//625 653//637
f 793//770 704//686 627//611
f 698//680 793//770 628//612
f 694//7 698//680 640//624
f 796//773 653//637 654//638
f 797//774 654//638 666//650
f 653//637 576//561 575//560
f 641//625 588//573 576//561
f 640//624 628//612 601//586
f 628//612 627//611 602//587
f 654//638 575//560 563//548
f 641//625 640//624 589//574
f 601//586 602//587 510//496
f 589//574 601//586 511//497
f 588//573 589//574 523//509
f 588//573 524//510 536//522
f 576//561 536//522 537//523
f 575//560 537//523 549//534
f 524//510 471//82 459//448
f 511//497 510//496 485//472
f 523//509 511//497 484//471
f 537//523 458//447 446//435
f 536//522 459//448 458//447
f 524//510 523//509 472//459
f 458//447 459//448 419//409
f 459//448 471//82 414//404
f 472//459 412//402 414//404
f 485//472 410//400 411//401
f 484//471 411//401 412//402
f 446//435 458//447 420//410
f 411//401 379//371 374//367
f 410//400 388//380 379//371
f 432//422 420//410 707//689
f 419//409 414//404 322//316
f 412//402 374//367 322//316
f 420//410 419//409 706//688
f 707//689 706//688 715//697
f 379//371 712//694 711//693
f 374//367 711//693 710//692
f 706//688 322//316 710//692
f 708//690 707//689 716//698
f 388//380 713//695 712//694
f 712//694 721//702 720//701
f 715//697 710//692 719//159
f 713//695 722//703 721//702
f 711//693 720//701 719//159
f 716//698 715//697 724//705
f 717//699 716//698 725//706
f 721//702 722//703 731//712
f 725//706 734//714 735//715
f 719//159 728//709 733//713
f 720//701 721//702 730//711
f 724//705 733//713 734//714
f 719//159 720//701 729//710
f 734//714 743//722 744//723
f 728//709 737//716 742//721
f 729//710 730//711 739//718
f 733//713 742//721 743//722
f 728//709 729//710 738//717
f 730//711 731//712 740//719
f 742//721 751//730 752//731
f 737//716 738//717 747//726
f 739//718 740//719 749//728
f 743//722 752//731 753//732
f 737//716 746//725 751//730
f 738//717 739//718 748//727
f 751//730 760//738 761//739
f 746//725 747//726 756//734
f 748//727 749//728 758//736
f 752//731 761//739 762//740
f 746//725 755//237 760//738
f 747//726 748//727 757//735
f 762//740 761//739 770//748
f 760//738 755//237 764//742
f 757//735 766//744 765//743
f 761//739 760//738 769//747
f 756//734 765//743 764//742
f 758//736 767//745 766//744
f 769//747 764//742 773//751
f 766//744 775//753 774//752
f 770//748 769//747 778//756
f 765//743 774//752 773//751
f 767//745 776//754 775//753
f 771//749 770//748 779//757
f 779//757 778//756 787//765
f 774//752 783//761 782//760
f 776//754 785//763 784//762
f 780//758 779//757 788//766
f 778//756 773//751 782//760
f 775//753 784//762 783//761
f 783//761 698//680 694//7
f 785//763 704//686 793//770
f 789//767 788//766 797//774
f 787//765 782//760 694//7
f 784//762 793//770 698//680
f 788//766 787//765 796//773
usemtl Frog_pink
f 1167//1122 1086//1046 1089//1049
f 1113//7 1096//1056 1164//1120
f 1164//1120 1100//1060 1110//1069
f 1055//13 1110//1069 1100//1060
f 1116//1074 1079//1 1086//1046
f 1113//7 1089//1049 1093//1053
f 1093//1053 1065//1027 1096//1056
f 1089//1049 1075//1037 1072//1034
f 1096//1056 1062//1024 1100//1060
f 1093//1053 1072//1034 1068//1030
f 1086//1046 1079//1 1075//1037
f 1055//13 1100//1060 1062//1024
f 1068//1030 1030//994 1065//1027
f 1055//13 1062//1024 1051//1015
f 1068//1030 1118//1076 991//957
f 1075//1037 1079//1 1119//1077
f 1075//1037 1118//1076 1072//1034
f 1062//1024 1030//994 1051//1015
f 1030//994 1121//1079 1122//1080
f 1119//1077 1125//1083 1118//1076
f 1119//1077 1079//1 1126//1084
f 1051//1015 1122//1080 1123//1081
f 1118//1076 1121//1079 991//957
f 1055//13 1051//1015 1123//1081
f 1055//13 1123//1081 1130//1087
f 1125//1083 1128//159 1121//1079
f 1122//1080 1128//159 1129//1086
f 1126//1084 1079//1 1133//1089
f 1126//1084 1132//1088 1125//1083
f 1123//1081 1129//1086 1130//1087
f 1129//1086 1137//1093 1130//1087
f 1132//1088 1140//1096 1139//1095
f 1128//159 1136//1092 1129//1086
f 1055//13 1130//1087 1137//1093
f 1133//1089 1079//1 1140//1096
f 1128//159 1139//1095 1135//1091
f 1139//1095 1147//1103 1146//1102
f 1135//1091 1143//1099 1136//1092
f 1055//13 1137//1093 1144//1100
f 1140//1096 1079//1 1147//1103
f 1135//1091 1146//1102 1142//1098
f 1136//1092 1144//1100 1137//1093
f 1147//1103 1153//1109 1146//1102
f 1142//1098 1150//1106 1143//1099
f 1055//13 1144//1100 1151//1107
f 1147//1103 1079//1 1154//1110
f 1142//1098 1153//1109 1149//1105
f 1144//1100 1150//1106 1151//1107
f 1154//1110 1160//1116 1153//1109
f 1150//1106 1156//1112 1157//1113
f 1055//13 1151//1107 1158//1114
f 1154//1110 1079//1 1161//1117
f 1153//1109 1156//1112 1149//1105
f 1151//1107 1157//1113 1158//1114
f 1161//1117 1167//1122 1160//1116
f 1157//1113 1113//7 1164//1120
f 1055//13 1158//1114 1110//1069
f 1161//1117 1079//1 1116//1074
f 1160//1116 1113//7 1156//1112
f 1158//1114 1164//1120 1110//1069
f 2485//1122 2404//1046 2407//1049
f 2431//7 2414//1056 2482//1120
f 2482//1120 2418//1060 2428//1069
f 2373//13 2428//1069 2418//1060
f 2434//1074 2397//1 2404//1046
f 2431//7 2407//1049 2411//1053
f 2373//13 2418//1060 2380//1024
f 2411//1053 2383//1027 2414//1056
f 2407//1049 2393//1037 2390//1034
f 2414//1056 2380//1024 2418//1060
f 2411//1053 2390//1034 2386//1030
f 2404//1046 2397//1 2393//1037
f 2393//1037 2397//1 2437//1077
f 2380//1024 2348//994 2369//1015
f 2386//1030 2348//994 2383//1027
f 2393//1037 2436//1076 2390//1034
f 2373//13 2380//1024 2369//1015
f 2386//1030 2436//1076 2309//957
f 2348//994 2439//1079 2440//1080
f 2437//1077 2443//1083 2436//1076
f 2373//13 2369//1015 2441//1081
f 2437//1077 2397//1 2444//1084
f 2369//1015 2440//1080 2441//1081
f 2436//1076 2439//1079 2309//957
f 2443//1083 2446//159 2439//1079
f 2444//1084 2450//1088 2443//1083
f 2441//1081 2447//1086 2448//1087
f 2373//13 2441//1081 2448//1087
f 2444//1084 2397//1 2451//1089
f 2440//1080 2446//159 2447//1086
f 2451//1089 2397//1 2458//1096
f 2446//159 2457//1095 2453//1091
f 2447//1086 2455//1093 2448//1087
f 2450//1088 2458//1096 2457//1095
f 2446//159 2454//1092 2447//1086
f 2373//13 2448//1087 2455//1093
f 2458//1096 2397//1 2465//1103
f 2453//1091 2464//1102 2460//1098
f 2454//1092 2462//1100 2455//1093
f 2457//1095 2465//1103 2464//1102
f 2453//1091 2461//1099 2454//1092
f 2373//13 2455//1093 2462//1100
f 2460//1098 2471//1109 2467//1105
f 2462//1100 2468//1106 2469//1107
f 2465//1103 2471//1109 2464//1102
f 2460//1098 2468//1106 2461//1099
f 2373//13 2462//1100 2469//1107
f 2465//1103 2397//1 2472//1110
f 2469//1107 2475//1113 2476//1114
f 2472//1110 2478//1116 2471//1109
f 2468//1106 2474//1112 2475//1113
f 2373//13 2469//1107 2476//1114
f 2472//1110 2397//1 2479//1117
f 2471//1109 2474//1112 2467//1105
f 2479//1117 2485//1122 2478//1116
f 2475//1113 2431//7 2482//1120
f 2373//13 2476//1114 2428//1069
f 2479//1117 2397//1 2434//1074
f 2478//1116 2431//7 2474//1112
f 2476//1114 2482//1120 2428//1069
f 1167//1122 1116//1074 1086//1046
f 1113//7 1093//1053 1096//1056
f 1164//1120 1096//1056 1100//1060
f 1113//7 1167//1122 1089//1049
f 1093//1053 1068//1030 1065//1027
f 1089//1049 1086//1046 1075//1037
f 1096//1056 1065//1027 1062//1024
f 1093//1053 1089//1049 1072//1034
f 1068//1030 991//957 1030//994
f 1068//1030 1072//1034 1118//1076
f 1075//1037 1119//1077 1118//1076
f 1062//1024 1065//1027 1030//994
f 1030//994 991//957 1121//1079
f 1119//1077 1126//1084 1125//1083
f 1051//1015 1030//994 1122//1080
f 1118//1076 1125//1083 1121//1079
f 1125//1083 1132//1088 1128//159
f 1122//1080 1121//1079 1128//159
f 1126//1084 1133//1089 1132//1088
f 1123//1081 1122//1080 1129//1086
f 1129//1086 1136//1092 1137//1093
f 1132//1088 1133//1089 1140//1096
f 1128//159 1135//1091 1136//1092
f 1128//159 1132//1088 1139//1095
f 1139//1095 1140//1096 1147//1103
f 1135//1091 1142//1098 1143//1099
f 1135//1091 1139//1095 1146//1102
f 1136//1092 1143//1099 1144//1100
f 1147//1103 1154//1110 1153//1109
f 1142//1098 1149//1105 1150//1106
f 1142//1098 1146//1102 1153//1109
f 1144//1100 1143//1099 1150//1106
f 1154//1110 1161//1117 1160//1116
f 1150//1106 1149//1105 1156//1112
f 1153//1109 1160//1116 1156//1112
f 1151//1107 1150//1106 1157//1113
f 1161//1117 1116//1074 1167//1122
f 1157//1113 1156//1112 1113//7
f 1160//1116 1167//1122 1113//7
f 1158//1114 1157//1113 1164//1120
f 2485//1122 2434//1074 2404//1046
f 2431//7 2411//1053 2414//1056
f 2482//1120 2414//1056 2418//1060
f 2431//7 2485//1122 2407//1049
f 2411//1053 2386//1030 2383//1027
f 2407//1049 2404//1046 2393//1037
f 2414//1056 2383//1027 2380//1024
f 2411//1053 2407//1049 2390//1034
f 2380//1024 2383//1027 2348//994
f 2386//1030 2309//957 2348//994
f 2393//1037 2437//1077 2436//1076
f 2386//1030 2390//1034 2436//1076
f 2348//994 2309//957 2439//1079
f 2437//1077 2444//1084 2443//1083
f 2369//1015 2348//994 2440//1080
f 2436//1076 2443//1083 2439//1079
f 2443//1083 2450//1088 2446//159
f 2444//1084 2451//1089 2450//1088
f 2441//1081 2440//1080 2447//1086
f 2440//1080 2439//1079 2446//159
f 2446//159 2450//1088 2457//1095
f 2447//1086 2454//1092 2455//1093
f 2450//1088 2451//1089 2458//1096
f 2446//159 2453//1091 2454//1092
f 2453//1091 2457//1095 2464//1102
f 2454//1092 2461//1099 2462//1100
f 2457//1095 2458//1096 2465//1103
f 2453//1091 2460//1098 2461//1099
f 2460//1098 2464//1102 2471//1109
f 2462//1100 2461//1099 2468//1106
f 2465//1103 2472//1110 2471//1109
f 2460//1098 2467//1105 2468//1106
f 2469//1107 2468//1106 2475//1113
f 2472//1110 2479//1117 2478//1116
f 2468//1106 2467//1105 2474//1112
f 2471//1109 2478//1116 2474//1112
f 2479//1117 2434//1074 2485//1122
f 2475//1113 2474//1112 2431//7
f 2478//1116 2485//1122 2431//7
f 2476//1114 2475//1113 2482//1120
usemtl Frog_white
f 909//7 886//858 908//880
f 907//879 895//867 905//877
f 911//882 868//841 871//844
f 909//7 877//849 880//852
f 908//880 889//861 907//879
f 817//13 905//877 895//867
f 1020//986 732//1 868//841
f 910//881 871//844 877//849
f 871//844 853//827 850//824
f 889//861 826//801 895//867
f 880//852 835//810 886//858
f 877//849 850//824 844//818
f 868//841 732//1 853//827
f 817//13 895//867 826//801
f 886//858 832//807 889//861
f 880//852 844//818 841//815
f 853//827 732//1 772//750
f 832//807 814//790 826//801
f 841//815 795//772 799//776
f 817//13 826//801 814//790
f 850//824 772//750 777//755
f 844//818 777//755 795//772
f 841//815 805//781 835//810
f 835//810 808//784 832//807
f 805//781 917//887 808//784
f 795//772 498//484 914//885
f 777//755 693//676 498//484
f 817//13 814//790 918//888
f 799//776 916//886 805//781
f 808//784 918//888 814//790
f 772//750 732//1 693//676
f 799//776 914//885 915//82
f 693//676 920//890 498//484
f 914//885 924//894 915//82
f 817//13 918//888 927//897
f 916//886 924//894 925//895
f 917//887 925//895 926//896
f 693//676 732//1 921//891
f 498//484 923//893 914//885
f 918//888 926//896 927//897
f 925//895 933//902 934//903
f 921//891 929//898 920//890
f 923//893 933//902 924//894
f 926//896 934//903 935//904
f 817//13 927//897 936//905
f 921//891 732//1 930//899
f 920//890 932//901 923//893
f 927//897 935//904 936//905
f 930//899 938//907 929//898
f 932//901 942//911 933//902
f 935//904 943//912 944//913
f 936//905 944//913 945//914
f 930//899 732//1 939//908
f 929//898 941//910 932//901
f 934//903 942//911 943//912
f 817//13 936//905 945//914
f 944//913 952//920 953//921
f 945//914 953//921 954//922
f 939//908 732//1 948//917
f 938//907 950//919 941//910
f 943//912 951//159 952//920
f 817//13 945//914 954//922
f 939//908 947//916 938//907
f 941//910 951//159 942//911
f 948//917 732//1 957//925
f 950//919 956//924 959//927
f 951//159 961//929 952//920
f 817//13 954//922 963//931
f 947//916 957//925 956//924
f 951//159 959//927 960//928
f 952//920 962//930 953//921
f 953//921 963//931 954//922
f 817//13 963//931 972//939
f 956//924 966//933 965//932
f 960//928 968//935 969//936
f 961//929 971//938 962//930
f 962//930 972//939 963//931
f 957//925 732//1 966//933
f 959//927 965//932 968//935
f 960//928 970//937 961//929
f 965//932 975//942 974//941
f 969//936 977//944 978//945
f 970//937 980//947 971//938
f 971//938 981//948 972//939
f 966//933 732//1 975//942
f 968//935 974//941 977//944
f 969//936 979//946 970//937
f 817//13 972//939 981//948
f 980//947 990//956 981//948
f 975//942 732//1 984//951
f 977//944 983//950 986//953
f 978//945 988//954 979//946
f 817//13 981//948 990//956
f 974//941 984//951 983//950
f 978//945 986//953 987//237
f 979//946 989//955 980//947
f 983//950 995//961 986//953
f 988//954 996//962 997//963
f 817//13 990//956 999//965
f 984//951 992//958 983//950
f 986//953 996//962 987//237
f 989//955 997//963 998//964
f 990//956 998//964 999//965
f 984//951 732//1 993//959
f 993//959 1001//967 992//958
f 995//961 1005//971 996//962
f 998//964 1006//972 1007//973
f 999//965 1007//973 1008//974
f 993//959 732//1 1002//968
f 992//958 1004//970 995//961
f 997//963 1005//971 1006//972
f 817//13 999//965 1008//974
f 1004//970 1014//980 1005//971
f 1007//973 1015//981 1016//982
f 1008//974 1016//982 1017//983
f 1002//968 732//1 1011//977
f 1001//967 1013//979 1004//970
f 1006//972 1014//980 1015//981
f 817//13 1008//974 1017//983
f 1002//968 1010//976 1001//967
f 1011//977 732//1 1020//986
f 1010//976 910//881 1013//979
f 1015//981 909//7 908//880
f 817//13 1017//983 905//877
f 1011//977 911//882 1010//976
f 1013//979 909//7 1014//980
f 1016//982 908//880 907//879
f 1017//983 907//879 905//877
f 1115//1073 1034//998 1037//1001
f 1061//7 1044//1008 1112//1071
f 1112//1071 1048//1012 1058//1021
f 964//13 1058//1021 1048//1012
f 1064//1026 1027//1 1034//998
f 1061//7 1037//1001 1041//1005
f 1041//1005 1019//985 1044//1008
f 1037//1001 1025//990 1023//989
f 1044//1008 994//960 1048//1012
f 1041//1005 1023//989 1021//987
f 1034//998 1027//1 1025//990
f 964//13 1048//1012 994//960
f 1025//990 1066//1028 1023//989
f 1021//987 931//900 1019//985
f 1019//985 958//926 994//960
f 964//13 994//960 958//926
f 1023//989 898//870 1021//987
f 1025//990 1027//1 1067//1029
f 1067//1029 1073//1035 1066//1028
f 1066//1028 1069//1031 898//870
f 1067//1029 1027//1 1074//1036
f 964//13 958//926 1071//1033
f 958//926 1070//1032 1071//1033
f 931//900 1069//1031 1070//1032
f 964//13 1071//1033 1078//1039
f 1073//1035 1076//159 1069//1031
f 1074//1036 1027//1 1081//1041
f 1070//1032 1076//159 1077//1038
f 1071//1033 1077//1038 1078//1039
f 1074//1036 1080//1040 1073//1035
f 1077//1038 1085//1045 1078//1039
f 1080//1040 1088//1048 1087//1047
f 1076//159 1084//1044 1077//1038
f 964//13 1078//1039 1085//1045
f 1081//1041 1027//1 1088//1048
f 1076//159 1087//1047 1083//1043
f 1087//1047 1095//1055 1094//1054
f 1083//1043 1091//1051 1084//1044
f 964//13 1085//1045 1092//1052
f 1088//1048 1027//1 1095//1055
f 1083//1043 1094//1054 1090//1050
f 1084//1044 1092//1052 1085//1045
f 1095//1055 1101//1061 1094//1054
f 1090//1050 1098//1058 1091//1051
f 964//13 1092//1052 1099//1059
f 1095//1055 1027//1 1102//1062
f 1094//1054 1097//1057 1090//1050
f 1091//1051 1099//1059 1092//1052
f 1102//1062 1108//1067 1101//1061
f 1098//1058 1104//1064 1105//1065
f 964//13 1099//1059 1106//1066
f 1102//1062 1027//1 1109//1068
f 1101//1061 1104//1064 1097//1057
f 1099//1059 1105//1065 1106//1066
f 1109//1068 1115//1073 1108//1067
f 1105//1065 1061//7 1112//1071
f 964//13 1106//1066 1058//1021
f 1109//1068 1027//1 1064//1026
f 1108//1067 1061//7 1104//1064
f 1106//1066 1112//1071 1058//1021
f 2228//882 2184//841 2186//844
f 2225//7 2202//858 2224//880
f 2223//879 2211//867 2222//877
f 2132//13 2222//877 2211//867
f 2338//986 2089//1 2184//841
f 2226//881 2186//844 2193//849
f 2225//7 2193//849 2195//852
f 2224//880 2204//861 2223//879
f 2202//858 2148//807 2204//861
f 2195//852 2159//818 2157//815
f 2186//844 2168//827 2166//824
f 2204//861 2141//801 2211//867
f 2195//852 2150//810 2202//858
f 2193//849 2166//824 2159//818
f 2184//841 2089//1 2168//827
f 2132//13 2211//867 2141//801
f 2166//824 2103//750 2105//755
f 2157//815 2112//772 2114//776
f 2168//827 2089//1 2103//750
f 2132//13 2141//801 2130//790
f 2150//810 2123//784 2148//807
f 2157//815 2121//781 2150//810
f 2159//818 2105//755 2112//772
f 2148//807 2130//790 2141//801
f 2132//13 2130//790 2236//888
f 2121//781 2235//887 2123//784
f 2105//755 2086//676 2054//484
f 2114//776 2232//885 2233//82
f 2114//776 2234//886 2121//781
f 2123//784 2236//888 2130//790
f 2103//750 2089//1 2086//676
f 2112//772 2054//484 2232//885
f 2236//888 2244//896 2245//897
f 2234//886 2242//894 2243//895
f 2086//676 2238//890 2054//484
f 2232//885 2242//894 2233//82
f 2132//13 2236//888 2245//897
f 2054//484 2241//893 2232//885
f 2086//676 2089//1 2239//891
f 2235//887 2243//895 2244//896
f 2239//891 2247//898 2238//890
f 2241//893 2251//902 2242//894
f 2244//896 2252//903 2253//904
f 2245//897 2253//904 2254//905
f 2239//891 2089//1 2248//899
f 2238//890 2250//901 2241//893
f 2132//13 2245//897 2254//905
f 2243//895 2251//902 2252//903
f 2252//903 2260//911 2261//912
f 2248//899 2089//1 2257//908
f 2247//898 2259//910 2250//901
f 2132//13 2254//905 2263//914
f 2253//904 2261//912 2262//913
f 2248//899 2256//907 2247//898
f 2250//901 2260//911 2251//902
f 2254//905 2262//913 2263//914
f 2256//907 2268//919 2259//910
f 2132//13 2263//914 2272//922
f 2262//913 2270//920 2271//921
f 2257//908 2265//916 2256//907
f 2259//910 2269//159 2260//911
f 2263//914 2271//921 2272//922
f 2261//912 2269//159 2270//920
f 2257//908 2089//1 2266//917
f 2265//916 2275//925 2274//924
f 2269//159 2277//927 2278//928
f 2271//921 2281//931 2272//922
f 2269//159 2279//929 2270//920
f 2266//917 2089//1 2275//925
f 2268//919 2274//924 2277//927
f 2132//13 2272//922 2281//931
f 2270//920 2280//930 2271//921
f 2278//928 2286//935 2287//936
f 2280//930 2290//939 2281//931
f 2278//928 2288//937 2279//929
f 2275//925 2089//1 2284//933
f 2277//927 2283//932 2286//935
f 2132//13 2281//931 2290//939
f 2279//929 2289//938 2280//930
f 2274//924 2284//933 2283//932
f 2284//933 2089//1 2293//942
f 2286//935 2292//941 2295//944
f 2132//13 2290//939 2299//948
f 2288//937 2298//947 2289//938
f 2283//932 2293//942 2292//941
f 2287//936 2295//944 2296//945
f 2289//938 2299//948 2290//939
f 2287//936 2297//946 2288//937
f 2132//13 2299//948 2308//956
f 2297//946 2307//955 2298//947
f 2292//941 2302//951 2301//950
f 2296//945 2304//953 2305//237
f 2298//947 2308//956 2299//948
f 2296//945 2306//954 2297//946
f 2293//942 2089//1 2302//951
f 2295//944 2301//950 2304//953
f 2302//951 2310//958 2301//950
f 2304//953 2314//962 2305//237
f 2308//956 2316//964 2317//965
f 2306//954 2314//962 2315//963
f 2302//951 2089//1 2311//959
f 2301//950 2313//961 2304//953
f 2132//13 2308//956 2317//965
f 2307//955 2315//963 2316//964
f 2317//965 2325//973 2326//974
f 2315//963 2323//971 2324//972
f 2311//959 2089//1 2320//968
f 2310//958 2322//970 2313//961
f 2132//13 2317//965 2326//974
f 2316//964 2324//972 2325//973
f 2311//959 2319//967 2310//958
f 2313//961 2323//971 2314//962
f 2320//968 2089//1 2329//977
f 2319//967 2331//979 2322//970
f 2132//13 2326//974 2335//983
f 2325//973 2333//981 2334//982
f 2320//968 2328//976 2319//967
f 2322//970 2332//980 2323//971
f 2326//974 2334//982 2335//983
f 2324//972 2332//980 2333//981
f 2334//982 2224//880 2223//879
f 2329//977 2228//882 2328//976
f 2331//979 2225//7 2332//980
f 2335//983 2223//879 2222//877
f 2333//981 2225//7 2224//880
f 2329//977 2089//1 2338//986
f 2328//976 2226//881 2331//979
f 2132//13 2335//983 2222//877
f 2433//1073 2352//998 2355//1001
f 2379//7 2362//1008 2430//1071
f 2430//1071 2366//1012 2376//1021
f 2282//13 2376//1021 2366//1012
f 2382//1026 2345//1 2352//998
f 2379//7 2355//1001 2359//1005
f 2282//13 2366//1012 2312//960
f 2359//1005 2337//985 2362//1008
f 2355//1001 2343//990 2341//989
f 2362//1008 2312//960 2366//1012
f 2359//1005 2341//989 2339//987
f 2352//998 2345//1 2343//990
f 2343//990 2345//1 2385//1029
f 2343//990 2384//1028 2341//989
f 2337//985 2276//926 2312//960
f 2339//987 2249//900 2337//985
f 2282//13 2312//960 2276//926
f 2341//989 2213//870 2339//987
f 2384//1028 2387//1031 2213//870
f 2282//13 2276//926 2389//1033
f 2276//926 2388//1032 2389//1033
f 2385//1029 2391//1035 2384//1028
f 2249//900 2387//1031 2388//1032
f 2385//1029 2345//1 2392//1036
f 2282//13 2389//1033 2396//1039
f 2391//1035 2394//159 2387//1031
f 2389//1033 2395//1038 2396//1039
f 2388//1032 2394//159 2395//1038
f 2392//1036 2398//1040 2391//1035
f 2392//1036 2345//1 2399//1041
f 2399//1041 2345//1 2406//1048
f 2394//159 2405//1047 2401//1043
f 2395//1038 2403//1045 2396//1039
f 2398//1040 2406//1048 2405//1047
f 2394//159 2402//1044 2395//1038
f 2282//13 2396//1039 2403//1045
f 2406//1048 2345//1 2413//1055
f 2401//1043 2412//1054 2408//1050
f 2402//1044 2410//1052 2403//1045
f 2405//1047 2413//1055 2412//1054
f 2401//1043 2409//1051 2402//1044
f 2282//13 2403//1045 2410//1052
f 2412//1054 2415//1057 2408//1050
f 2409//1051 2417//1059 2410//1052
f 2413//1055 2419//1061 2412//1054
f 2408//1050 2416//1058 2409//1051
f 2282//13 2410//1052 2417//1059
f 2413//1055 2345//1 2420//1062
f 2417//1059 2423//1065 2424//1066
f 2420//1062 2426//1067 2419//1061
f 2416//1058 2422//1064 2423//1065
f 2282//13 2417//1059 2424//1066
f 2420//1062 2345//1 2427//1068
f 2419//1061 2422//1064 2415//1057
f 2427//1068 2433//1073 2426//1067
f 2423//1065 2379//7 2430//1071
f 2282//13 2424//1066 2376//1021
f 2427//1068 2345//1 2382//1026
f 2426//1067 2379//7 2422//1064
f 2424//1066 2430//1071 2376//1021
f 909//7 880//852 886//858
f 907//879 889//861 895//867
f 911//882 1020//986 868//841
f 909//7 910//881 877//849
f 908//880 886//858 889//861
f 910//881 911//882 871//844
f 871//844 868//841 853//827
f 889//861 832//807 826//801
f 880//852 841//815 835//810
f 877//849 871//844 850//824
f 886//858 835//810 832//807
f 880//852 877//849 844//818
f 832//807 808//784 814//790
f 841//815 844//818 795//772
f 850//824 853//827 772//750
f 844//818 850//824 777//755
f 841//815 799//776 805//781
f 835//810 805//781 808//784
f 805//781 916//886 917//887
f 795//772 777//755 498//484
f 777//755 772//750 693//676
f 799//776 915//82 916//886
f 808//784 917//887 918//888
f 799//776 795//772 914//885
f 693//676 921//891 920//890
f 914//885 923//893 924//894
f 916//886 915//82 924//894
f 917//887 916//886 925//895
f 498//484 920//890 923//893
f 918//888 917//887 926//896
f 925//895 924//894 933//902
f 921//891 930//899 929//898
f 923//893 932//901 933//902
f 926//896 925//895 934//903
f 920//890 929//898 932//901
f 927//897 926//896 935//904
f 930//899 939//908 938//907
f 932//901 941//910 942//911
f 935//904 934//903 943//912
f 936//905 935//904 944//913
f 929//898 938//907 941//910
f 934//903 933//902 942//911
f 944//913 943//912 952//920
f 945//914 944//913 953//921
f 938//907 947//916 950//919
f 943//912 942//911 951//159
f 939//908 948//917 947//916
f 941//910 950//919 951//159
f 950//919 947//916 956//924
f 951//159 960//928 961//929
f 947//916 948//917 957//925
f 951//159 950//919 959//927
f 952//920 961//929 962//930
f 953//921 962//930 963//931
f 956//924 957//925 966//933
f 960//928 959//927 968//935
f 961//929 970//937 971//938
f 962//930 971//938 972//939
f 959//927 956//924 965//932
f 960//928 969//936 970//937
f 965//932 966//933 975//942
f 969//936 968//935 977//944
f 970//937 979//946 980//947
f 971//938 980//947 981//948
f 968//935 965//932 974//941
f 969//936 978//945 979//946
f 980//947 989//955 990//956
f 977//944 974//941 983//950
f 978//945 987//237 988//954
f 974//941 975//942 984//951
f 978//945 977//944 986//953
f 979//946 988//954 989//955
f 983//950 992//958 995//961
f 988//954 987//237 996//962
f 984//951 993//959 992//958
f 986//953 995//961 996//962
f 989//955 988//954 997//963
f 990//956 989//955 998//964
f 993//959 1002//968 1001//967
f 995//961 1004//970 1005//971
f 998//964 997//963 1006//972
f 999//965 998//964 1007//973
f 992//958 1001//967 1004//970
f 997//963 996//962 1005//971
f 1004//970 1013//979 1014//980
f 1007//973 1006//972 1015//981
f 1008//974 1007//973 1016//982
f 1001//967 1010//976 1013//979
f 1006//972 1005//971 1014//980
f 1002//968 1011//977 1010//976
f 1010//976 911//882 910//881
f 1015//981 1014//980 909//7
f 1011//977 1020//986 911//882
f 1013//979 910//881 909//7
f 1016//982 1015//981 908//880
f 1017//983 1016//982 907//879
f 1115//1073 1064//1026 1034//998
f 1061//7 1041//1005 1044//1008
f 1112//1071 1044//1008 1048//1012
f 1061//7 1115//1073 1037//1001
f 1041//1005 1021//987 1019//985
f 1037//1001 1034//998 1025//990
f 1044//1008 1019//985 994//960
f 1041//1005 1037//1001 1023//989
f 1025//990 1067//1029 1066//1028
f 1021//987 898//870 931//900
f 1019//985 931//900 958//926
f 1023//989 1066//1028 898//870
f 1067//1029 1074//1036 1073//1035
f 1066//1028 1073//1035 1069//1031
f 958//926 931//900 1070//1032
f 931//900 898//870 1069//1031
f 1073//1035 1080//1040 1076//159
f 1070//1032 1069//1031 1076//159
f 1071//1033 1070//1032 1077//1038
f 1074//1036 1081//1041 1080//1040
f 1077//1038 1084//1044 1085//1045
f 1080//1040 1081//1041 1088//1048
f 1076//159 1083//1043 1084//1044
f 1076//159 1080//1040 1087//1047
f 1087//1047 1088//1048 1095//1055
f 1083//1043 1090//1050 1091//1051
f 1083//1043 1087//1047 1094//1054
f 1084//1044 1091//1051 1092//1052
f 1095//1055 1102//1062 1101//1061
f 1090//1050 1097//1057 1098//1058
f 1094//1054 1101//1061 1097//1057
f 1091//1051 1098//1058 1099//1059
f 1102//1062 1109//1068 1108//1067
f 1098//1058 1097//1057 1104//1064
f 1101//1061 1108//1067 1104//1064
f 1099//1059 1098//1058 1105//1065
f 1109//1068 1064//1026 1115//1073
f 1105//1065 1104//1064 1061//7
f 1108//1067 1115//1073 1061//7
f 1106//1066 1105//1065 1112//1071
f 2228//882 2338//986 2184//841
f 2225//7 2195//852 2202//858
f 2223//879 2204//861 2211//867
f 2226//881 2228//882 2186//844
f 2225//7 2226//881 2193//849
f 2224//880 2202//858 2204//861
f 2202//858 2150//810 2148//807
f 2195//852 2193//849 2159//818
f 2186//844 2184//841 2168//827
f 2204//861 2148//807 2141//801
f 2195//852 2157//815 2150//810
f 2193//849 2186//844 2166//824
f 2166//824 2168//827 2103//750
f 2157//815 2159//818 2112//772
f 2150//810 2121//781 2123//784
f 2157//815 2114//776 2121//781
f 2159//818 2166//824 2105//755
f 2148//807 2123//784 2130//790
f 2121//781 2234//886 2235//887
f 2105//755 2103//750 2086//676
f 2114//776 2112//772 2232//885
f 2114//776 2233//82 2234//886
f 2123//784 2235//887 2236//888
f 2112//772 2105//755 2054//484
f 2236//888 2235//887 2244//896
f 2234//886 2233//82 2242//894
f 2086//676 2239//891 2238//890
f 2232//885 2241//893 2242//894
f 2054//484 2238//890 2241//893
f 2235//887 2234//886 2243//895
f 2239//891 2248//899 2247//898
f 2241//893 2250//901 2251//902
f 2244//896 2243//895 2252//903
f 2245//897 2244//896 2253//904
f 2238//890 2247//898 2250//901
f 2243//895 2242//894 2251//902
f 2252//903 2251//902 2260//911
f 2247//898 2256//907 2259//910
f 2253//904 2252//903 2261//912
f 2248//899 2257//908 2256//907
f 2250//901 2259//910 2260//911
f 2254//905 2253//904 2262//913
f 2256//907 2265//916 2268//919
f 2262//913 2261//912 2270//920
f 2257//908 2266//917 2265//916
f 2259//910 2268//919 2269//159
f 2263//914 2262//913 2271//921
f 2261//912 2260//911 2269//159
f 2265//916 2266//917 2275//925
f 2269//159 2268//919 2277//927
f 2271//921 2280//930 2281//931
f 2269//159 2278//928 2279//929
f 2268//919 2265//916 2274//924
f 2270//920 2279//929 2280//930
f 2278//928 2277//927 2286//935
f 2280//930 2289//938 2290//939
f 2278//928 2287//936 2288//937
f 2277//927 2274//924 2283//932
f 2279//929 2288//937 2289//938
f 2274//924 2275//925 2284//933
f 2286//935 2283//932 2292//941
f 2288//937 2297//946 2298//947
f 2283//932 2284//933 2293//942
f 2287//936 2286//935 2295//944
f 2289//938 2298//947 2299//948
f 2287//936 2296//945 2297//946
f 2297//946 2306//954 2307//955
f 2292//941 2293//942 2302//951
f 2296//945 2295//944 2304//953
f 2298//947 2307//955 2308//956
f 2296//945 2305//237 2306//954
f 2295//944 2292//941 2301//950
f 2302//951 2311//959 2310//958
f 2304//953 2313//961 2314//962
f 2308//956 2307//955 2316//964
f 2306//954 2305//237 2314//962
f 2301//950 2310//958 2313//961
f 2307//955 2306//954 2315//963
f 2317//965 2316//964 2325//973
f 2315//963 2314//962 2323//971
f 2310//958 2319//967 2322//970
f 2316//964 2315//963 2324//972
f 2311//959 2320//968 2319//967
f 2313//961 2322//970 2323//971
f 2319//967 2328//976 2331//979
f 2325//973 2324//972 2333//981
f 2320//968 2329//977 2328//976
f 2322//970 2331//979 2332//980
f 2326//974 2325//973 2334//982
f 2324//972 2323//971 2332//980
f 2334//982 2333//981 2224//880
f 2329//977 2338//986 2228//882
f 2331//979 2226//881 2225//7
f 2335//983 2334//982 2223//879
f 2333//981 2332//980 2225//7
f 2328//976 2228//882 2226//881
f 2433//1073 2382//1026 2352//998
f 2379//7 2359//1005 2362//1008
f 2430//1071 2362//1008 2366//1012
f 2379//7 2433//1073 2355//1001
f 2359//1005 2339//987 2337//985
f 2355//1001 2352//998 2343//990
f 2362//1008 2337//985 2312//960
f 2359//1005 2355//1001 2341//989
f 2343//990 2385//1029 2384//1028
f 2337//985 2249//900 2276//926
f 2339//987 2213//870 2249//900
f 2341//989 2384//1028 2213//870
f 2384//1028 2391//1035 2387//1031
f 2276//926 2249//900 2388//1032
f 2385//1029 2392//1036 2391//1035
f 2249//900 2213//870 2387//1031
f 2391//1035 2398//1040 2394//159
f 2389//1033 2388//1032 2395//1038
f 2388//1032 2387//1031 2394//159
f 2392//1036 2399//1041 2398//1040
f 2394//159 2398//1040 2405//1047
f 2395//1038 2402//1044 2403//1045
f 2398//1040 2399//1041 2406//1048
f 2394//159 2401//1043 2402//1044
f 2401//1043 2405//1047 2412//1054
f 2402//1044 2409//1051 2410//1052
f 2405//1047 2406//1048 2413//1055
f 2401//1043 2408//1050 2409//1051
f 2412//1054 2419//1061 2415//1057
f 2409//1051 2416//1058 2417//1059
f 2413//1055 2420//1062 2419//1061
f 2408//1050 2415//1057 2416//1058
f 2417//1059 2416//1058 2423//1065
f 2420//1062 2427//1068 2426//1067
f 2416//1058 2415//1057 2422//1064
f 2419//1061 2426//1067 2422//1064
f 2427//1068 2382//1026 2433//1073
f 2423//1065 2422//1064 2379//7
f 2426//1067 2433//1073 2379//7
f 2424//1066 2423//1065 2430//1071
usemtl Frog_black
f 1024//7 1003//969 1009//975
f 1060//1023 1018//984 1022//988
f 1063//1025 1000//966 1003//969
f 1024//7 1012//978 1060//1023
f 862//13 1022//988 1018//984
f 1026//991 928//1 1000//966
f 862//13 1018//984 967//934
f 1009//975 982//949 976//943
f 1000//966 928//1 985//952
f 1012//978 967//934 1018//984
f 1009//975 973//940 1012//978
f 1003//969 985//952 982//949
f 982//949 946//915 976//943
f 985//952 928//1 937//906
f 973//940 946//915 949//918
f 985//952 940//909 982//949
f 973//940 955//923 967//934
f 862//13 967//934 955//923
f 949//918 913//884 912//883
f 862//13 955//923 904//876
f 940//909 913//884 946//915
f 937//906 919//889 940//909
f 955//923 912//883 904//876
f 937//906 928//1 922//892
f 922//892 1028//992 919//889
f 922//892 928//1 1029//993
f 862//13 904//876 859//833
f 919//889 736//159 913//884
f 912//883 736//159 823//798
f 904//876 823//798 859//833
f 736//159 1032//996 823//798
f 1029//993 928//1 1036//1000
f 736//159 1035//999 1031//995
f 1028//992 1036//1000 1035//999
f 862//13 859//833 1033//997
f 823//798 1033//997 859//833
f 862//13 1033//997 1040//1004
f 1031//995 1039//1003 1032//996
f 1035//999 1043//1007 1042//1006
f 1032//996 1040//1004 1033//997
f 1036//1000 928//1 1043//1007
f 1031//995 1042//1006 1038//1002
f 1043//1007 1049//1013 1042//1006
f 1038//1002 1046//1010 1039//1003
f 862//13 1040//1004 1047//1011
f 1043//1007 928//1 1050//1014
f 1042//1006 1045//1009 1038//1002
f 1039//1003 1047//1011 1040//1004
f 1050//1014 1056//1019 1049//1013
f 1046//1010 1052//1016 1053//1017
f 862//13 1047//1011 1054//1018
f 1050//1014 928//1 1057//1020
f 1049//1013 1052//1016 1045//1009
f 1047//1011 1053//1017 1054//1018
f 1057//1020 1063//1025 1056//1019
f 1053//1017 1024//7 1060//1023
f 862//13 1054//1018 1022//988
f 1057//1020 928//1 1026//991
f 1056//1019 1024//7 1052//1016
f 1054//1018 1060//1023 1022//988
f 2381//1025 2318//966 2321//969
f 2342//7 2330//978 2378//1023
f 2344//991 2246//1 2318//966
f 2342//7 2321//969 2327//975
f 2378//1023 2336//984 2340//988
f 2177//13 2340//988 2336//984
f 2327//975 2300//949 2294//1783
f 2318//966 2246//1 2303//952
f 2177//13 2336//984 2285//934
f 2327//975 2291//940 2330//978
f 2321//969 2303//952 2300//949
f 2330//978 2285//934 2336//984
f 2294//1783 2267//918 2291//940
f 2303//952 2258//909 2300//949
f 2291//940 2273//923 2285//934
f 2177//13 2285//934 2273//923
f 2300//949 2264//915 2294//1783
f 2303//952 2246//1 2255//906
f 2258//909 2231//884 2264//915
f 2177//13 2273//923 2220//876
f 2255//906 2237//889 2258//909
f 2255//906 2246//1 2240//892
f 2273//923 2229//883 2220//876
f 2267//918 2231//884 2229//883
f 2240//892 2246//1 2347//993
f 2229//883 2100//159 2139//798
f 2240//892 2346//992 2237//889
f 2220//876 2139//798 2175//833
f 2237//889 2100//159 2231//884
f 2177//13 2220//876 2175//833
f 2100//159 2350//996 2139//798
f 2100//159 2353//999 2349//995
f 2177//13 2175//833 2351//997
f 2139//798 2351//997 2175//833
f 2347//993 2246//1 2354//1000
f 2346//992 2354//1000 2353//999
f 2350//996 2358//1004 2351//997
f 2349//995 2360//1006 2356//1002
f 2349//995 2357//1003 2350//996
f 2177//13 2351//997 2358//1004
f 2354//1000 2246//1 2361//1007
f 2353//999 2361//1007 2360//1006
f 2360//1006 2363//1009 2356//1002
f 2357//1003 2365//1011 2358//1004
f 2361//1007 2367//1013 2360//1006
f 2356//1002 2364//1010 2357//1003
f 2177//13 2358//1004 2365//1011
f 2361//1007 2246//1 2368//1014
f 2365//1011 2371//1017 2372//1018
f 2368//1014 2374//1019 2367//1013
f 2364//1010 2370//1016 2371//1017
f 2177//13 2365//1011 2372//1018
f 2368//1014 2246//1 2375//1020
f 2367//1013 2370//1016 2363//1009
f 2375//1020 2381//1025 2374//1019
f 2371//1017 2342//7 2378//1023
f 2177//13 2372//1018 2340//988
f 2375//1020 2246//1 2344//991
f 2374//1019 2342//7 2370//1016
f 2372//1018 2378//1023 2340//988
f 1024//7 1063//1025 1003//969
f 1060//1023 1012//978 1018//984
f 1063//1025 1026//991 1000//966
f 1024//7 1009//975 1012//978
f 1009//975 1003//969 982//949
f 1012//978 973//940 967//934
f 1009//975 976//943 973//940
f 1003//969 1000//966 985//952
f 982//949 940//909 946//915
f 973//940 976//943 946//915
f 985//952 937//906 940//909
f 973//940 949//918 955//923
f 949//918 946//915 913//884
f 940//909 919//889 913//884
f 937//906 922//892 919//889
f 955//923 949//918 912//883
f 922//892 1029//993 1028//992
f 919//889 1028//992 736//159
f 912//883 913//884 736//159
f 904//876 912//883 823//798
f 736//159 1031//995 1032//996
f 736//159 1028//992 1035//999
f 1028//992 1029//993 1036//1000
f 823//798 1032//996 1033//997
f 1031//995 1038//1002 1039//1003
f 1035//999 1036//1000 1043//1007
f 1032//996 1039//1003 1040//1004
f 1031//995 1035//999 1042//1006
f 1043//1007 1050//1014 1049//1013
f 1038//1002 1045//1009 1046//1010
f 1042//1006 1049//1013 1045//1009
f 1039//1003 1046//1010 1047//1011
f 1050//1014 1057//1020 1056//1019
f 1046//1010 1045//1009 1052//1016
f 1049//1013 1056//1019 1052//1016
f 1047//1011 1046//1010 1053//1017
f 1057//1020 1026//991 1063//1025
f 1053//1017 1052//1016 1024//7
f 1056//1019 1063//1025 1024//7
f 1054//1018 1053//1017 1060//1023
f 2381//1025 2344//991 2318//966
f 2342//7 2327//975 2330//978
f 2342//7 2381//1025 2321//969
f 2378//1023 2330//978 2336//984
f 2327//975 2321//969 2300//949
f 2327//975 2294//1783 2291//940
f 2321//969 2318//966 2303//952
f 2330//978 2291//940 2285//934
f 2294//1783 2264//915 2267//918
f 2303//952 2255//906 2258//909
f 2291//940 2267//918 2273//923
f 2300//949 2258//909 2264//915
f 2258//909 2237//889 2231//884
f 2255//906 2240//892 2237//889
f 2273//923 2267//918 2229//883
f 2267//918 2264//915 2231//884
f 2229//883 2231//884 2100//159
f 2240//892 2347//993 2346//992
f 2220//876 2229//883 2139//798
f 2237//889 2346//992 2100//159
f 2100//159 2349//995 2350//996
f 2100//159 2346//992 2353//999
f 2139//798 2350//996 2351//997
f 2346//992 2347//993 2354//1000
f 2350//996 2357//1003 2358//1004
f 2349//995 2353//999 2360//1006
f 2349//995 2356//1002 2357//1003
f 2353//999 2354//1000 2361//1007
f 2360//1006 2367//1013 2363//1009
f 2357//1003 2364//1010 2365//1011
f 2361//1007 2368//1014 2367//1013
f 2356//1002 2363//1009 2364//1010
f 2365//1011 2364//1010 2371//1017
f 2368//1014 2375//1020 2374//1019
f 2364//1010 2363//1009 2370//1016
f 2367//1013 2374//1019 2370//1016
f 2375//1020 2344//991 2381//1025
f 2371//1017 2370//1016 2342//7
f 2374//1019 2381//1025 2342//7
f 2372//1018 2371//1017 2378//1023
usemtl Frog_mouth
f 3421//2037 3407//2030 3411//2031
f 3420//2036 3404//2029 3407//2030
f 3418//2035 3400//2028 3404//2029
f 3415//2033 3400//2028 3417//2034
f 3415//2033 3393//2026 3397//2027
f 3421//2037 3393//2026 3414//2032
f 3411//2031 3386//2024 3390//2025
f 3404//2029 3386//2024 3407//2030
f 3400//2028 3383//2023 3404//2029
f 3397//2027 3379//2022 3400//2028
f 3397//2027 3372//2020 3376//2021
f 3393//2026 3390//2025 3372//2020
f 3386//2024 3369//2019 3390//2025
f 3386//2024 3363//2017 3366//2018
f 3383//2023 3359//2016 3363//2017
f 3379//2022 3355//2015 3359//2016
f 3372//2020 3355//2015 3376//2021
f 3390//2025 3334//2014 3372//2020
f 3366//2018 3311//2013 3369//2019
f 3363//2017 3422//2038 3366//2018
f 3359//2016 3423//2039 3363//2017
f 3359//2016 3425//2041 3424//2040
f 3355//2015 3426//2042 3425//2041
f 3334//2014 3311//2013 3426//2042
f 3417//2034 3418//2035 3420//2036
f 3424//2040 3425//2041 3426//2042
f 3432//2046 3438//2051 3439//2052
f 3499//2091 3437//2050 3430//7
f 3428//2043 3427//1 3435//2048
f 3433//13 3432//2046 3439//2052
f 3430//7 3438//2051 3501//2093
f 3499//2091 3435//2048 3436//2049
f 3436//2049 3444//2055 3437//2050
f 3435//2048 3427//1 3442//2053
f 3433//13 3439//2052 3446//2057
f 3438//2051 3444//2055 3445//2056
f 3435//2048 3443//2054 3436//2049
f 3438//2051 3446//2057 3439//2052
f 3442//2053 3427//1 3449//2058
f 3433//13 3446//2057 3453//2047
f 3444//2055 3452//2045 3445//2056
f 3442//2053 3450//2059 3443//2054
f 3445//2056 3453//2047 3446//2057
f 3443//2054 3451//2044 3444//2055
f 3433//13 3453//2047 3460//2064
f 3452//2045 3458//2062 3459//2063
f 3450//2059 3456//2060 3457//2061
f 3452//2045 3460//2064 3453//2047
f 3450//2059 3458//2062 3451//2044
f 3449//2058 3427//1 3456//2060
f 3433//13 3460//2064 3467//2068
f 3458//2062 3466//2067 3459//2063
f 3456//2060 3464//2066 3457//2061
f 3460//2064 3466//2067 3467//2068
f 3457//2061 3465//159 3458//2062
f 3456//2060 3427//1 3463//2065
f 3433//13 3467//2068 3474//2074
f 3465//159 3473//2073 3466//2067
f 3464//2066 3470//2070 3471//2071
f 3466//2067 3474//2074 3467//2068
f 3464//2066 3472//2072 3465//159
f 3463//2065 3427//1 3470//2070
f 3472//2072 3480//2078 3473//2073
f 3470//2070 3478//2076 3471//2071
f 3473//2073 3481//2079 3474//2074
f 3471//2071 3479//2077 3472//2072
f 3470//2070 3427//1 3477//2075
f 3433//13 3474//2074 3481//2079
f 3478//2076 3484//2080 3485//2081
f 3480//2078 3488//2084 3481//2079
f 3478//2076 3486//2082 3479//2077
f 3477//2075 3427//1 3484//2080
f 3433//13 3481//2079 3488//2084
f 3479//2077 3487//2083 3480//2078
f 3487//2083 3495//2090 3488//2084
f 3486//2082 3492//2087 3493//2088
f 3484//2080 3427//1 3491//2086
f 3433//13 3488//2084 3495//2090
f 3486//2082 3494//2089 3487//2083
f 3485//2081 3491//2086 3492//2087
f 3495//2090 3501//2093 3432//2046
f 3493//2088 3499//2091 3430//7
f 3491//2086 3427//1 3428//2043
f 3433//13 3495//2090 3432//2046
f 3493//2088 3501//2093 3494//2089
f 3492//2087 3428//2043 3499//2091
f 3550//2093 3483//2052 3496//2046
f 3502//2043 3475//2049 3553//2091
f 3440//13 3496//2046 3483//2052
f 3502//2043 3462//1 3469//2048
f 3553//2091 3476//2050 3498//7
f 3550//2093 3476//2050 3482//2051
f 3440//13 3483//2052 3447//2057
f 3482//2051 3454//2055 3448//2056
f 3469//2048 3455//2054 3475//2049
f 3482//2051 3447//2057 3483//2052
f 3475//2049 3454//2055 3476//2050
f 3469//2048 3462//1 3461//2053
f 3461//2053 3462//1 3505//2058
f 3448//2056 3434//2047 3447//2057
f 3440//13 3447//2057 3434//2047
f 3455//2054 3505//2058 3504//2095
f 3454//2055 3431//2045 3448//2056
f 3455//2054 3429//2044 3454//2055
f 3431//2045 3509//2064 3434//2047
f 3505//2058 3511//2061 3504//2095
f 3505//2058 3462//1 3512//2060
f 3440//13 3434//2047 3509//2064
f 3504//2095 3507//2062 3429//2044
f 3429//2044 3508//2063 3431//2045
f 3507//2062 3515//2067 3508//2063
f 3512//2060 3462//1 3519//2065
f 3509//2064 3515//2067 3516//2068
f 3512//2060 3518//2066 3511//2061
f 3511//2061 3514//159 3507//2062
f 3440//13 3509//2064 3516//2068
f 3519//2065 3462//1 3526//2070
f 3518//2066 3521//2072 3514//159
f 3515//2067 3523//2074 3516//2068
f 3518//2066 3526//2070 3525//2071
f 3514//159 3522//2073 3515//2067
f 3440//13 3516//2068 3523//2074
f 3525//2071 3528//2077 3521//2072
f 3522//2073 3530//2079 3523//2074
f 3526//2070 3532//2076 3525//2071
f 3521//2072 3529//2078 3522//2073
f 3440//13 3523//2074 3530//2079
f 3526//2070 3462//1 3533//2075
f 3529//2078 3537//2084 3530//2079
f 3533//2075 3539//2081 3532//2076
f 3528//2077 3536//2083 3529//2078
f 3440//13 3530//2079 3537//2084
f 3533//2075 3462//1 3540//2103
f 3532//2076 3535//2082 3528//2077
f 3540//2103 3546//2087 3539//2081
f 3535//2082 3543//2089 3536//2083
f 3440//13 3537//2084 3544//2090
f 3540//2103 3462//1 3547//2086
f 3535//2082 3546//2087 3542//2088
f 3536//2083 3544//2090 3537//2084
f 3546//2087 3502//2043 3553//2091
f 3542//2088 3550//2093 3543//2089
f 3440//13 3544//2090 3496//2046
f 3547//2086 3462//1 3502//2043
f 3542//2088 3553//2091 3498//7
f 3543//2089 3496//2046 3544//2090
f 3421//2037 3420//2036 3407//2030
f 3420//2036 3418//2035 3404//2029
f 3418//2035 3417//2034 3400//2028
f 3415//2033 3397//2027 3400//2028
f 3415//2033 3414//2032 3393//2026
f 3421//2037 3411//2031 3393//2026
f 3411//2031 3407//2030 3386//2024
f 3404//2029 3383//2023 3386//2024
f 3400//2028 3379//2022 3383//2023
f 3397//2027 3376//2021 3379//2022
f 3397//2027 3393//2026 3372//2020
f 3393//2026 3411//2031 3390//2025
f 3386//2024 3366//2018 3369//2019
f 3386//2024 3383//2023 3363//2017
f 3383//2023 3379//2022 3359//2016
f 3379//2022 3376//2021 3355//2015
f 3372//2020 3334//2014 3355//2015
f 3390//2025 3369//2019 3334//2014
f 3366//2018 3422//2038 3311//2013
f 3363//2017 3423//2039 3422//2038
f 3359//2016 3424//2040 3423//2039
f 3359//2016 3355//2015 3425//2041
f 3355//2015 3334//2014 3426//2042
f 3334//2014 3369//2019 3311//2013
f 3420//2036 3421//2037 3417//2034
f 3421//2037 3414//2032 3417//2034
f 3414//2032 3415//2033 3417//2034
f 3426//2042 3311//2013 3422//2038
f 3422//2038 3423//2039 3426//2042
f 3423//2039 3424//2040 3426//2042
f 3432//2046 3501//2093 3438//2051
f 3499//2091 3436//2049 3437//2050
f 3430//7 3437//2050 3438//2051
f 3499//2091 3428//2043 3435//2048
f 3436//2049 3443//2054 3444//2055
f 3438//2051 3437//2050 3444//2055
f 3435//2048 3442//2053 3443//2054
f 3438//2051 3445//2056 3446//2057
f 3444//2055 3451//2044 3452//2045
f 3442//2053 3449//2058 3450//2059
f 3445//2056 3452//2045 3453//2047
f 3443//2054 3450//2059 3451//2044
f 3452//2045 3451//2044 3458//2062
f 3450//2059 3449//2058 3456//2060
f 3452//2045 3459//2063 3460//2064
f 3450//2059 3457//2061 3458//2062
f 3458//2062 3465//159 3466//2067
f 3456//2060 3463//2065 3464//2066
f 3460//2064 3459//2063 3466//2067
f 3457//2061 3464//2066 3465//159
f 3465//159 3472//2072 3473//2073
f 3464//2066 3463//2065 3470//2070
f 3466//2067 3473//2073 3474//2074
f 3464//2066 3471//2071 3472//2072
f 3472//2072 3479//2077 3480//2078
f 3470//2070 3477//2075 3478//2076
f 3473//2073 3480//2078 3481//2079
f 3471//2071 3478//2076 3479//2077
f 3478//2076 3477//2075 3484//2080
f 3480//2078 3487//2083 3488//2084
f 3478//2076 3485//2081 3486//2082
f 3479//2077 3486//2082 3487//2083
f 3487//2083 3494//2089 3495//2090
f 3486//2082 3485//2081 3492//2087
f 3486//2082 3493//2088 3494//2089
f 3485//2081 3484//2080 3491//2086
f 3495//2090 3494//2089 3501//2093
f 3493//2088 3492//2087 3499//2091
f 3493//2088 3430//7 3501//2093
f 3492//2087 3491//2086 3428//2043
f 3550//2093 3482//2051 3483//2052
f 3502//2043 3469//2048 3475//2049
f 3553//2091 3475//2049 3476//2050
f 3550//2093 3498//7 3476//2050
f 3482//2051 3476//2050 3454//2055
f 3469//2048 3461//2053 3455//2054
f 3482//2051 3448//2056 3447//2057
f 3475//2049 3455//2054 3454//2055
f 3448//2056 3431//2045 3434//2047
f 3455//2054 3461//2053 3505//2058
f 3454//2055 3429//2044 3431//2045
f 3455//2054 3504//2095 3429//2044
f 3431//2045 3508//2063 3509//2064
f 3505//2058 3512//2060 3511//2061
f 3504//2095 3511//2061 3507//2062
f 3429//2044 3507//2062 3508//2063
f 3507//2062 3514//159 3515//2067
f 3509//2064 3508//2063 3515//2067
f 3512//2060 3519//2065 3518//2066
f 3511//2061 3518//2066 3514//159
f 3518//2066 3525//2071 3521//2072
f 3515//2067 3522//2073 3523//2074
f 3518//2066 3519//2065 3526//2070
f 3514//159 3521//2072 3522//2073
f 3525//2071 3532//2076 3528//2077
f 3522//2073 3529//2078 3530//2079
f 3526//2070 3533//2075 3532//2076
f 3521//2072 3528//2077 3529//2078
f 3529//2078 3536//2083 3537//2084
f 3533//2075 3540//2103 3539//2081
f 3528//2077 3535//2082 3536//2083
f 3532//2076 3539//2081 3535//2082
f 3540//2103 3547//2086 3546//2087
f 3535//2082 3542//2088 3543//2089
f 3535//2082 3539//2081 3546//2087
f 3536//2083 3543//2089 3544//2090
f 3546//2087 3547//2086 3502//2043
f 3542//2088 3498//7 3550//2093
f 3542//2088 3546//2087 3553//2091
f 3543//2089 3550//2093 3496//2046
