# Blender 5.2.1 LTS
# www.blender.org
mtllib Hedgehog.mtl
o Hedgehog
v 0.000000 3.200000 0.400000
v 0.000000 3.148889 -0.221166
v 0.919239 0.800000 0.602082
v 0.849266 1.048744 0.510579
v 0.000000 2.450000 -1.678461
v 0.000000 2.088229 -1.918222
v 0.000000 1.700000 -2.000000
v 0.000000 1.311772 -1.918222
v 0.000000 0.950000 -1.678461
v 0.000000 0.639340 -1.297056
v 0.650000 1.259619 0.250000
v 0.000000 0.251111 -0.221166
v 0.000000 0.200000 0.400000
v 0.351777 1.400522 -0.139983
v 0.127276 3.148889 -0.200000
v 0.245878 2.999038 -0.759111
v 0.347724 2.760660 -1.239231
v 0.425873 2.450000 -1.607639
v 0.475000 2.088229 -1.839230
v 0.491756 1.700000 -1.918222
v 0.475000 1.311772 -1.839230
v 0.425873 0.950000 -1.607639
v 0.347724 0.639340 -1.239231
v 0.245878 0.400962 -0.759111
v 0.127276 0.251111 -0.200000
v 0.000000 1.450000 -0.600000
v 0.000000 0.500000 -1.900000
v 0.245878 3.148889 -0.137945
v 0.475000 2.999038 -0.639230
v 0.671751 2.760660 -1.069694
v 0.822724 2.450000 -1.400000
v 0.917630 2.088229 -1.607639
v 0.950000 1.700000 -1.678461
v 0.917630 1.311772 -1.607639
v 0.822724 0.950000 -1.400000
v 0.671751 0.639340 -1.069694
v 0.475000 0.400962 -0.639230
v 0.245878 0.251111 -0.137945
v 0.459619 1.400522 -0.351041
v 0.849266 1.259619 -0.139983
v 0.347724 3.148889 -0.039230
v 0.671751 2.999038 -0.448528
v 0.950000 2.760660 -0.800000
v 1.163508 2.450000 -1.069694
v 1.297724 2.088229 -1.239231
v 1.343503 1.700000 -1.297056
v 1.297724 1.311772 -1.239231
v 1.163508 0.950000 -1.069694
v 0.950000 0.639340 -0.800000
v 0.671751 0.400962 -0.448528
v 0.347724 0.251111 -0.039230
v 1.109619 1.048744 0.001041
v 1.201043 0.800000 0.050562
v 0.425873 3.148889 0.089417
v 0.822724 2.999038 -0.200000
v 1.163507 2.760660 -0.448528
v 1.425000 2.450000 -0.639230
v 1.589381 2.088229 -0.759111
v 1.645448 1.700000 -0.800000
v 1.589381 1.311772 -0.759111
v 1.425000 0.950000 -0.639230
v 1.163507 0.639340 -0.448528
v 0.822724 0.400962 -0.200000
v 0.425873 0.251111 0.089417
v 1.109619 0.551256 0.001041
v 0.849266 0.340381 -0.139983
v 0.475000 3.148889 0.239230
v 0.917629 2.999038 0.089417
v 1.297724 2.760660 -0.039230
v 1.589381 2.450000 -0.137945
v 1.772724 2.088229 -0.200000
v 1.835259 1.700000 -0.221166
v 1.772724 1.311772 -0.200000
v 1.589381 0.950000 -0.137945
v 1.297724 0.639340 -0.039230
v 0.917629 0.400962 0.089417
v 0.475000 0.251111 0.239230
v 0.459619 0.199478 -0.351041
v 0.000000 0.150000 -0.600000
v 0.491756 3.148889 0.400000
v 0.950000 2.999038 0.400000
v 1.343503 2.760660 0.400000
v 1.645448 2.450000 0.400000
v 1.835259 2.088229 0.400000
v 1.900000 1.700000 0.400000
v 1.835259 1.311772 0.400000
v 1.645448 0.950000 0.400000
v 1.343503 0.639340 0.400000
v 0.950000 0.400962 0.400000
v 0.491756 0.251111 0.400000
v 0.122939 0.527259 -2.135351
v 0.497488 0.199478 -0.600000
v 0.475000 3.148889 0.560770
v 0.917629 2.999038 0.710583
v 1.297724 2.760660 0.839230
v 1.589381 2.450000 0.937945
v 1.772724 2.088229 1.000000
v 1.835259 1.700000 1.021166
v 1.772724 1.311772 1.000000
v 1.589381 0.950000 0.937945
v 1.297724 0.639340 0.839230
v 0.917629 0.400962 0.710583
v 0.475000 0.251111 0.560770
v 0.919239 0.340381 -0.600000
v 1.201043 0.551256 -0.600000
v 0.425873 3.148889 0.710583
v 0.822724 2.999038 1.000000
v 1.163507 2.760660 1.248528
v 1.425000 2.450000 1.439230
v 1.589381 2.088229 1.559111
v 1.645448 1.700000 1.600000
v 1.589381 1.311772 1.559111
v 1.425000 0.950000 1.439230
v 1.163507 0.639340 1.248528
v 0.822724 0.400962 1.000000
v 0.425873 0.251111 0.710583
v 1.300000 0.800000 -0.600000
v 1.201043 1.048744 -0.600000
v 0.347724 3.148889 0.839230
v 0.671751 2.999038 1.248528
v 0.950000 2.760660 1.600000
v 1.163507 2.450000 1.869694
v 1.297724 2.088229 2.039231
v 1.343503 1.700000 2.097056
v 1.297724 1.311772 2.039231
v 1.163507 0.950000 1.869694
v 0.950000 0.639340 1.600000
v 0.671751 0.400962 1.248528
v 0.347724 0.251111 0.839230
v 0.919239 1.259619 -0.600000
v 0.497488 1.400522 -0.600000
v 0.245878 3.148889 0.937945
v 0.475000 2.999038 1.439230
v 0.671751 2.760660 1.869693
v 0.822724 2.450000 2.200000
v 0.917629 2.088229 2.407639
v 0.950000 1.700000 2.478461
v 0.917629 1.311772 2.407639
v 0.822724 0.950000 2.200000
v 0.671751 0.639340 1.869693
v 0.475000 0.400962 1.439230
v 0.245878 0.251111 0.937945
v 0.237500 0.607180 -2.354663
v 0.335876 0.734315 -2.542991
v 0.127276 3.148889 1.000000
v 0.245878 2.999038 1.559111
v 0.347724 2.760660 2.039230
v 0.425873 2.450000 2.407639
v 0.475000 2.088229 2.639230
v 0.491756 1.700000 2.718222
v 0.475000 1.311772 2.639230
v 0.425873 0.950000 2.407639
v 0.347724 0.639340 2.039230
v 0.245878 0.400962 1.559111
v 0.127276 0.251111 1.000000
v 0.459619 1.400522 -0.848959
v 0.849266 1.259619 -1.060017
v 0.000000 3.148889 1.021166
v -0.000000 2.999038 1.600000
v 0.000000 2.760660 2.097056
v -0.000000 2.450000 2.478461
v -0.000000 2.088229 2.718222
v -0.000000 1.700000 2.799999
v -0.000000 1.311772 2.718222
v -0.000000 0.950000 2.478461
v 0.000000 0.639340 2.097056
v -0.000000 0.400962 1.600000
v 0.000000 0.251111 1.021166
v 1.109619 1.048744 -1.201041
v 1.201043 0.800000 -1.250562
v -0.127276 3.148889 1.000000
v -0.245878 2.999038 1.559111
v -0.347724 2.760660 2.039230
v -0.425873 2.450000 2.407639
v -0.475000 2.088229 2.639230
v -0.491756 1.700000 2.718221
v -0.475000 1.311772 2.639230
v -0.425873 0.950000 2.407639
v -0.347724 0.639340 2.039230
v -0.245878 0.400962 1.559111
v -0.127276 0.251111 1.000000
v 1.109619 0.551256 -1.201041
v 0.849266 0.340381 -1.060017
v -0.245878 3.148889 0.937945
v -0.475000 2.999038 1.439230
v -0.671751 2.760660 1.869693
v -0.822724 2.450000 2.200000
v -0.917630 2.088229 2.407639
v -0.950000 1.700000 2.478460
v -0.917630 1.311772 2.407639
v -0.822724 0.950000 2.200000
v -0.671751 0.639340 1.869693
v -0.475000 0.400962 1.439230
v -0.245878 0.251111 0.937945
v 0.459619 0.199478 -0.848959
v 0.411362 0.900000 -2.687500
v -0.347724 3.148889 0.839230
v -0.671751 2.999038 1.248528
v -0.949999 2.760660 1.599999
v -1.163507 2.450000 1.869694
v -1.297724 2.088229 2.039231
v -1.343503 1.700000 2.097056
v -1.297724 1.311772 2.039231
v -1.163507 0.950000 1.869694
v -0.949999 0.639340 1.599999
v -0.671751 0.400962 1.248528
v -0.347724 0.251111 0.839230
v 0.458815 1.092945 -2.778342
v 0.351777 0.199478 -1.060017
v -0.425873 3.148889 0.710583
v -0.822724 2.999038 1.000000
v -1.163507 2.760660 1.248528
v -1.425000 2.450000 1.439230
v -1.589381 2.088229 1.559111
v -1.645448 1.700000 1.599999
v -1.589381 1.311772 1.559111
v -1.425000 0.950000 1.439230
v -1.163507 0.639340 1.248528
v -0.822724 0.400962 1.000000
v -0.425873 0.251111 0.710583
v 0.650000 0.340381 -1.450000
v 0.849266 0.551256 -1.710579
v -0.475000 3.148889 0.560770
v -0.917629 2.999038 0.710583
v -1.297723 2.760660 0.839230
v -1.589381 2.450000 0.937945
v -1.772724 2.088229 1.000000
v -1.835258 1.700000 1.021165
v -1.772724 1.311772 1.000000
v -1.589381 0.950000 0.937945
v -1.297723 0.639340 0.839230
v -0.917629 0.400962 0.710583
v -0.475000 0.251111 0.560770
v 0.919239 0.800000 -1.802081
v 0.849266 1.048744 -1.710579
v -0.491756 3.148889 0.400000
v -0.949999 2.999038 0.400000
v -1.343502 2.760660 0.400000
v -1.645448 2.450000 0.400000
v -1.835259 2.088229 0.400000
v -1.899999 1.700000 0.400000
v -1.835259 1.311772 0.400000
v -1.645448 0.950000 0.400000
v -1.343502 0.639340 0.400000
v -0.949999 0.400962 0.400000
v -0.491756 0.251111 0.400000
v 0.650000 1.259619 -1.450000
v 0.351777 1.400522 -1.060017
v -0.475000 3.148889 0.239230
v -0.917629 2.999038 0.089417
v -1.297723 2.760660 -0.039230
v -1.589381 2.450000 -0.137945
v -1.772724 2.088229 -0.200000
v -1.835258 1.700000 -0.221166
v -1.772724 1.311772 -0.200000
v -1.589381 0.950000 -0.137945
v -1.297723 0.639340 -0.039230
v -0.917629 0.400962 0.089417
v -0.475000 0.251111 0.239230
v 0.475000 1.300000 -2.809327
v 0.458815 1.507055 -2.778342
v -0.425873 3.148889 0.089417
v -0.822724 2.999038 -0.200000
v -1.163507 2.760660 -0.448527
v -1.424999 2.450000 -0.639230
v -1.589381 2.088229 -0.759111
v -1.645447 1.700000 -0.800000
v -1.589381 1.311772 -0.759111
v -1.424999 0.950000 -0.639230
v -1.163507 0.639340 -0.448527
v -0.822724 0.400962 -0.200000
v -0.425873 0.251111 0.089417
v 0.190381 1.400522 -1.201041
v 0.351777 1.259619 -1.710579
v -0.347724 3.148889 -0.039230
v -0.671751 2.999038 -0.448528
v -0.949999 2.760660 -0.799999
v -1.163507 2.450000 -1.069694
v -1.297724 2.088229 -1.239231
v -1.343502 1.700000 -1.297056
v -1.297724 1.311772 -1.239231
v -1.163507 0.950000 -1.069694
v -0.949999 0.639340 -0.799999
v -0.671751 0.400962 -0.448528
v -0.347724 0.251111 -0.039230
v 0.459619 1.048744 -2.051041
v 0.497488 0.800000 -2.170595
v -0.245878 3.148889 -0.137945
v -0.475000 2.999038 -0.639230
v -0.671751 2.760660 -1.069693
v -0.822724 2.450000 -1.400000
v -0.917629 2.088229 -1.607639
v -0.949999 1.700000 -1.678460
v -0.917629 1.311772 -1.607639
v -0.822724 0.950000 -1.400000
v -0.671751 0.639340 -1.069693
v -0.475000 0.400962 -0.639230
v -0.245878 0.251111 -0.137945
v 0.459619 0.551256 -2.051041
v 0.351777 0.340381 -1.710579
v -0.127276 3.148889 -0.200000
v -0.245878 2.999038 -0.759110
v -0.347724 2.760660 -1.239229
v -0.425873 2.450000 -1.607639
v -0.475000 2.088229 -1.839230
v -0.491756 1.700000 -1.918221
v -0.475000 1.311772 -1.839230
v -0.425873 0.950000 -1.607639
v -0.347724 0.639340 -1.239229
v -0.245878 0.400962 -0.759110
v -0.127276 0.251111 -0.200000
v 0.190381 0.199478 -1.201041
v 0.411362 1.700000 -2.687500
v 0.335876 1.865685 -2.542991
v 0.000000 2.999038 -0.799999
v 0.000000 2.760660 -1.297055
v 0.237500 1.992820 -2.354663
v 0.122939 2.072741 -2.135351
v 0.000000 2.100000 -1.900000
v 0.000000 0.800000 -2.300000
v 0.000000 1.048744 -2.170595
v 0.353553 1.150000 -2.305025
v 0.000000 0.400962 -0.799999
v 0.000000 1.400522 -1.250562
v 0.063638 2.072741 -2.162500
v 0.849266 0.551256 0.510579
v 0.650000 0.340381 0.250000
v 0.351777 0.199478 -0.139983
v 0.122939 1.992820 -2.407111
v 0.497488 0.800000 0.970595
v 0.459619 1.048744 0.851041
v 0.351777 1.259619 0.510579
v 0.190380 1.400522 0.001041
v 0.173862 1.865685 -2.617163
v 0.459619 0.551256 0.851041
v 0.351777 0.340381 0.510579
v 0.190380 0.199478 0.001041
v 0.212937 1.700000 -2.778342
v -0.000000 0.800000 1.100000
v -0.000000 1.048744 0.970595
v -0.000000 1.259619 0.602081
v -0.000000 1.400522 0.050562
v 0.237500 1.507055 -2.879663
v -0.000000 0.551256 0.970595
v -0.000000 0.340381 0.602081
v -0.000000 0.199478 0.050562
v 0.245878 1.300000 -2.914222
v -0.497489 0.800000 0.970595
v -0.459620 1.048744 0.851040
v -0.351778 1.259619 0.510578
v -0.190381 1.400522 0.001041
v 0.237500 1.092945 -2.879663
v -0.459620 0.551256 0.851040
v -0.351778 0.340381 0.510578
v -0.190381 0.199478 0.001041
v 0.212937 0.900000 -2.778342
v -0.919239 0.800000 0.602081
v -0.849266 1.048744 0.510578
v -0.650000 1.259619 0.249999
v -0.351778 1.400522 -0.139983
v 0.173862 0.734315 -2.617163
v -0.849266 0.551256 0.510578
v -0.650000 0.340381 0.249999
v -0.351778 0.199478 -0.139983
v 0.122939 0.607180 -2.407111
v -1.201043 0.800000 0.050561
v -1.109619 1.048744 0.001040
v -0.849266 1.259619 -0.139984
v -0.459619 1.400522 -0.351041
v 0.063638 0.527259 -2.162500
v -1.109619 0.551256 0.001040
v -0.849266 0.340381 -0.139984
v -0.459619 0.199478 -0.351041
v 0.326641 1.322208 -2.342703
v -1.300000 0.800000 -0.600001
v -1.201043 1.048744 -0.600001
v -0.919239 1.259619 -0.600001
v -0.497488 1.400522 -0.600000
v 0.250000 1.468198 -2.450000
v -1.201043 0.551256 -0.600001
v -0.919239 0.340381 -0.600001
v -0.497488 0.199478 -0.600000
v 0.000000 0.527259 -2.171760
v -1.201043 0.800000 -1.250563
v -1.109619 1.048744 -1.201041
v -0.849265 1.259619 -1.060017
v -0.459619 1.400522 -0.848960
v 0.135299 1.565746 -2.610581
v -1.109619 0.551256 -1.201041
v -0.849265 0.340381 -1.060017
v -0.459619 0.199478 -0.848960
v 0.000000 1.600000 -2.800000
v -0.919238 0.800000 -1.802082
v -0.849265 1.048744 -1.710579
v -0.649999 1.259619 -1.450000
v -0.351777 1.400522 -1.060017
v 0.000000 1.200000 -3.250000
v -0.849265 0.551256 -1.710579
v -0.649999 0.340381 -1.450000
v -0.351777 0.199478 -1.060017
v 0.000000 1.092945 -2.914222
v -0.497488 0.800000 -2.170596
v -0.459619 1.048744 -2.051041
v -0.351777 1.259619 -1.710579
v -0.190380 1.400522 -1.201041
v 0.000000 1.300000 -2.950000
v -0.459619 0.551256 -2.051041
v -0.351777 0.340381 -1.710579
v -0.190380 0.199478 -1.201041
v 0.176777 1.565746 -2.697487
v 0.326641 1.468198 -2.610581
v 0.426777 1.322208 -2.552512
v 0.000001 1.259619 -1.802081
v 0.461940 1.150000 -2.532121
v 0.000000 2.072741 -2.171760
v 0.000001 0.551256 -2.170595
v 0.000001 0.340381 -1.802081
v 0.000000 0.199478 -1.250562
v 0.426777 0.977792 -2.552512
v 0.326641 0.831802 -2.610581
v 0.173862 0.527259 -2.092163
v 0.335876 0.607180 -2.271231
v 0.475000 0.734315 -2.425000
v 0.581754 0.900000 -2.542991
v 0.648862 1.092945 -2.617163
v 0.671751 1.300000 -2.642462
v 0.648862 1.507055 -2.617163
v 0.581754 1.700000 -2.542991
v 0.475000 1.865685 -2.425000
v 0.335876 1.992820 -2.271231
v 0.173862 2.072741 -2.092163
v 0.176777 0.734254 -2.697487
v 0.000000 0.700000 -2.800000
v 0.212937 0.527259 -2.035880
v 0.411362 0.607180 -2.162500
v 0.581754 0.734315 -2.271231
v 0.712500 0.900000 -2.354663
v 0.794690 1.092945 -2.407111
v 0.822724 1.300000 -2.425000
v 0.794690 1.507055 -2.407111
v 0.712500 1.700000 -2.354663
v 0.581754 1.865685 -2.271231
v 0.411362 1.992820 -2.162500
v 0.212937 2.072741 -2.035880
v 0.000000 1.100000 -3.276795
v 0.191342 0.734254 -2.800000
v 0.237500 0.527259 -1.970337
v 0.458815 0.607180 -2.035880
v 0.648862 0.734315 -2.092163
v 0.794690 0.900000 -2.135351
v 0.886362 1.092945 -2.162500
v 0.917629 1.300000 -2.171760
v 0.886362 1.507055 -2.162500
v 0.794690 1.700000 -2.135351
v 0.648862 1.865685 -2.092163
v 0.458815 1.992820 -2.035880
v 0.237500 2.072741 -1.970337
v 0.353553 0.831802 -2.800000
v 0.461940 0.977792 -2.800000
v 0.245878 0.527259 -1.900000
v 0.475000 0.607180 -1.900000
v 0.671751 0.734315 -1.900000
v 0.822724 0.900000 -1.900000
v 0.917630 1.092945 -1.900000
v 0.950000 1.300000 -1.900000
v 0.917630 1.507055 -1.900000
v 0.822724 1.700000 -1.900000
v 0.671751 1.865685 -1.900000
v 0.475000 1.992820 -1.900000
v 0.245878 2.072741 -1.900000
v 0.500000 1.150000 -2.800000
v 0.461940 1.322208 -2.800000
v 0.237500 0.527259 -1.829663
v 0.458815 0.607180 -1.764120
v 0.648862 0.734315 -1.707837
v 0.794690 0.900000 -1.664649
v 0.886362 1.092945 -1.637500
v 0.917629 1.300000 -1.628240
v 0.886362 1.507055 -1.637500
v 0.794690 1.700000 -1.664649
v 0.648862 1.865685 -1.707837
v 0.458815 1.992820 -1.764120
v 0.237500 2.072741 -1.829663
v 0.353553 1.468198 -2.800000
v 0.191342 1.565746 -2.800000
v 0.212937 0.527259 -1.764120
v 0.411362 0.607180 -1.637500
v 0.581754 0.734315 -1.528769
v 0.712500 0.900000 -1.445337
v 0.794690 1.092945 -1.392889
v 0.822724 1.300000 -1.375000
v 0.794690 1.507055 -1.392889
v 0.712500 1.700000 -1.445337
v 0.581754 1.865685 -1.528769
v 0.411362 1.992820 -1.637500
v 0.212937 2.072741 -1.764120
v 0.000000 1.026795 -3.350000
v 0.000000 1.000000 -3.450000
v 0.173862 0.527259 -1.707837
v 0.335876 0.607180 -1.528769
v 0.475000 0.734315 -1.375000
v 0.581754 0.900000 -1.257009
v 0.648862 1.092945 -1.182837
v 0.671751 1.300000 -1.157538
v 0.648862 1.507055 -1.182837
v 0.581754 1.700000 -1.257009
v 0.475000 1.865685 -1.375000
v 0.335876 1.992820 -1.528769
v 0.173862 2.072741 -1.707837
v 0.176777 1.565746 -2.902513
v 0.326641 1.468198 -2.989419
v 0.122939 0.527259 -1.664649
v 0.237500 0.607180 -1.445337
v 0.335876 0.734315 -1.257009
v 0.411362 0.900000 -1.112500
v 0.458815 1.092945 -1.021658
v 0.475000 1.300000 -0.990674
v 0.458815 1.507055 -1.021658
v 0.411362 1.700000 -1.112500
v 0.335876 1.865685 -1.257009
v 0.237500 1.992820 -1.445337
v 0.122939 2.072741 -1.664649
v 0.426777 1.322208 -3.047487
v 0.461940 1.150000 -3.067878
v 0.063638 0.527259 -1.637500
v 0.122939 0.607180 -1.392889
v 0.173862 0.734315 -1.182837
v 0.212937 0.900000 -1.021658
v 0.237500 1.092945 -0.920337
v 0.245878 1.300000 -0.885778
v 0.237500 1.507055 -0.920337
v 0.212937 1.700000 -1.021658
v 0.173862 1.865685 -1.182837
v 0.122939 1.992820 -1.392889
v 0.063638 2.072741 -1.637500
v 0.426777 0.977792 -3.047487
v 0.326641 0.831802 -2.989419
v 0.000000 0.527259 -1.628240
v -0.000000 0.607180 -1.375000
v 0.000000 0.734315 -1.157538
v -0.000000 0.900000 -0.990673
v -0.000000 1.092945 -0.885778
v -0.000000 1.300000 -0.850000
v -0.000000 1.507055 -0.885778
v -0.000000 1.700000 -0.990673
v 0.000000 1.865685 -1.157538
v -0.000000 1.992820 -1.375000
v 0.000000 2.072741 -1.628240
v 0.176777 0.734254 -2.902513
v -0.290768 1.580000 -2.621397
v -0.063638 0.527259 -1.637500
v -0.122939 0.607180 -1.392889
v -0.173862 0.734315 -1.182837
v -0.212937 0.900000 -1.021658
v -0.237500 1.092945 -0.920337
v -0.245878 1.300000 -0.885778
v -0.237500 1.507055 -0.920337
v -0.212937 1.700000 -1.021658
v -0.173862 1.865685 -1.182837
v -0.122939 1.992820 -1.392889
v -0.063638 2.072741 -1.637500
v 0.064656 1.026795 -3.369098
v 0.135299 0.734254 -2.989419
v -0.122939 0.527259 -1.664649
v -0.237500 0.607180 -1.445337
v -0.335876 0.734315 -1.257009
v -0.411362 0.900000 -1.112500
v -0.458815 1.092945 -1.021658
v -0.475000 1.300000 -0.990674
v -0.458815 1.507055 -1.021658
v -0.411362 1.700000 -1.112500
v -0.335876 1.865685 -1.257009
v -0.237500 1.992820 -1.445337
v -0.122939 2.072741 -1.664649
v 0.250000 0.831802 -3.150000
v 0.326641 0.977792 -3.257297
v -0.173862 0.527259 -1.707837
v -0.335876 0.607180 -1.528769
v -0.475000 0.734315 -1.375000
v -0.581754 0.900000 -1.257009
v -0.648862 1.092945 -1.182837
v -0.671751 1.300000 -1.157538
v -0.648862 1.507055 -1.182837
v -0.581754 1.700000 -1.257009
v -0.475000 1.865685 -1.375000
v -0.335876 1.992820 -1.528769
v -0.173862 2.072741 -1.707837
v 0.353553 1.150000 -3.294975
v 0.326641 1.322208 -3.257297
v -0.212937 0.527259 -1.764120
v -0.411362 0.607180 -1.637500
v -0.581753 0.734315 -1.528769
v -0.712500 0.900000 -1.445337
v -0.794690 1.092945 -1.392889
v -0.822724 1.300000 -1.375000
v -0.794690 1.507055 -1.392889
v -0.712500 1.700000 -1.445337
v -0.581753 1.865685 -1.528769
v -0.411362 1.992820 -1.637500
v -0.212937 2.072741 -1.764120
v 0.250000 1.468198 -3.150000
v 0.135299 1.565746 -2.989419
v -0.237500 0.527259 -1.829663
v -0.458815 0.607180 -1.764120
v -0.648862 0.734315 -1.707837
v -0.794690 0.900000 -1.664649
v -0.886362 1.092945 -1.637500
v -0.917629 1.300000 -1.628240
v -0.886362 1.507055 -1.637500
v -0.794690 1.700000 -1.664649
v -0.648862 1.865685 -1.707837
v -0.458815 1.992820 -1.764120
v -0.237500 2.072741 -1.829663
v 0.111988 1.100000 -3.309874
v 0.129313 1.200000 -3.288197
v -0.245878 0.527259 -1.900000
v -0.475000 0.607180 -1.900000
v -0.671751 0.734315 -1.900000
v -0.822724 0.900000 -1.900000
v -0.917630 1.092945 -1.900000
v -0.949999 1.300000 -1.900000
v -0.917630 1.507055 -1.900000
v -0.822724 1.700000 -1.900000
v -0.671751 1.865685 -1.900000
v -0.475000 1.992820 -1.900000
v -0.245878 2.072741 -1.900000
v 0.073223 1.565746 -3.047487
v 0.135299 1.468198 -3.257297
v -0.237500 0.527259 -1.970337
v -0.458814 0.607180 -2.035880
v -0.648862 0.734315 -2.092163
v -0.794690 0.900000 -2.135351
v -0.886362 1.092945 -2.162500
v -0.917629 1.300000 -2.171760
v -0.886362 1.507055 -2.162500
v -0.794690 1.700000 -2.135351
v -0.648862 1.865685 -2.092163
v -0.458814 1.992820 -2.035880
v -0.237500 2.072741 -1.970337
v 0.176777 1.322208 -3.397487
v 0.191342 1.150000 -3.446716
v -0.212937 0.527259 -2.035880
v -0.411362 0.607180 -2.162500
v -0.581753 0.734315 -2.271231
v -0.712500 0.900000 -2.354663
v -0.794690 1.092945 -2.407111
v -0.822724 1.300000 -2.425000
v -0.794690 1.507055 -2.407111
v -0.712500 1.700000 -2.354663
v -0.581753 1.865685 -2.271231
v -0.411362 1.992820 -2.162500
v -0.212937 2.072741 -2.035880
v 0.176777 0.977792 -3.397487
v 0.135299 0.831802 -3.257297
v -0.173862 0.527259 -2.092163
v -0.335875 0.607180 -2.271231
v -0.475000 0.734315 -2.425000
v -0.581754 0.900000 -2.542991
v -0.648862 1.092945 -2.617163
v -0.671751 1.300000 -2.642462
v -0.648862 1.507055 -2.617163
v -0.581754 1.700000 -2.542991
v -0.475000 1.865685 -2.425000
v -0.335875 1.992820 -2.271231
v -0.173862 2.072741 -2.092163
v 0.073223 0.734254 -3.047487
v 0.111988 1.300000 -3.309874
v -0.122939 0.527259 -2.135351
v -0.237500 0.607180 -2.354663
v -0.335875 0.734315 -2.542990
v -0.411362 0.900000 -2.687500
v -0.458815 1.092945 -2.778342
v -0.475000 1.300000 -2.809326
v -0.458815 1.507055 -2.778342
v -0.411362 1.700000 -2.687500
v -0.335875 1.865685 -2.542990
v -0.237500 1.992820 -2.354663
v -0.122939 2.072741 -2.135351
v 0.064656 1.373205 -3.369098
v 0.000000 1.400000 -3.450000
v -0.063638 0.527259 -2.162500
v -0.122939 0.607180 -2.407111
v -0.173862 0.734315 -2.617163
v -0.212937 0.900000 -2.778342
v -0.237500 1.092945 -2.879663
v -0.245878 1.300000 -2.914222
v -0.237500 1.507055 -2.879663
v -0.212937 1.700000 -2.778342
v -0.173862 1.865685 -2.617163
v -0.122939 1.992820 -2.407111
v -0.063638 2.072741 -2.162500
v -0.318799 1.445000 -2.627193
v 0.104616 1.373205 -3.419098
v 0.000000 1.150000 -3.500000
v 0.000000 0.607180 -2.425000
v 0.000000 0.734315 -2.642461
v 0.000000 0.900000 -2.809326
v 0.000000 1.322208 -3.446716
v 0.181201 1.300000 -3.396477
v 0.000000 1.507055 -2.914222
v 0.000000 1.700000 -2.809326
v 0.000000 1.865685 -2.642461
v 0.000000 1.992820 -2.425000
v 0.000000 1.565746 -3.067878
v 0.209232 1.200000 -3.388197
v 0.326641 0.977792 -2.342703
v 0.250000 0.831802 -2.450000
v 0.135299 0.734254 -2.610581
v 0.181201 1.100000 -3.396477
v 0.191342 1.150000 -2.153284
v 0.176777 1.322208 -2.202513
v 0.135299 1.468198 -2.342703
v 0.073223 1.565746 -2.552513
v 0.104616 1.026795 -3.419098
v 0.176777 0.977792 -2.202513
v 0.135299 0.831802 -2.342703
v 0.073223 0.734254 -2.552513
v -0.395384 1.346173 -2.643028
v -0.000000 1.150000 -2.100000
v -0.000000 1.322208 -2.153284
v -0.000000 1.468198 -2.305025
v -0.000000 1.565746 -2.532122
v -0.500000 1.310000 -2.664660
v -0.000000 0.977792 -2.153284
v -0.000000 0.831802 -2.305025
v -0.000000 0.734254 -2.532122
v 0.104616 1.026795 -3.480902
v -0.191342 1.150000 -2.153284
v -0.176777 1.322208 -2.202513
v -0.135299 1.468198 -2.342703
v -0.073223 1.565746 -2.552513
v 0.181201 1.100000 -3.503523
v -0.176777 0.977792 -2.202513
v -0.135299 0.831802 -2.342703
v -0.073223 0.734254 -2.552513
v 0.209232 1.200000 -3.511803
v -0.353554 1.150000 -2.305025
v -0.326641 1.322208 -2.342703
v -0.250000 1.468198 -2.450000
v -0.135299 1.565746 -2.610581
v 0.181201 1.300000 -3.503523
v -0.326641 0.977792 -2.342703
v -0.250000 0.831802 -2.450000
v -0.135299 0.734254 -2.610581
v 0.104616 1.373205 -3.480902
v -0.461940 1.150000 -2.532122
v -0.426777 1.322208 -2.552513
v -0.326641 1.468198 -2.610582
v -0.176777 1.565746 -2.697487
v -0.320492 1.701500 -2.763681
v -0.426777 0.977792 -2.552513
v -0.326641 0.831802 -2.610582
v -0.176777 0.734254 -2.697487
v -0.395384 1.346173 -2.686291
v -0.500000 1.150000 -2.800000
v -0.461940 1.322208 -2.800000
v -0.353553 1.468198 -2.800000
v -0.191342 1.565746 -2.800000
v 0.064656 1.373205 -3.530902
v -0.461940 0.977792 -2.800000
v -0.353553 0.831802 -2.800000
v -0.191342 0.734254 -2.800000
v 0.111988 1.300000 -3.590126
v -0.461940 1.150000 -3.067879
v -0.426777 1.322208 -3.047487
v -0.326641 1.468198 -2.989419
v -0.176777 1.565746 -2.902513
v 0.129313 1.200000 -3.611804
v -0.426777 0.977792 -3.047487
v -0.326641 0.831802 -2.989419
v -0.176777 0.734254 -2.902513
v 0.111988 1.100000 -3.590126
v -0.353553 1.150000 -3.294975
v -0.326641 1.322208 -3.257297
v -0.250000 1.468198 -3.150000
v -0.135299 1.565746 -2.989419
v 0.064656 1.026795 -3.530902
v -0.326641 0.977792 -3.257297
v -0.250000 0.831802 -3.150000
v -0.135299 0.734254 -2.989419
v -0.318799 1.445000 -2.702126
v -0.191341 1.150000 -3.446716
v -0.176776 1.322208 -3.397487
v -0.135299 1.468198 -3.257297
v -0.073223 1.565746 -3.047487
v -0.290768 1.580000 -2.707922
v -0.176776 0.977792 -3.397487
v -0.135299 0.831802 -3.257297
v -0.073223 0.734254 -3.047487
v 0.000000 1.026795 -3.550000
v -0.318799 1.715000 -2.702126
v 0.000000 1.200000 -3.650000
v 0.000000 1.468198 -3.294975
v -0.395384 1.813827 -2.686291
v 0.000000 1.373205 -3.550000
v 0.000000 0.977792 -3.446715
v 0.000000 0.831802 -3.294975
v 0.000000 0.734254 -3.067878
v -0.500000 1.850000 -2.664660
v 0.000000 1.300000 -3.276795
v 0.000000 1.373205 -3.350000
v -0.331144 1.650200 -2.765420
v -0.129313 1.200000 -3.288197
v -0.111988 1.100000 -3.309874
v -0.064656 1.026795 -3.369098
v -0.435344 1.813827 -2.721291
v -0.111988 1.300000 -3.309874
v -0.064656 1.373205 -3.369098
v -0.388012 1.715000 -2.762748
v -0.209232 1.200000 -3.388197
v -0.181201 1.100000 -3.396477
v -0.104616 1.026795 -3.419098
v -0.370687 1.580000 -2.777922
v -0.181201 1.300000 -3.396477
v -0.104616 1.373205 -3.419098
v -0.388012 1.445000 -2.762748
v -0.209232 1.200000 -3.511803
v -0.181201 1.100000 -3.503523
v -0.104616 1.026795 -3.480902
v -0.435344 1.346173 -2.721291
v -0.181201 1.300000 -3.503523
v -0.104616 1.373205 -3.480902
v -0.360246 1.612646 -2.770170
v -0.129313 1.200000 -3.611804
v -0.111988 1.100000 -3.590126
v -0.064656 1.026795 -3.530902
v -0.400000 1.598900 -2.776660
v -0.111988 1.300000 -3.590126
v -0.064656 1.373205 -3.530902
v -0.500000 1.346173 -2.734660
v 0.709232 1.580000 -2.621397
v -0.000000 1.100000 -3.623205
v -0.500000 1.580000 -2.804660
v -0.360246 1.612646 -2.783149
v -0.000000 1.300000 -3.623205
v -0.500000 1.813827 -2.734660
v -0.331144 1.650200 -2.787900
v -0.318799 1.715000 -2.627193
v -0.395384 1.813827 -2.643028
v -0.320492 1.701500 -2.789639
v -0.370687 1.580000 -2.551397
v -0.388012 1.445000 -2.566572
v -0.435344 1.346173 -2.608029
v -0.331144 1.752800 -2.787900
v -0.388012 1.715000 -2.566572
v -0.435344 1.813827 -2.608029
v -0.360246 1.790354 -2.783149
v -0.500000 1.580000 -2.524660
v -0.500000 1.445000 -2.543416
v -0.500000 1.346173 -2.594660
v -0.400000 1.804100 -2.776660
v -0.500000 1.715000 -2.543416
v -0.500000 1.813827 -2.594660
v 0.681201 1.445000 -2.627193
v -0.629313 1.580000 -2.551397
v -0.611988 1.445000 -2.566572
v -0.564656 1.346173 -2.608029
v -0.375431 1.790354 -2.793649
v -0.611988 1.715000 -2.566572
v -0.564656 1.813827 -2.608029
v -0.357445 1.752800 -2.806086
v -0.709232 1.580000 -2.621397
v -0.681201 1.445000 -2.627193
v -0.604616 1.346173 -2.643028
v -0.350861 1.701500 -2.810638
v -0.681201 1.715000 -2.627193
v -0.604616 1.813827 -2.643028
v -0.357445 1.650200 -2.806086
v -0.709232 1.580000 -2.707922
v -0.681201 1.445000 -2.702126
v -0.604616 1.346173 -2.686291
v -0.375431 1.612646 -2.793649
v -0.681201 1.715000 -2.702126
v -0.604616 1.813827 -2.686291
v 0.604616 1.346173 -2.643028
v -0.629313 1.580000 -2.777922
v -0.611988 1.445000 -2.762748
v -0.564656 1.346173 -2.721291
v 0.500000 1.310000 -2.664660
v -0.611988 1.715000 -2.762748
v -0.564656 1.813827 -2.721291
v -0.400000 1.612646 -2.797660
v 0.479508 1.701500 -2.763681
v -0.500000 1.445000 -2.785903
v -0.400000 1.701500 -2.818660
v 0.604616 1.346173 -2.686291
v -0.500000 1.715000 -2.785903
v -0.400000 1.790354 -2.797660
v 0.681201 1.445000 -2.702126
v -0.331144 1.752800 -2.765420
v -0.360246 1.790354 -2.770170
v 0.709232 1.580000 -2.707922
v -0.350861 1.701500 -2.742681
v -0.357445 1.650200 -2.747233
v -0.375431 1.612646 -2.759670
v 0.681201 1.715000 -2.702126
v -0.357445 1.752800 -2.747233
v -0.375431 1.790354 -2.759670
v 0.604616 1.813827 -2.686291
v -0.400000 1.701500 -2.734660
v -0.400000 1.650200 -2.740287
v -0.400000 1.612646 -2.755660
v 0.500000 1.850000 -2.664660
v -0.400000 1.752800 -2.740287
v -0.400000 1.790354 -2.755660
v 0.468856 1.650200 -2.765420
v -0.449139 1.701500 -2.742681
v -0.442555 1.650200 -2.747233
v -0.424569 1.612646 -2.759670
v 0.564656 1.813827 -2.721291
v -0.442555 1.752800 -2.747233
v -0.424569 1.790354 -2.759670
v 0.611988 1.715000 -2.762748
v -0.479508 1.701500 -2.763681
v -0.468856 1.650200 -2.765420
v -0.439754 1.612646 -2.770170
v 0.629313 1.580000 -2.777922
v -0.468856 1.752800 -2.765420
v -0.439754 1.790354 -2.770170
v 0.611988 1.445000 -2.762748
v -0.479508 1.701500 -2.789639
v -0.468856 1.650200 -2.787900
v -0.439754 1.612646 -2.783149
v 0.564656 1.346173 -2.721291
v -0.468856 1.752800 -2.787900
v -0.439754 1.790354 -2.783149
v 0.439754 1.612646 -2.770170
v -0.449139 1.701500 -2.810638
v -0.442555 1.650200 -2.806086
v -0.424569 1.612646 -2.793649
v 0.400000 1.598900 -2.776660
v -0.442555 1.752800 -2.806086
v -0.424569 1.790354 -2.793649
v 0.500000 1.346173 -2.734660
v -0.624844 1.773726 -1.542666
v -0.400000 1.650200 -2.813033
v 0.500000 1.580000 -2.804660
v 0.439754 1.612646 -2.783149
v -0.400000 1.752800 -2.813033
v 0.500000 1.813827 -2.734660
v 0.468856 1.650200 -2.787900
v 0.681201 1.715000 -2.627193
v 0.604616 1.813827 -2.643028
v 0.479508 1.701500 -2.789639
v 0.629313 1.580000 -2.551397
v 0.611988 1.445000 -2.566572
v 0.564656 1.346173 -2.608029
v 0.468856 1.752800 -2.787900
v 0.611988 1.715000 -2.566572
v 0.564656 1.813827 -2.608029
v 0.439754 1.790354 -2.783149
v 0.500000 1.580000 -2.524660
v 0.500000 1.445000 -2.543416
v 0.500000 1.346173 -2.594660
v 0.400000 1.804100 -2.776660
v 0.500000 1.715000 -2.543416
v 0.500000 1.813827 -2.594660
v -0.571148 1.877541 -1.555746
v 0.370687 1.580000 -2.551397
v 0.388012 1.445000 -2.566572
v 0.435344 1.346173 -2.608029
v 0.424569 1.790354 -2.793649
v 0.388012 1.715000 -2.566572
v 0.435344 1.813827 -2.608029
v 0.442555 1.752800 -2.806086
v 0.290768 1.580000 -2.621397
v 0.318799 1.445000 -2.627193
v 0.395384 1.346173 -2.643028
v 0.449139 1.701500 -2.810638
v 0.318799 1.715000 -2.627193
v 0.395384 1.813827 -2.643028
v 0.442555 1.650200 -2.806086
v 0.290768 1.580000 -2.707922
v 0.318799 1.445000 -2.702126
v 0.395384 1.346173 -2.686291
v 0.424569 1.612646 -2.793649
v 0.318799 1.715000 -2.702126
v 0.395384 1.813827 -2.686291
v -0.552292 2.000000 -1.560339
v 0.370687 1.580000 -2.777922
v 0.388012 1.445000 -2.762748
v 0.435344 1.346173 -2.721291
v -0.571148 2.122459 -1.555746
v 0.388012 1.715000 -2.762748
v 0.435344 1.813827 -2.721291
v 0.400000 1.612646 -2.797660
v -0.624844 2.226274 -1.542666
v 0.500000 1.445000 -2.785903
v 0.400000 1.701500 -2.818660
v -0.705206 2.295641 -1.523091
v 0.500000 1.715000 -2.785903
v 0.400000 1.790354 -2.797660
v -0.800000 2.320000 -1.500000
v 0.468856 1.752800 -2.765420
v 0.439754 1.790354 -2.770170
v -0.834202 2.000000 -1.526031
v 0.449139 1.701500 -2.742681
v 0.442555 1.650200 -2.747233
v 0.424569 1.612646 -2.759670
v -0.734531 2.295641 -1.551420
v 0.442555 1.752800 -2.747233
v 0.424569 1.790354 -2.759670
v -0.679029 2.226274 -1.595012
v 0.400000 1.701500 -2.734660
v 0.400000 1.650200 -2.740287
v 0.400000 1.612646 -2.755660
v -0.641944 2.122459 -1.624139
v 0.400000 1.752800 -2.740287
v 0.400000 1.790354 -2.755660
v -0.628922 2.000000 -1.634367
v 0.350861 1.701500 -2.742681
v 0.357445 1.650200 -2.747233
v 0.375431 1.612646 -2.759670
v -0.641944 1.877541 -1.624139
v 0.357445 1.752800 -2.747233
v 0.375431 1.790354 -2.759670
v -0.679029 1.773726 -1.595012
v 0.320492 1.701500 -2.763681
v 0.331144 1.650200 -2.765420
v 0.360246 1.612646 -2.770170
v -0.734531 1.704359 -1.551420
v 0.331144 1.752800 -2.765420
v 0.360246 1.790354 -2.770170
v -0.800000 1.680000 -1.500000
v 0.320492 1.701500 -2.789639
v 0.331144 1.650200 -2.787900
v 0.360246 1.612646 -2.783149
v -0.829620 1.900000 -1.538620
v 0.331144 1.752800 -2.787900
v 0.360246 1.790354 -2.783149
v -0.817101 1.826795 -1.573015
v 0.350861 1.701500 -2.810638
v 0.357445 1.650200 -2.806086
v 0.375431 1.612646 -2.793649
v -0.751631 1.773726 -1.632893
v 0.357445 1.752800 -2.806086
v 0.375431 1.790354 -2.793649
v -0.736803 1.877541 -1.673633
v -0.731596 2.000000 -1.687939
v 0.400000 1.650200 -2.813033
v -0.736803 2.122459 -1.673633
v -0.800000 1.800000 -1.620000
v 0.400000 1.752800 -2.813033
v -0.773823 2.295641 -1.571921
v -0.509789 1.100000 -2.269098
v -0.705206 1.704359 -1.523091
v -0.764125 1.826795 -1.563896
v -0.597325 1.773726 -1.483825
v -0.535192 1.877541 -1.478867
v -0.513374 2.000000 -1.477125
v -0.535192 2.122459 -1.478867
v -0.597325 2.226274 -1.483825
v -0.690313 2.295641 -1.491246
v -0.737862 1.900000 -1.522824
v -0.690313 1.704359 -1.491246
v -0.728249 2.000000 -1.507791
v -0.600661 1.773726 -1.427447
v -0.539551 1.877541 -1.405204
v -0.518092 2.000000 -1.397394
v -0.539551 2.122459 -1.405204
v -0.600661 2.226274 -1.427447
v -0.692119 2.295641 -1.460734
v -0.737862 2.100000 -1.522824
v -0.692119 1.704359 -1.460734
v -0.764125 2.173205 -1.563896
v -0.634345 1.773726 -1.382114
v -0.583561 1.877541 -1.345974
v -0.565728 2.000000 -1.333283
v -0.583561 2.122459 -1.345974
v -0.634345 2.226274 -1.382114
v -0.710348 2.295641 -1.436200
v -0.800000 2.200000 -1.620000
v -0.710348 1.704359 -1.436200
v -0.535272 1.025000 -2.273238
v -0.693248 1.773726 -1.354728
v -0.660522 1.877541 -1.310193
v -0.649030 2.000000 -1.294554
v -0.660522 2.122459 -1.310193
v -0.693248 2.226274 -1.354728
v -0.742226 2.295641 -1.421379
v -0.724851 2.173205 -1.576206
v -0.742226 1.704359 -1.421379
v -0.669839 2.100000 -1.544146
v -0.768403 1.773726 -1.349458
v -0.758717 1.877541 -1.303308
v -0.755316 2.000000 -1.287102
v -0.758717 2.122459 -1.303308
v -0.768403 2.226274 -1.349458
v -0.782900 2.295641 -1.418527
v -0.649703 2.000000 -1.532411
v -0.782900 1.704359 -1.418527
v -0.669839 1.900000 -1.544146
v -0.848369 1.773726 -1.367107
v -0.863197 1.877541 -1.326367
v -0.868404 2.000000 -1.312062
v -0.863197 2.122459 -1.326367
v -0.848369 2.226274 -1.367107
v -0.826177 2.295641 -1.428079
v -0.724851 1.826795 -1.576206
v -0.826177 1.704359 -1.428079
v -0.604894 0.970096 -2.284549
v -0.920971 1.773726 -1.404988
v -0.958056 1.877541 -1.375861
v -0.971079 2.000000 -1.365633
v -0.958056 2.122459 -1.375861
v -0.920971 2.226274 -1.404988
v -0.865469 2.295641 -1.448580
v -0.700000 0.950000 -2.300000
v -0.865469 1.704359 -1.448580
v -0.714282 1.826795 -1.605244
v -0.975156 1.773726 -1.457334
v -1.028852 1.877541 -1.444254
v -1.047708 2.000000 -1.439661
v -1.028852 2.122459 -1.444254
v -0.975156 2.226274 -1.457334
v -0.894794 2.295641 -1.476909
v -0.651533 1.900000 -1.594442
v -0.894794 1.704359 -1.476909
v -0.628565 2.000000 -1.590488
v -1.002675 1.773726 -1.516175
v -1.064808 1.877541 -1.521134
v -1.086626 2.000000 -1.522875
v -1.064808 2.122459 -1.521134
v -1.002675 2.226274 -1.516175
v -0.909687 2.295641 -1.508754
v -0.651533 2.100000 -1.594442
v -0.909687 1.704359 -1.508754
v -0.714282 2.173205 -1.605244
v -0.999339 1.773726 -1.572554
v -1.060449 1.877541 -1.594796
v -1.081908 2.000000 -1.602606
v -1.060449 2.122459 -1.594796
v -0.999339 2.226274 -1.572554
v -0.907881 2.295641 -1.539266
v -0.700000 0.052721 -1.475000
v -0.907881 1.704359 -1.539266
v -0.604894 0.970096 -2.315451
v -0.965655 1.773726 -1.617886
v -1.016439 1.877541 -1.654026
v -1.034272 2.000000 -1.666717
v -1.016439 2.122459 -1.654026
v -0.965655 2.226274 -1.617886
v -0.889652 2.295641 -1.563800
v -0.736455 2.173205 -1.639918
v -0.889652 1.704359 -1.563800
v -0.689936 2.100000 -1.654499
v -0.906752 1.773726 -1.645272
v -0.939478 1.877541 -1.689807
v -0.950970 2.000000 -1.705446
v -0.939478 2.122459 -1.689807
v -0.906752 2.226274 -1.645272
v -0.857774 2.295641 -1.578621
v -0.672909 2.000000 -1.659837
v -0.857774 1.704359 -1.578621
v -0.689936 1.900000 -1.654499
v -0.831596 1.773726 -1.650542
v -0.841283 1.877541 -1.696692
v -0.844684 2.000000 -1.712898
v -0.841283 2.122459 -1.696692
v -0.831596 2.226274 -1.650542
v -0.817100 2.295641 -1.581473
v -0.736455 1.826795 -1.639918
v -0.817100 1.704359 -1.581473
v -0.535272 1.025000 -2.326762
v -0.509789 1.100000 -2.330902
v -0.782899 1.826795 -1.666985
v -0.535272 1.175000 -2.326762
v -0.765798 2.000000 -1.713969
v -0.751631 2.226274 -1.632892
v -0.604894 1.229904 -2.315451
v -0.782899 2.173205 -1.666985
v -0.773823 1.704359 -1.571921
v -0.700000 1.250000 -2.300000
v -0.829620 2.100000 -1.538620
v -0.817101 2.173205 -1.573015
v -0.638687 0.111117 -1.559305
v -0.927091 2.000000 -1.580163
v -0.910064 1.900000 -1.585501
v -0.863545 1.826795 -1.600082
v -0.641221 1.229904 -2.340451
v -0.910064 2.100000 -1.585501
v -0.863545 2.173205 -1.600082
v -0.598193 1.175000 -2.370063
v -0.971435 2.000000 -1.649512
v -0.948467 1.900000 -1.645558
v -0.885718 1.826795 -1.634756
v -0.582443 1.100000 -2.380902
v -0.948467 2.100000 -1.645558
v -0.885718 2.173205 -1.634756
v -0.598193 1.025000 -2.370063
v -0.950297 2.000000 -1.707589
v -0.930161 1.900000 -1.695854
v -0.875149 1.826795 -1.663794
v -0.641221 0.970096 -2.340451
v -0.930161 2.100000 -1.695854
v -0.875149 2.173205 -1.663794
v -0.617157 0.180000 -1.588909
v -0.871751 2.000000 -1.732209
v -0.862138 1.900000 -1.717176
v -0.835875 1.826795 -1.676104
v -0.638687 0.248883 -1.559305
v -0.862138 2.100000 -1.717176
v -0.835875 2.173205 -1.676104
v -0.700000 0.970096 -2.350000
v -0.700000 0.307279 -1.475000
v -0.770380 1.900000 -1.701380
v -0.700000 1.100000 -2.400000
v -0.791761 0.346298 -1.348829
v -0.770380 2.100000 -1.701380
v -0.700000 1.229904 -2.350000
v -0.900000 0.360000 -1.200000
v -0.535272 1.175000 -2.273238
v -0.604894 1.229904 -2.284549
v -0.681802 0.307279 1.500000
v -0.582443 1.100000 -2.219098
v -0.598193 1.025000 -2.229937
v -0.641221 0.970096 -2.259549
v -0.841421 0.346298 -1.394454
v -0.598193 1.175000 -2.229937
v -0.641221 1.229904 -2.259549
v -0.791761 0.307279 -1.559305
v -0.700000 1.100000 -2.200000
v -0.700000 1.025000 -2.213398
v -0.700000 0.970096 -2.250000
v -0.758579 0.248883 -1.669454
v -0.700000 1.175000 -2.213398
v -0.700000 1.229904 -2.250000
v -0.746927 0.180000 -1.708134
v -0.817557 1.100000 -2.219098
v -0.801807 1.025000 -2.229937
v -0.758779 0.970096 -2.259549
v -0.758579 0.111117 -1.669454
v -0.801807 1.175000 -2.229937
v -0.758779 1.229904 -2.259549
v -0.791761 0.052721 -1.559305
v -0.890211 1.100000 -2.269098
v -0.864728 1.025000 -2.273238
v -0.795106 0.970096 -2.284549
v -0.841421 0.013702 -1.394454
v -0.864728 1.175000 -2.273238
v -0.795106 1.229904 -2.284549
v -0.900000 0.000000 -1.200000
v -0.890211 1.100000 -2.330902
v -0.864728 1.025000 -2.326762
v -0.795106 0.970096 -2.315451
v -0.827792 0.346298 1.500000
v -0.864728 1.175000 -2.326762
v -0.795106 1.229904 -2.315451
v -1.000000 0.360000 1.500000
v -0.817557 1.100000 -2.380902
v -0.801807 1.025000 -2.370063
v -0.758779 0.970096 -2.340451
v -0.900000 0.052721 -1.588909
v -0.801807 1.175000 -2.370063
v -0.758779 1.229904 -2.340451
v -0.900000 0.111117 -1.708134
v -0.900000 0.180000 -1.750000
v -0.700000 1.025000 -2.386602
v -0.900000 0.248883 -1.708134
v 0.999339 2.226274 -1.572553
v -0.700000 1.175000 -2.386602
v -0.900000 0.346298 -1.410476
v -0.840901 0.346298 1.412132
v -0.791761 0.013702 -1.348829
v -0.706023 0.307279 1.337641
v -0.638687 0.052721 -1.348829
v -0.558579 0.111117 -1.394454
v -0.530448 0.180000 -1.410476
v -0.558579 0.248883 -1.394454
v -0.638687 0.307279 -1.348829
v -0.758579 0.346298 -1.280546
v -0.615901 0.248883 1.287868
v -0.758579 0.013702 -1.280546
v -0.584254 0.180000 1.270390
v -0.617157 0.052721 -1.200000
v -0.530448 0.111117 -1.200000
v -0.500000 0.180000 -1.200000
v -0.530448 0.248883 -1.200000
v -0.617157 0.307279 -1.200000
v -0.746927 0.346298 -1.200000
v -0.615901 0.111117 1.287868
v -0.746927 0.013702 -1.200000
v -0.706023 0.052721 1.337641
v -0.638687 0.052721 -1.051171
v -0.558579 0.111117 -1.005546
v -0.530448 0.180000 -0.989524
v -0.558579 0.248883 -1.005546
v -0.638687 0.307279 -1.051171
v -0.758579 0.346298 -1.119454
v -0.840901 0.013702 1.412132
v -0.758579 0.013702 -1.119454
v -1.000000 0.000000 1.500000
v -0.700000 0.052721 -0.925000
v -0.638687 0.111117 -0.840695
v -0.617157 0.180000 -0.811091
v -0.638687 0.248883 -0.840695
v -0.700000 0.307279 -0.925000
v -0.791761 0.346298 -1.051171
v 0.907881 2.295641 -1.539266
v -0.791761 0.013702 -1.051171
v -0.878231 0.013702 1.337641
v -0.791761 0.052721 -0.840695
v -0.758579 0.111117 -0.730546
v -0.746927 0.180000 -0.691866
v -0.758579 0.248883 -0.730546
v -0.791761 0.307279 -0.840695
v -0.841421 0.346298 -1.005546
v -0.775000 0.052721 1.200000
v -0.841421 0.013702 -1.005546
v -0.706023 0.111117 1.108031
v -0.900000 0.052721 -0.811091
v -0.900000 0.111117 -0.691866
v -0.900000 0.180000 -0.650000
v -0.900000 0.248883 -0.691866
v -0.900000 0.307279 -0.811091
v -0.900000 0.346298 -0.989524
v -0.681802 0.180000 1.075736
v -0.900000 0.013702 -0.989524
v -0.706023 0.248883 1.108031
v -1.008239 0.052721 -0.840695
v -1.041421 0.111117 -0.730546
v -1.053074 0.180000 -0.691866
v -1.041421 0.248883 -0.730546
v -1.008239 0.307279 -0.840695
v -0.958579 0.346298 -1.005546
v -0.775000 0.307279 1.200000
v -0.958579 0.013702 -1.005546
v -0.878231 0.346298 1.337641
v -1.100000 0.052721 -0.925000
v -1.161313 0.111117 -0.840695
v -1.182843 0.180000 -0.811091
v -1.161313 0.248883 -0.840695
v -1.100000 0.307279 -0.925000
v -1.008239 0.346298 -1.051171
v 0.800000 2.320000 -1.500000
v -1.008239 0.013702 -1.051171
v 0.834202 2.000000 -1.526031
v -1.161313 0.052721 -1.051171
v -1.241421 0.111117 -1.005546
v -1.269552 0.180000 -0.989524
v -1.241421 0.248883 -1.005546
v -1.161313 0.307279 -1.051171
v -1.041421 0.346298 -1.119455
v -0.934099 0.346298 1.287868
v -1.041421 0.013702 -1.119455
v -0.878231 0.307279 1.108031
v -1.182843 0.052721 -1.200000
v -1.269552 0.111117 -1.200000
v -1.300000 0.180000 -1.200000
v -1.269552 0.248883 -1.200000
v -1.182843 0.307279 -1.200000
v -1.053073 0.346298 -1.200000
v -0.840901 0.248883 0.987868
v -1.053073 0.013702 -1.200000
v -0.827792 0.180000 0.945672
v -1.161312 0.052721 -1.348829
v -1.241421 0.111117 -1.394455
v -1.269552 0.180000 -1.410476
v -1.241421 0.248883 -1.394455
v -1.161312 0.307279 -1.348829
v -1.041421 0.346298 -1.280546
v -0.840901 0.111117 0.987868
v -1.041421 0.013702 -1.280546
v -0.878231 0.052721 1.108031
v -1.100000 0.052721 -1.475000
v -1.161312 0.111117 -1.559305
v -1.182842 0.180000 -1.588909
v -1.161312 0.248883 -1.559305
v -1.100000 0.307279 -1.475000
v -1.008239 0.346298 -1.348829
v -0.934099 0.013702 1.287868
v -1.008239 0.013702 -1.348829
v 0.889652 2.295641 -1.563800
v -1.008239 0.052721 -1.559305
v -1.041421 0.111117 -1.669454
v -1.053073 0.180000 -1.708134
v -1.041421 0.248883 -1.669454
v -1.008239 0.307279 -1.559305
v -0.958579 0.346298 -1.394454
v 0.965655 2.226274 -1.617886
v -0.958579 0.013702 -1.394454
v -1.000000 0.013702 1.270390
v -1.000000 0.052721 1.075736
v -1.000000 0.111117 0.945672
v -1.000000 0.180000 0.900000
v -1.000000 0.248883 0.945672
v -0.900000 0.307279 -1.588909
v -1.000000 0.307279 1.075736
v 1.016439 2.122459 -1.654026
v -0.900000 0.013702 -1.410476
v 1.034272 2.000000 -1.666717
v -0.584254 0.248883 1.500000
v -0.550000 0.180000 1.500000
v -0.584254 0.111117 1.500000
v -0.681802 0.052721 1.500000
v -0.827792 0.013702 1.500000
v 1.016439 1.877541 -1.654026
v -0.706023 0.307279 1.662359
v -0.840901 0.346298 1.587868
v 0.965655 1.773726 -1.617886
v -0.615901 0.248883 1.712132
v -0.584254 0.180000 1.729610
v -0.615901 0.111117 1.712132
v -0.706023 0.052721 1.662359
v -0.840901 0.013702 1.587868
v 0.889652 1.704359 -1.563800
v -0.775000 0.307279 1.800000
v -0.878231 0.346298 1.662359
v 0.800000 1.680000 -1.500000
v -0.706023 0.248883 1.891969
v -0.681802 0.180000 1.924264
v -0.706023 0.111117 1.891969
v -0.775000 0.052721 1.800000
v -0.878231 0.013702 1.662359
v 0.829620 1.900000 -1.538620
v -0.878231 0.307279 1.891969
v -0.934099 0.346298 1.712132
v 0.857774 1.704359 -1.578621
v -0.840901 0.248883 2.012132
v -0.827793 0.180000 2.054328
v -0.840901 0.111117 2.012132
v -0.878231 0.052721 1.891969
v -0.934099 0.013702 1.712132
v 0.906752 1.773726 -1.645272
v -1.000000 0.307279 1.924264
v -1.000000 0.346298 1.729610
v 0.939478 1.877541 -1.689807
v -1.000000 0.248883 2.054328
v -1.000000 0.180000 2.100000
v -1.000000 0.111117 2.054328
v -1.000000 0.052721 1.924264
v -1.000000 0.013702 1.729610
v 0.950970 2.000000 -1.705446
v -1.121769 0.307279 1.891969
v -1.065901 0.346298 1.712132
v 0.939478 2.122459 -1.689807
v -1.159099 0.248883 2.012132
v -1.172208 0.180000 2.054328
v -1.159099 0.111117 2.012132
v -1.121769 0.052721 1.891969
v -1.065901 0.013702 1.712132
v 0.906752 2.226274 -1.645272
v -1.225000 0.307279 1.800000
v -1.121769 0.346298 1.662359
v 0.857774 2.295641 -1.578621
v -1.293977 0.248883 1.891969
v -1.318198 0.180000 1.924264
v -1.293977 0.111117 1.891969
v -1.225000 0.052721 1.800000
v -1.121769 0.013702 1.662359
v 0.817101 1.826795 -1.573015
v -1.293977 0.307279 1.662359
v -1.159099 0.346298 1.587868
v 0.800000 1.800000 -1.620000
v -1.384099 0.248883 1.712132
v -1.415746 0.180000 1.729610
v -1.384099 0.111117 1.712132
v -1.293977 0.052721 1.662359
v -1.159099 0.013702 1.587868
v 0.817100 2.295641 -1.581473
v -1.318198 0.307279 1.500000
v -1.172208 0.346298 1.500000
v 0.831597 2.226274 -1.650542
v -1.415746 0.248883 1.500000
v -1.450000 0.180000 1.500000
v -1.415746 0.111117 1.500000
v -1.318198 0.052721 1.500000
v -1.172208 0.013702 1.500000
v 0.841283 2.122459 -1.696692
v -1.293977 0.307279 1.337641
v -1.159099 0.346298 1.412132
v 0.844684 2.000000 -1.712898
v -1.384099 0.248883 1.287868
v -1.415746 0.180000 1.270390
v -1.384099 0.111117 1.287868
v -1.293977 0.052721 1.337641
v -1.159099 0.013702 1.412132
v 0.841283 1.877541 -1.696692
v -1.225000 0.307279 1.200000
v -1.121769 0.346298 1.337641
v 0.831597 1.773726 -1.650542
v -1.293977 0.248883 1.108031
v -1.318198 0.180000 1.075736
v -1.293977 0.111117 1.108031
v -1.225000 0.052721 1.200000
v -1.121769 0.013702 1.337641
v 0.817100 1.704359 -1.581473
v -1.121769 0.307279 1.108031
v -1.065901 0.346298 1.287868
v 0.890211 1.100000 -2.269098
v -1.159099 0.248883 0.987868
v -1.172207 0.180000 0.945672
v -1.159099 0.111117 0.987868
v -1.121769 0.052721 1.108031
v -1.065901 0.013702 1.287868
v 0.863545 1.826795 -1.600082
v 0.773823 1.704359 -1.571921
v -1.000000 0.346298 1.270390
v 0.751631 1.773726 -1.632893
v 0.736803 1.877541 -1.673633
v 0.731596 2.000000 -1.687939
v 0.736803 2.122459 -1.673633
v 0.751631 2.226274 -1.632893
v 0.910064 1.900000 -1.585501
v 0.927091 2.000000 -1.580163
v 1.060449 2.122459 -1.594796
v 1.081908 2.000000 -1.602606
v 1.060449 1.877541 -1.594796
v 0.999339 1.773726 -1.572553
v 0.907881 1.704359 -1.539266
v 0.910064 2.100000 -1.585501
v 1.002675 2.226274 -1.516175
v 0.909687 2.295641 -1.508754
v 0.863545 2.173205 -1.600082
v 1.064808 2.122459 -1.521133
v 1.086626 2.000000 -1.522875
v 1.064808 1.877541 -1.521133
v 1.002675 1.773726 -1.516175
v 0.909687 1.704359 -1.508754
v 0.800000 2.200000 -1.620000
v 0.975156 2.226274 -1.457334
v 0.894794 2.295641 -1.476909
v 0.864728 1.025000 -2.273238
v 1.028852 2.122459 -1.444254
v 1.047708 2.000000 -1.439661
v 1.028852 1.877541 -1.444254
v 0.975156 1.773726 -1.457334
v 0.894794 1.704359 -1.476909
v 0.885718 2.173205 -1.634756
v 0.920971 2.226274 -1.404988
v 0.865469 2.295641 -1.448580
v 0.948467 2.100000 -1.645558
v 0.958056 2.122459 -1.375861
v 0.971078 2.000000 -1.365633
v 0.958056 1.877541 -1.375861
v 0.920971 1.773726 -1.404988
v 0.865469 1.704359 -1.448580
v 0.971435 2.000000 -1.649512
v 0.848369 2.226274 -1.367107
v 0.826177 2.295641 -1.428079
v 0.948467 1.900000 -1.645558
v 0.863197 2.122459 -1.326367
v 0.868404 2.000000 -1.312061
v 0.863197 1.877541 -1.326367
v 0.848369 1.773726 -1.367107
v 0.826177 1.704359 -1.428079
v 0.885718 1.826795 -1.634756
v 0.768403 2.226274 -1.349458
v 0.782900 2.295641 -1.418527
v 0.795106 0.970096 -2.284549
v 0.758717 2.122459 -1.303308
v 0.755316 2.000000 -1.287102
v 0.758717 1.877541 -1.303308
v 0.768403 1.773726 -1.349458
v 0.782900 1.704359 -1.418527
v 0.700000 0.950000 -2.300000
v 0.693248 2.226274 -1.354728
v 0.742226 2.295641 -1.421379
v 0.875149 1.826795 -1.663794
v 0.660522 2.122459 -1.310193
v 0.649030 2.000000 -1.294554
v 0.660522 1.877541 -1.310193
v 0.693248 1.773726 -1.354728
v 0.742226 1.704359 -1.421379
v 0.930161 1.900000 -1.695854
v 0.634345 2.226274 -1.382114
v 0.710348 2.295641 -1.436200
v 0.950297 2.000000 -1.707589
v 0.583561 2.122459 -1.345974
v 0.565728 2.000000 -1.333283
v 0.583561 1.877541 -1.345974
v 0.634345 1.773726 -1.382114
v 0.710348 1.704359 -1.436200
v 0.930161 2.100000 -1.695854
v 0.600661 2.226274 -1.427447
v 0.692119 2.295641 -1.460734
v 0.875149 2.173205 -1.663794
v 0.539551 2.122459 -1.405204
v 0.518092 2.000000 -1.397394
v 0.539551 1.877541 -1.405204
v 0.600661 1.773726 -1.427447
v 0.692119 1.704359 -1.460734
v 1.100000 0.052721 -1.475000
v 0.597325 2.226274 -1.483825
v 0.690313 2.295641 -1.491246
v 0.795106 0.970096 -2.315451
v 0.535192 2.122459 -1.478867
v 0.513374 2.000000 -1.477125
v 0.535192 1.877541 -1.478867
v 0.597325 1.773726 -1.483825
v 0.690313 1.704359 -1.491246
v 0.835875 2.173205 -1.676104
v 0.624844 2.226274 -1.542666
v 0.705206 2.295641 -1.523091
v 0.862138 2.100000 -1.717176
v 0.571148 2.122459 -1.555746
v 0.552292 2.000000 -1.560339
v 0.571148 1.877541 -1.555746
v 0.624844 1.773726 -1.542666
v 0.705206 1.704359 -1.523091
v 0.871751 2.000000 -1.732209
v 0.679029 2.226274 -1.595012
v 0.734531 2.295641 -1.551420
v 0.862138 1.900000 -1.717176
v 0.641944 2.122459 -1.624139
v 0.628922 2.000000 -1.634367
v 0.641944 1.877541 -1.624139
v 0.679029 1.773726 -1.595012
v 0.734531 1.704359 -1.551420
v 0.835875 1.826795 -1.676104
v 0.864728 1.025000 -2.326762
v 0.773823 2.295641 -1.571921
v 0.890211 1.100000 -2.330902
v 0.782899 1.826795 -1.666985
v 0.864728 1.175000 -2.326762
v 0.765798 2.000000 -1.713969
v 0.795106 1.229904 -2.315451
v 0.782899 2.173205 -1.666985
v 0.700000 1.250000 -2.300000
v 0.829620 2.100000 -1.538620
v 0.817101 2.173205 -1.573015
v 1.161313 0.111117 -1.559305
v 0.728249 2.000000 -1.507791
v 0.737862 1.900000 -1.522824
v 0.764125 1.826795 -1.563896
v 0.758779 1.229904 -2.340451
v 0.737862 2.100000 -1.522824
v 0.764125 2.173205 -1.563896
v 0.801807 1.175000 -2.370063
v 0.649703 2.000000 -1.532411
v 0.669839 1.900000 -1.544146
v 0.724851 1.826795 -1.576206
v 0.817557 1.100000 -2.380902
v 0.669839 2.100000 -1.544146
v 0.724851 2.173205 -1.576206
v 0.801807 1.025000 -2.370063
v 0.628565 2.000000 -1.590488
v 0.651533 1.900000 -1.594442
v 0.714282 1.826795 -1.605244
v 0.758779 0.970096 -2.340451
v 0.651533 2.100000 -1.594442
v 0.714282 2.173205 -1.605244
v 1.182843 0.180000 -1.588909
v 0.672909 2.000000 -1.659837
v 0.689936 1.900000 -1.654499
v 0.736455 1.826795 -1.639918
v 1.161313 0.248883 -1.559305
v 0.689936 2.100000 -1.654499
v 0.736455 2.173205 -1.639918
v 0.700000 0.970096 -2.350000
v 1.100000 0.307279 -1.475000
v 0.770380 1.900000 -1.701380
v 0.700000 1.100000 -2.400000
v 1.008239 0.346298 -1.348829
v 0.770380 2.100000 -1.701380
v 0.700000 1.229904 -2.350000
v 0.900000 0.360000 -1.200000
v 0.864728 1.175000 -2.273238
v 0.795106 1.229904 -2.284549
v 1.318198 0.307279 1.500000
v 0.817557 1.100000 -2.219098
v 0.801807 1.025000 -2.229937
v 0.758779 0.970096 -2.259549
v 0.958579 0.346298 -1.394454
v 0.801807 1.175000 -2.229937
v 0.758779 1.229904 -2.259549
v 1.008239 0.307279 -1.559305
v 0.700000 1.100000 -2.200000
v 0.700000 1.025000 -2.213398
v 0.700000 0.970096 -2.250000
v 1.041421 0.248883 -1.669454
v 0.700000 1.175000 -2.213398
v 0.700000 1.229904 -2.250000
v 1.053073 0.180000 -1.708134
v 0.582443 1.100000 -2.219098
v 0.598193 1.025000 -2.229937
v 0.641221 0.970096 -2.259549
v 1.041421 0.111117 -1.669454
v 0.598193 1.175000 -2.229937
v 0.641221 1.229904 -2.259549
v 1.008239 0.052721 -1.559305
v 0.509789 1.100000 -2.269098
v 0.535272 1.025000 -2.273238
v 0.604894 0.970096 -2.284549
v 0.958579 0.013702 -1.394454
v 0.535272 1.175000 -2.273238
v 0.604894 1.229904 -2.284549
v 0.900000 0.000000 -1.200000
v 0.509789 1.100000 -2.330902
v 0.535272 1.025000 -2.326762
v 0.604894 0.970096 -2.315451
v 1.172208 0.346298 1.500000
v 0.535272 1.175000 -2.326762
v 0.604894 1.229904 -2.315451
v 1.000000 0.360000 1.500000
v 0.582443 1.100000 -2.380902
v 0.598193 1.025000 -2.370063
v 0.641221 0.970096 -2.340451
v 0.900000 0.052721 -1.588909
v 0.598193 1.175000 -2.370063
v 0.641221 1.229904 -2.340451
v 0.900000 0.111117 -1.708134
v 0.900000 0.180000 -1.750000
v 0.700000 1.025000 -2.386602
v 0.900000 0.248883 -1.708134
v -1.299958 2.685087 0.693014
v 0.700000 1.175000 -2.386602
v 0.900000 0.346298 -1.410476
v 1.159099 0.346298 1.412132
v 1.008239 0.013702 -1.348829
v 1.293977 0.307279 1.337641
v 1.161313 0.052721 -1.348829
v 1.241421 0.111117 -1.394454
v 1.269552 0.180000 -1.410476
v 1.241421 0.248883 -1.394454
v 1.161313 0.307279 -1.348829
v 1.041421 0.346298 -1.280546
v 1.384099 0.248883 1.287868
v 1.041421 0.013702 -1.280546
v 1.415746 0.180000 1.270390
v 1.182843 0.052721 -1.200000
v 1.269552 0.111117 -1.200000
v 1.300000 0.180000 -1.200000
v 1.269552 0.248883 -1.200000
v 1.182843 0.307279 -1.200000
v 1.053073 0.346298 -1.200000
v 1.384099 0.111117 1.287868
v 1.053073 0.013702 -1.200000
v 1.293977 0.052721 1.337641
v 1.161313 0.052721 -1.051171
v 1.241421 0.111117 -1.005546
v 1.269552 0.180000 -0.989524
v 1.241421 0.248883 -1.005546
v 1.161313 0.307279 -1.051171
v 1.041421 0.346298 -1.119454
v 1.159099 0.013702 1.412132
v 1.041421 0.013702 -1.119454
v 1.000000 0.000000 1.500000
v 1.100000 0.052721 -0.925000
v 1.161313 0.111117 -0.840695
v 1.182843 0.180000 -0.811091
v 1.161313 0.248883 -0.840695
v 1.100000 0.307279 -0.925000
v 1.008239 0.346298 -1.051171
v -1.254065 3.110420 0.864147
v 1.008239 0.013702 -1.051171
v 1.121769 0.013702 1.337641
v 1.008239 0.052721 -0.840695
v 1.041421 0.111117 -0.730546
v 1.053073 0.180000 -0.691866
v 1.041421 0.248883 -0.730546
v 1.008239 0.307279 -0.840695
v 0.958579 0.346298 -1.005546
v 1.225000 0.052721 1.200000
v 0.958579 0.013702 -1.005546
v 1.293977 0.111117 1.108031
v 0.900000 0.052721 -0.811091
v 0.900000 0.111117 -0.691866
v 0.900000 0.180000 -0.650000
v 0.900000 0.248883 -0.691866
v 0.900000 0.307279 -0.811091
v 0.900000 0.346298 -0.989524
v 1.318198 0.180000 1.075736
v 0.900000 0.013702 -0.989524
v 1.293977 0.248883 1.108031
v 0.791761 0.052721 -0.840695
v 0.758579 0.111117 -0.730546
v 0.746926 0.180000 -0.691866
v 0.758579 0.248883 -0.730546
v 0.791761 0.307279 -0.840695
v 0.841421 0.346298 -1.005546
v 1.225000 0.307279 1.200000
v 0.841421 0.013702 -1.005546
v 1.121769 0.346298 1.337641
v 0.700000 0.052721 -0.925000
v 0.638687 0.111117 -0.840695
v 0.617157 0.180000 -0.811091
v 0.638687 0.248883 -0.840695
v 0.700000 0.307279 -0.925000
v 0.791761 0.346298 -1.051171
v -1.234043 2.634315 0.841261
v 0.791761 0.013702 -1.051171
v 1.630393 2.782603 -0.272617
v 0.638687 0.052721 -1.051171
v 0.558579 0.111117 -1.005546
v 0.530448 0.180000 -0.989524
v 0.558579 0.248883 -1.005546
v 0.638687 0.307279 -1.051171
v 0.758579 0.346298 -1.119455
v 1.065901 0.346298 1.287868
v 0.758579 0.013702 -1.119455
v 1.121769 0.307279 1.108031
v 0.617157 0.052721 -1.200000
v 0.530448 0.111117 -1.200000
v 0.500000 0.180000 -1.200000
v 0.530448 0.248883 -1.200000
v 0.617157 0.307279 -1.200000
v 0.746927 0.346298 -1.200000
v 1.159099 0.248883 0.987868
v 0.746927 0.013702 -1.200000
v 1.172208 0.180000 0.945672
v 0.638687 0.052721 -1.348829
v 0.558579 0.111117 -1.394455
v 0.530448 0.180000 -1.410476
v 0.558579 0.248883 -1.394455
v 0.638687 0.307279 -1.348829
v 0.758579 0.346298 -1.280546
v 1.159099 0.111117 0.987868
v 0.758579 0.013702 -1.280546
v 1.121769 0.052721 1.108031
v 0.700000 0.052721 -1.475000
v 0.638687 0.111117 -1.559305
v 0.617157 0.180000 -1.588909
v 0.638687 0.248883 -1.559305
v 0.700000 0.307279 -1.475000
v 0.791761 0.346298 -1.348829
v 1.065901 0.013702 1.287868
v 0.791761 0.013702 -1.348829
v -0.183604 3.771855 0.994852
v 0.791761 0.052721 -1.559305
v 0.758579 0.111117 -1.669454
v 0.746927 0.180000 -1.708134
v 0.758579 0.248883 -1.669454
v 0.791761 0.307279 -1.559305
v 0.841421 0.346298 -1.394454
v -0.239348 3.446918 0.785548
v 0.841421 0.013702 -1.394454
v 1.000000 0.013702 1.270390
v 1.000000 0.052721 1.075736
v 1.000000 0.111117 0.945672
v 1.000000 0.180000 0.900000
v 1.000000 0.248883 0.945672
v 0.900000 0.307279 -1.588909
v 1.000000 0.307279 1.075736
v -1.266697 3.029781 0.996955
v 0.900000 0.013702 -1.410476
v -0.248116 3.408704 0.866559
v 1.415746 0.248883 1.500000
v 1.450000 0.180000 1.500000
v 1.415746 0.111117 1.500000
v 1.318198 0.052721 1.500000
v 1.172208 0.013702 1.500000
v -1.054493 2.837404 0.636038
v 1.293977 0.307279 1.662359
v 1.159099 0.346298 1.587868
v -0.175010 3.389597 0.915451
v 1.384099 0.248883 1.712132
v 1.415746 0.180000 1.729610
v 1.384099 0.111117 1.712132
v 1.293977 0.052721 1.662359
v 1.159099 0.013702 1.587868
v 1.392929 2.501688 -0.448962
v 1.225000 0.307279 1.800000
v 1.121769 0.346298 1.662359
v -0.179035 3.681318 0.952639
v 1.293977 0.248883 1.891969
v 1.318198 0.180000 1.924264
v 1.293977 0.111117 1.891969
v 1.225000 0.052721 1.800000
v 1.121769 0.013702 1.662359
v -0.286055 3.101751 0.573233
v 1.121769 0.307279 1.891969
v 1.065901 0.346298 1.712132
v -1.078352 2.685087 0.886897
v 1.159099 0.248883 2.012132
v 1.172207 0.180000 2.054328
v 1.159099 0.111117 2.012132
v 1.121769 0.052721 1.891969
v 1.065901 0.013702 1.712132
v -0.302617 3.029568 0.726254
v 1.000000 0.307279 1.924264
v 1.000000 0.346298 1.729610
v -0.157474 3.466025 0.753429
v 1.000000 0.248883 2.054328
v 1.000000 0.180000 2.100000
v 1.000000 0.111117 2.054328
v 1.000000 0.052721 1.924264
v 1.000000 0.013702 1.729610
v -0.164528 2.993477 0.818606
v 0.878231 0.307279 1.891969
v 0.934099 0.346298 1.712132
v -1.219169 3.083540 0.942631
v 0.840901 0.248883 2.012132
v 0.827792 0.180000 2.054328
v 0.840901 0.111117 2.012132
v 0.878231 0.052721 1.891969
v 0.934099 0.013702 1.712132
v -0.295117 3.765800 0.011569
v 0.775000 0.307279 1.800000
v 0.878231 0.346298 1.662359
v -0.328108 3.414316 -0.155377
v 0.706023 0.248883 1.891969
v 0.681802 0.180000 1.924264
v 0.706023 0.111117 1.891969
v 0.775000 0.052721 1.800000
v 0.878231 0.013702 1.662359
v -0.093136 3.408704 0.883333
v 0.706023 0.307279 1.662359
v 0.840901 0.346298 1.587868
v -0.352006 3.388705 -0.072474
v 0.615901 0.248883 1.712132
v 0.584254 0.180000 1.729610
v 0.615901 0.111117 1.712132
v 0.706023 0.052721 1.662359
v 0.840901 0.013702 1.587868
v -0.131405 3.137842 0.512564
v 0.681802 0.307279 1.500000
v 0.827792 0.346298 1.500000
v -0.289063 3.375899 -0.009433
v 0.584254 0.248883 1.500000
v 0.550000 0.180000 1.500000
v 0.584254 0.111117 1.500000
v 0.681802 0.052721 1.500000
v 0.827792 0.013702 1.500000
v -0.988577 2.786632 0.784285
v 0.706023 0.307279 1.337641
v 0.840901 0.346298 1.412132
v -0.287235 3.669934 -0.015775
v 0.615901 0.248883 1.287868
v 0.584254 0.180000 1.270390
v 0.615901 0.111117 1.287868
v 0.706023 0.052721 1.337641
v 0.840901 0.013702 1.412132
v -0.352528 3.042236 -0.320787
v 0.775000 0.307279 1.200000
v 0.878231 0.346298 1.337641
v -0.009878 3.029568 0.757937
v 0.706024 0.248883 1.108031
v 0.681802 0.180000 1.075736
v 0.706024 0.111117 1.108031
v 0.775000 0.052721 1.200000
v 0.878231 0.013702 1.337641
v -0.397670 2.993860 -0.164192
v 0.878231 0.307279 1.108031
v 0.934099 0.346298 1.287868
v -0.241266 3.427121 -0.175239
v 0.840901 0.248883 0.987868
v 0.827793 0.180000 0.945672
v 0.840901 0.111117 0.987868
v 0.878231 0.052721 1.108031
v 0.934099 0.013702 1.287868
v -0.278777 2.969671 -0.045114
v -0.084368 3.446918 0.802321
v 1.000000 0.346298 1.270390
v -0.114742 2.993860 -0.082632
v -0.178323 3.414316 -0.112198
v -0.069601 3.042236 -0.239226
v 0.006684 3.101751 0.604916
v -0.188493 3.066424 -0.358304
v -0.202221 3.388705 -0.029295
v 1.512831 2.392509 -0.397939
v -1.210184 2.786632 0.590402
v -1.411721 3.281221 1.044345
v 0.409464 3.088497 0.112393
v -1.349121 3.002902 0.972795
v 1.275331 2.556278 -0.339005
v -1.384018 3.029781 0.894311
v 1.693871 2.724802 -0.245605
v -1.336490 3.083540 0.839987
v -1.451052 3.361421 1.089301
v 0.388590 3.446925 0.306027
v 1.515135 2.337919 -0.236958
v 1.568135 2.811504 -0.214405
v 1.397536 2.392509 -0.127001
v 0.449642 3.026989 0.265698
v 1.277634 2.501688 -0.178024
v 1.797079 2.968326 -0.116980
v -1.532926 1.729005 -0.508282
v 1.695090 2.695902 -0.160380
v 0.246960 3.119252 0.073065
v 1.632832 2.724802 -0.102167
v 0.409861 3.414361 0.387189
v 1.569355 2.782604 -0.129180
v 1.856174 3.044977 -0.091832
v -1.936229 1.790122 -0.511621
v 0.327317 2.996234 0.379674
v 0.302559 3.463206 0.285207
v 0.164813 3.026989 0.340346
v -1.574790 1.564387 -0.501339
v 0.124635 3.088497 0.187042
v 0.349514 3.691673 0.464367
v 0.611051 2.973569 -0.438529
v 0.345101 3.398079 0.447529
v -1.536082 1.811314 -0.656994
v 0.259069 3.414361 0.426709
v -1.958393 1.702971 -0.507945
v 0.237798 3.446925 0.345547
v 0.358686 3.784898 0.499367
v 0.653444 3.340016 -0.264405
v -1.619811 1.482078 -0.643107
v -1.937900 1.833697 -0.590351
v -1.622967 1.564387 -0.791819
v 0.706741 2.919442 -0.308862
v -1.581103 1.729005 -0.798763
v -2.227546 1.816441 -0.542313
v -1.065537 1.421705 2.071306
v -1.982227 1.659395 -0.582999
v 0.444746 3.000633 -0.415943
v -1.983898 1.702971 -0.661729
v 0.704104 3.311360 -0.195758
v -1.961735 1.790122 -0.665405
v -2.323075 1.841404 -0.526469
v -1.338873 1.359055 2.367554
v 0.636126 2.892378 -0.156609
v 0.565400 3.354344 -0.252448
v 0.469821 2.919442 -0.134022
v -1.060308 1.251979 2.063192
v 0.374131 2.973569 -0.263690
v 0.668996 3.591117 -0.112068
v -0.950661 2.732623 1.186646
v 0.666719 3.297033 -0.115153
v -1.191905 1.506568 1.995613
v 0.578675 3.311360 -0.103196
v -1.336104 1.269201 2.363258
v 0.528016 3.340016 -0.171843
v 0.687902 3.685912 -0.086449
v -1.176577 3.011315 1.380792
v -1.181447 1.167116 1.979384
v -1.405773 1.403983 2.327481
v -1.307814 1.251979 1.903690
v -1.026530 2.622443 1.291548
v -1.313043 1.421705 1.911804
v -1.554435 1.298228 2.558166
v 0.720922 2.907019 1.248218
v -1.400236 1.224273 2.318889
v -1.032021 2.787712 1.047918
v -1.467137 1.269201 2.278816
v -1.216743 2.952984 1.436328
v -1.469905 1.359055 2.283112
v -1.608517 1.292550 2.642088
v 0.744185 3.209809 1.520572
v -1.183758 2.567353 1.257721
v -1.219650 3.040480 1.307347
v -1.265118 2.622443 1.118992
v 0.767314 2.808494 1.378758
v -1.189249 2.732623 1.014090
v -1.366164 3.195381 1.509929
v -0.603275 2.775271 1.575008
v -1.299982 2.923819 1.418420
v 0.559002 2.956281 1.232249
v -1.343055 2.952984 1.344975
v 0.768746 3.157649 1.589682
v -1.302889 3.011315 1.289439
v -1.404146 3.271535 1.562445
v -0.781012 3.054690 1.813198
v 0.651786 2.759232 1.493329
v 0.658463 3.235889 1.512117
v 0.489865 2.808494 1.477359
v -0.654487 2.665417 1.694211
v 0.443473 2.907019 1.346819
v 0.737364 3.411911 1.734134
v 0.732942 3.000034 -0.079115
v 0.707584 3.131569 1.650336
v -0.712937 2.830198 1.457292
v 0.621861 3.157649 1.641882
v -0.808124 2.996531 1.876305
v 0.597301 3.209809 1.572772
v 0.756771 3.493404 1.788743
v 0.783889 3.352635 0.119573
v -0.815362 2.610490 1.695698
v -0.839068 3.083769 1.750878
v -0.925025 2.665417 1.577982
v 0.820731 2.933633 0.050438
v -0.873813 2.775271 1.458779
v -0.937602 3.239298 1.980229
v -0.401252 2.671220 1.930277
v -0.893293 2.967453 1.877093
v 0.567170 3.033235 -0.061303
v -0.951350 2.996531 1.814773
v 0.830366 3.317482 0.188160
v -0.924238 3.054690 1.751665
v -0.963110 3.315614 2.039601
v -0.553050 2.929811 2.206842
v 0.742748 2.900432 0.197802
v 0.696127 3.370212 0.129003
v 0.576976 2.933633 0.215614
v -0.434968 2.552588 2.047280
v 0.489187 3.000034 0.086061
v 0.803955 3.592816 0.288127
v -0.792944 2.883840 0.083768
v 0.789080 3.299905 0.266176
v -0.525862 2.730536 1.831009
v 0.701319 3.317482 0.275606
v -0.570899 2.867006 2.268785
v 0.654842 3.352635 0.207019
v 0.825866 3.684872 0.320462
v -0.999694 3.220606 0.184974
v -0.593294 2.493273 2.065015
v -0.619019 2.961213 2.154288
v -0.717904 2.552588 1.965748
v -0.902258 2.805639 0.187860
v -0.684188 2.671220 1.848745
v -0.690973 3.098961 2.403985
v 0.609140 2.052233 2.485294
v -0.654719 2.835603 2.278174
v -0.839812 2.922940 -0.074897
v -0.720689 2.867006 2.225621
v -1.057567 3.179206 0.240081
v -0.702839 2.929811 2.163678
v -0.710296 3.170587 2.471039
v 0.626680 2.169630 2.875564
v -1.058440 2.766538 0.133287
v -1.024507 3.241306 0.100975
v -1.105308 2.805639 -0.025378
v 0.623655 1.895391 2.549245
v -0.995994 2.883840 -0.129470
v -1.175656 3.448522 0.244903
v -1.652879 1.604700 0.877590
v -1.140251 3.158505 0.211189
v 0.458309 2.130654 2.485907
v -1.165064 3.179206 0.127190
v 0.634365 2.086596 2.909420
v -1.107192 3.220606 0.072083
v -1.208970 3.537314 0.276624
v -2.025655 1.607309 1.043214
v 0.487341 1.816970 2.613809
v 0.546829 2.211147 2.875888
v 0.336511 1.895391 2.614423
v -1.667859 1.435657 0.887594
v 0.321995 2.052233 2.550472
v 0.611696 2.236123 3.161665
v 0.028436 2.908693 1.563750
v 0.562199 2.045079 2.943601
v -1.727149 1.689221 0.750153
v 0.482348 2.086596 2.943926
v -2.033586 1.517816 1.048510
v 0.474663 2.169630 2.910069
v 0.632119 2.274698 3.251637
v -0.058519 3.208217 1.826664
v -1.757110 1.351135 0.770160
v -2.064974 1.652056 0.975748
v -1.831379 1.435657 0.642724
v 0.019306 2.808476 1.700765
v -1.816399 1.604700 0.632720
v -2.304448 1.592231 1.135664
v 1.674079 2.130760 -0.295966
v -2.080836 1.473069 0.986340
v -0.113897 2.958801 1.485453
v -2.120155 1.517816 0.918873
v -0.063353 3.155161 1.899202
v -2.112225 1.607309 0.913577
v -2.387142 1.602827 1.190886
v 1.986185 2.311573 -0.105449
v -0.132158 2.758368 1.759485
v -0.133872 3.234745 1.785213
v -0.274491 2.808476 1.681188
v 1.759509 1.987289 -0.264061
v -0.265361 2.908693 1.544172
v -0.149680 3.407863 2.022448
v 0.288696 2.354854 2.394798
v -0.143539 3.128633 1.930288
v 1.579856 2.202496 -0.173998
v -0.218892 3.155161 1.888837
v 2.031412 2.235618 -0.088558
v -0.214059 3.208217 1.816300
v -0.153600 3.488639 2.081268
v 0.243865 2.549350 2.750553
v 1.750715 1.915554 -0.110188
v 1.936302 2.349551 -0.040878
v 1.656492 1.987289 0.011779
v 0.295368 2.214999 2.491214
v 1.571063 2.130760 -0.020126
v 2.202901 2.423795 0.058687
v -0.391411 2.306221 2.372370
v 2.026757 2.197640 -0.007096
v 0.138488 2.424782 2.356753
v 1.976874 2.235618 0.057475
v 0.247397 2.475309 2.801597
v 1.931647 2.311573 0.040584
v 2.281961 2.477438 0.088213
v -0.550247 2.489274 2.700490
v 0.151830 2.145071 2.549584
v 0.164343 2.586370 2.730412
v 0.001622 2.214999 2.511539
v -0.415050 2.163323 2.461371
v -0.005050 2.354854 2.415124
v 0.183776 2.671511 3.011255
v 1.047392 1.431177 2.209803
v 0.171407 2.438288 2.832499
v -0.521881 2.377670 2.290076
v 0.091884 2.475309 2.812357
v -0.562762 2.413622 2.747608
v 0.088352 2.549350 2.761314
v 0.189455 2.728362 3.093327
v 1.151077 1.367033 2.599078
v -0.569161 2.091874 2.468078
v -0.619319 2.527100 2.656922
v -0.699632 2.163323 2.385784
v 1.043072 1.261489 2.200461
v -0.675992 2.306221 2.296782
v -0.692254 2.603122 2.931515
v -1.591207 2.141720 0.157349
v -0.644350 2.375796 2.751159
v 0.915925 1.516021 2.276268
v -0.713422 2.413622 2.707591
v 1.148790 1.277198 2.594132
v -0.700907 2.489274 2.660473
v -0.713832 2.657291 3.012756
v -1.949316 2.319407 0.238500
v 0.907284 1.176645 2.257585
v 1.081477 1.411950 2.634265
v 0.775817 1.261489 2.324050
v -1.673600 1.997463 0.193421
v 0.780137 1.431177 2.333392
v 1.196499 1.305163 2.882995
v 1.413377 2.602155 -0.015227
v 1.076902 1.232281 2.624374
v -1.609056 2.213849 0.004448
v 1.007302 1.277198 2.659562
v -1.992936 2.243036 0.257597
v 1.009589 1.367033 2.664507
v 1.238395 1.299109 2.973593
v 1.616112 2.884823 0.197839
v -1.773841 1.925334 0.076592
v -1.958765 2.357593 0.157552
v -1.791690 1.997463 -0.076310
v 1.523469 2.493774 0.055718
v -1.709297 2.141720 -0.112382
v -2.220040 2.429363 0.271940
v 1.657113 1.878956 -0.581776
v -2.046005 2.204850 0.195746
v 1.278582 2.656345 0.073055
v -2.055454 2.243036 0.114798
v 1.674397 2.827445 0.235399
v -2.011834 2.319407 0.095701
v -2.297775 2.482270 0.305972
v 2.015328 1.989813 -0.421177
v 1.498767 2.439584 0.214945
v 1.544750 2.913512 0.244577
v 1.363972 2.493774 0.303227
v 1.718157 1.721024 -0.566575
v 1.253880 2.602155 0.232282
v 1.753087 3.071852 0.378831
v 0.872231 1.637201 2.403639
v 1.661319 2.798756 0.319695
v 1.591016 1.957922 -0.446515
v 1.589957 2.827445 0.366433
v 2.047646 1.906202 -0.413129
v 1.531673 2.884823 0.328874
v 1.806677 3.148894 0.413365
v 0.943889 1.631407 2.805176
v 1.713103 1.642057 -0.416113
v 1.980336 2.031619 -0.349568
v 1.647007 1.721024 -0.280852
v 0.877158 1.467819 2.417250
v 1.585963 1.878956 -0.296053
v 2.265069 2.051621 -0.278664
v 0.613861 3.056204 0.452230
v 2.044971 1.864397 -0.333473
v 0.731333 1.721893 2.446941
v 2.009978 1.906202 -0.261864
v 0.946497 1.541734 2.812382
v 1.977661 1.989813 -0.269911
v 2.355217 2.088625 -0.256216
v 0.625933 3.397962 0.674615
v 0.741186 1.383128 2.474164
v 0.869295 1.676243 2.828100
v 0.600288 1.467819 2.517465
v 0.669165 2.981519 0.594580
v 0.595361 1.637201 2.503854
v 0.966855 1.610412 3.097634
v -0.583126 2.943136 1.004779
v 0.874512 1.496897 2.842512
v 0.448978 3.093546 0.434370
v 0.799919 1.541734 2.865437
v 0.655211 3.358423 0.749977
v 0.797310 1.631407 2.858231
v 1.000766 1.618927 3.191322
v -0.755976 3.257921 1.198255
v 0.559586 2.944176 0.719071
v 0.538641 3.417732 0.665160
v 0.394702 2.981519 0.701211
v -0.646452 2.851175 1.132971
v 0.339398 3.056204 0.558861
v 0.612467 3.629725 0.855183
v 1.723860 2.078458 0.914780
v 0.597199 3.338654 0.815884
v -0.683461 2.989116 0.875478
v 0.509907 3.358423 0.806429
v -0.789501 3.209237 1.266121
v 0.480629 3.397962 0.731067
v 0.628376 3.719558 0.896134
v 1.974089 2.216081 1.206063
v -0.810112 2.805195 1.131861
v -0.809094 3.282264 1.129801
v -0.910446 2.851175 1.002560
v 1.781264 1.925314 0.961167
v -0.847121 2.943136 0.874368
v -0.909702 3.469075 1.333466
v -1.535439 2.256969 0.705144
v -0.876144 3.184894 1.265534
v 1.602624 2.155030 1.006095
v -0.929263 3.209237 1.197080
v 2.004479 2.135005 1.230621
v -0.895737 3.257921 1.129214
v -0.933661 3.553181 1.381966
v -1.867549 2.449010 0.843790
v 1.717432 1.848742 1.098871
v 1.909905 2.256619 1.254406
v 1.596196 1.925314 1.190186
v -1.614978 2.116444 0.758307
v 1.538792 2.078458 1.143799
v 2.136482 2.297102 1.437501
v 1.526698 1.850986 1.642871
v 1.970685 2.094467 1.303523
v -1.577480 2.327232 0.556162
v 1.906502 2.135005 1.351866
v -1.909658 2.374615 0.871935
v 1.876111 2.216081 1.327308
v 2.206549 2.340517 1.494122
v 1.728490 1.917011 1.991183
v -1.736558 2.046182 0.662488
v -1.889807 2.486208 0.764917
v -1.778600 2.116444 0.513506
v 1.555280 1.686905 1.676938
v -1.699061 2.256969 0.460343
v -2.124343 2.569387 0.921678
v -0.850793 2.709049 -0.511847
v -1.974025 2.337417 0.821207
v 1.399621 1.933026 1.720464
v -1.996282 2.374615 0.742334
v 1.743621 1.830144 2.009218
v -1.954173 2.449010 0.714189
v -2.193067 2.625663 0.967612
v -1.071634 3.051339 -0.490249
v 1.456784 1.604864 1.788598
v 1.661214 1.960444 2.032261
v 1.329706 1.686905 1.866191
v -0.990715 2.634748 -0.450195
v 1.301125 1.850986 1.832124
v 1.850045 1.946820 2.257333
v 1.289131 2.204316 -1.068048
v 1.691477 1.786711 2.068332
v -0.840194 2.746199 -0.677400
v 1.624200 1.830144 2.109411
v -1.145711 3.012004 -0.457610
v 1.609069 1.917011 2.091375
v 1.912081 1.972978 2.331274
v 1.602335 2.447736 -0.972916
v -1.120040 2.597598 -0.554094
v -1.066023 3.071007 -0.577895
v -1.109441 2.634748 -0.719646
v 1.404637 2.079941 -1.058600
v -0.969519 2.709049 -0.781299
v -1.252088 3.283512 -0.495911
v 0.272591 3.030252 -0.406496
v -1.214177 2.992336 -0.512615
v 1.219377 2.266504 -0.926037
v -1.208566 3.012004 -0.600260
v 1.663485 2.381891 -0.967914
v -1.134489 3.051339 -0.632900
v -1.292084 3.373456 -0.478288
v 0.231529 3.406163 -0.253511
v 1.450387 2.017753 -0.907142
v 1.565406 2.480659 -0.897734
v 1.380633 2.079941 -0.765131
v 0.303671 2.986130 -0.245291
v 1.265127 2.204316 -0.774579
v 1.830727 2.605693 -0.876032
v 0.054940 3.101892 0.133366
v 1.687706 2.348968 -0.887730
v 0.112489 3.052313 -0.459228
v 1.650777 2.381891 -0.812548
v 0.247983 3.382805 -0.168167
v 1.589627 2.447736 -0.817550
v 1.903646 2.673864 -0.870067
v -0.030070 3.463232 0.302501
v 0.174650 2.964070 -0.136816
v 0.146769 3.417843 -0.281428
v 0.014547 2.986130 -0.189548
v 0.040444 3.042969 0.292168
v -0.016533 3.030252 -0.350753
v 0.176980 3.664890 -0.124727
v 0.943288 2.773451 -0.662994
v 0.179677 3.371126 -0.110740
v -0.084427 3.131353 0.040581
v 0.094917 3.382805 -0.138656
v -0.037744 3.432038 0.386572
v 0.078463 3.406163 -0.224000
v 0.181894 3.761462 -0.099242
v 1.087144 3.119605 -0.502113
v -0.113419 3.013508 0.358185
v -0.103852 3.478829 0.253379
v -0.252786 3.042969 0.265400
v 1.077584 2.702009 -0.587096
v -0.238290 3.101892 0.106598
v -0.120349 3.710278 0.434098
v 1.788799 1.606670 -0.104477
v -0.119201 3.416440 0.421522
v 0.803703 2.809172 -0.572771
v -0.192983 3.432038 0.372401
v 1.158242 3.081783 -0.461932
v -0.185309 3.463232 0.288330
v -0.123500 3.804079 0.468615
v 2.133762 1.614702 0.113090
v 1.072296 2.666288 -0.420976
v 1.013246 3.138516 -0.454348
v 0.932712 2.702009 -0.330753
v 1.807551 1.437886 -0.096726
v 0.798415 2.773451 -0.406651
v 1.186785 3.354769 -0.356272
v -1.286887 2.555175 0.099845
v 1.155443 3.062872 -0.373986
v 1.723179 1.691063 0.027704
v 1.081545 3.081783 -0.326221
v 2.143690 1.525345 0.117194
v 1.010447 3.119605 -0.366402
v 1.223372 3.445510 -0.335596
v -1.573292 2.834045 0.181110
v 1.760685 1.353494 0.043208
v 2.099023 1.659380 0.183069
v 1.695065 1.437886 0.175390
v -1.399848 2.445075 0.163230
v 1.676313 1.606670 0.167638
v 2.365863 1.603445 0.293375
v -0.323459 2.915739 -0.517266
v 2.118878 1.480667 0.191277
v -1.302451 2.610225 -0.060240
v 2.084139 1.525345 0.261255
v -1.633095 2.775756 0.214667
v 2.074211 1.614702 0.257152
v 2.457618 1.615381 0.331304
v -0.472750 3.290345 -0.455763
v -1.528373 2.390025 0.066531
v -1.581532 2.863189 0.096359
v -1.543937 2.445075 -0.093555
v -0.433466 2.870132 -0.395946
v -1.430976 2.555175 -0.156940
v -1.799481 3.018243 0.218656
v 0.397852 3.050798 0.934403
v -1.701138 2.746612 0.163473
v -0.377521 2.938543 -0.676820
v -1.709377 2.775756 0.078722
v -0.530989 3.266201 -0.391535
v -1.649574 2.834045 0.045165
v -1.855961 3.094437 0.250348
v 0.368095 3.379952 1.173510
v -0.597534 2.847329 -0.434180
v -0.501371 3.302418 -0.540233
v -0.651595 2.870132 -0.593733
v 0.422612 2.967539 1.080537
v -0.541588 2.915739 -0.715054
v -0.610067 3.548009 -0.420357
v -0.334966 3.058836 0.498487
v -0.617848 3.254128 -0.411776
v 0.240317 3.092427 0.885930
v -0.646469 3.266201 -0.496246
v 0.381203 3.335874 1.250875
v -0.588230 3.290345 -0.560474
v -0.628088 3.644343 -0.400483
v -0.475980 3.402871 0.666282
v 0.289836 2.925910 1.178198
v 0.284694 3.401991 1.147848
v 0.132300 2.967539 1.129725
v -0.391521 2.985812 0.641207
v 0.107541 3.050798 0.983591
v 0.320710 3.602034 1.360417
v 1.237462 2.061987 1.993126
v 0.310910 3.313835 1.302578
v -0.443559 3.095348 0.372890
v 0.227509 3.335874 1.276915
v -0.505921 3.364211 0.741839
v 0.214401 3.379952 1.199551
v 0.328891 3.689220 1.408704
v 1.374842 2.183914 2.357352
v -0.556669 2.949300 0.658331
v -0.533471 3.422200 0.599789
v -0.665261 2.985812 0.532734
v 1.272105 1.905930 2.050970
v -0.608706 3.058836 0.390014
v -0.607720 3.636393 0.787162
v 1.381498 2.635473 0.730102
v -0.593352 3.344881 0.750905
v 1.093836 2.140016 2.039848
v -0.650842 3.364211 0.684412
v 1.393182 2.101295 2.387975
v -0.620902 3.402871 0.608855
v -0.623544 3.726697 0.827097
v 1.542295 2.902570 0.993168
v 1.163122 1.827901 2.155536
v 1.298804 2.225223 2.382087
v 1.019496 1.905930 2.202259
v 1.469012 2.520293 0.819404
v 0.984853 2.061987 2.144415
v 1.449211 2.253657 2.633224
v 1.650604 1.316901 1.134001
v 1.335485 2.059986 2.443334
v 1.232591 2.693063 0.788497
v 1.259448 2.101295 2.468070
v 1.588626 2.841592 1.040446
v 1.241107 2.183914 2.437446
v 1.496377 2.293319 2.711978
v 1.887554 1.230207 1.454530
v 1.407619 2.462703 0.967100
v 1.463461 2.933059 1.024083
v 1.258711 2.520293 1.025495
v 1.636128 1.148077 1.120255
v 1.171198 2.635473 0.936193
v 1.642574 3.078019 1.206854
v 0.886474 2.566440 1.855339
v 1.556123 2.811103 1.118638
v 1.556468 1.401313 1.247636
v 1.477290 2.841592 1.149553
v 1.879890 1.140830 1.447253
v 1.430959 2.902570 1.102275
v 1.689996 3.151568 1.255245
v 0.942609 2.805676 2.180937
v 1.527516 1.063665 1.220145
v 1.837717 1.274896 1.514690
v 1.433380 1.148077 1.333781
v 0.929067 2.440567 1.961366
v 1.447856 1.316901 1.347527
v 2.031696 1.152639 1.698879
v -0.869290 1.800616 2.329103
v 1.822389 1.096141 1.500136
v 0.728564 2.629376 1.857205
v 1.772553 1.140830 1.560296
v 0.965159 2.739038 2.237070
v 1.780217 1.230207 1.567573
v 2.103712 1.140897 1.767259
v -1.114248 1.846623 2.652026
v 0.813750 2.377630 2.069260
v 0.859010 2.838996 2.181925
v 0.655841 2.440567 2.071126
v -0.885900 1.634507 2.361227
v 0.613247 2.566440 1.965099
v 0.958841 2.960555 2.430435
v -1.385427 1.422420 -0.739574
v 0.904109 2.705719 2.294190
v -0.991764 1.883670 2.245424
v 0.820510 2.739038 2.295178
v -1.123041 1.758683 2.669033
v 0.797960 2.805676 2.239046
v 0.986442 3.027769 2.499141
v -1.785808 1.352754 -0.774807
v -1.024983 1.551453 2.309672
v -1.179086 1.890593 2.607725
v -1.147456 1.634507 2.225993
v -1.372818 1.252892 -0.740654
v -1.130847 1.800616 2.193869
v -1.313535 1.862218 2.867761
v 0.058770 3.043897 1.080572
v -1.196673 1.714713 2.641739
v -1.404298 1.507184 -0.885721
v -1.261512 1.758683 2.597438
v -1.779133 1.263004 -0.775379
v -1.252719 1.846623 2.580431
v -1.358411 1.883491 2.954557
v -0.023742 3.369770 1.311654
v -1.379080 1.168128 -0.887881
v -1.795799 1.397629 -0.852179
v -1.397952 1.252892 -1.034028
v 0.050437 2.958560 1.227365
v -1.410561 1.422420 -1.032948
v -2.067328 1.287035 -0.828916
v 1.741041 2.160659 0.526672
v -1.782448 1.218129 -0.853323
v -0.084050 3.086565 0.998831
v -1.792439 1.263004 -0.930695
v -0.028154 3.324591 1.389368
v -1.799115 1.352754 -0.930123
v -2.166686 1.279591 -0.820404
v 2.007010 2.326859 0.787513
v -0.100718 2.915892 1.292417
v -0.099353 3.392359 1.268379
v -0.243539 2.958560 1.210676
v 1.812018 2.013631 0.574052
v -0.235205 3.043897 1.063883
v -0.111732 3.589346 1.486422
v 0.138863 2.861808 -0.930819
v -0.108177 3.302002 1.423807
v 1.623814 2.234174 0.625432
v -0.183788 3.324591 1.380532
v 2.044586 2.249020 0.812596
v -0.179376 3.369770 1.302818
v -0.114577 3.675835 1.536539
v 0.066494 3.253437 -0.842560
v 1.765769 1.940116 0.720191
v 1.944949 2.365778 0.839798
v 1.648542 2.013631 0.818951
v 0.133048 2.840120 -0.762309
v 1.577565 2.160659 0.771571
v 2.183939 2.428496 0.999330
v -0.746433 2.583903 -0.893609
v 2.020102 2.210101 0.889964
v -0.005366 2.872652 -1.020152
v 1.958040 2.249020 0.942249
v 0.063416 3.241955 -0.753348
v 1.920464 2.326859 0.917166
v 2.255872 2.478695 1.047347
v -0.949447 2.935172 -0.935980
v -0.016996 2.829277 -0.683131
v -0.009862 3.259177 -0.889854
v -0.161225 2.840120 -0.772463
v -0.901053 2.516430 -0.872630
v -0.155410 2.861808 -0.940974
v -0.014173 3.525408 -0.764943
v -1.400782 1.530632 1.629073
v -0.016019 3.236214 -0.711430
v -0.688918 2.617639 -1.049986
v -0.092376 3.241955 -0.758724
v -1.031304 2.899451 -0.924873
v -0.089298 3.253437 -0.847936
v -0.014613 3.624591 -0.752193
v -1.726680 1.504849 1.873053
v -0.998158 2.482694 -1.008027
v -0.918998 2.953032 -1.018768
v -0.940642 2.516430 -1.164405
v -1.404925 1.360739 1.633457
v -0.786022 2.583903 -1.185384
v -1.110977 3.174313 -0.992720
v -0.418690 3.022712 0.108934
v -1.082713 2.881591 -0.996555
v -1.505713 1.615578 1.525760
v -1.052263 2.899451 -1.079342
v -1.728873 1.414906 1.875374
v -0.970406 2.935172 -1.090449
v -1.150307 3.266099 -0.987383
v -0.574593 3.377116 0.237356
v -1.513999 1.275792 1.534527
v -1.782231 1.549821 1.818358
v -1.618929 1.360739 1.431214
v -0.498338 2.957788 0.244363
v -1.614786 1.530632 1.426830
v -1.976623 1.469811 2.024053
v 1.825874 1.801009 0.201560
v -1.786618 1.369934 1.822999
v -0.505771 3.055174 -0.033415
v -1.842169 1.414906 1.768304
v -0.616759 3.342745 0.309054
v -1.839976 1.504849 1.765983
v -2.045265 1.473359 2.096687
v 2.147244 1.869647 0.443242
v -0.665066 2.925326 0.237443
v -0.620694 3.394302 0.161995
v -0.752147 2.957788 0.095094
v 1.866451 1.637225 0.222255
v -0.672499 3.022712 -0.040335
v -0.717070 3.618707 0.325867
v -1.556902 1.839937 1.283437
v -0.705027 3.325559 0.305390
v 1.738695 1.882901 0.322363
v -0.751128 3.342745 0.230029
v 2.168726 1.782938 0.454199
v -0.708962 3.377116 0.158331
v -0.736430 3.711127 0.358787
v -1.904782 1.909053 1.484939
v 1.819848 1.555333 0.363754
v 2.101090 1.913002 0.507197
v 1.732669 1.637225 0.484557
v -1.591945 1.676208 1.312845
v 1.692092 1.801009 0.463862
v 2.362882 1.901315 0.640720
v 1.243361 2.643520 1.182720
v 2.144054 1.739583 0.529110
v -1.634023 1.921801 1.155959
v 2.097900 1.782938 0.593064
v -1.923334 1.822373 1.500508
v 2.076418 1.869647 0.582108
v 2.448708 1.928109 0.684493
v 1.367171 2.903731 1.471444
v -1.704108 1.594343 1.214776
v -1.945610 1.952393 1.417450
v -1.781229 1.676208 1.087298
v 1.315215 2.525533 1.281796
v -1.746187 1.839937 1.057890
v -2.170730 1.941062 1.606376
v -0.976427 2.512932 1.682690
v -1.982714 1.779033 1.448589
v 1.088253 2.702514 1.219617
v -2.023543 1.822373 1.381100
v 1.405211 2.841267 1.523896
v -2.004991 1.909053 1.365531
v -2.244504 1.967972 1.668289
v -1.213432 2.744057 1.921038
v 1.231961 2.466539 1.417768
v 1.285055 2.934963 1.490978
v 1.076853 2.525533 1.454665
v -1.036842 2.384255 1.775923
v 1.005000 2.643520 1.355590
v 1.437187 3.074080 1.700745
v -1.645830 1.433791 0.228727
v 1.361136 2.810035 1.595881
v -1.069772 2.577270 1.556012
v 1.279020 2.841267 1.615415
v -1.245416 2.675934 1.970397
v 1.240980 2.903731 1.562963
v 1.477934 3.146073 1.756929
v -2.037577 1.382289 0.330126
v -1.190601 2.319917 1.742478
v -1.262850 2.778119 1.853973
v -1.283946 2.384255 1.615800
v -1.641370 1.263861 0.226707
v -1.223531 2.512932 1.522567
v -1.410087 2.892977 2.081192
v -0.401642 1.605800 2.582087
v -1.326818 2.641873 1.952691
v -1.708808 1.518756 0.095631
v -1.376236 2.675934 1.885626
v -2.035216 1.292326 0.329057
v -1.344252 2.744057 1.836267
v -1.451249 2.958328 2.144714
v -0.570808 1.588851 2.952892
v -1.699890 1.178897 0.091591
v -2.070918 1.427270 0.259663
v -1.762869 1.263861 -0.041506
v -0.404127 1.436081 2.591534
v -1.767328 1.433791 -0.039486
v -2.323503 1.329245 0.374082
v 0.905626 2.946362 0.662634
v -2.066197 1.247345 0.257525
v -0.542782 1.690660 2.539915
v -2.099539 1.292326 0.187062
v -0.572123 1.498999 2.957893
v -2.101899 1.382289 0.188131
v -2.414556 1.326365 0.415328
v 0.968599 3.266452 0.907535
v -0.547752 1.351221 2.558810
v -0.645529 1.633776 2.930565
v -0.688891 1.436081 2.516637
v 0.978792 2.857498 0.787734
v -0.686406 1.605800 2.507190
v -0.717948 1.560014 3.205910
v -1.501947 1.430054 1.323561
v -0.648160 1.454074 2.940568
v 0.741958 2.990794 0.674412
v -0.722880 1.498999 2.918242
v 1.007334 3.219407 0.973764
v -0.721565 1.588851 2.913240
v -0.743343 1.565761 3.302461
v -1.844597 1.376798 1.538399
v 0.888291 2.813066 0.924611
v 0.881951 3.289975 0.913770
v 0.724623 2.857498 0.936388
v -1.497750 1.260148 1.319788
v 0.651457 2.946362 0.811289
v 0.994579 3.481629 1.106342
v 0.945760 2.623053 -0.975611
v 0.959421 3.195884 1.046229
v -1.602464 1.515007 1.215954
v 0.872774 3.219407 1.052464
v -1.842375 1.286848 1.536401
v 0.834039 3.266452 0.986235
v 1.020970 3.566879 1.151464
v 1.133394 2.963228 -0.851216
v -1.594071 1.175195 1.208409
v -1.897812 1.421773 1.481430
v -1.694588 1.260148 1.100802
v 1.092297 2.547234 -0.934644
v -1.698785 1.430054 1.104575
v -2.103715 1.322528 1.666509
v 0.510166 1.554247 2.571248
v -1.893368 1.241873 1.477436
v 0.832852 2.660962 -0.854307
v -1.946583 1.286848 1.420468
v 1.210972 2.923089 -0.829527
v -1.948805 1.376798 1.422465
v -2.178046 1.319209 1.733322
v 0.510650 1.520506 2.977772
v 1.125926 2.509325 -0.772372
v 1.073619 2.983298 -0.786996
v 1.013018 2.547234 -0.651069
v 0.510622 1.384267 2.573867
v 0.866481 2.623053 -0.692036
v 1.271463 3.193769 -0.731684
v 1.375411 1.370986 1.791036
v 1.228776 2.903019 -0.743619
v 0.364898 1.639236 2.595202
v 1.169001 2.923089 -0.679399
v 0.510891 1.430517 2.979158
v 1.091422 2.963228 -0.701088
v 1.314415 3.283273 -0.719676
v 1.544639 1.295192 2.154378
v 0.365810 1.299278 2.600439
v 0.433743 1.565500 2.990453
v 0.220541 1.384267 2.624393
v 1.366662 1.201674 1.778508
v 0.220085 1.554247 2.621775
v 0.482025 1.479889 3.267653
v 0.381374 2.827176 -1.035251
v 0.434226 1.385522 2.993226
v 1.259080 1.455642 1.881592
v 0.357319 1.430517 3.005907
v 1.540007 1.205557 2.147745
v 0.357077 1.520506 3.004521
v 0.499183 1.481453 3.366157
v 0.422029 3.212915 -0.908945
v 1.241582 1.117018 1.856535
v 1.483052 1.340010 2.202320
v 1.125251 1.201674 1.947092
v 0.508077 2.795790 -0.926341
v 1.134000 1.370986 1.959620
v 1.638083 1.225206 2.424323
v 1.123812 2.838979 0.085053
v 1.473788 1.160739 2.189054
v 0.222054 2.842870 -0.978059
v 1.412201 1.205557 2.236996
v 0.489107 3.196298 -0.851287
v 1.416833 1.295192 2.243629
v 1.695105 1.216217 2.505979
v 1.251347 3.160017 0.302007
v 0.475459 2.780097 -0.760239
v 0.337683 3.221223 -0.878667
v 0.316140 2.795790 -0.703047
v 1.229063 2.750682 0.185182
v 0.189437 2.827176 -0.811957
v 0.443964 3.479793 -0.787311
v 1.591503 1.323950 -0.590404
v 0.471839 3.187990 -0.763351
v 0.969711 2.883127 0.141654
v 0.387493 3.196298 -0.733073
v 1.307068 3.113271 0.355017
v 0.320415 3.212915 -0.790731
v 0.457965 3.578074 -0.775276
v 1.948014 1.224933 -0.418661
v 1.180213 2.706533 0.341913
v 1.169764 3.183389 0.331973
v 1.026111 2.750682 0.398514
v 1.567167 1.155839 -0.597216
v 0.920860 2.838979 0.298385
v 1.330852 3.375914 0.485222
v 1.530682 1.653819 -0.897935
v 1.281206 3.089898 0.437992
v 1.563984 1.408006 -0.445224
v 1.199623 3.113271 0.467958
v 1.935130 1.135933 -0.422267
v 1.143902 3.160017 0.414948
v 1.368482 3.461367 0.521021
v 1.919354 1.686270 -0.778431
v 1.515312 1.071783 -0.458848
v 1.933445 1.269433 -0.341801
v 1.487793 1.155839 -0.313668
v 1.560951 1.486580 -0.894068
v 1.512129 1.323950 -0.306855
v 2.187200 1.138810 -0.270767
v -1.695114 1.709420 0.451529
v 1.907678 1.091433 -0.349014
v 1.496889 1.737438 -0.753832
v 1.893109 1.135933 -0.272153
v 1.935379 1.597732 -0.776384
v 1.905992 1.224933 -0.268547
v 2.282429 1.123945 -0.244110
v -2.083339 1.749051 0.570318
v 1.557428 1.402961 -0.746097
v 1.901463 1.730539 -0.702141
v 1.523635 1.486580 -0.601993
v -1.725014 1.542755 0.466658
v 1.493365 1.653819 -0.605861
v 2.190719 1.692262 -0.665184
v -1.065455 2.493448 -0.669682
v 1.933513 1.553463 -0.698046
v -1.746633 1.792752 0.312599
v 1.915623 1.597732 -0.621756
v -2.099168 1.660817 0.578328
v 1.899598 1.686270 -0.623804
v 2.288302 1.710213 -0.652717
v -1.329111 2.804380 -0.684064
v -1.806433 1.459423 0.342857
v -2.110614 1.793168 0.496767
v -1.857952 1.542755 0.203927
v -1.203874 2.399315 -0.640034
v -1.828052 1.709420 0.188798
v -2.371380 1.760126 0.628711
v -0.279618 2.763670 -0.882915
v -2.142272 1.616700 0.512786
v -1.027079 2.540514 -0.828465
v -2.169547 1.660817 0.439235
v -1.402392 2.754545 -0.668368
v -2.153718 1.749051 0.431225
v -2.458858 1.779838 0.672973
v -0.415894 3.148010 -0.893505
v -1.303919 2.352249 -0.769169
v -1.308794 2.829298 -0.768125
v -1.265543 2.399316 -0.927953
v -0.429418 2.730262 -0.809814
v -1.127124 2.493448 -0.957601
v -1.533679 3.012619 -0.719957
v -0.119074 2.188215 2.524430
v -1.455356 2.729628 -0.736733
v -0.269285 2.780374 -1.051777
v -1.435040 2.754545 -0.820795
v -0.495200 3.130323 -0.854804
v -1.361759 2.804380 -0.836491
v -1.587823 3.095890 -0.708360
v -0.235123 2.342357 2.883836
v -0.568885 2.713558 -0.905575
v -0.410423 3.156853 -0.982902
v -0.558551 2.730262 -1.074436
v -0.129335 2.038474 2.604257
v -0.408751 2.763670 -1.147537
v -0.539181 3.413706 -0.920070
v 1.391365 2.232502 1.636017
v -0.569036 3.121480 -0.905501
v -0.259967 2.263085 2.465747
v -0.563565 3.130323 -0.994898
v -0.240555 2.263082 2.926098
v -0.484259 3.148010 -1.033599
v -0.556842 3.511756 -0.911451
v 1.554150 2.400534 1.970182
v -0.280488 1.963604 2.625402
v -0.309713 2.381994 2.852769
v -0.421381 2.038474 2.566719
v 1.442822 2.085902 1.705016
v -0.411120 2.188215 2.486891
v -0.346587 2.435281 3.139650
v -0.029154 1.768942 2.665725
v -0.320577 2.223445 2.937292
v 1.247617 2.305801 1.689533
v -0.395167 2.263082 2.906225
v 1.581392 2.322923 2.006710
v -0.389735 2.342357 2.863963
v -0.357816 2.482625 3.227014
v -0.131674 1.800803 3.059266
v 1.350533 2.012603 1.827530
v 1.478048 2.439340 1.998514
v 1.206786 2.085902 1.881046
v -0.031683 1.601658 2.695888
v 1.155328 2.232502 1.812048
v 1.649641 2.503497 2.228600
v -1.430577 2.232896 1.257890
v 1.532533 2.284117 2.071571
v -0.174599 1.852584 2.638343
v 1.456432 2.322923 2.099903
v -0.133013 1.712241 3.075235
v 1.429189 2.400534 2.063374
v 1.701195 2.554129 2.297728
v -1.744123 2.407986 1.451363
v -0.179657 1.518017 2.698670
v -0.208674 1.845084 3.044769
v -0.325102 1.601658 2.671288
v -1.496107 2.087995 1.317969
v -0.322573 1.768942 2.641124
v -0.233033 1.806378 3.335300
v -1.062247 2.101036 2.038775
v -0.211352 1.667961 3.076707
v -1.497303 2.305346 1.119331
v -0.288353 1.712241 3.062211
v -1.778816 2.331274 1.483170
v -0.287014 1.800803 3.046242
v -0.241255 1.824183 3.433359
v -1.328278 2.234075 2.317931
v -1.628365 2.015545 1.239491
v -1.779449 2.446342 1.378008
v -1.695092 2.087995 1.100932
v -1.101716 1.947010 2.098927
v -1.629561 2.232896 1.040853
v -1.990057 2.516059 1.571099
v 0.040154 1.356168 2.579658
v -1.848834 2.292918 1.441622
v -1.165606 2.178049 1.927933
v -1.884160 2.331274 1.368268
v -1.349173 2.152532 2.349776
v -1.849468 2.407986 1.336461
v -2.052884 2.568355 1.628700
v -0.048720 1.264124 2.966994
v -1.244542 1.869997 2.048236
v -1.382997 2.274846 2.259250
v -1.347901 1.947010 1.937394
v 0.041274 1.187632 2.557421
v -1.308433 2.101036 1.877242
v -1.543065 2.311800 2.503203
v -1.067838 2.754556 0.405815
v -1.424787 2.111760 2.322940
v -0.107444 1.440436 2.583372
v -1.479506 2.152532 2.264259
v -0.048127 1.174899 2.955222
v -1.458611 2.234075 2.232414
v -1.592769 2.354120 2.578955
v -1.312226 3.058037 0.526538
v -0.105205 1.103364 2.538899
v -0.126860 1.308737 2.968961
v -0.252802 1.187632 2.542613
v -1.172568 2.656394 0.496897
v -0.253922 1.356168 2.564850
v -0.140227 1.182840 3.234425
v -0.659541 2.070383 2.394590
v -0.125674 1.130287 2.945416
v -1.112086 2.803638 0.249185
v -0.203814 1.174899 2.947382
v -1.367671 3.006068 0.574757
v -0.204407 1.264124 2.959155
v -0.145213 1.169743 3.333439
v -0.866722 2.193249 2.723801
v -1.321545 2.607313 0.431348
v -1.335652 3.084021 0.443616
v -1.365793 2.656394 0.274717
v -0.684858 1.914491 2.457494
v -1.261064 2.754556 0.183636
v -1.513094 3.260657 0.597934
v -1.259211 2.599233 0.661849
v -1.446542 2.980084 0.540055
v -0.783461 2.148329 2.308170
v -1.469967 3.006068 0.457133
v -0.880125 2.110718 2.757103
v -1.414522 3.058037 0.408913
v -1.556664 3.342301 0.635826
v -1.534115 2.866783 0.800576
v -0.834094 1.836545 2.433977
v -0.932326 2.234514 2.678049
v -0.958014 1.914491 2.347557
v -1.355434 2.484242 0.741962
v -0.932697 2.070383 2.284653
v -1.041596 2.263666 2.949546
v 1.791981 1.447216 0.584394
v -0.959132 2.069453 2.744653
v -1.305300 2.656729 0.508649
v -1.024737 2.110718 2.698901
v -1.585057 2.805905 0.842989
v -1.011334 2.193249 2.665599
v -1.075834 2.303552 3.034616
v 2.085150 1.400926 0.864231
v -1.497746 2.426746 0.668875
v -1.558515 2.897222 0.719470
v -1.543835 2.484242 0.515676
v 1.789758 1.277237 0.582905
v -1.447612 2.599233 0.435563
v -1.755010 3.042568 0.883068
v 1.643502 2.021625 1.282148
v -1.660398 2.775466 0.804296
v 1.711140 1.532205 0.707445
v -1.684798 2.805905 0.723190
v 2.083973 1.310937 0.863443
v -1.633857 2.866783 0.680778
v -1.806994 3.116220 0.926348
v 1.869547 2.139088 1.600748
v 1.706695 1.192247 0.704466
v 2.042352 1.445921 0.929376
v 1.625854 1.277237 0.827517
v 1.690352 1.864794 1.328073
v 1.628076 1.447216 0.829006
v 2.273756 1.351525 1.084430
v 1.524597 2.417350 0.995463
v 2.039999 1.265943 0.927799
v 1.517016 2.100040 1.364321
v 1.997201 1.310937 0.992944
v 1.894350 2.056060 1.625062
v 1.998377 1.400926 0.993732
v 2.356821 1.349952 1.140088
v 1.715840 2.635573 1.282177
v 1.610716 1.786378 1.456172
v 1.802584 2.180602 1.644252
v 1.484231 1.864794 1.538345
v 1.599966 2.284470 1.070045
v 1.437381 2.021625 1.492420
v 2.011851 2.205630 1.849388
v -0.000514 2.623225 2.116022
v 1.852190 2.014546 1.692878
v 1.383357 2.483789 1.062820
v 1.785227 2.056060 1.736382
v 1.755741 2.565224 1.321661
v 1.760424 2.139088 1.712069
v 2.077731 2.244221 1.913968
v -0.093054 2.872440 2.425422
v 1.534095 2.218030 1.211984
v 1.641065 2.670747 1.317837
v 1.392855 2.284470 1.279342
v -0.009297 2.500984 2.233836
v 1.317486 2.417350 1.204760
v 1.836536 2.775041 1.511264
v 1.779280 1.673422 0.931285
v 1.720868 2.530050 1.396806
v -0.142939 2.684345 2.046170
v 1.646094 2.565224 1.432466
v -0.097703 2.807724 2.487794
v 1.606193 2.635573 1.392981
v 1.892096 2.837413 1.566244
v 2.052702 1.694570 1.233267
v -0.160505 2.439864 2.281797
v -0.168455 2.904798 2.388442
v -0.302931 2.500984 2.211946
v 1.799590 1.505390 0.947181
v -0.294148 2.623225 2.094132
v -0.188073 3.034667 2.651594
v -0.716997 1.481042 2.396275
v -0.177755 2.775367 2.513185
v 1.678384 1.757438 1.039273
v -0.253157 2.807724 2.476205
v 2.063454 1.605612 1.241682
v -0.248507 2.872440 2.413833
v -0.193419 3.104161 2.723301
v -0.937221 1.430336 2.735878
v 1.719004 1.421374 1.071065
v 1.999287 1.739049 1.290437
v 1.618108 1.505390 1.179053
v -0.715209 1.311103 2.392085
v 1.597798 1.673422 1.163157
v 2.227981 1.692570 1.469431
v 1.172001 2.728612 -0.355893
v 2.020791 1.561133 1.307268
v -0.853305 1.566012 2.340593
v 1.967376 1.605612 1.364438
v -0.936275 1.340369 2.733660
v 1.956624 1.694570 1.356022
v 2.305817 1.707741 1.530352
v 1.341298 3.049652 -0.169689
v -0.849729 1.226134 2.332212
v -1.009384 1.475320 2.706400
v -0.986036 1.311103 2.276531
v 1.295542 2.640316 -0.279464
v -0.987824 1.481042 2.280721
v -1.118282 1.377849 2.961626
v -1.209632 2.529437 -0.295280
v -1.007491 1.295385 2.701963
v 1.032774 2.772760 -0.268906
v -1.079654 1.340369 2.672484
v 1.406702 3.002907 -0.129227
v -1.080600 1.430336 2.674703
v -1.157512 1.375169 3.053571
v -1.490838 2.822719 -0.259105
v 1.279857 2.596168 -0.116048
v 1.267590 3.073024 -0.123637
v 1.140630 2.640316 -0.029060
v -1.335241 2.426090 -0.245866
v 1.017088 2.728612 -0.105489
v 1.456669 3.265550 -0.006663
v -1.226012 2.250808 1.682022
v 1.398398 2.979534 -0.042712
v -1.200724 2.581111 -0.456991
v 1.324690 3.002907 0.003340
v -1.557337 2.768006 -0.232944
v 1.259285 3.049652 -0.037122
v 1.500838 3.351004 0.020662
v -1.508973 2.424530 1.918988
v -1.451943 2.374417 -0.358163
v -1.486122 2.850076 -0.344717
v -1.443035 2.426090 -0.519874
v -1.281898 2.105572 1.750457
v -1.317425 2.529437 -0.569288
v -1.711023 3.017682 -0.256242
v -1.443165 2.150033 -0.460450
v -1.619120 2.740650 -0.292396
v -1.312101 2.323425 1.554682
v -1.614405 2.768006 -0.378008
v -1.538560 2.347641 1.955219
v -1.547905 2.822719 -0.404168
v -1.767595 3.097081 -0.233987
v -1.795020 2.356387 -0.456369
v -1.423874 2.032955 1.691553
v -1.554550 2.462975 1.851573
v -1.509963 2.105572 1.564214
v -1.542292 2.013547 -0.439345
v -1.454077 2.250808 1.495778
v -1.735442 2.531612 2.073084
v 0.294130 1.849989 2.638551
v -1.613724 2.309196 1.924035
v -1.424261 2.218277 -0.615000
v -1.659300 2.347641 1.856620
v -1.847499 2.284130 -0.445196
v -1.629714 2.424530 1.820389
v -1.789479 2.583586 2.139256
v 0.252941 1.907027 3.040360
v -1.622515 1.945304 -0.572788
v -1.785012 2.392515 -0.538190
v -1.603611 2.013547 -0.727338
v 0.296989 1.684944 2.679197
v -1.504484 2.150033 -0.748444
v -2.057363 2.487185 -0.480201
v 1.346131 1.305315 -1.060154
v -1.889969 2.248001 -0.515842
v 0.145839 1.932511 2.628559
v -1.879961 2.284130 -0.597662
v 0.254454 1.819650 3.061878
v -1.827483 2.356387 -0.608836
v -2.135888 2.546803 -0.463482
v 1.720761 1.180649 -0.957629
v 0.151557 1.602422 2.709850
v 0.174434 1.950715 3.035070
v 0.003266 1.684944 2.699857
v 1.309895 1.139253 -1.063343
v 0.000407 1.849989 2.659212
v 0.195022 1.930449 3.327757
v 0.397122 2.940618 1.402223
v 0.177461 1.775962 3.078106
v 1.351341 1.388346 -0.911901
v 0.098954 1.819650 3.072816
v 1.701577 1.092734 -0.959317
v 0.097440 1.907027 3.051298
v 0.201834 1.954417 3.424602
v 0.366379 3.246398 1.670464
v 1.278868 1.056221 -0.918281
v 1.723519 1.224607 -0.879142
v 1.284078 1.139253 -0.770029
v 0.417355 2.843677 1.540401
v 1.320314 1.305315 -0.766839
v 1.976796 1.076777 -0.856849
v -0.562642 2.926072 -0.212973
v 1.685151 1.048776 -0.882520
v 0.241335 2.989089 1.354464
v 1.687909 1.092734 -0.804033
v 0.377090 3.195076 1.743617
v 1.707093 1.180649 -0.802345
v 2.074104 1.055379 -0.848284
v -0.740958 3.283640 -0.130821
v 0.281800 2.795206 1.630819
v 0.283903 3.272059 1.645180
v 0.126013 2.843677 1.583061
v -0.673717 2.863819 -0.100336
v 0.105780 2.940618 1.444883
v 0.317748 3.450751 1.876316
v 1.717673 2.189612 0.089562
v 0.305326 3.169416 1.791485
v -0.611933 2.957198 -0.372665
v 0.222851 3.195076 1.766201
v -0.799762 3.250682 -0.071190
v 0.212139 3.246398 1.693049
v 0.326009 3.532898 1.932739
v 2.003214 2.374154 0.314975
v -0.834082 2.832693 -0.147392
v -0.767052 3.300118 -0.215364
v -0.883372 2.863819 -0.307084
v 1.800024 2.047099 0.132084
v -0.772298 2.926072 -0.419721
v -0.897851 3.527712 -0.082726
v 1.137890 1.769091 2.189609
v -0.884661 3.234204 -0.096102
v 1.608951 2.260869 0.199116
v -0.910756 3.250682 -0.180645
v 2.046812 2.298705 0.337486
v -0.851951 3.283640 -0.240276
v -0.923563 3.620766 -0.056653
v 1.261413 1.805761 2.576646
v 1.773653 1.975842 0.284160
v 1.945656 2.411878 0.372974
v 1.664932 2.047099 0.393714
v 1.152803 1.602183 2.218233
v 1.582580 2.189612 0.351192
v 2.197819 2.489081 0.503178
v -1.628126 1.916310 0.955860
v 2.032851 2.260981 0.417997
v 0.999867 1.852545 2.243321
v 1.975292 2.298705 0.475996
v 1.269308 1.717398 2.591799
v 1.931695 2.374154 0.453484
v 2.272307 2.543599 0.541640
v -1.987779 2.011952 1.122901
v 1.029693 1.518728 2.300569
v 1.188342 1.849942 2.605082
v 0.891670 1.602183 2.354281
v -1.674566 1.756036 0.988347
v 0.876757 1.769091 2.325658
v 1.323257 1.814739 2.864039
v -1.390723 1.819470 -0.815378
v 1.204132 1.673216 2.635389
v -1.689296 1.996447 0.818980
v 1.131061 1.717398 2.663825
v -2.012365 1.927101 1.140100
v 1.123166 1.805761 2.648672
v 1.368621 1.833724 2.951111
v -1.780058 1.926815 -0.872787
v -1.782177 1.675899 0.883954
v -2.020163 2.054378 1.050435
v -1.843347 1.756036 0.747073
v -1.452166 1.660973 -0.813499
v -1.796907 1.916310 0.714586
v -2.261058 2.062874 1.218951
v 0.355753 2.743923 1.883763
v -2.069335 1.884675 1.084833
v -1.364502 1.898718 -0.963473
v -2.101719 1.927101 1.012367
v -1.812586 1.842905 -0.871792
v -2.077133 2.011952 0.995168
v -2.338311 2.096212 1.272992
v 0.319269 3.014882 2.186501
v -1.487387 1.581724 -0.959716
v -1.766176 1.968770 -0.951190
v -1.461166 1.660973 -1.107810
v 0.369550 2.630369 2.009522
v -1.399723 1.819470 -1.109689
v -2.059636 1.986107 -0.942216
v 1.687100 1.658892 1.277864
v -1.831233 1.800950 -0.949201
v 0.202508 2.800699 1.836940
v -1.817351 1.842905 -1.027604
v 0.326573 2.954765 2.253079
v -1.784822 1.926815 -1.028599
v -2.152826 2.022266 -0.939366
v 1.930494 1.672480 1.604934
v 0.230103 2.573592 2.088457
v 0.238139 3.044940 2.161712
v 0.076858 2.630369 2.041634
v 1.703494 1.490404 1.293454
v 0.063060 2.743923 1.915875
v 0.265841 3.193198 2.414204
v -0.308227 2.959650 1.272843
v 0.252748 2.924707 2.294868
v 1.577448 1.743136 1.376754
v 0.171619 2.954765 2.270079
v 1.939173 1.583280 1.613188
v 0.164314 3.014882 2.203501
v 0.273126 3.267617 2.480602
v -0.443082 3.271054 1.499208
v 1.610236 1.406160 1.407935
v 1.872442 1.717079 1.657288
v 1.500583 1.490404 1.506825
v -0.346198 2.865780 1.409396
v 1.484189 1.658892 1.491235
v 2.082217 1.665143 1.856780
v -1.244535 1.847594 1.918145
v 1.889801 1.538681 1.673795
v -0.431084 3.006584 1.165124
v 1.831749 1.583280 1.726149
v -0.463185 3.221358 1.571500
v 1.823070 1.672480 1.717895
v 2.154037 1.678450 1.925079
v -1.544296 1.911729 2.187273
v -0.507026 2.818845 1.438230
v -0.508124 3.295902 1.442180
v -0.629883 2.865780 1.330512
v -1.271539 1.683303 1.952486
v -0.591912 2.959650 1.193959
v -0.569647 3.479650 1.663430
v -0.747097 2.927776 0.459852
v -0.548329 3.196511 1.586766
v -1.346764 1.929740 1.809971
v -0.613371 3.221358 1.529738
v -1.558592 1.824751 2.205453
v -0.593269 3.271054 1.457446
v -0.584440 3.563023 1.716629
v -0.944452 3.256034 0.600201
v -1.400771 1.601158 1.878654
v -1.598417 1.955218 2.130005
v -1.502999 1.683303 1.770480
v -0.838062 2.843944 0.576460
v -1.475996 1.847594 1.736139
v -1.779976 1.940194 2.360896
v -1.617251 1.348534 0.618084
v -1.627009 1.781263 2.166366
v -0.817695 2.969692 0.310994
v -1.681130 1.824751 2.109097
v -0.992611 3.211652 0.661935
v -1.666834 1.911729 2.090917
v -1.839712 1.965892 2.436864
v -1.990167 1.270861 0.764030
v -0.999626 2.802028 0.544210
v -0.981828 3.278224 0.521394
v -1.070225 2.843944 0.395351
v -1.603510 1.179297 0.609718
v -0.979259 2.927776 0.278743
v -1.114914 3.477431 0.691996
v 0.717823 2.351180 2.234298
v -1.078145 3.189461 0.644861
v -1.700687 1.433153 0.496519
v -1.115520 3.211652 0.566054
v -1.982893 1.181265 0.759601
v -1.067362 3.256034 0.504320
v -1.145245 3.564426 0.730877
v 0.749243 2.544614 2.592063
v -1.673205 1.094679 0.479786
v -2.034339 1.315659 0.699672
v -1.756641 1.179297 0.358221
v 0.744574 2.211034 2.326728
v -1.770382 1.348534 0.366587
v -2.265148 1.199567 0.840206
v 1.701812 1.309903 -0.183376
v -2.019790 1.136467 0.690814
v 0.563027 2.421253 2.229013
v -2.063962 1.181265 0.626455
v 0.763406 2.470418 2.640997
v -2.071237 1.270861 0.630885
v -2.350178 1.190103 0.891979
v 2.033885 1.214038 0.033273
v 0.616530 2.140961 2.413873
v 0.667292 2.581711 2.589266
v 0.461734 2.211034 2.408589
v 1.679810 1.141593 -0.192742
v 0.434982 2.351180 2.316158
v 0.745628 2.666003 2.859929
v -1.201135 2.476083 1.364101
v 0.695617 2.433321 2.687133
v 1.655150 1.394058 -0.043231
v 0.613666 2.470418 2.684335
v 2.022238 1.124933 0.028315
v 0.599504 2.544614 2.635401
v 0.768547 2.722605 2.939117
v -1.470626 2.703959 1.568666
v 1.611148 1.057438 -0.061961
v 2.009182 1.258591 0.107468
v 1.564487 1.141593 0.078184
v -1.273160 2.346319 1.447008
v 1.586488 1.309903 0.087549
v 2.252604 1.130103 0.211084
v -1.515255 1.333706 -0.310828
v 1.985887 1.080381 0.097552
v -1.276264 2.540966 1.226094
v 1.961184 1.124933 0.171746
v -1.508757 2.635261 1.612558
v 1.972832 1.214038 0.176704
v 2.343701 1.116037 0.249861
v -1.910117 1.238379 -0.273451
v -1.420314 2.281437 1.391908
v -1.510400 2.738309 1.495604
v -1.495443 2.346319 1.253901
v -1.492433 1.165363 -0.317143
v -1.423418 2.476083 1.170993
v -1.688701 2.850496 1.700842
v 1.035533 2.648831 1.542184
v -1.586662 2.600911 1.583388
v -1.565929 1.417877 -0.449563
v -1.626436 2.635261 1.510325
v -1.898035 1.149257 -0.276794
v -1.588305 2.703959 1.466433
v -1.738761 2.915098 1.758466
v 1.117190 2.905623 1.848436
v -1.520285 1.081191 -0.462193
v -1.936944 1.282941 -0.346899
v -1.570959 1.165363 -0.600927
v 1.091542 2.529492 1.649520
v -1.593781 1.333706 -0.594612
v -2.192091 1.154817 -0.276298
v -1.448598 2.404151 0.361128
v -1.912780 1.104695 -0.353586
v 0.877005 2.708501 1.556624
v -1.939607 1.149257 -0.427033
v 1.146842 2.842443 1.905261
v -1.951689 1.238379 -0.423690
v -2.287529 1.140888 -0.249889
v -1.763892 2.640784 0.465980
v 0.989023 2.469822 1.771297
v 1.033264 2.937213 1.856080
v 0.830495 2.529491 1.785737
v -1.546246 2.277364 0.418486
v 0.774486 2.648831 1.678400
v 1.153847 3.073443 2.087167
v 1.539976 2.183562 -0.631863
v 1.092568 2.810853 1.969730
v -1.474340 2.467544 0.205505
v 1.008641 2.842443 1.977375
v -1.815588 2.573662 0.496346
v 0.978989 2.905623 1.920550
v 1.186322 3.144662 2.149403
v 1.853726 2.393780 -0.477690
v -1.669637 2.213970 0.320220
v -1.777521 2.674345 0.383591
v -1.695379 2.277364 0.164597
v 1.639467 2.048223 -0.605691
v -1.597731 2.404151 0.107239
v -2.009277 2.793749 0.519723
v -0.791178 2.414526 2.024899
v -1.880913 2.540101 0.444323
v 1.452776 2.251231 -0.502568
v -1.894541 2.573662 0.361934
v 1.906398 2.322130 -0.463835
v -1.842845 2.640784 0.331568
v -2.073584 2.860365 0.557497
v -1.006344 2.622650 2.302005
v 1.651760 1.980554 -0.450224
v 1.807561 2.429605 -0.409240
v 1.564560 2.048223 -0.320930
v -0.836615 2.278563 2.116275
v 1.465068 2.183562 -0.347101
v 2.075809 2.527399 -0.338676
v 1.752507 1.314030 0.194527
v 1.912905 2.286306 -0.381529
v -0.900286 2.482507 1.913661
v 1.866741 2.322130 -0.313079
v -1.030399 2.550670 2.350381
v 1.814069 2.393780 -0.326934
v 2.152801 2.587915 -0.318424
v 2.061444 1.224129 0.445277
v -0.991160 2.210581 2.096413
v -1.064107 2.658641 2.243114
v -1.100267 2.278563 1.985174
v 1.733847 1.145375 0.184168
v -1.054831 2.414526 1.893798
v -1.187869 2.754741 2.492007
v -1.640497 1.774114 -0.114888
v -1.112216 2.514680 2.339865
v 1.690378 1.398357 0.328426
v -1.169979 2.550670 2.280974
v 2.051566 1.134841 0.439793
v -1.145925 2.622650 2.232599
v -1.223478 2.814770 2.563620
v -2.039103 1.843849 -0.063398
v 1.653059 1.061047 0.307708
v 2.028552 1.268773 0.516165
v 1.590930 1.145375 0.441607
v -1.684422 1.610457 -0.101218
v 1.609589 1.314030 0.451966
v 2.261543 1.144334 0.645510
v 1.360957 1.829437 -1.163525
v 2.008795 1.090197 0.505197
v -1.662283 1.855943 -0.262297
v 1.975903 1.134841 0.576084
v -2.062357 1.757207 -0.056161
v 1.985782 1.224129 0.581568
v 2.348282 1.131780 0.693664
v 1.746213 1.943424 -1.092921
v -1.750133 1.528629 -0.234957
v -2.050636 1.887170 -0.141438
v -1.771918 1.610457 -0.382366
v 1.425143 1.672020 -1.163304
v -1.727993 1.774114 -0.396036
v -2.331268 1.876298 -0.054103
v 1.266753 2.755492 0.418089
v -2.097145 1.713886 -0.126964
v 1.328359 1.908146 -1.016411
v -2.108678 1.757207 -0.205004
v 1.780194 1.860085 -1.092804
v -2.085424 1.843849 -0.212241
v -2.423189 1.903359 -0.025497
v 1.411144 3.051824 0.658378
v 1.456731 1.593312 -1.015971
v 1.728956 1.985093 -1.015037
v 1.424133 1.672020 -0.868858
v 1.363527 2.653658 0.513821
v 1.359947 1.829437 -0.869078
v 2.022210 2.007473 -1.014032
v 1.147543 2.355360 1.856736
v 1.796917 1.818416 -1.014804
v 1.114828 2.806409 0.474889
v 1.779659 1.860085 -0.936921
v 1.462378 2.997912 0.709059
v 1.745678 1.943424 -0.937037
v 2.114808 2.045229 -1.013714
v 1.257994 2.550632 2.197425
v 1.308377 2.602741 0.666353
v 1.330713 3.078780 0.688448
v 1.156452 2.653658 0.723153
v 1.194720 2.215718 1.941438
v 1.059677 2.755492 0.627421
v 1.501188 3.249073 0.857086
v 0.697101 1.317637 2.397849
v 1.433180 2.970956 0.789811
v 0.995335 2.425181 1.886022
v 1.352749 2.997912 0.819882
v 1.282970 2.476704 2.242268
v 1.301516 3.051824 0.769200
v 1.543774 3.329146 0.899213
v 0.730897 1.217771 2.791911
v 1.089689 2.145898 2.055427
v 1.177413 2.587596 2.212930
v 0.937480 2.215718 2.084713
v 0.690470 1.149582 2.373084
v 0.890303 2.355360 2.000010
v 1.314303 2.673358 2.458706
v 0.632787 2.673934 -1.167036
v 1.227365 2.439740 2.302615
v 0.558203 1.401665 2.448312
v 1.146784 2.476704 2.318120
v 0.727386 1.128801 2.778800
v 1.121808 2.550632 2.273277
v 1.354272 2.730391 2.530468
v 0.774470 3.042058 -1.063058
v 0.544940 1.065554 2.398782
v 0.657363 1.262257 2.818627
v 0.406042 1.149582 2.449246
v 0.790306 2.621462 -1.130506
v 0.412673 1.317637 2.474011
v 0.725448 1.131060 3.072893
v 1.559037 1.421794 1.489327
v 0.650341 1.084315 2.792405
v 0.520768 2.700170 -1.041883
v 0.576807 1.128801 2.819121
v 0.857863 3.014278 -1.043719
v 0.580317 1.217771 2.832232
v 0.751018 1.115979 3.168386
v 1.770369 1.363535 1.833340
v 0.835806 2.595227 -0.968823
v 0.715166 3.055947 -0.996800
v 0.723787 2.621462 -0.843670
v 1.553889 1.251972 1.483497
v 0.566268 2.673934 -0.880199
v 0.882748 3.294496 -0.957937
v 1.589452 2.435084 0.395159
v 0.881951 3.000389 -0.958122
v 1.451251 1.506705 1.589688
v 0.822647 3.014278 -0.891864
v 1.767644 1.273630 1.830253
v 0.739254 3.042058 -0.911203
v 0.912816 3.389614 -0.950964
v 1.814914 2.670096 0.640794
v 1.440955 1.167061 1.578028
v 1.713306 1.408488 1.886472
v 1.333169 1.251972 1.678389
v 1.681180 2.307735 0.460489
v 1.338317 1.421794 1.684219
v 1.895715 1.305772 2.093055
v -0.242928 3.040350 0.932988
v 1.707855 1.228677 1.880299
v 1.458180 2.498759 0.482413
v 1.650792 1.273630 1.933431
v 1.863476 2.602675 0.675380
v 1.653517 1.363535 1.936518
v 1.961834 1.301197 2.167937
v -0.369071 3.369557 1.138197
v 1.641636 2.244060 0.613073
v 1.745417 2.703806 0.686987
v 1.510365 2.307735 0.700327
v -0.280953 2.957126 1.076264
v 1.418636 2.435084 0.634997
v 1.964829 2.821869 0.843255
v -0.923439 2.765308 -0.195495
v 1.842541 2.568965 0.756160
v -0.366214 3.081962 0.823585
v 1.773044 2.602675 0.802353
v -0.389202 3.325498 1.214049
v 1.724482 2.670096 0.767767
v 2.025847 2.888113 0.886712
v -1.152114 3.097390 -0.133617
v -0.442264 2.915514 1.110136
v -0.434340 3.391587 1.080278
v -0.565550 2.957126 1.000732
v -1.049825 2.683954 -0.116071
v -0.527525 3.040350 0.857457
v -0.489633 3.591680 1.288618
v 0.653450 2.773379 1.674185
v -0.474602 3.303468 1.231981
v -0.938581 2.805984 -0.359861
v -0.539870 3.325498 1.174062
v -1.219025 3.054321 -0.091569
v -0.519739 3.369557 1.098210
v -0.502191 3.678877 1.335935
v 0.665488 3.050471 1.973309
v -1.191354 2.643278 -0.201013
v -1.160131 3.118925 -0.220634
v -1.206496 2.683955 -0.365379
v 0.688287 2.662488 1.798240
v -1.080110 2.765308 -0.444803
v -1.340493 3.321712 -0.107290
v 0.951363 2.117775 2.244992
v -1.293952 3.032786 -0.136538
v 0.494290 2.828824 1.651962
v -1.301968 3.054321 -0.223555
v 0.683931 2.991764 2.038985
v -1.235058 3.097390 -0.265603
v -1.381011 3.409518 -0.081828
v 1.032298 2.253523 2.621054
v 0.563964 2.607042 1.900072
v 0.581227 3.079825 1.961544
v 0.404804 2.662488 1.877848
v 0.979341 1.964267 2.312465
v 0.369967 2.773379 1.753794
v 0.649050 3.233347 2.203061
v -1.260359 2.160570 -0.829632
v 0.618113 2.962411 2.092896
v 0.801378 2.194529 2.267648
v 0.533852 2.991764 2.081131
v 1.047110 2.172254 2.656775
v 0.515409 3.050471 2.015454
v 0.666686 3.309143 2.265862
v -1.589984 2.394753 -0.883533
v 0.857334 1.887514 2.402593
v 0.952894 2.294157 2.633048
v 0.707349 1.964267 2.425249
v -1.372528 2.032935 -0.824373
v 0.679371 2.117775 2.357776
v 1.064551 2.333195 2.902323
v -1.334137 2.471935 0.979275
v 0.982518 2.131619 2.704490
v -1.211171 2.224387 -0.979325
v 0.903114 2.172254 2.716484
v -1.649367 2.327182 -0.880749
v 0.888302 2.253523 2.680763
v 1.099138 2.376162 2.985735
v -1.623494 2.706167 1.146032
v -1.435508 1.969118 -0.968805
v -1.563944 2.428539 -0.962782
v -1.386320 2.032935 -1.118498
v -1.417695 2.344316 1.054320
v -1.274152 2.160570 -1.123758
v -1.833318 2.545919 -0.950151
v 1.258390 2.458549 -0.814155
v -1.682710 2.293396 -0.957213
v -1.390733 2.535743 0.832220
v -1.656669 2.327182 -1.036462
v -1.667730 2.638604 1.185762
v -1.597286 2.394753 -1.039247
v -1.908314 2.611973 -0.946634
v 1.507301 2.751063 -0.676754
v -1.557848 2.280508 0.982310
v -1.653457 2.739948 1.068179
v -1.614444 2.344316 0.835255
v 1.388615 2.354826 -0.779760
v -1.530887 2.471935 0.760210
v -1.854074 2.857368 1.248360
v -1.400191 1.955681 1.615689
v -1.741929 2.604823 1.147639
v 1.155681 2.510410 -0.689010
v -1.771892 2.638604 1.069786
v 1.576243 2.696151 -0.658544
v -1.727656 2.706167 1.030056
v -1.909925 2.923432 1.298521
v -1.719889 2.053619 1.849358
v 1.416131 2.302965 -0.620219
v 1.452925 2.778519 -0.610500
v 1.313422 2.354826 -0.495074
v -1.440042 1.795743 1.657302
v 1.183197 2.458549 -0.529469
v 1.687042 2.945450 -0.548665
v 1.820486 1.836988 0.583675
v 1.590811 2.668694 -0.574082
v -1.486597 2.035650 1.493055
v 1.536435 2.696151 -0.507828
v -1.740986 1.968946 1.871389
v 1.467493 2.751063 -0.526038
v 1.746032 3.024680 -0.533084
v 2.115019 1.911192 0.855969
v -1.566298 1.715774 1.576282
v -1.765633 2.095956 1.784435
v -1.652704 1.795743 1.453649
v 1.860704 1.673861 0.609600
v -1.612853 1.955681 1.412035
v -1.968928 2.106182 1.996723
v 0.869232 2.975398 0.250539
v -1.807828 1.926609 1.828496
v 1.720610 1.918551 0.694454
v -1.853572 1.968946 1.763573
v 2.136311 1.824831 0.869694
v -1.832475 2.053619 1.741542
v -2.033999 2.140074 2.064672
v 0.935813 3.311733 0.471550
v 1.801045 1.592297 0.746305
v 2.062143 1.954373 0.914617
v 1.701168 1.673861 0.857084
v 0.954059 2.896901 0.375209
v 1.660951 1.836988 0.831159
v 2.309260 1.946823 1.073916
v 0.665052 2.831067 -0.842167
v 2.104727 1.781650 0.942068
v 0.705098 3.014646 0.271025
v 2.051851 1.824831 1.000715
v 0.980721 3.270175 0.537551
v 2.030559 1.911192 0.986990
v 2.389912 1.974970 1.125907
v 0.760218 3.199908 -0.696223
v 0.874753 2.857652 0.520364
v 0.848918 3.332511 0.482395
v 0.710619 2.896901 0.540850
v 0.800144 2.779318 -0.752881
v 0.625792 2.975398 0.416181
v 0.966558 3.539318 0.655288
v -0.410591 1.931188 2.563192
v 0.938736 3.249397 0.614398
v 0.516329 2.856941 -0.763988
v 0.851841 3.270175 0.625244
v 0.831737 3.172511 -0.648953
v 0.806933 3.311733 0.559242
v 0.992533 3.628019 0.693464
v -0.580073 2.013638 2.924962
v 0.786514 2.753443 -0.585415
v 0.681482 3.213606 -0.654834
v 0.637791 2.779318 -0.507236
v -0.423955 1.769098 2.612669
v 0.502698 2.831067 -0.596523
v 0.824108 3.452921 -0.560568
v -1.470221 2.271097 -0.148551
v 0.824521 3.158813 -0.560295
v -0.546040 2.012234 2.500063
v 0.745786 3.172511 -0.518906
v -0.587149 1.927825 2.951156
v 0.674266 3.199908 -0.566175
v 0.849503 3.548175 -0.543784
v -1.807553 2.495675 -0.101945
v -0.572768 1.688052 2.599017
v -0.651781 2.056544 2.891541
v -0.708217 1.769098 2.535887
v -1.572460 2.140249 -0.112135
v -0.694853 1.931188 2.486410
v -0.728473 2.055144 3.175471
v 0.994838 2.837332 1.068180
v -0.665932 1.884919 2.943928
v -1.468501 2.336520 -0.305448
v -0.737640 1.927825 2.910507
v -1.861679 2.426402 -0.082666
v -0.730565 2.013638 2.884313
v -0.753337 2.085291 3.267520
v 1.069125 3.132269 1.340014
v -1.672978 2.074825 -0.232617
v -1.806642 2.530311 -0.185008
v -1.671257 2.140249 -0.389514
v 1.061646 2.734802 1.186181
v -1.569019 2.271097 -0.425930
v -2.063789 2.639794 -0.093417
v 0.027526 2.972213 -0.577311
v -1.914895 2.391766 -0.146451
v 0.833318 2.888597 1.081714
v -1.913984 2.426402 -0.229514
v 1.104494 3.077989 1.402485
v -1.859857 2.495675 -0.248793
v -2.136296 2.703636 -0.067592
v -0.068239 3.354639 -0.472527
v 0.966934 2.683537 1.317717
v 0.983615 3.159409 1.347179
v 0.805414 2.734802 1.331251
v -0.010445 2.936170 -0.415573
v 0.738606 2.837332 1.213250
v 1.102184 3.328472 1.556604
v -0.395582 1.296064 2.467734
v 1.054353 3.050848 1.472121
v -0.096816 2.990234 -0.691828
v 0.968842 3.077989 1.479286
v -0.088341 3.335557 -0.386901
v 0.933473 3.132269 1.416815
v 1.131899 3.408237 1.609088
v -0.560004 1.190258 2.825743
v -0.172758 2.918149 -0.368352
v -0.134067 3.364180 -0.533154
v -0.297100 2.936170 -0.482870
v -0.388502 1.128420 2.440434
v -0.259129 2.972213 -0.644608
v -0.167738 3.618732 -0.389735
v -1.542773 1.288290 0.971311
v -0.174272 3.326017 -0.361903
v -0.541632 1.379887 2.444425
v -0.240100 3.335557 -0.422530
v -0.556256 1.101505 2.811290
v -0.219998 3.354639 -0.508155
v -0.172583 3.716459 -0.369095
v -1.894574 1.193318 1.154658
v -0.527472 1.044598 2.389825
v -0.637324 1.234634 2.813403
v -0.673521 1.128420 2.366516
v -1.524129 1.119926 0.956961
v -0.680602 1.296064 2.393816
v -0.702893 1.099429 3.066228
v 0.452462 2.544818 2.152593
v -0.629828 1.057129 2.784497
v -1.641892 1.372472 0.861818
v -0.707148 1.101505 2.772157
v -1.884704 1.104185 1.147061
v -0.710897 1.190258 2.786610
v -0.727649 1.082839 3.161684
v 0.433805 2.779144 2.485975
v -1.604604 1.035744 0.833118
v -1.947049 1.237885 1.096691
v -1.703723 1.119926 0.723625
v 0.469596 2.417233 2.263626
v -1.722367 1.288290 0.737975
v -2.156930 1.110002 1.258233
v -1.646178 2.034257 0.486520
v -1.927309 1.059618 1.081497
v 0.298393 2.608611 2.119529
v -1.979783 1.104185 1.023530
v 0.442876 2.711599 2.544757
v -1.989654 1.193318 1.031127
v -2.235413 1.096163 1.318639
v -2.011560 2.172564 0.603852
v 0.332661 2.353440 2.341595
v 0.352239 2.812917 2.468471
v 0.178592 2.417233 2.308531
v -1.711463 1.881248 0.521532
v 0.161458 2.544818 2.197499
v 0.393358 2.930413 2.734936
v 1.418171 2.409173 1.329409
v 0.370381 2.677826 2.586035
v -1.683114 2.110762 0.339270
v 0.288815 2.711599 2.568531
v -2.046124 2.091558 0.622387
v 0.279744 2.779144 2.509748
v 0.404804 2.996500 2.809109
v 1.582259 2.620808 1.637119
v -1.813686 1.804743 0.409293
v -2.031115 2.213066 0.525896
v -1.850622 1.881248 0.262042
v 1.484004 2.274262 1.409190
v -1.785336 2.034257 0.227031
v -2.287773 2.254077 0.663536
v -1.205438 1.290015 1.797944
v -2.100241 2.051056 0.562966
v 1.271699 2.476629 1.383221
v -2.119796 2.091558 0.485010
v 1.617112 2.549385 1.679356
v -2.085233 2.172564 0.466475
v -2.367093 2.297654 0.706073
v -1.497618 1.192940 2.065540
v 1.403364 2.206807 1.542783
v 1.504715 2.656520 1.665608
v 1.256892 2.274262 1.596595
v -1.190583 1.121780 1.778545
v 1.191060 2.409173 1.516813
v 1.680993 2.755462 1.879235
v 1.369393 1.701728 1.915787
v 1.574420 2.513673 1.750082
v -1.329754 1.374132 1.718133
v 1.496876 2.549385 1.778571
v -1.489754 1.103875 2.055270
v 1.462024 2.620808 1.736333
v 1.731502 2.816306 1.940446
v 1.539562 1.721396 2.285997
v -1.300045 1.037662 1.679336
v -1.563433 1.237473 2.023287
v -1.424361 1.121780 1.599525
v 1.383641 1.533602 1.936538
v -1.439216 1.290015 1.618924
v -1.724036 1.108165 2.233015
v -1.547704 1.059342 2.002747
v 1.240903 1.785791 1.988751
v -1.613518 1.103875 1.960495
v 1.547106 1.632388 2.296983
v -1.621383 1.192940 1.970764
v -1.784204 1.093793 2.311585
v 1.269400 1.449539 2.030251
v 1.471538 1.765900 2.324625
v 1.140909 1.533602 2.103215
v 1.126661 1.701728 2.082464
v 1.635832 1.718350 2.563887
v 1.486625 1.587884 2.346596
v 1.418600 1.632388 2.385224
v 1.411057 1.721396 2.374238
v 1.691815 1.733157 2.645415
vn -0.0000 1.0000 -0.0000
vn -0.0000 0.9845 -0.1756
vn 0.7810 -0.0000 0.6245
vn 0.6125 0.6307 0.4765
vn -0.0000 0.6638 -0.7479
vn -0.0000 0.3793 -0.9253
vn -0.0000 -0.0000 -1.0000
vn -0.0000 -0.3793 -0.9253
vn -0.0000 -0.6638 -0.7479
vn -0.0000 -0.8388 -0.5444
vn 0.3501 0.8984 0.2653
vn -0.0000 -0.9845 -0.1756
vn -0.0000 -1.0000 -0.0000
vn 0.1605 0.9798 0.1192
vn 0.0582 0.9839 -0.1690
vn 0.1153 0.9338 -0.3386
vn 0.1768 0.8343 -0.5222
vn 0.2402 0.6573 -0.7143
vn 0.2937 0.3740 -0.8797
vn 0.3157 -0.0000 -0.9489
vn 0.2937 -0.3740 -0.8797
vn 0.2402 -0.6573 -0.7143
vn 0.1768 -0.8343 -0.5222
vn 0.1153 -0.9338 -0.3386
vn 0.0582 -0.9839 -0.1690
vn 0.1112 0.9824 -0.1500
vn 0.2203 0.9281 -0.3002
vn 0.3352 0.8224 -0.4597
vn 0.4505 0.6406 -0.6219
vn 0.5450 0.3604 -0.7571
vn 0.5831 -0.0000 -0.8124
vn 0.5450 -0.3604 -0.7571
vn 0.4505 -0.6406 -0.6219
vn 0.3352 -0.8224 -0.4597
vn 0.2203 -0.9281 -0.3002
vn 0.1112 -0.9824 -0.1500
vn 0.2046 0.9768 0.0629
vn 0.4444 0.8849 0.1396
vn 0.1554 0.9804 -0.1209
vn 0.3071 0.9205 -0.2417
vn 0.4631 0.8069 -0.3667
vn 0.6139 0.6195 -0.4892
vn 0.7328 0.3436 -0.5873
vn 0.7796 -0.0000 -0.6263
vn 0.7328 -0.3436 -0.5873
vn 0.6139 -0.6195 -0.4892
vn 0.4631 -0.8069 -0.3667
vn 0.3071 -0.9205 -0.2417
vn 0.1554 -0.9804 -0.1209
vn 0.7575 0.6055 0.2441
vn 0.9497 -0.0000 0.3131
vn 0.1881 0.9785 -0.0845
vn 0.3712 0.9131 -0.1687
vn 0.5549 0.7923 -0.2538
vn 0.7267 0.6002 -0.3343
vn 0.8572 0.3287 -0.3963
vn 0.9073 -0.0000 -0.4204
vn 0.8572 -0.3287 -0.3963
vn 0.7267 -0.6002 -0.3343
vn 0.5549 -0.7923 -0.2538
vn 0.3712 -0.9131 -0.1687
vn 0.1881 -0.9785 -0.0845
vn 0.7575 -0.6055 0.2441
vn 0.4444 -0.8849 0.1396
vn 0.2082 0.9771 -0.0434
vn 0.4103 0.9078 -0.0865
vn 0.6096 0.7821 -0.1294
vn 0.7917 0.5870 -0.1690
vn 0.9267 0.3189 -0.1988
vn 0.9777 -0.0000 -0.2101
vn 0.9267 -0.3189 -0.1988
vn 0.7917 -0.5870 -0.1690
vn 0.6096 -0.7821 -0.1294
vn 0.4103 -0.9078 -0.0865
vn 0.2082 -0.9771 -0.0434
vn 0.2046 -0.9768 0.0629
vn 0.2150 0.9766 -0.0000
vn 0.4234 0.9060 -0.0000
vn 0.6278 0.7784 -0.0000
vn 0.8129 0.5824 -0.0000
vn 0.9489 0.3155 -0.0000
vn 1.0000 -0.0000 -0.0000
vn 0.9489 -0.3155 -0.0000
vn 0.8129 -0.5824 -0.0000
vn 0.6278 -0.7784 -0.0000
vn 0.4234 -0.9060 -0.0000
vn 0.2150 -0.9766 -0.0000
vn 0.1165 -0.9765 -0.1812
vn 0.2194 -0.9756 -0.0000
vn 0.2082 0.9771 0.0434
vn 0.4103 0.9078 0.0865
vn 0.6096 0.7821 0.1294
vn 0.7917 0.5870 0.1690
vn 0.9267 0.3189 0.1988
vn 0.9777 -0.0000 0.2101
vn 0.9267 -0.3189 0.1988
vn 0.7917 -0.5870 0.1690
vn 0.6096 -0.7821 0.1294
vn 0.4103 -0.9078 0.0865
vn 0.2082 -0.9771 0.0434
vn 0.4758 -0.8796 -0.0000
vn 0.8032 -0.5957 -0.0000
vn 0.1881 0.9785 0.0845
vn 0.3712 0.9131 0.1687
vn 0.5549 0.7923 0.2538
vn 0.7267 0.6002 0.3343
vn 0.8572 0.3287 0.3963
vn 0.9073 -0.0000 0.4204
vn 0.8572 -0.3287 0.3963
vn 0.7267 -0.6002 0.3343
vn 0.5549 -0.7923 0.2538
vn 0.3712 -0.9131 0.1687
vn 0.1881 -0.9785 0.0845
vn 0.8032 0.5957 -0.0000
vn 0.1554 0.9804 0.1209
vn 0.3071 0.9205 0.2417
vn 0.4631 0.8069 0.3667
vn 0.6139 0.6195 0.4892
vn 0.7328 0.3436 0.5873
vn 0.7796 -0.0000 0.6263
vn 0.7328 -0.3436 0.5873
vn 0.6139 -0.6195 0.4892
vn 0.4631 -0.8069 0.3667
vn 0.3071 -0.9205 0.2417
vn 0.1554 -0.9804 0.1209
vn 0.4758 0.8796 -0.0000
vn 0.2194 0.9756 -0.0000
vn 0.1112 0.9824 0.1500
vn 0.2203 0.9281 0.3002
vn 0.3352 0.8224 0.4597
vn 0.4505 0.6406 0.6219
vn 0.5450 0.3604 0.7571
vn 0.5831 -0.0000 0.8124
vn 0.5450 -0.3604 0.7571
vn 0.4505 -0.6406 0.6219
vn 0.3352 -0.8224 0.4597
vn 0.2203 -0.9281 0.3002
vn 0.1112 -0.9824 0.1500
vn 0.2276 -0.9064 -0.3559
vn 0.3367 -0.7797 -0.5280
vn 0.0582 0.9839 0.1690
vn 0.1153 0.9338 0.3386
vn 0.1768 0.8343 0.5222
vn 0.2402 0.6573 0.7143
vn 0.2937 0.3740 0.8797
vn 0.3157 -0.0000 0.9489
vn 0.2937 -0.3740 0.8797
vn 0.2402 -0.6573 0.7143
vn 0.1768 -0.8343 0.5222
vn 0.1153 -0.9338 0.3386
vn 0.0582 -0.9839 0.1690
vn 0.2046 0.9768 -0.0629
vn 0.4444 0.8849 -0.1396
vn -0.0000 0.9845 0.1756
vn -0.0000 0.9360 0.3520
vn -0.0000 0.8388 0.5444
vn -0.0000 0.6638 0.7479
vn -0.0000 0.3793 0.9253
vn -0.0000 -0.0000 1.0000
vn -0.0000 -0.3793 0.9253
vn -0.0000 -0.6638 0.7479
vn -0.0000 -0.8388 0.5444
vn -0.0000 -0.9360 0.3520
vn -0.0000 -0.9845 0.1756
vn 0.7575 0.6055 -0.2441
vn 0.9497 -0.0000 -0.3131
vn -0.0582 0.9839 0.1690
vn -0.1153 0.9338 0.3386
vn -0.1768 0.8343 0.5222
vn -0.2402 0.6573 0.7143
vn -0.2937 0.3740 0.8797
vn -0.3157 -0.0000 0.9489
vn -0.2937 -0.3740 0.8797
vn -0.2402 -0.6573 0.7143
vn -0.1768 -0.8343 0.5222
vn -0.1153 -0.9338 0.3386
vn -0.0582 -0.9839 0.1690
vn 0.7575 -0.6055 -0.2441
vn 0.4444 -0.8849 -0.1396
vn -0.1112 0.9824 0.1500
vn -0.2203 0.9281 0.3002
vn -0.3352 0.8224 0.4597
vn -0.4505 0.6406 0.6219
vn -0.5450 0.3604 0.7571
vn -0.5831 -0.0000 0.8124
vn -0.5450 -0.3604 0.7571
vn -0.4505 -0.6406 0.6219
vn -0.3352 -0.8224 0.4597
vn -0.2203 -0.9281 0.3002
vn -0.1112 -0.9824 0.1500
vn 0.2046 -0.9768 -0.0629
vn 0.4356 -0.5842 -0.6848
vn -0.1554 0.9804 0.1209
vn -0.3071 0.9205 0.2417
vn -0.4631 0.8069 0.3667
vn -0.6139 0.6195 0.4892
vn -0.7328 0.3436 0.5873
vn -0.7796 -0.0000 0.6263
vn -0.7328 -0.3436 0.5873
vn -0.6139 -0.6195 0.4892
vn -0.4631 -0.8069 0.3667
vn -0.3071 -0.9205 0.2417
vn -0.1554 -0.9804 0.1209
vn 0.5083 -0.3168 -0.8008
vn 0.1605 -0.9798 -0.1192
vn -0.1881 0.9785 0.0845
vn -0.3712 0.9131 0.1687
vn -0.5549 0.7923 0.2538
vn -0.7267 0.6002 0.3343
vn -0.8572 0.3287 0.3963
vn -0.9073 -0.0000 0.4204
vn -0.8572 -0.3287 0.3963
vn -0.7267 -0.6002 0.3343
vn -0.5549 -0.7923 0.2538
vn -0.3712 -0.9131 0.1687
vn -0.1881 -0.9785 0.0845
vn 0.3501 -0.8984 -0.2653
vn 0.6125 -0.6307 -0.4765
vn -0.2082 0.9771 0.0434
vn -0.4103 0.9078 0.0865
vn -0.6096 0.7821 0.1294
vn -0.7917 0.5870 0.1690
vn -0.9267 0.3189 0.1988
vn -0.9777 -0.0000 0.2101
vn -0.9267 -0.3189 0.1988
vn -0.7917 -0.5870 0.1690
vn -0.6096 -0.7821 0.1294
vn -0.4103 -0.9078 0.0865
vn -0.2082 -0.9771 0.0434
vn 0.7810 -0.0000 -0.6245
vn 0.6125 0.6307 -0.4765
vn -0.2150 0.9766 -0.0000
vn -0.4234 0.9060 -0.0000
vn -0.6278 0.7784 -0.0000
vn -0.8129 0.5824 -0.0000
vn -0.9489 0.3155 -0.0000
vn -1.0000 -0.0000 -0.0000
vn -0.9489 -0.3155 -0.0000
vn -0.8129 -0.5824 -0.0000
vn -0.6278 -0.7784 -0.0000
vn -0.4234 -0.9060 -0.0000
vn -0.2150 -0.9766 -0.0000
vn 0.3501 0.8984 -0.2653
vn 0.1605 0.9798 -0.1192
vn -0.2082 0.9771 -0.0434
vn -0.4103 0.9078 -0.0865
vn -0.6096 0.7821 -0.1294
vn -0.7917 0.5870 -0.1690
vn -0.9267 0.3189 -0.1988
vn -0.9777 -0.0000 -0.2101
vn -0.9267 -0.3189 -0.1988
vn -0.7917 -0.5870 -0.1690
vn -0.6096 -0.7821 -0.1294
vn -0.4103 -0.9078 -0.0865
vn -0.2082 -0.9771 -0.0434
vn 0.5355 -0.0000 -0.8445
vn 0.5083 0.3168 -0.8008
vn -0.1881 0.9785 -0.0845
vn -0.3712 0.9131 -0.1687
vn -0.5549 0.7923 -0.2538
vn -0.7267 0.6002 -0.3343
vn -0.8572 0.3287 -0.3963
vn -0.9073 -0.0000 -0.4204
vn -0.8572 -0.3287 -0.3963
vn -0.7267 -0.6002 -0.3343
vn -0.5549 -0.7923 -0.2538
vn -0.3712 -0.9131 -0.1687
vn -0.1881 -0.9785 -0.0845
vn 0.0894 0.9830 -0.1603
vn 0.1960 0.9128 -0.3583
vn -0.1554 0.9804 -0.1209
vn -0.3071 0.9205 -0.2417
vn -0.4631 0.8069 -0.3667
vn -0.6139 0.6195 -0.4892
vn -0.7328 0.3436 -0.5873
vn -0.7796 -0.0000 -0.6263
vn -0.7328 -0.3436 -0.5873
vn -0.6139 -0.6195 -0.4892
vn -0.4631 -0.8069 -0.3667
vn -0.3071 -0.9205 -0.2417
vn -0.1554 -0.9804 -0.1209
vn 0.3535 0.6585 -0.6644
vn 0.4578 -0.0000 -0.8890
vn -0.1112 0.9824 -0.1500
vn -0.2203 0.9281 -0.3002
vn -0.3352 0.8224 -0.4597
vn -0.4505 0.6406 -0.6219
vn -0.5450 0.3604 -0.7571
vn -0.5831 -0.0000 -0.8124
vn -0.5450 -0.3604 -0.7571
vn -0.4505 -0.6406 -0.6219
vn -0.3352 -0.8224 -0.4597
vn -0.2203 -0.9281 -0.3002
vn -0.1112 -0.9824 -0.1500
vn 0.3535 -0.6585 -0.6644
vn 0.1960 -0.9128 -0.3583
vn -0.0582 0.9839 -0.1690
vn -0.1153 0.9338 -0.3386
vn -0.1768 0.8343 -0.5222
vn -0.2402 0.6573 -0.7143
vn -0.2937 0.3740 -0.8797
vn -0.3157 -0.0000 -0.9489
vn -0.2937 -0.3740 -0.8797
vn -0.2402 -0.6573 -0.7143
vn -0.1768 -0.8343 -0.5222
vn -0.1153 -0.9338 -0.3386
vn -0.0582 -0.9839 -0.1690
vn 0.0894 -0.9830 -0.1603
vn 0.4356 0.5842 -0.6848
vn 0.3367 0.7797 -0.5280
vn -0.0000 0.9360 -0.3520
vn -0.0000 0.8388 -0.5444
vn 0.2276 0.9064 -0.3559
vn 0.1165 0.9765 -0.1812
vn -0.0000 0.6709 -0.7416
vn 0.8014 -0.0000 0.5982
vn -0.0000 -0.9360 -0.3520
vn -0.0000 0.9844 -0.1760
vn 0.0605 0.9773 -0.2030
vn 0.6125 -0.6307 0.4765
vn 0.3501 -0.8984 0.2653
vn 0.1605 -0.9798 0.1192
vn 0.1184 0.9093 -0.3990
vn 0.4578 -0.0000 0.8890
vn 0.3535 0.6585 0.6644
vn 0.1960 0.9128 0.3583
vn 0.0894 0.9830 0.1603
vn 0.1757 0.7852 -0.5938
vn 0.3535 -0.6585 0.6644
vn 0.1960 -0.9128 0.3583
vn 0.0894 -0.9830 0.1603
vn 0.2283 0.5911 -0.7736
vn -0.0000 0.6709 0.7416
vn -0.0000 0.9192 0.3939
vn -0.0000 0.9844 0.1760
vn 0.2675 0.3219 -0.9082
vn -0.0000 -0.6709 0.7416
vn -0.0000 -0.9192 0.3939
vn -0.0000 -0.9844 0.1760
vn 0.2823 -0.0000 -0.9593
vn -0.4578 -0.0000 0.8890
vn -0.3535 0.6585 0.6644
vn -0.1960 0.9128 0.3583
vn -0.0894 0.9830 0.1603
vn 0.2675 -0.3219 -0.9082
vn -0.3535 -0.6585 0.6644
vn -0.1960 -0.9128 0.3583
vn -0.0894 -0.9830 0.1603
vn 0.2283 -0.5911 -0.7736
vn -0.7810 -0.0000 0.6245
vn -0.6125 0.6307 0.4765
vn -0.3501 0.8984 0.2653
vn -0.1605 0.9798 0.1192
vn 0.1757 -0.7852 -0.5938
vn -0.6125 -0.6307 0.4765
vn -0.3501 -0.8984 0.2653
vn -0.1605 -0.9798 0.1192
vn 0.1184 -0.9093 -0.3990
vn -0.9497 -0.0000 0.3131
vn -0.7575 0.6055 0.2441
vn -0.4444 0.8849 0.1396
vn -0.2046 0.9768 0.0629
vn 0.0605 -0.9773 -0.2030
vn -0.7575 -0.6055 0.2441
vn -0.4444 -0.8849 0.1396
vn -0.2046 -0.9768 0.0629
vn 0.7180 0.4518 0.5295
vn -0.8032 0.5957 -0.0000
vn -0.4758 0.8796 -0.0000
vn -0.2194 0.9756 -0.0000
vn 0.5162 0.7720 0.3709
vn -0.8032 -0.5957 -0.0000
vn -0.4758 -0.8796 -0.0000
vn -0.2194 -0.9756 -0.0000
vn -0.0000 -0.9776 -0.2105
vn -0.9497 -0.0000 -0.3131
vn -0.7575 0.6055 -0.2441
vn -0.4444 0.8849 -0.1396
vn -0.2046 0.9768 -0.0629
vn 0.2719 0.9436 0.1888
vn -0.7575 -0.6055 -0.2441
vn -0.4444 -0.8849 -0.1396
vn -0.2046 -0.9768 -0.0629
vn -0.7810 -0.0000 -0.6245
vn -0.6125 0.6307 -0.4765
vn -0.3501 0.8984 -0.2653
vn -0.1605 0.9798 -0.1192
vn -0.6125 -0.6307 -0.4765
vn -0.3501 -0.8984 -0.2653
vn -0.1605 -0.9798 -0.1192
vn -0.0000 -0.3238 -0.9461
vn -0.4578 -0.0000 -0.8890
vn -0.3535 0.6585 -0.6644
vn -0.1960 0.9128 -0.3583
vn -0.0894 0.9830 -0.1603
vn -0.3535 -0.6585 -0.6644
vn -0.1960 -0.9128 -0.3583
vn -0.0894 -0.9830 -0.1603
vn 0.3425 0.9343 0.0985
vn 0.6412 0.7432 0.1911
vn 0.8681 0.4200 0.2644
vn -0.0000 0.9192 -0.3939
vn 0.9559 -0.0000 0.2938
vn -0.0000 0.9776 -0.2105
vn -0.0000 -0.6709 -0.7416
vn -0.0000 -0.9192 -0.3939
vn -0.0000 -0.9844 -0.1760
vn 0.8681 -0.4200 0.2644
vn 0.6412 -0.7432 0.1911
vn 0.1638 -0.9755 -0.1471
vn 0.3197 -0.9025 -0.2887
vn 0.4709 -0.7724 -0.4263
vn 0.6057 -0.5752 -0.5498
vn 0.7033 -0.3103 -0.6396
vn 0.7395 -0.0000 -0.6731
vn 0.7033 0.3103 -0.6396
vn 0.6057 0.5752 -0.5498
vn 0.4709 0.7724 -0.4263
vn 0.3197 0.9025 -0.2887
vn 0.1638 0.9755 -0.1471
vn 0.3425 -0.9343 0.0985
vn 0.1995 -0.9744 -0.1035
vn 0.3890 -0.8986 -0.2028
vn 0.5705 -0.7652 -0.2983
vn 0.7299 -0.5665 -0.3825
vn 0.8435 -0.3041 -0.4428
vn 0.8853 -0.0000 -0.4651
vn 0.8435 0.3041 -0.4428
vn 0.7299 0.5665 -0.3825
vn 0.5705 0.7652 -0.2983
vn 0.3890 0.8986 -0.2028
vn 0.1995 0.9744 -0.1035
vn -0.0000 -0.4808 0.8769
vn 0.3657 -0.9307 -0.0000
vn 0.2217 -0.9737 -0.0534
vn 0.4318 -0.8959 -0.1045
vn 0.6314 -0.7601 -0.1532
vn 0.8048 -0.5604 -0.1957
vn 0.9269 -0.2997 -0.2258
vn 0.9715 -0.0000 -0.2369
vn 0.9269 0.2997 -0.2258
vn 0.8048 0.5604 -0.1957
vn 0.6314 0.7601 -0.1532
vn 0.4318 0.8959 -0.1045
vn 0.2217 0.9737 -0.0534
vn 0.6812 -0.7321 -0.0000
vn 0.9129 -0.4082 -0.0000
vn 0.2292 -0.9734 -0.0000
vn 0.4463 -0.8949 -0.0000
vn 0.6519 -0.7583 -0.0000
vn 0.8297 -0.5582 -0.0000
vn 0.9545 -0.2981 -0.0000
vn 0.9545 0.2981 -0.0000
vn 0.8297 0.5582 -0.0000
vn 0.6519 0.7583 -0.0000
vn 0.4463 0.8949 -0.0000
vn 0.2292 0.9734 -0.0000
vn 0.9129 0.4082 -0.0000
vn 0.2217 -0.9737 0.0534
vn 0.4318 -0.8959 0.1045
vn 0.6314 -0.7601 0.1532
vn 0.8048 -0.5604 0.1957
vn 0.9269 -0.2997 0.2258
vn 0.9715 -0.0000 0.2369
vn 0.9269 0.2997 0.2258
vn 0.8048 0.5604 0.1957
vn 0.6314 0.7601 0.1532
vn 0.4318 0.8959 0.1045
vn 0.2217 0.9737 0.0534
vn 0.6812 0.7321 -0.0000
vn 0.3657 0.9307 -0.0000
vn 0.1995 -0.9744 0.1035
vn 0.3890 -0.8986 0.2028
vn 0.5705 -0.7652 0.2983
vn 0.7299 -0.5665 0.3825
vn 0.8435 -0.3041 0.4428
vn 0.8853 -0.0000 0.4651
vn 0.8435 0.3041 0.4428
vn 0.7299 0.5665 0.3825
vn 0.5705 0.7652 0.2983
vn 0.3890 0.8986 0.2028
vn 0.1995 0.9744 0.1035
vn -0.0000 -0.8457 0.5337
vn 0.1638 -0.9755 0.1471
vn 0.3197 -0.9025 0.2887
vn 0.4709 -0.7724 0.4263
vn 0.6057 -0.5752 0.5498
vn 0.7033 -0.3103 0.6396
vn 0.7395 -0.0000 0.6731
vn 0.7033 0.3103 0.6396
vn 0.6057 0.5752 0.5498
vn 0.4709 0.7724 0.4263
vn 0.3197 0.9025 0.2887
vn 0.1638 0.9755 0.1471
vn 0.3425 0.9343 -0.0985
vn 0.6412 0.7432 -0.1911
vn 0.1165 -0.9765 0.1812
vn 0.2276 -0.9064 0.3559
vn 0.3367 -0.7797 0.5280
vn 0.4356 -0.5842 0.6848
vn 0.5083 -0.3168 0.8008
vn 0.5355 -0.0000 0.8445
vn 0.5083 0.3168 0.8008
vn 0.4356 0.5842 0.6848
vn 0.3367 0.7797 0.5280
vn 0.2276 0.9064 0.3559
vn 0.1165 0.9765 0.1812
vn 0.8681 0.4200 -0.2644
vn 0.9559 -0.0000 -0.2938
vn 0.0605 -0.9773 0.2030
vn 0.1184 -0.9093 0.3990
vn 0.1757 -0.7852 0.5938
vn 0.2283 -0.5911 0.7736
vn 0.2675 -0.3219 0.9082
vn 0.2823 -0.0000 0.9593
vn 0.2675 0.3219 0.9082
vn 0.2283 0.5911 0.7736
vn 0.1757 0.7852 0.5938
vn 0.1184 0.9093 0.3990
vn 0.0605 0.9773 0.2030
vn 0.8681 -0.4200 -0.2644
vn 0.6412 -0.7432 -0.1911
vn -0.0000 -0.9776 0.2105
vn -0.0000 -0.9103 0.4138
vn -0.0000 -0.7872 0.6167
vn -0.0000 -0.5937 0.8047
vn -0.0000 -0.3238 0.9461
vn -0.0000 0.3238 0.9461
vn -0.0000 0.5937 0.8047
vn -0.0000 0.7872 0.6167
vn -0.0000 0.9103 0.4138
vn -0.0000 0.9776 0.2105
vn 0.3425 -0.9343 -0.0985
vn 0.9153 -0.0000 0.4028
vn -0.0605 -0.9773 0.2030
vn -0.1184 -0.9093 0.3990
vn -0.1757 -0.7852 0.5938
vn -0.2283 -0.5911 0.7736
vn -0.2675 -0.3219 0.9082
vn -0.2823 -0.0000 0.9593
vn -0.2675 0.3219 0.9082
vn -0.2283 0.5911 0.7736
vn -0.1757 0.7852 0.5938
vn -0.1184 0.9093 0.3990
vn -0.0605 0.9773 0.2030
vn 0.2894 -0.8507 0.4388
vn 0.2719 -0.9436 -0.1888
vn -0.1165 -0.9765 0.1812
vn -0.2276 -0.9064 0.3559
vn -0.3367 -0.7797 0.5280
vn -0.4356 -0.5842 0.6848
vn -0.5083 -0.3168 0.8008
vn -0.5355 -0.0000 0.8445
vn -0.5083 0.3168 0.8008
vn -0.4356 0.5842 0.6848
vn -0.3367 0.7797 0.5280
vn -0.2276 0.9064 0.3559
vn -0.1165 0.9765 0.1812
vn 0.5162 -0.7720 -0.3709
vn 0.7180 -0.4518 -0.5295
vn -0.1638 -0.9755 0.1471
vn -0.3197 -0.9025 0.2887
vn -0.4709 -0.7724 0.4263
vn -0.6057 -0.5752 0.5498
vn -0.7033 -0.3103 0.6396
vn -0.7395 -0.0000 0.6731
vn -0.7033 0.3103 0.6396
vn -0.6057 0.5752 0.5498
vn -0.4709 0.7724 0.4263
vn -0.3197 0.9025 0.2887
vn -0.1638 0.9755 0.1471
vn 0.8014 -0.0000 -0.5982
vn 0.7180 0.4518 -0.5295
vn -0.1995 -0.9744 0.1035
vn -0.3890 -0.8986 0.2028
vn -0.5705 -0.7652 0.2983
vn -0.7299 -0.5665 0.3825
vn -0.8435 -0.3041 0.4428
vn -0.8853 -0.0000 0.4651
vn -0.8435 0.3041 0.4428
vn -0.7299 0.5665 0.3825
vn -0.5705 0.7652 0.2983
vn -0.3890 0.8986 0.2028
vn -0.1995 0.9744 0.1035
vn 0.5162 0.7720 -0.3709
vn 0.2719 0.9436 -0.1888
vn -0.2217 -0.9737 0.0534
vn -0.4318 -0.8959 0.1045
vn -0.6314 -0.7601 0.1532
vn -0.8048 -0.5604 0.1957
vn -0.9269 -0.2997 0.2258
vn -0.9715 -0.0000 0.2369
vn -0.9269 0.2997 0.2258
vn -0.8048 0.5604 0.1957
vn -0.6314 0.7601 0.1532
vn -0.4318 0.8959 0.1045
vn -0.2217 0.9737 0.0534
vn 0.4870 -0.4895 0.7233
vn 0.5612 -0.0000 0.8277
vn -0.2292 -0.9734 -0.0000
vn -0.4463 -0.8949 -0.0000
vn -0.6519 -0.7583 -0.0000
vn -0.8297 -0.5582 -0.0000
vn -0.9545 -0.2981 -0.0000
vn -0.9545 0.2981 -0.0000
vn -0.8297 0.5582 -0.0000
vn -0.6519 0.7583 -0.0000
vn -0.4463 0.8949 -0.0000
vn -0.2292 0.9734 -0.0000
vn 0.1538 0.9538 -0.2579
vn 0.2969 0.8043 -0.5147
vn -0.2217 -0.9737 -0.0534
vn -0.4318 -0.8959 -0.1045
vn -0.6314 -0.7601 -0.1532
vn -0.8048 -0.5604 -0.1957
vn -0.9269 -0.2997 -0.2258
vn -0.9715 -0.0000 -0.2369
vn -0.9269 0.2997 -0.2258
vn -0.8048 0.5604 -0.1957
vn -0.6314 0.7601 -0.1532
vn -0.4318 0.8959 -0.1045
vn -0.2217 0.9737 -0.0534
vn 0.4257 0.4892 -0.7612
vn 0.4818 -0.0000 -0.8763
vn -0.1995 -0.9744 -0.1035
vn -0.3890 -0.8986 -0.2028
vn -0.5705 -0.7652 -0.2983
vn -0.7299 -0.5665 -0.3825
vn -0.8435 -0.3041 -0.4428
vn -0.8853 -0.0000 -0.4651
vn -0.8435 0.3041 -0.4428
vn -0.7299 0.5665 -0.3825
vn -0.5705 0.7652 -0.2983
vn -0.3890 0.8986 -0.2028
vn -0.1995 0.9744 -0.1035
vn 0.4257 -0.4892 -0.7612
vn 0.2969 -0.8043 -0.5147
vn -0.1638 -0.9755 -0.1471
vn -0.3197 -0.9025 -0.2887
vn -0.4709 -0.7724 -0.4263
vn -0.6057 -0.5752 -0.5498
vn -0.7033 -0.3103 -0.6396
vn -0.7395 -0.0000 -0.6731
vn -0.7033 0.3103 -0.6396
vn -0.6057 0.5752 -0.5498
vn -0.4709 0.7724 -0.4263
vn -0.3197 0.9025 -0.2887
vn -0.1638 0.9755 -0.1471
vn 0.1538 -0.9538 -0.2579
vn 0.4870 0.4895 0.7233
vn -0.1165 -0.9765 -0.1812
vn -0.2276 -0.9064 -0.3559
vn -0.3367 -0.7797 -0.5280
vn -0.4356 -0.5842 -0.6848
vn -0.5083 -0.3168 -0.8008
vn -0.5355 -0.0000 -0.8445
vn -0.5083 0.3168 -0.8008
vn -0.4356 0.5842 -0.6848
vn -0.3367 0.7797 -0.5280
vn -0.2276 0.9064 -0.3559
vn -0.1165 0.9765 -0.1812
vn 0.2894 0.8507 0.4388
vn -0.0605 -0.9773 -0.2030
vn -0.1184 -0.9093 -0.3990
vn -0.1757 -0.7852 -0.5938
vn -0.2283 -0.5911 -0.7736
vn -0.2675 -0.3219 -0.9082
vn -0.2823 -0.0000 -0.9593
vn -0.2675 0.3219 -0.9082
vn -0.2283 0.5911 -0.7736
vn -0.1757 0.7852 -0.5938
vn -0.1184 0.9093 -0.3990
vn -0.0605 0.9773 -0.2030
vn 0.8371 -0.3975 0.3758
vn 0.4816 0.8593 0.1723
vn -0.0000 -0.9103 -0.4138
vn -0.0000 -0.7872 -0.6167
vn -0.0000 -0.5937 -0.8047
vn -0.0000 0.5065 -0.8623
vn 0.8152 0.5039 0.2855
vn -0.0000 0.3238 -0.9461
vn -0.0000 0.5937 -0.8047
vn -0.0000 0.7872 -0.6167
vn -0.0000 0.9103 -0.4138
vn -0.0000 0.9584 -0.2853
vn 0.9446 -0.0000 0.3282
vn 0.7180 -0.4518 0.5295
vn 0.5162 -0.7720 0.3709
vn 0.2719 -0.9436 0.1888
vn 0.8152 -0.5039 0.2855
vn 0.4818 -0.0000 0.8763
vn 0.4257 0.4892 0.7612
vn 0.2969 0.8043 0.5147
vn 0.1538 0.9538 0.2579
vn 0.4816 -0.8593 0.1723
vn 0.4257 -0.4892 0.7612
vn 0.2969 -0.8043 0.5147
vn 0.1538 -0.9538 0.2579
vn 0.5678 -0.7751 0.2770
vn -0.0000 0.5065 0.8623
vn -0.0000 0.8191 0.5737
vn -0.0000 0.9584 0.2853
vn -0.0000 -0.5065 0.8623
vn -0.0000 -0.8191 0.5737
vn -0.0000 -0.9584 0.2853
vn 0.4816 -0.8593 -0.1723
vn -0.4818 -0.0000 0.8763
vn -0.4257 0.4892 0.7612
vn -0.2969 0.8043 0.5147
vn -0.1538 0.9538 0.2579
vn 0.8152 -0.5039 -0.2855
vn -0.4257 -0.4892 0.7612
vn -0.2969 -0.8043 0.5147
vn -0.1538 -0.9538 0.2579
vn 0.9446 -0.0000 -0.3282
vn -0.8014 -0.0000 0.5982
vn -0.7180 0.4518 0.5295
vn -0.5162 0.7720 0.3709
vn -0.2719 0.9436 0.1888
vn 0.8152 0.5039 -0.2855
vn -0.7180 -0.4518 0.5295
vn -0.5162 -0.7720 0.3709
vn -0.2719 -0.9436 0.1888
vn 0.4816 0.8593 -0.1723
vn -0.9559 -0.0000 0.2938
vn -0.8681 0.4200 0.2644
vn -0.6412 0.7432 0.1911
vn -0.3425 0.9343 0.0985
vn 0.8937 -0.0000 0.4486
vn -0.8681 -0.4200 0.2644
vn -0.6412 -0.7432 0.1911
vn -0.3425 -0.9344 0.0985
vn 0.5678 -0.7751 -0.2770
vn -0.9129 0.4082 -0.0000
vn -0.6812 0.7321 -0.0000
vn -0.3657 0.9307 -0.0000
vn 0.2894 0.8507 -0.4388
vn -0.9129 -0.4082 -0.0000
vn -0.6812 -0.7321 -0.0000
vn -0.3657 -0.9307 -0.0000
vn 0.4870 0.4895 -0.7233
vn -0.9559 -0.0000 -0.2938
vn -0.8681 0.4200 -0.2644
vn -0.6412 0.7432 -0.1911
vn -0.3425 0.9343 -0.0985
vn 0.5612 -0.0000 -0.8277
vn -0.8681 -0.4200 -0.2644
vn -0.6412 -0.7432 -0.1911
vn -0.3425 -0.9343 -0.0985
vn 0.4870 -0.4895 -0.7233
vn -0.8014 -0.0000 -0.5982
vn -0.7180 0.4518 -0.5295
vn -0.5162 0.7720 -0.3709
vn -0.2719 0.9436 -0.1888
vn 0.2894 -0.8507 -0.4388
vn -0.7180 -0.4518 -0.5295
vn -0.5162 -0.7720 -0.3709
vn -0.2719 -0.9436 -0.1888
vn 0.8371 -0.3975 -0.3758
vn -0.4818 -0.0000 -0.8763
vn -0.4257 0.4892 -0.7612
vn -0.2969 0.8043 -0.5147
vn -0.1538 0.9538 -0.2579
vn 0.9153 -0.0000 -0.4028
vn -0.4257 -0.4892 -0.7612
vn -0.2969 -0.8043 -0.5147
vn -0.1538 -0.9538 -0.2579
vn -0.0000 -0.8457 -0.5337
vn 0.8371 0.3975 -0.3758
vn -0.0000 0.8191 -0.5737
vn 0.5678 0.7751 -0.2770
vn -0.0000 0.8457 -0.5337
vn -0.0000 -0.5065 -0.8623
vn -0.0000 -0.8191 -0.5737
vn -0.0000 -0.9584 -0.2853
vn -0.0000 0.4808 0.8769
vn -0.0000 0.8457 0.5337
vn 0.8193 -0.3863 0.4238
vn -0.5612 -0.0000 0.8277
vn -0.4870 -0.4895 0.7233
vn -0.2894 -0.8507 0.4388
vn 0.3005 0.7192 -0.6265
vn -0.4870 0.4895 0.7233
vn -0.2894 0.8507 0.4388
vn 0.4263 0.3303 -0.8421
vn -0.9446 -0.0000 0.3282
vn -0.8152 -0.5039 0.2855
vn -0.4816 -0.8593 0.1723
vn 0.4543 -0.0000 -0.8908
vn -0.8152 0.5039 0.2855
vn -0.4816 0.8593 0.1723
vn 0.4263 -0.3303 -0.8421
vn -0.9446 -0.0000 -0.3282
vn -0.8152 -0.5039 -0.2855
vn -0.4816 -0.8593 -0.1723
vn 0.3005 -0.7192 -0.6265
vn -0.8152 0.5039 -0.2855
vn -0.4816 0.8593 -0.1723
vn 0.5606 -0.7597 0.3294
vn -0.5612 -0.0000 -0.8277
vn -0.4870 -0.4895 -0.7233
vn -0.2894 -0.8507 -0.4388
vn -0.4870 0.4895 -0.7233
vn -0.2894 0.8507 -0.4388
vn -0.0000 -0.6885 -0.7252
vn -0.0000 -0.4808 -0.8769
vn 0.5606 -0.7597 -0.3294
vn -0.0000 0.4808 -0.8769
vn -0.0000 0.6885 -0.7252
vn 0.8193 -0.3863 -0.4238
vn 0.8371 0.3975 0.3758
vn 0.5678 0.7751 0.2770
vn 0.8937 -0.0000 -0.4486
vn 0.4543 -0.0000 0.8908
vn 0.4263 -0.3303 0.8421
vn 0.3005 -0.7192 0.6265
vn 0.8192 0.3863 -0.4238
vn 0.4263 0.3303 0.8421
vn 0.3005 0.7192 0.6265
vn 0.5606 0.7597 -0.3294
vn -0.0000 -0.2972 0.9548
vn -0.0000 -0.6885 0.7252
vn -0.0000 0.2972 0.9548
vn -0.0000 0.6885 0.7252
vn -0.4543 -0.0000 0.8908
vn -0.4263 -0.3303 0.8421
vn -0.3005 -0.7192 0.6265
vn 0.2702 0.6694 -0.6920
vn -0.4263 0.3303 0.8421
vn -0.3005 0.7192 0.6265
vn 0.3672 0.2847 -0.8855
vn -0.9153 -0.0000 0.4028
vn -0.8371 -0.3975 0.3758
vn -0.5678 -0.7751 0.2770
vn 0.3848 -0.0000 -0.9230
vn -0.8371 0.3975 0.3758
vn -0.5678 0.7751 0.2770
vn 0.3672 -0.2847 -0.8855
vn -0.9153 -0.0000 -0.4028
vn -0.8371 -0.3975 -0.3758
vn -0.5678 -0.7751 -0.2770
vn 0.2702 -0.6694 -0.6920
vn -0.8371 0.3975 -0.3758
vn -0.5678 0.7751 -0.2770
vn -0.4543 -0.0000 -0.8908
vn -0.4263 -0.3303 -0.8421
vn -0.3005 -0.7192 -0.6265
vn -0.4263 0.3303 -0.8421
vn -0.3005 0.7192 -0.6265
vn -0.0000 -0.6219 -0.7831
vn -0.0000 -0.2972 -0.9548
vn -0.0000 0.2972 -0.9548
vn -0.0000 0.6219 -0.7831
vn 0.8192 0.3863 0.4238
vn 0.5606 0.7597 0.3294
vn 0.3848 -0.0000 0.9230
vn 0.3672 -0.2847 0.8855
vn 0.2702 -0.6694 0.6920
vn 0.3672 0.2847 0.8855
vn 0.2702 0.6694 0.6920
vn -0.0000 -0.2430 0.9700
vn -0.0000 -0.6219 0.7831
vn -0.0000 0.2430 0.9700
vn -0.0000 0.6219 0.7831
vn -0.3848 -0.0000 0.9230
vn -0.3672 -0.2847 0.8855
vn -0.2702 -0.6694 0.6920
vn -0.3672 0.2847 0.8855
vn -0.2702 0.6694 0.6920
vn -0.8937 -0.0000 0.4486
vn -0.8193 -0.3863 0.4238
vn -0.5606 -0.7597 0.3294
vn -0.8193 0.3863 0.4238
vn -0.5606 0.7597 0.3294
vn -0.8937 -0.0000 -0.4486
vn -0.8193 -0.3863 -0.4238
vn -0.5606 -0.7597 -0.3294
vn -0.8192 0.3863 -0.4238
vn -0.5606 0.7597 -0.3294
vn -0.3848 -0.0000 -0.9230
vn -0.3672 -0.2847 -0.8855
vn -0.2702 -0.6694 -0.6920
vn -0.3672 0.2847 -0.8855
vn -0.2702 0.6694 -0.6920
vn 0.6541 -0.5937 -0.4687
vn -0.0000 -0.2430 -0.9700
vn -0.0000 0.2430 -0.9700
vn 0.8193 0.3863 -0.4238
vn 0.7806 -0.2941 -0.5516
vn 0.8176 -0.0000 -0.5757
vn 0.7806 0.2941 -0.5516
vn 0.6541 0.5937 -0.4687
vn 0.4017 0.8655 -0.2993
vn 0.8193 0.3863 0.4238
vn -0.3420 -0.0000 0.9397
vn 0.3095 0.8441 -0.4378
vn 0.4879 0.5516 -0.6765
vn 0.5661 0.2643 -0.7808
vn 0.5874 -0.0000 -0.8093
vn 0.5661 -0.2643 -0.7808
vn 0.4879 -0.5516 -0.6765
vn 0.3095 -0.8441 -0.4378
vn -0.3274 -0.2889 0.8996
vn -0.8193 0.3863 -0.4238
vn -0.2507 -0.6803 0.6887
vn 0.2887 -0.5362 -0.7932
vn -0.2702 0.6695 -0.6920
vn 0.3308 -0.2540 -0.9089
vn 0.3420 -0.0000 -0.9397
vn 0.3308 0.2540 -0.9089
vn 0.1877 0.8359 -0.5158
vn 0.8974 -0.0000 0.4412
vn 0.4017 -0.8655 -0.2993
vn 0.0347 -0.7185 0.6947
vn 0.7505 -0.6442 -0.1476
vn 0.9268 -0.3330 -0.1734
vn 0.9835 -0.0000 -0.1811
vn 0.9268 0.3330 -0.1734
vn 0.7505 0.6442 -0.1476
vn 0.4456 0.8899 -0.0969
vn 0.0711 -0.3299 0.9413
vn 0.4456 -0.8900 -0.0969
vn 0.0788 -0.0000 0.9969
vn 0.6989 -0.6684 0.2544
vn 0.8794 -0.3524 0.3201
vn 0.9397 -0.0000 0.3420
vn 0.8794 0.3524 0.3201
vn 0.6989 0.6684 0.2544
vn 0.4068 0.9014 0.1481
vn 0.0711 0.3299 0.9413
vn 0.4068 -0.9014 0.1481
vn 0.0347 0.7185 0.6947
vn 0.4800 -0.6442 0.5954
vn 0.5986 -0.3330 0.7286
vn 0.6369 -0.0000 0.7709
vn 0.5986 0.3330 0.7286
vn 0.4800 0.6442 0.5954
vn 0.2791 0.8900 0.3607
vn 0.2791 -0.8900 0.3607
vn 0.7486 -0.5298 0.3986
vn 0.1999 -0.5937 0.7795
vn 0.2434 -0.2941 0.9243
vn 0.2563 -0.0000 0.9666
vn 0.2434 0.2941 0.9243
vn 0.1998 0.5937 0.7795
vn 0.1153 0.8655 0.4875
vn 0.4028 0.7905 0.4614
vn 0.1153 -0.8655 0.4875
vn 0.6296 0.4195 0.6540
vn -0.0610 -0.5516 0.8319
vn -0.0682 -0.2643 0.9620
vn -0.0702 -0.0000 0.9975
vn -0.0682 0.2643 0.9620
vn -0.0610 0.5516 0.8319
vn -0.0443 0.8441 0.5344
vn 0.7026 -0.0000 0.7116
vn -0.0444 -0.8441 0.5344
vn 0.6296 -0.4195 0.6540
vn -0.2887 -0.5362 0.7932
vn -0.3308 -0.2540 0.9089
vn -0.3308 0.2540 0.9089
vn -0.2887 0.5362 0.7932
vn -0.1877 0.8359 0.5158
vn 0.4028 -0.7905 0.4614
vn -0.1877 -0.8359 0.5158
vn 0.4219 -0.8658 0.2691
vn -0.4879 -0.5516 0.6765
vn -0.5661 -0.2643 0.7808
vn -0.5874 -0.0000 0.8093
vn -0.5661 0.2643 0.7808
vn -0.4879 0.5516 0.6765
vn -0.3095 0.8441 0.4378
vn -0.3095 -0.8441 0.4378
vn 0.6051 -0.7905 -0.0946
vn -0.6542 -0.5937 0.4687
vn -0.7806 -0.2941 0.5516
vn -0.8176 -0.0000 0.5757
vn -0.7806 0.2941 0.5516
vn -0.6542 0.5937 0.4687
vn -0.4017 0.8655 0.2993
vn 0.9027 -0.4195 -0.0963
vn -0.4017 -0.8655 0.2993
vn 0.9956 -0.0000 -0.0935
vn -0.7505 -0.6442 0.1476
vn -0.9268 -0.3330 0.1734
vn -0.9835 -0.0000 0.1811
vn -0.9268 0.3330 0.1734
vn -0.7505 0.6442 0.1476
vn -0.4456 0.8899 0.0969
vn 0.9027 0.4195 -0.0963
vn -0.4456 -0.8900 0.0969
vn 0.6051 0.7905 -0.0946
vn -0.6989 -0.6684 -0.2544
vn -0.8794 -0.3524 -0.3201
vn -0.9397 -0.0000 -0.3420
vn -0.8794 0.3524 -0.3201
vn -0.6989 0.6684 -0.2544
vn -0.4068 0.9014 -0.1481
vn 0.3240 -0.9171 -0.2324
vn -0.4068 -0.9014 -0.1481
vn 0.4219 -0.8658 -0.2691
vn -0.4800 -0.6442 -0.5954
vn -0.5986 -0.3330 -0.7286
vn -0.6369 -0.0000 -0.7709
vn -0.5986 0.3330 -0.7286
vn -0.4800 0.6442 -0.5954
vn -0.2791 0.8900 -0.3607
vn 0.4731 0.7185 -0.5099
vn -0.2791 -0.8900 -0.3607
vn 0.6595 0.3299 -0.6754
vn -0.1998 -0.5937 -0.7795
vn -0.2434 -0.2941 -0.9243
vn -0.2563 -0.0000 -0.9666
vn -0.2434 0.2941 -0.9243
vn -0.1998 0.5937 -0.7795
vn -0.1153 0.8655 -0.4875
vn 0.7012 -0.0000 -0.7130
vn -0.1153 -0.8655 -0.4875
vn 0.6595 -0.3299 -0.6754
vn 0.0610 -0.5516 -0.8319
vn 0.0682 -0.2643 -0.9620
vn 0.0702 -0.0000 -0.9975
vn 0.0682 0.2643 -0.9620
vn 0.0610 0.5516 -0.8319
vn 0.0443 0.8441 -0.5344
vn 0.4731 -0.7185 -0.5099
vn 0.0444 -0.8441 -0.5344
vn 0.7486 -0.5298 -0.3986
vn 0.8974 -0.0000 -0.4412
vn 0.2507 -0.6803 -0.6887
vn 0.7486 0.5298 -0.3986
vn 0.2887 0.5362 -0.7932
vn 0.4219 0.8658 -0.2691
vn 0.2507 0.6803 -0.6887
vn 0.1877 -0.8359 -0.5158
vn -0.3274 0.2889 0.8996
vn -0.2507 0.6803 0.6887
vn 0.5975 -0.6692 -0.4418
vn -0.7012 -0.0000 0.7130
vn -0.6595 -0.3299 0.6754
vn -0.4731 -0.7185 0.5099
vn 0.2077 0.7959 -0.5687
vn -0.6595 0.3299 0.6754
vn -0.4731 0.7185 0.5099
vn 0.3454 0.4190 -0.8397
vn -0.9956 -0.0000 0.0935
vn -0.9027 -0.4195 0.0963
vn -0.6051 -0.7905 0.0946
vn 0.3896 -0.0000 -0.9210
vn -0.9027 0.4195 0.0963
vn -0.6051 0.7905 0.0946
vn 0.3454 -0.4190 -0.8397
vn -0.7026 -0.0000 -0.7116
vn -0.6296 -0.4195 -0.6540
vn -0.4028 -0.7905 -0.4614
vn 0.2077 -0.7959 -0.5687
vn -0.6296 0.4195 -0.6540
vn -0.4028 0.7905 -0.4614
vn 0.7928 -0.0000 -0.6095
vn -0.0788 -0.0000 -0.9969
vn -0.0711 -0.3299 -0.9413
vn -0.0347 -0.7185 -0.6947
vn 0.5975 0.6692 -0.4418
vn -0.0711 0.3299 -0.9413
vn -0.0347 0.7185 -0.6947
vn -0.0000 -0.7614 -0.6483
vn 0.3240 0.9171 -0.2324
vn 0.3274 -0.2889 -0.8996
vn 0.1457 0.9840 -0.1023
vn 0.3274 0.2889 -0.8996
vn -0.0000 0.7614 -0.6483
vn 0.7486 0.5298 0.3986
vn 0.4219 0.8658 0.2691
vn 0.4007 0.9162 -0.0000
vn 0.3896 -0.0000 0.9210
vn 0.3454 -0.4190 0.8397
vn 0.2077 -0.7959 0.5687
vn 0.0815 0.9870 -0.1383
vn 0.3454 0.4190 0.8397
vn 0.2077 0.7959 0.5687
vn 0.1820 0.9315 -0.3150
vn -0.0000 -0.3661 0.9306
vn -0.0000 -0.7614 0.6483
vn 0.3484 0.7010 -0.6222
vn -0.0000 0.3661 0.9306
vn -0.0000 0.7614 0.6483
vn 0.4711 -0.0000 -0.8821
vn -0.3896 -0.0000 0.9210
vn -0.3454 -0.4190 0.8397
vn -0.2077 -0.7959 0.5687
vn 0.3484 -0.7010 -0.6222
vn -0.3454 0.4190 0.8397
vn -0.2077 0.7959 0.5687
vn 0.1820 -0.9315 -0.3150
vn -0.8974 -0.0000 0.4412
vn -0.7486 -0.5298 0.3986
vn -0.4219 -0.8658 0.2691
vn 0.0815 -0.9870 -0.1383
vn -0.7486 0.5298 0.3986
vn -0.4219 0.8658 0.2691
vn -0.8974 -0.0000 -0.4412
vn -0.7486 -0.5298 -0.3986
vn -0.4219 -0.8658 -0.2691
vn 0.1777 0.9841 -0.0000
vn -0.7486 0.5298 -0.3986
vn -0.4219 0.8658 -0.2691
vn -0.3896 -0.0000 -0.9210
vn -0.3454 -0.4190 -0.8397
vn -0.2077 -0.7959 -0.5687
vn -0.0000 -0.9379 -0.3470
vn -0.3454 0.4190 -0.8397
vn -0.2077 0.7959 -0.5687
vn -0.0000 -0.7155 -0.6986
vn -0.0000 -0.3661 -0.9306
vn -0.0000 0.7155 -0.6986
vn 0.6989 0.6684 -0.2544
vn -0.0000 0.3661 -0.9306
vn -0.0000 0.9884 -0.1522
vn 0.1658 0.9849 -0.0498
vn 0.1457 -0.9840 -0.1023
vn 0.3739 0.9204 -0.1145
vn 0.4104 -0.9037 -0.1220
vn 0.7340 -0.6408 -0.2249
vn 0.9534 -0.0000 -0.3018
vn 0.7340 0.6408 -0.2249
vn 0.4104 0.9037 -0.1220
vn 0.1853 0.9812 -0.0538
vn 0.7031 0.6758 -0.2212
vn 0.1853 -0.9812 -0.0538
vn 0.9508 -0.0000 -0.3098
vn 0.4391 -0.8984 -0.0000
vn 0.7767 -0.6299 -0.0000
vn 0.7767 0.6299 -0.0000
vn 0.4391 0.8984 -0.0000
vn 0.1984 0.9801 -0.0000
vn 0.7031 -0.6758 -0.2212
vn 0.1984 -0.9801 -0.0000
vn 0.3739 -0.9204 -0.1145
vn 0.4104 -0.9037 0.1220
vn 0.7340 -0.6408 0.2249
vn 0.9534 -0.0000 0.3018
vn 0.7340 0.6408 0.2249
vn 0.4104 0.9037 0.1220
vn 0.1853 0.9812 0.0538
vn 0.1658 -0.9849 -0.0498
vn 0.1853 -0.9812 0.0538
vn 0.3240 -0.9171 0.2324
vn 0.5975 -0.6692 0.4418
vn 0.7928 -0.0000 0.6095
vn 0.5975 0.6692 0.4418
vn 0.3240 0.9171 0.2324
vn 0.1457 0.9840 0.1023
vn 0.4068 0.9014 -0.1481
vn 0.1457 -0.9840 0.1023
vn 0.1301 -0.9870 -0.0944
vn 0.1820 -0.9315 0.3150
vn 0.3484 -0.7010 0.6222
vn 0.4711 -0.0000 0.8821
vn 0.3484 0.7010 0.6222
vn 0.1820 0.9315 0.3150
vn 0.0815 0.9870 0.1383
vn 0.2938 -0.9308 -0.2172
vn 0.0815 -0.9870 0.1383
vn 0.5683 -0.7006 -0.4314
vn -0.0000 -0.9379 0.3470
vn -0.0000 -0.7155 0.6986
vn -0.0000 0.7155 0.6986
vn -0.0000 0.9379 0.3470
vn -0.0000 0.9884 0.1522
vn 0.7845 -0.0000 -0.6201
vn -0.0000 -0.9884 0.1522
vn 0.5683 0.7006 -0.4314
vn -0.1820 -0.9315 0.3150
vn -0.3484 -0.7010 0.6222
vn -0.4711 -0.0000 0.8821
vn -0.3484 0.7010 0.6222
vn -0.1820 0.9315 0.3150
vn -0.0815 0.9870 0.1383
vn 0.2938 0.9308 -0.2172
vn -0.0815 -0.9870 0.1383
vn 0.1301 0.9870 -0.0944
vn -0.3240 -0.9171 0.2324
vn -0.5975 -0.6692 0.4418
vn -0.7928 -0.0000 0.6095
vn -0.5975 0.6692 0.4418
vn -0.3240 0.9171 0.2324
vn -0.1457 0.9840 0.1023
vn -0.1457 -0.9840 0.1023
vn 0.3420 -0.0000 0.9397
vn -0.4104 -0.9037 0.1220
vn -0.7340 -0.6408 0.2249
vn -0.9534 -0.0000 0.3018
vn -0.7340 0.6408 0.2249
vn -0.4104 0.9037 0.1220
vn -0.1853 0.9812 0.0538
vn 0.0725 0.9892 -0.1271
vn -0.1853 -0.9812 0.0538
vn 0.1641 0.9420 -0.2927
vn -0.4391 -0.8984 -0.0000
vn -0.7767 -0.6299 -0.0000
vn -0.7767 0.6299 -0.0000
vn -0.4391 0.8984 -0.0000
vn -0.1984 0.9801 -0.0000
vn 0.3283 0.7281 -0.6017
vn -0.1984 -0.9801 -0.0000
vn 0.4616 -0.0000 -0.8871
vn -0.4104 -0.9037 -0.1220
vn -0.7340 -0.6408 -0.2249
vn -0.9534 -0.0000 -0.3018
vn -0.7340 0.6408 -0.2249
vn -0.4104 0.9037 -0.1220
vn -0.1853 0.9812 -0.0538
vn 0.3283 -0.7281 -0.6017
vn -0.1853 -0.9812 -0.0538
vn 0.1641 -0.9420 -0.2927
vn -0.3240 -0.9171 -0.2324
vn -0.5975 -0.6692 -0.4418
vn -0.7928 -0.0000 -0.6095
vn -0.5975 0.6692 -0.4418
vn -0.3240 0.9171 -0.2324
vn -0.1457 0.9840 -0.1023
vn 0.0725 -0.9892 -0.1271
vn -0.1457 -0.9840 -0.1023
vn 0.2791 0.8900 -0.3607
vn -0.1820 -0.9315 -0.3150
vn -0.3484 -0.7010 -0.6222
vn -0.4711 -0.0000 -0.8821
vn -0.3484 0.7010 -0.6222
vn -0.1820 0.9315 -0.3150
vn -0.0815 0.9870 -0.1383
vn 0.4800 0.6442 -0.5954
vn -0.0815 -0.9870 -0.1383
vn -0.0000 -0.9902 -0.1395
vn -0.0000 -0.9469 -0.3215
vn -0.0000 -0.7405 -0.6721
vn -0.0000 0.7405 -0.6721
vn -0.0000 0.9379 -0.3470
vn -0.0000 0.9469 -0.3215
vn 0.5986 0.3330 -0.7286
vn -0.0000 -0.9884 -0.1522
vn 0.6369 -0.0000 -0.7709
vn 0.7459 0.6661 -0.0000
vn 0.7459 -0.6661 -0.0000
vn 0.4007 -0.9162 -0.0000
vn 0.1777 -0.9841 -0.0000
vn 0.5986 -0.3330 -0.7286
vn 0.3739 0.9204 0.1145
vn 0.1658 0.9849 0.0498
vn 0.4800 -0.6442 -0.5954
vn 0.7031 0.6758 0.2212
vn 0.9508 -0.0000 0.3098
vn 0.7031 -0.6758 0.2212
vn 0.3739 -0.9204 0.1145
vn 0.1658 -0.9849 0.0498
vn 0.2791 -0.8899 -0.3607
vn 0.2938 0.9308 0.2172
vn 0.1301 0.9870 0.0944
vn 0.5683 0.7006 0.4314
vn 0.7845 -0.0000 0.6201
vn 0.5683 -0.7006 0.4314
vn 0.2938 -0.9308 0.2172
vn 0.1301 -0.9870 0.0944
vn 0.3274 -0.2889 0.8996
vn 0.1641 0.9420 0.2927
vn 0.0725 0.9892 0.1271
vn 0.1153 -0.8655 -0.4875
vn 0.3283 0.7281 0.6017
vn 0.4616 -0.0000 0.8871
vn 0.3283 -0.7281 0.6017
vn 0.1641 -0.9420 0.2927
vn 0.0725 -0.9892 0.1271
vn 0.1998 -0.5937 -0.7795
vn -0.0000 0.9469 0.3215
vn -0.0000 0.9902 0.1395
vn 0.2434 -0.2941 -0.9243
vn -0.0000 0.7405 0.6721
vn -0.0000 -0.7405 0.6721
vn -0.0000 -0.9469 0.3215
vn -0.0000 -0.9902 0.1395
vn 0.2563 -0.0000 -0.9666
vn -0.1641 0.9420 0.2927
vn -0.0725 0.9892 0.1271
vn 0.2434 0.2941 -0.9243
vn -0.3283 0.7281 0.6017
vn -0.4616 -0.0000 0.8871
vn -0.3283 -0.7281 0.6017
vn -0.1641 -0.9420 0.2927
vn -0.0725 -0.9892 0.1271
vn 0.1998 0.5937 -0.7795
vn -0.2938 0.9308 0.2172
vn -0.1301 0.9870 0.0944
vn 0.1153 0.8655 -0.4875
vn -0.5683 0.7006 0.4314
vn -0.7845 -0.0000 0.6201
vn -0.5683 -0.7006 0.4314
vn -0.2938 -0.9308 0.2172
vn -0.1301 -0.9870 0.0944
vn 0.2507 -0.6803 0.6887
vn -0.3739 0.9204 0.1145
vn -0.1658 0.9849 0.0498
vn -0.7031 0.6758 0.2212
vn -0.9508 -0.0000 0.3098
vn -0.7031 -0.6758 0.2212
vn -0.3739 -0.9204 0.1145
vn -0.1658 -0.9849 0.0498
vn -0.0443 0.8441 -0.5344
vn -0.4007 0.9162 -0.0000
vn -0.1777 0.9841 -0.0000
vn -0.0610 0.5516 -0.8319
vn -0.7459 0.6661 -0.0000
vn -0.7459 -0.6661 -0.0000
vn -0.4007 -0.9162 -0.0000
vn -0.1777 -0.9841 -0.0000
vn -0.0682 0.2643 -0.9620
vn -0.3739 0.9204 -0.1145
vn -0.1658 0.9849 -0.0498
vn -0.0702 -0.0000 -0.9975
vn -0.7031 0.6758 -0.2212
vn -0.9508 -0.0000 -0.3098
vn -0.7031 -0.6758 -0.2212
vn -0.3739 -0.9204 -0.1145
vn -0.1658 -0.9849 -0.0498
vn -0.0682 -0.2643 -0.9620
vn -0.2938 0.9308 -0.2172
vn -0.1301 0.9870 -0.0944
vn -0.0610 -0.5516 -0.8319
vn -0.5683 0.7006 -0.4314
vn -0.7845 -0.0000 -0.6201
vn -0.5683 -0.7006 -0.4314
vn -0.2938 -0.9308 -0.2172
vn -0.1301 -0.9870 -0.0944
vn -0.0444 -0.8441 -0.5344
vn -0.1641 0.9420 -0.2927
vn -0.0725 0.9892 -0.1271
vn -0.3283 0.7281 -0.6017
vn -0.4616 -0.0000 -0.8871
vn -0.3283 -0.7281 -0.6017
vn -0.1641 -0.9420 -0.2927
vn -0.0725 -0.9892 -0.1271
vn 0.4731 -0.7185 0.5099
vn -0.1877 -0.8359 -0.5158
vn -0.0000 0.9902 -0.1395
vn -0.2887 -0.5362 -0.7932
vn -0.3308 -0.2540 -0.9089
vn -0.3420 -0.0000 -0.9397
vn -0.3308 0.2540 -0.9089
vn -0.2887 0.5362 -0.7932
vn 0.6595 -0.3299 0.6754
vn 0.7012 -0.0000 0.7130
vn 0.8794 0.3524 -0.3201
vn 0.9397 -0.0000 -0.3420
vn 0.8794 -0.3524 -0.3201
vn 0.6989 -0.6684 -0.2544
vn 0.4068 -0.9014 -0.1481
vn 0.6595 0.3299 0.6754
vn 0.7505 0.6442 0.1476
vn 0.4456 0.8900 0.0969
vn 0.4731 0.7185 0.5099
vn 0.9268 0.3330 0.1734
vn 0.9835 -0.0000 0.1811
vn 0.9268 -0.3330 0.1734
vn 0.7505 -0.6442 0.1476
vn 0.4456 -0.8900 0.0969
vn 0.6541 0.5937 0.4687
vn 0.4017 0.8655 0.2993
vn 0.7806 0.2941 0.5516
vn 0.8176 -0.0000 0.5757
vn 0.7806 -0.2941 0.5516
vn 0.6541 -0.5937 0.4687
vn 0.4017 -0.8655 0.2993
vn 0.6051 0.7905 0.0946
vn 0.4879 0.5516 0.6765
vn 0.3095 0.8441 0.4378
vn 0.9027 0.4195 0.0963
vn 0.5661 0.2643 0.7808
vn 0.5874 -0.0000 0.8093
vn 0.5661 -0.2643 0.7808
vn 0.4879 -0.5516 0.6765
vn 0.3095 -0.8441 0.4378
vn 0.9956 -0.0000 0.0935
vn 0.2887 0.5362 0.7932
vn 0.1877 0.8359 0.5158
vn 0.9027 -0.4195 0.0963
vn 0.3308 0.2540 0.9089
vn 0.3308 -0.2540 0.9089
vn 0.2887 -0.5362 0.7932
vn 0.1877 -0.8359 0.5158
vn 0.6051 -0.7905 0.0946
vn 0.0610 0.5516 0.8319
vn 0.0443 0.8441 0.5344
vn 0.0682 0.2643 0.9620
vn 0.0702 -0.0000 0.9975
vn 0.0682 -0.2643 0.9620
vn 0.0610 -0.5516 0.8319
vn 0.0444 -0.8441 0.5344
vn -0.1999 0.5937 0.7795
vn -0.1153 0.8655 0.4875
vn 0.4028 -0.7905 -0.4614
vn -0.2434 0.2941 0.9243
vn -0.2563 -0.0000 0.9666
vn -0.2434 -0.2941 0.9243
vn -0.1999 -0.5937 0.7795
vn -0.1153 -0.8655 0.4875
vn 0.6296 -0.4195 -0.6540
vn -0.4800 0.6442 0.5954
vn -0.2791 0.8900 0.3607
vn 0.7026 -0.0000 -0.7116
vn -0.5986 0.3330 0.7286
vn -0.6369 -0.0000 0.7709
vn -0.5986 -0.3330 0.7286
vn -0.4800 -0.6442 0.5954
vn -0.2791 -0.8900 0.3607
vn 0.6296 0.4195 -0.6540
vn -0.6989 0.6684 0.2544
vn -0.4068 0.9014 0.1481
vn 0.4028 0.7905 -0.4614
vn -0.8794 0.3524 0.3201
vn -0.9397 -0.0000 0.3420
vn -0.8794 -0.3524 0.3201
vn -0.6989 -0.6684 0.2544
vn -0.4068 -0.9014 0.1481
vn -0.7505 0.6442 -0.1476
vn -0.4456 0.8900 -0.0969
vn -0.9268 0.3330 -0.1734
vn -0.9835 -0.0000 -0.1811
vn -0.9268 -0.3330 -0.1734
vn -0.7505 -0.6442 -0.1476
vn -0.4456 -0.8900 -0.0969
vn 0.0347 0.7185 -0.6947
vn -0.6541 0.5937 -0.4687
vn -0.4017 0.8655 -0.2993
vn 0.0711 0.3299 -0.9413
vn -0.7806 0.2941 -0.5516
vn -0.8176 -0.0000 -0.5757
vn -0.7806 -0.2941 -0.5516
vn -0.6541 -0.5937 -0.4687
vn -0.4017 -0.8655 -0.2993
vn 0.0788 -0.0000 -0.9969
vn -0.4879 0.5516 -0.6765
vn -0.3095 0.8441 -0.4378
vn 0.0711 -0.3299 -0.9413
vn -0.5661 0.2643 -0.7808
vn -0.5874 -0.0000 -0.8093
vn -0.5661 -0.2643 -0.7808
vn -0.4879 -0.5516 -0.6765
vn -0.3095 -0.8441 -0.4378
vn 0.0347 -0.7185 -0.6947
vn -0.1877 0.8359 -0.5158
vn -0.2507 -0.6803 -0.6887
vn -0.2507 0.6803 -0.6887
vn 0.3274 0.2889 0.8996
vn 0.2507 0.6803 0.6887
vn -0.0788 -0.0000 0.9969
vn -0.0711 -0.3299 0.9413
vn -0.0347 -0.7185 0.6947
vn -0.0711 0.3299 0.9413
vn -0.0347 0.7185 0.6947
vn -0.7026 -0.0000 0.7116
vn -0.6296 -0.4195 0.6540
vn -0.4028 -0.7905 0.4614
vn -0.6296 0.4195 0.6540
vn -0.4028 0.7905 0.4614
vn -0.9956 -0.0000 -0.0935
vn -0.9027 -0.4195 -0.0963
vn -0.6051 -0.7905 -0.0946
vn -0.9027 0.4195 -0.0963
vn -0.6051 0.7905 -0.0946
vn -0.7012 -0.0000 -0.7130
vn -0.6595 -0.3299 -0.6754
vn -0.4731 -0.7185 -0.5099
vn -0.6595 0.3299 -0.6754
vn -0.4731 0.7185 -0.5099
vn -0.3274 -0.2889 -0.8996
vn -0.3274 0.2889 -0.8996
vn -0.5808 -0.6702 -0.4622
vn 0.6557 0.0913 -0.7495
vn -0.2488 -0.9259 0.2844
vn -0.3198 -0.1258 -0.9391
vn -0.0457 0.9054 0.4221
vn -0.6692 -0.2911 -0.6837
vn 0.5360 -0.6731 0.5096
vn -0.7523 -0.6534 0.0843
vn 0.6554 0.0969 -0.7491
vn -0.0593 -0.8345 0.5478
vn -0.3170 -0.1212 -0.9406
vn -0.6718 -0.2862 -0.6832
vn 0.5352 -0.6702 0.5142
vn -0.7552 -0.6497 0.0874
vn 0.1070 -0.1100 -0.9882
vn -0.0598 -0.8314 0.5524
vn 0.9865 -0.1635 -0.0054
vn -0.0788 0.9587 0.2734
vn -0.5556 -0.3786 -0.7402
vn 0.7169 -0.6534 0.2433
vn -0.7821 -0.6214 0.0457
vn 0.1070 -0.1044 -0.9888
vn -0.1854 -0.7428 0.6433
vn 0.9873 -0.1588 -0.0025
vn -0.5580 -0.3736 -0.7410
vn 0.7190 -0.6497 0.2469
vn -0.7853 -0.6173 0.0476
vn 0.2677 -0.2572 -0.9285
vn -0.1866 -0.7391 0.6473
vn 0.8000 -0.2911 -0.5247
vn 0.6395 -0.6173 0.4583
vn 0.8644 -0.3786 -0.3309
vn 0.8668 -0.3736 -0.3302
vn 0.8024 -0.2862 -0.5237
vn 0.2681 -0.2518 -0.9299
vn 0.6378 -0.6214 0.4550
vn 0.2868 -0.6710 -0.6837
vn -0.1287 -0.1588 -0.9789
vn -0.3933 0.8020 0.4496
vn 0.5686 -0.3269 -0.7549
vn -0.2454 -0.9279 0.2805
vn -0.9092 0.1537 -0.3869
vn -0.5762 -0.6731 -0.4635
vn 0.2820 -0.6738 -0.6830
vn -0.1257 -0.1635 -0.9785
vn 0.5661 -0.3319 -0.7546
vn 0.2984 -0.9460 0.1270
vn -0.9100 0.1482 -0.3872
vn -0.2938 -0.6710 0.6807
vn 0.7709 -0.6367 0.0172
vn -0.8976 -0.1212 0.4238
vn 0.5910 0.7665 0.2515
vn 0.7204 0.2855 0.6320
vn 0.2935 -0.9478 0.1249
vn -0.2497 -0.1720 -0.9529
vn -0.2967 -0.6738 0.6768
vn 0.7677 -0.6406 0.0148
vn -0.8984 -0.1258 0.4207
vn 0.7242 0.2829 0.6289
vn 0.1549 -0.7915 0.5911
vn -0.2495 -0.1775 -0.9520
vn -0.6634 -0.6367 0.3931
vn 0.5096 -0.5435 0.6670
vn -0.8658 -0.3269 -0.3789
vn 0.0917 0.9322 0.3500
vn 0.2579 -0.3536 -0.8991
vn 0.1538 -0.7949 0.5869
vn 0.7045 0.7000 -0.1168
vn -0.6618 -0.6406 0.3895
vn 0.5141 -0.5433 0.6637
vn -0.8634 -0.3319 -0.3799
vn 0.2558 -0.3586 -0.8978
vn 0.2829 -0.9580 -0.0469
vn 0.7084 0.6960 -0.1175
vn 0.2670 -0.5435 -0.7958
vn 0.7398 -0.6262 -0.2461
vn 0.4778 0.2855 -0.8308
vn -0.9553 0.2496 0.1584
vn 0.8895 0.4567 -0.0117
vn 0.2882 -0.9564 -0.0478
vn -0.5796 -0.2173 -0.7854
vn 0.2723 -0.5433 -0.7942
vn 0.7360 -0.6303 -0.2470
vn 0.4824 0.2829 -0.8290
vn 0.8901 0.4555 -0.0171
vn 0.3842 -0.7625 0.5206
vn -0.5789 -0.2228 -0.7844
vn -0.4533 -0.6262 0.6343
vn 0.9159 -0.3980 -0.0525
vn -0.9352 -0.3536 -0.0187
vn 0.1891 0.9480 0.2562
vn 0.9881 -0.1162 -0.1011
vn 0.3816 -0.7661 0.5172
vn 0.2532 0.8841 -0.3929
vn -0.4530 -0.6303 0.6305
vn 0.9163 -0.3963 -0.0578
vn -0.9333 -0.3586 -0.0203
vn 0.9872 -0.1207 -0.1041
vn 0.3058 -0.8254 -0.4746
vn 0.2558 0.8814 -0.3970
vn -0.3305 -0.3980 -0.8558
vn 0.6060 -0.6710 0.4272
vn -0.3569 0.4567 -0.8149
vn -0.5408 -0.0568 0.8392
vn 0.4815 -0.1731 -0.8592
vn 0.3083 -0.8222 -0.4784
vn 0.5784 0.1613 -0.7997
vn -0.3259 -0.3963 -0.8583
vn 0.6064 -0.6737 0.4223
vn -0.3521 0.4555 -0.8176
vn 0.4786 -0.1778 -0.8598
vn -0.1858 -0.9484 0.2569
vn 0.5789 0.1558 -0.8004
vn -0.5955 -0.6710 -0.4418
vn 0.7151 -0.6692 -0.2018
vn -0.2134 -0.1161 -0.9700
vn -0.3798 0.7615 0.5252
vn 0.9420 -0.1178 -0.3143
vn -0.1827 -0.9502 0.2526
vn -0.3339 0.0750 -0.9396
vn -0.5910 -0.6737 -0.4437
vn 0.7114 -0.6723 -0.2047
vn -0.2102 -0.1207 -0.9702
vn 0.9404 -0.1224 -0.3171
vn 0.1333 -0.9173 0.3752
vn -0.3341 0.0694 -0.9400
vn -0.6821 -0.6692 0.2947
vn 0.6841 -0.6710 0.2860
vn -0.9157 -0.1731 -0.3627
vn 0.1941 0.8149 0.5461
vn 0.2795 -0.3086 -0.9092
vn 0.1316 -0.9195 0.3703
vn 0.3897 0.1588 -0.9071
vn -0.6810 -0.6723 0.2902
vn 0.6834 -0.6737 0.2811
vn -0.9139 -0.1778 -0.3650
vn 0.2771 -0.3135 -0.9083
vn -0.1261 -0.9476 0.2934
vn 0.3901 0.1533 -0.9079
vn -0.6783 -0.6710 -0.2994
vn 0.7216 -0.6430 -0.2568
vn -0.4204 -0.1178 -0.8996
vn -0.2551 0.7632 0.5937
vn 0.8972 -0.0715 -0.4359
vn -0.1240 -0.9494 0.2886
vn -0.5553 -0.1414 -0.8195
vn -0.6744 -0.6737 -0.3022
vn 0.7177 -0.6468 -0.2580
vn -0.4173 -0.1224 -0.9005
vn 0.8954 -0.0759 -0.4388
vn 0.3289 -0.8101 0.4853
vn -0.5549 -0.1469 -0.8189
vn -0.5060 -0.6430 0.5750
vn 0.7274 -0.6689 0.1534
vn -0.9480 -0.3086 -0.0774
vn 0.2191 0.9206 0.3233
vn 0.9587 -0.2620 0.1109
vn 0.3263 -0.8134 0.4816
vn 0.2697 0.2272 -0.9358
vn -0.5057 -0.6468 0.5709
vn 0.7262 -0.6713 0.1485
vn -0.9463 -0.3135 -0.0793
vn 0.9576 -0.2669 0.1084
vn -0.0699 -0.9676 0.2427
vn 0.2700 0.2218 -0.9370
vn -0.6974 -0.6689 -0.2572
vn 0.4082 -0.6558 0.6351
vn -0.5277 -0.0715 -0.8464
vn -0.1932 0.7163 0.6705
vn 0.5809 0.1956 -0.7901
vn -0.0684 -0.9690 0.2375
vn 0.7227 -0.0651 -0.6881
vn -0.6938 -0.6713 -0.2607
vn 0.4090 -0.6594 0.6309
vn -0.5246 -0.0759 -0.8479
vn 0.5776 0.1924 -0.7933
vn -0.3783 -0.8527 0.3603
vn 0.7224 -0.0706 -0.6879
vn -0.6143 -0.6558 -0.4388
vn 0.6540 -0.5943 -0.4681
vn -0.0639 -0.2620 -0.9630
vn -0.3331 0.8879 0.3172
vn 0.8768 0.3709 0.3060
vn -0.3749 -0.8556 0.3570
vn -0.1786 0.5905 -0.7870
vn -0.6101 -0.6594 -0.4393
vn 0.6505 -0.5948 -0.4724
vn -0.0615 -0.2669 -0.9618
vn 0.8793 0.3689 0.3013
vn -0.0324 -0.9892 -0.1429
vn -0.1794 0.5860 -0.7902
vn -0.7920 -0.5943 -0.1398
vn 0.8014 -0.4804 0.3564
vn -0.8651 0.1956 -0.4619
vn 0.2042 0.3858 0.8997
vn 0.7830 -0.1651 -0.5997
vn -0.0337 -0.9884 -0.1483
vn 0.5028 0.7965 -0.3358
vn -0.7907 -0.5948 -0.1452
vn 0.8041 -0.4795 0.3516
vn -0.8635 0.1924 -0.4662
vn 0.2042 0.3857 0.8997
vn 0.7806 -0.1698 -0.6015
vn 0.3519 -0.9060 -0.2350
vn 0.5065 0.7931 -0.3382
vn -0.0221 -0.4804 -0.8768
vn 0.7370 -0.6698 0.0903
vn 0.0534 0.3709 -0.9271
vn -0.8269 0.1060 0.5522
vn -0.3643 0.0840 -0.9275
vn 0.3561 -0.9037 -0.2378
vn 0.0662 0.0872 -0.9940
vn -0.0166 -0.4795 -0.8774
vn 0.7348 -0.6728 0.0862
vn 0.0586 0.3689 -0.9276
vn -0.3682 0.0802 -0.9263
vn -0.0257 -0.9221 0.3860
vn 0.0663 0.0817 -0.9945
vn -0.7425 -0.6698 -0.0083
vn 0.0659 -0.6385 -0.7668
vn -0.6965 -0.1651 -0.6983
vn -0.0392 0.8078 0.5882
vn 0.6935 0.0583 -0.7181
vn -0.0254 -0.9243 0.3809
vn -0.8388 0.4453 -0.3133
vn -0.7397 -0.6728 -0.0121
vn 0.0605 -0.6398 -0.7661
vn -0.6939 -0.1698 -0.6998
vn 0.6908 0.0544 -0.7210
vn 0.0216 -0.9997 0.0081
vn -0.8411 0.4403 -0.3141
vn -0.4529 -0.6385 0.6223
vn 0.7271 -0.6460 -0.2326
vn -0.8831 0.0840 0.4616
vn 0.7906 0.5364 0.2953
vn 0.8876 0.0799 -0.4536
vn 0.0164 -0.9998 0.0061
vn -0.0629 0.4105 -0.9097
vn -0.4565 -0.6398 0.6183
vn 0.7243 -0.6475 -0.2371
vn -0.8853 0.0802 0.4581
vn 0.8860 0.0761 -0.4574
vn 0.0042 -0.9981 0.0614
vn -0.0631 0.4054 -0.9120
vn -0.7522 -0.6460 -0.1302
vn 0.7686 -0.6398 -0.0054
vn -0.7858 0.0583 -0.6157
vn 0.0568 0.5685 0.8207
vn 0.4673 0.4586 -0.7559
vn 0.0039 -0.9984 0.0558
vn 0.2306 0.4397 -0.8681
vn -0.7500 -0.6475 -0.1351
vn 0.7674 -0.6411 -0.0107
vn -0.7835 0.0544 -0.6190
vn 0.4630 0.4574 -0.7592
vn -0.0075 -0.9996 0.0283
vn 0.2312 0.4346 -0.8704
vn -0.6646 -0.6398 -0.3861
vn 0.4455 -0.3960 -0.8029
vn -0.5455 0.0799 -0.8343
vn -0.2158 0.5417 0.8124
vn 0.9065 0.0898 0.4125
vn -0.0061 -0.9997 0.0229
vn -0.1948 0.8858 -0.4212
vn -0.6609 -0.6411 -0.3901
vn 0.4413 -0.3942 -0.8061
vn -0.5423 0.0761 -0.8368
vn 0.9085 0.0860 0.4088
vn -0.2383 -0.8232 -0.5153
vn -0.1968 0.8832 -0.4257
vn -0.9003 -0.3960 -0.1806
vn 0.4916 -0.6367 0.5941
vn -0.8786 0.4586 -0.1335
vn 0.4190 -0.0605 0.9060
vn -0.1526 -0.1253 -0.9803
vn -0.2402 -0.8201 -0.5194
vn 0.8167 0.4530 -0.3575
vn -0.9000 -0.3942 -0.1859
vn 0.4950 -0.6380 0.5899
vn -0.8783 0.4574 -0.1390
vn -0.1555 -0.1299 -0.9793
vn -0.0132 -0.9999 0.0058
vn 0.8190 0.4480 -0.3585
vn -0.1031 -0.6367 -0.7642
vn 0.4019 -0.6711 -0.6231
vn 0.3119 0.0898 -0.9459
vn -0.7773 0.5291 0.3403
vn -0.4405 0.2064 -0.8737
vn -0.0081 -1.0000 0.0035
vn -0.8314 0.1476 -0.5357
vn -0.0976 -0.6380 -0.7639
vn 0.3970 -0.6738 -0.6232
vn 0.3159 0.0860 -0.9449
vn -0.4448 0.2033 -0.8722
vn 0.2775 -0.9440 0.1788
vn -0.8321 0.1421 -0.5362
vn -0.4014 -0.6711 0.6234
vn -0.1330 -0.5889 -0.7972
vn -0.9558 -0.1253 0.2661
vn 0.5359 0.7704 0.3453
vn 0.5095 0.3825 -0.7708
vn 0.2730 -0.9458 0.1759
vn -0.7733 0.6041 -0.1926
vn -0.4035 -0.6738 0.6190
vn -0.1385 -0.5893 -0.7959
vn -0.9560 -0.1299 0.2629
vn 0.5055 0.3806 -0.7743
vn -0.1585 -0.9866 -0.0395
vn -0.7766 0.5996 -0.1934
vn -0.4913 -0.5889 0.6417
vn 0.5343 -0.4705 -0.7023
vn -0.7988 0.2064 0.5651
vn 0.9015 0.3700 0.2245
vn 0.4696 -0.2762 -0.8386
vn -0.1638 -0.9856 -0.0408
vn -0.2001 0.8090 -0.5527
vn -0.4956 -0.5893 0.6381
vn 0.5303 -0.4695 -0.7060
vn -0.8019 0.2033 0.5618
vn 0.4670 -0.2811 -0.8384
vn -0.1504 -0.8970 -0.4156
vn -0.2016 0.8057 -0.5570
vn -0.8600 -0.4705 -0.1976
vn 0.7481 -0.6523 -0.1217
vn -0.8848 0.3825 -0.2661
vn 0.3391 0.0852 0.9369
vn 0.9480 -0.2031 -0.2451
vn -0.1521 -0.8945 -0.4203
vn -0.3607 -0.0882 -0.9285
vn -0.8593 -0.4695 -0.2030
vn 0.7445 -0.6560 -0.1240
vn -0.8840 0.3806 -0.2713
vn 0.9463 -0.2079 -0.2474
vn 0.1963 -0.8404 0.5052
vn -0.3605 -0.0937 -0.9280
vn -0.6340 -0.6523 0.4153
vn 0.6291 -0.6662 0.4005
vn -0.9126 -0.2762 -0.3016
vn 0.1591 0.8983 0.4095
vn -0.0407 0.1612 -0.9861
vn 0.1946 -0.8434 0.5008
vn 0.4427 0.0284 -0.8962
vn -0.6329 -0.6560 0.4112
vn 0.6285 -0.6694 0.3960
vn -0.9105 -0.2811 -0.3032
vn -0.0451 0.1579 -0.9864
vn -0.1951 -0.8978 0.3949
vn 0.4428 0.0229 -0.8963
vn -0.7004 -0.6662 -0.2562
vn 0.2484 -0.6100 -0.7525
vn -0.3814 -0.2031 -0.9018
vn -0.2396 0.8411 0.4850
vn 0.9674 0.0630 0.2451
vn -0.1929 -0.9002 0.3904
vn -0.6512 0.5468 -0.5262
vn -0.6964 -0.6694 -0.2585
vn 0.2430 -0.6107 -0.7536
vn -0.3786 -0.2079 -0.9019
vn 0.9686 0.0591 0.2413
vn -0.0730 -0.9956 -0.0590
vn -0.6536 0.5422 -0.5281
vn -0.6836 -0.6100 0.4008
vn 0.5669 -0.6447 0.5129
vn -0.9726 0.1612 0.1672
vn 0.7007 0.4341 0.5662
vn 0.1754 0.2780 -0.9444
vn -0.0774 -0.9950 -0.0625
vn 0.7557 0.4168 -0.5051
vn -0.6858 -0.6107 0.3958
vn 0.5695 -0.6462 0.5081
vn -0.9739 0.1579 0.1630
vn 0.1708 0.2753 -0.9461
vn -0.0454 -0.9985 0.0303
vn 0.7576 0.4117 -0.5064
vn -0.2571 -0.6447 -0.7199
vn 0.3193 -0.5483 -0.7729
vn 0.1435 0.0630 -0.9876
vn -0.6872 0.5628 0.4593
vn 0.8580 -0.2778 0.4321
vn -0.0407 -0.9988 0.0272
vn -0.4645 0.6911 -0.5537
vn -0.2517 -0.6462 -0.7205
vn 0.3142 -0.5482 -0.7751
vn 0.1475 0.0591 -0.9873
vn 0.8577 -0.2827 0.4295
vn -0.1767 -0.9615 -0.2106
vn -0.4670 0.6871 -0.5566
vn -0.8166 -0.5483 0.1802
vn 0.1533 -0.6519 0.7426
vn -0.9606 0.2780 0.0086
vn 0.6204 0.2616 0.7394
vn -0.6072 -0.0392 -0.7935
vn -0.1801 -0.9599 -0.2147
vn 0.9113 -0.0907 -0.4016
vn -0.8179 -0.5482 0.1747
vn 0.1554 -0.6556 0.7390
vn -0.9613 0.2753 0.0038
vn -0.6099 -0.0435 -0.7913
vn -0.4979 -0.8390 0.2194
vn 0.9109 -0.0962 -0.4013
vn -0.4446 -0.6519 -0.6143
vn -0.0256 -0.6655 -0.7460
vn 0.2601 -0.2778 -0.9248
vn -0.4000 0.8994 0.1762
vn 0.6243 -0.3880 -0.6780
vn -0.4936 -0.8420 0.2175
vn -0.9585 0.2740 -0.0784
vn -0.4404 -0.6556 -0.6134
vn -0.0302 -0.6677 -0.7438
vn 0.2618 -0.2827 -0.9228
vn 0.6219 -0.3930 -0.6773
vn 0.2048 -0.9787 0.0168
vn -0.9600 0.2686 -0.0785
vn -0.1465 -0.6655 0.7319
vn 0.7809 -0.6102 0.1338
vn -0.7281 -0.0392 0.6843
vn 0.7292 0.6817 0.0596
vn 0.7911 -0.3364 -0.5108
vn 0.1994 -0.9798 0.0163
vn -0.1819 -0.2769 -0.9435
vn -0.1507 -0.6677 0.7290
vn 0.7779 -0.6144 0.1317
vn -0.7304 -0.0435 0.6816
vn 0.7886 -0.3414 -0.5114
vn 0.1311 -0.7213 0.6801
vn -0.1816 -0.2823 -0.9420
vn -0.6751 -0.6102 0.4146
vn 0.7181 -0.6331 0.2889
vn -0.8316 -0.3880 -0.3973
vn 0.0491 0.9657 0.2548
vn -0.1625 -0.2891 -0.9434
vn 0.1304 -0.7252 0.6761
vn 0.0893 -0.1880 -0.9781
vn -0.6732 -0.6144 0.4115
vn 0.7159 -0.6371 0.2856
vn -0.8291 -0.3930 -0.3976
vn 0.0491 0.9657 0.2549
vn -0.1643 -0.2940 -0.9416
vn -0.0567 -0.7815 0.6213
vn 0.0892 -0.1935 -0.9770
vn -0.7585 -0.6331 0.1541
vn 0.5138 -0.6488 -0.5612
vn -0.6855 -0.3364 -0.6456
vn -0.0315 0.9380 0.3452
vn -0.2382 0.3633 -0.9007
vn -0.0563 -0.7850 0.6170
vn -0.8654 -0.1092 -0.4891
vn -0.7558 -0.6371 0.1513
vn 0.5097 -0.6526 -0.5607
vn -0.6830 -0.3414 -0.6457
vn -0.2434 0.3613 -0.9001
vn 0.4872 -0.8287 0.2754
vn -0.8648 -0.1147 -0.4888
vn -0.2157 -0.6488 0.7297
vn -0.1437 -0.4867 -0.8617
vn -0.8920 -0.2891 0.3475
vn 0.3659 0.9074 0.2068
vn 0.9391 -0.1166 0.3232
vn 0.4832 -0.8318 0.2731
vn -0.5686 0.7883 -0.2351
vn -0.2174 -0.6526 0.7259
vn -0.1492 -0.4858 -0.8612
vn -0.8914 -0.2940 0.3450
vn 0.9396 -0.1211 0.3200
vn -0.3798 -0.9117 -0.1570
vn -0.5727 0.7848 -0.2367
vn -0.7102 -0.4867 0.5087
vn 0.3703 -0.6710 0.6424
vn -0.8047 0.3633 0.4696
vn 0.9175 0.1194 0.3793
vn 0.9194 -0.3830 0.0898
vn -0.3845 -0.9094 -0.1589
vn 0.8608 0.1607 -0.4830
vn -0.7138 -0.4858 0.5045
vn 0.3727 -0.6737 0.6381
vn -0.8079 0.3613 0.4656
vn 0.9174 -0.3880 0.0882
vn -0.2770 -0.9482 0.1554
vn 0.8615 0.1552 -0.4834
vn -0.3553 -0.6710 -0.6508
vn 0.3654 -0.6127 0.7008
vn 0.2135 -0.1166 -0.9700
vn -0.5648 0.7619 0.3169
vn 0.6264 -0.2410 -0.7414
vn -0.2723 -0.9500 0.1528
vn 0.6471 -0.2682 -0.7137
vn -0.3505 -0.6737 -0.6506
vn 0.3653 -0.6169 0.6971
vn 0.2165 -0.1211 -0.9687
vn 0.6237 -0.2458 -0.7420
vn -0.4608 -0.7275 0.5082
vn 0.6461 -0.2736 -0.7125
vn -0.7331 -0.6127 -0.2953
vn 0.7510 -0.6602 -0.0055
vn -0.1791 -0.3830 -0.9062
vn -0.1802 0.9633 0.1987
vn 0.9134 -0.2828 -0.2926
vn -0.4581 -0.7314 0.5052
vn -0.1670 -0.0313 -0.9855
vn -0.7294 -0.6169 -0.2955
vn 0.7480 -0.6637 -0.0086
vn -0.1773 -0.3880 -0.9044
vn 0.9114 -0.2878 -0.2942
vn 0.0824 -0.8699 0.4864
vn -0.1669 -0.0369 -0.9853
vn -0.7109 -0.6602 0.2423
vn 0.6286 -0.6506 0.4261
vn -0.8356 -0.2410 -0.4937
vn 0.0818 0.8719 0.4829
vn 0.3051 0.1880 -0.9336
vn 0.0816 -0.8726 0.4816
vn 0.3666 -0.0990 -0.9251
vn -0.7091 -0.6637 0.2383
vn 0.6275 -0.6543 0.4221
vn -0.8333 -0.2458 -0.4951
vn 0.3010 0.1847 -0.9356
vn -0.2030 -0.8344 0.5123
vn 0.3664 -0.1045 -0.9246
vn -0.7499 -0.6506 -0.1202
vn 0.4795 -0.5979 -0.6423
vn -0.4651 -0.2828 -0.8389
vn -0.1582 0.9030 0.3993
vn 0.0641 -0.0901 -0.9939
vn -0.2013 -0.8375 0.5080
vn -0.4182 0.5809 -0.6983
vn -0.7463 -0.6543 -0.1223
vn 0.4748 -0.5985 -0.6453
vn -0.4625 -0.2878 -0.8386
vn 0.0608 -0.0946 -0.9937
vn -0.0693 -0.9909 -0.1157
vn -0.4199 0.5764 -0.7011
vn -0.7926 -0.5979 0.1196
vn 0.5048 -0.6701 -0.5442
vn -0.9670 0.1880 -0.1717
vn 0.4717 0.3966 0.7875
vn 0.1748 0.4858 -0.8564
vn -0.0721 -0.9901 -0.1205
vn -0.6858 0.1999 -0.6998
vn -0.7930 -0.5985 0.1140
vn 0.5000 -0.6727 -0.5455
vn -0.9668 0.1847 -0.1763
vn 0.1695 0.4849 -0.8580
vn 0.1956 -0.9601 0.1996
vn -0.6866 0.1945 -0.7006
vn -0.5543 -0.6701 0.4937
vn 0.1019 -0.3644 -0.9257
vn -0.9950 -0.0901 0.0440
vn 0.4742 0.7355 0.4839
vn 0.4381 -0.0304 -0.8984
vn 0.1919 -0.9617 0.1958
vn -0.2993 0.9109 -0.2842
vn -0.5555 -0.6727 0.4889
vn 0.0968 -0.3624 -0.9270
vn -0.9947 -0.0946 0.0407
vn 0.4348 -0.0347 -0.8999
vn -0.4451 -0.7895 -0.4226
vn -0.3030 0.9085 -0.2877
vn -0.9191 -0.3644 0.1496
vn 0.6526 -0.6643 -0.3645
vn -0.8462 0.4858 0.2189
vn 0.7202 -0.1174 0.6838
vn 0.9323 0.3083 -0.1889
vn -0.4483 -0.7860 -0.4256
vn -0.3571 0.2865 -0.8890
vn -0.9207 -0.3624 0.1447
vn 0.6486 -0.6664 -0.3677
vn -0.8481 0.4849 0.2137
vn 0.9321 0.3059 -0.1940
vn 0.0719 -0.9812 0.1789
vn -0.3577 0.2812 -0.8905
vn -0.7234 -0.6643 0.1883
vn 0.8487 -0.5282 -0.0272
vn -0.9379 -0.0304 -0.3457
vn 0.2760 0.6721 0.6871
vn 0.5450 0.4653 0.6974
vn 0.0698 -0.9823 0.1738
vn 0.3156 0.7266 -0.6103
vn -0.7227 -0.6664 0.1831
vn 0.8487 -0.5278 -0.0327
vn -0.9365 -0.0347 -0.3490
vn 0.5497 0.4642 0.6945
vn 0.1483 -0.9464 -0.2868
vn 0.3174 0.7227 -0.6139
vn -0.4685 -0.5282 -0.7082
vn 0.6085 -0.3884 0.6920
vn -0.3848 0.3083 -0.8700
vn -0.4488 0.2127 0.8680
vn 0.7759 -0.2321 -0.5866
vn 0.1507 -0.9446 -0.2915
vn 0.4500 0.8922 -0.0386
vn -0.4640 -0.5278 -0.7115
vn 0.6130 -0.3866 0.6891
vn -0.3806 0.3059 -0.8727
vn 0.7735 -0.2370 -0.5879
vn 0.5770 -0.8152 -0.0494
vn 0.4550 0.8897 -0.0390
vn 0.4820 -0.3884 -0.7854
vn 0.7339 -0.6619 0.1526
vn 0.4185 0.4653 -0.7800
vn -0.9936 -0.0744 0.0851
vn -0.1388 0.1108 -0.9841
vn 0.5815 -0.8120 -0.0498
vn 0.0567 -0.0172 -0.9982
vn 0.4868 -0.3866 -0.7833
vn 0.7316 -0.6652 0.1488
vn 0.4235 0.4642 -0.7779
vn -0.1431 0.1071 -0.9839
vn -0.0273 -0.8767 0.4802
vn 0.0567 -0.0228 -0.9981
vn -0.7465 -0.6619 0.0686
vn 0.2186 -0.6296 -0.7455
vn -0.7045 -0.2321 -0.6707
vn -0.0285 0.8649 0.5012
vn 0.7579 -0.4580 -0.4646
vn -0.0270 -0.8794 0.4753
vn -0.7292 0.4810 -0.4868
vn -0.7438 -0.6653 0.0651
vn 0.2132 -0.6308 -0.7461
vn -0.7019 -0.2370 -0.6717
vn -0.0284 0.8649 0.5012
vn 0.7553 -0.4629 -0.4639
vn -0.0143 -0.9999 -0.0096
vn -0.7314 0.4761 -0.4882
vn -0.6047 -0.6296 0.4878
vn 0.7286 -0.5672 0.3840
vn -0.9621 0.1108 0.2492
vn 0.7193 0.5020 0.4802
vn 0.6923 -0.3045 0.6543
vn -0.0190 -0.9997 -0.0127
vn 0.0316 -0.4034 -0.9145
vn -0.6073 -0.6308 0.4830
vn 0.7262 -0.5717 0.3818
vn -0.9635 0.1071 0.2452
vn 0.6925 -0.3094 0.6517
vn -0.0270 -0.6218 0.7827
vn 0.0315 -0.4085 -0.9122
vn -0.7533 -0.5672 0.3328
vn -0.0864 -0.6443 0.7599
vn -0.7240 -0.4580 -0.5158
vn -0.0044 0.9918 0.1275
vn 0.9040 0.4094 0.1228
vn -0.0269 -0.6262 0.7792
vn 0.9819 -0.1346 -0.1332
vn -0.7508 -0.5717 0.3309
vn -0.0835 -0.6481 0.7570
vn -0.7216 -0.4629 -0.5148
vn 0.9054 0.4078 0.1177
vn -0.5754 -0.8141 0.0781
vn 0.9811 -0.1401 -0.1331
vn -0.2857 -0.6443 -0.7094
vn 0.8832 -0.4461 0.1449
vn 0.4929 -0.3045 -0.8151
vn -0.3933 0.9179 0.0534
vn 0.9397 -0.3142 -0.1353
vn -0.5709 -0.8174 0.0775
vn 0.3756 0.8372 -0.3975
vn -0.2822 -0.6481 -0.7074
vn 0.8847 -0.4448 0.1397
vn 0.4938 -0.3094 -0.8127
vn 0.9378 -0.3191 -0.1370
vn 0.3339 -0.8739 -0.3533
vn 0.3788 0.8342 -0.4008
vn -0.1945 -0.4461 -0.8736
vn 0.5386 -0.6411 0.5467
vn -0.1737 0.4094 -0.8957
vn -0.6864 0.0355 0.7263
vn -0.2089 0.2739 -0.9388
vn 0.3372 -0.8712 -0.3568
vn 0.5012 -0.1507 -0.8521
vn -0.1894 -0.4448 -0.8754
vn 0.5380 -0.6450 0.5427
vn -0.1686 0.4078 -0.8974
vn -0.2138 0.2712 -0.9385
vn -0.3010 -0.8046 0.5119
vn 0.5007 -0.1562 -0.8514
vn -0.7396 -0.6411 -0.2050
vn -0.0045 -0.5509 -0.8346
vn -0.3385 -0.3142 -0.8870
vn -0.1936 0.9242 0.3292
vn 0.9461 0.2732 0.1739
vn -0.2988 -0.8079 0.5080
vn -0.6479 0.6863 -0.3304
vn -0.7358 -0.6450 -0.2064
vn -0.0101 -0.5508 -0.8346
vn -0.3361 -0.3191 -0.8861
vn 0.9477 0.2705 0.1693
vn -0.2392 -0.9633 -0.1220
vn -0.6513 0.6823 -0.3322
vn -0.6782 -0.5509 0.4863
vn 0.7696 -0.5513 0.3220
vn -0.8826 0.2739 0.3821
vn 0.8583 0.2679 0.4377
vn 0.2087 -0.0750 -0.9751
vn -0.2440 -0.9618 -0.1245
vn 0.5577 0.6854 -0.4681
vn -0.6815 -0.5508 0.4818
vn 0.7718 -0.5512 0.3169
vn -0.8852 0.2713 0.3780
vn 0.2053 -0.0794 -0.9755
vn 0.2048 -0.9636 -0.1719
vn 0.5607 0.6814 -0.4705
vn -0.1836 -0.5513 -0.8138
vn 0.5705 -0.6692 -0.4762
vn -0.0071 0.2732 -0.9619
vn -0.7377 0.2691 0.6191
vn 0.9870 -0.0137 -0.1599
vn 0.2089 -0.9621 -0.1753
vn -0.5724 0.2221 -0.7893
vn -0.1781 -0.5512 -0.8151
vn 0.5659 -0.6716 -0.4782
vn -0.0023 0.2705 -0.9627
vn 0.9864 -0.0179 -0.1635
vn 0.1513 -0.9662 0.2086
vn -0.5732 0.2167 -0.7903
vn -0.6298 -0.6692 0.3944
vn 0.6828 -0.6617 0.3096
vn -0.9917 -0.0750 -0.1046
vn 0.4075 0.7199 0.5618
vn 0.7653 0.4428 0.4673
vn 0.1481 -0.9677 0.2042
vn 0.5170 0.3103 -0.7978
vn -0.6304 -0.6716 0.3894
vn 0.6832 -0.6638 0.3045
vn -0.9910 -0.0794 -0.1079
vn 0.7686 0.4414 0.4630
vn -0.0915 -0.9857 0.1412
vn 0.5179 0.3049 -0.7992
vn -0.5616 -0.6617 -0.4967
vn 0.7877 -0.4130 0.4571
vn -0.2573 -0.0137 -0.9662
vn -0.4116 0.6535 0.6352
vn 0.8545 0.3976 -0.3342
vn -0.0885 -0.9867 0.1366
vn 0.4481 0.8706 -0.2030
vn -0.5570 -0.6638 -0.4992
vn 0.7910 -0.4114 0.4529
vn -0.2538 -0.0180 -0.9671
vn 0.8533 0.3959 -0.3393
vn 0.4930 -0.8409 -0.2233
vn 0.4525 0.8679 -0.2050
vn 0.1759 -0.4130 -0.8936
vn 0.8420 -0.4570 -0.2866
vn 0.1534 0.4428 -0.8834
vn -0.9105 -0.0288 0.4125
vn 0.3194 -0.2168 -0.9225
vn 0.4973 -0.8378 -0.2253
vn 0.1438 0.8250 -0.5466
vn 0.1812 -0.4114 -0.8933
vn 0.8408 -0.4559 -0.2919
vn 0.1588 0.4414 -0.8831
vn 0.3166 -0.2217 -0.9223
vn 0.1187 -0.8844 -0.4514
vn 0.1449 0.8218 -0.5510
vn -0.5920 -0.4570 -0.6638
vn 0.6878 -0.6643 -0.2925
vn -0.5795 0.3976 -0.7114
vn -0.2539 0.0575 0.9655
vn 0.8692 0.4450 0.2156
vn 0.1200 -0.8818 -0.4562
vn -0.5048 0.0069 -0.8632
vn -0.5884 -0.4559 -0.6678
vn 0.6838 -0.6676 -0.2945
vn -0.5759 0.3959 -0.7153
vn 0.8711 0.4437 0.2105
vn 0.2321 -0.8881 0.3968
vn -0.5049 0.0013 -0.8632
vn -0.5921 -0.6643 0.4561
vn 0.8903 -0.4107 0.1966
vn -0.9606 -0.2168 -0.1739
vn 0.2639 0.8525 0.4512
vn -0.3913 -0.2717 -0.8792
vn 0.2296 -0.8906 0.3925
vn 0.3630 0.8728 -0.3263
vn -0.5919 -0.6676 0.4516
vn 0.8922 -0.4091 0.1916
vn -0.9591 -0.2217 -0.1762
vn -0.3928 -0.2766 -0.8770
vn 0.4053 -0.8385 -0.3643
vn 0.3666 0.8700 -0.3295
vn -0.1009 -0.4107 -0.9062
vn 0.3466 -0.6535 -0.6729
vn -0.1220 0.4450 -0.8872
vn -0.7433 -0.0332 0.6681
vn 0.6406 0.4199 -0.6429
vn 0.4088 -0.8354 -0.3674
vn -0.9599 -0.0808 -0.2684
vn -0.0957 -0.4091 -0.9075
vn 0.3426 -0.6571 -0.6714
vn -0.1168 0.4437 -0.8885
vn 0.6373 0.4184 -0.6471
vn 0.5160 -0.8444 0.1442
vn -0.9595 -0.0863 -0.2682
vn -0.0526 -0.6535 0.7551
vn 0.6429 -0.4361 -0.6297
vn -0.7906 -0.2717 0.5488
vn 0.4295 0.8950 0.1201
vn 0.3352 0.4728 -0.8149
vn 0.5114 -0.8474 0.1430
vn -0.0910 0.8479 -0.5223
vn -0.0553 -0.6571 0.7518
vn 0.6396 -0.4347 -0.6340
vn -0.7907 -0.2766 0.5462
vn 0.3303 0.4718 -0.8175
vn -0.0864 -0.8641 -0.4959
vn -0.0918 0.8449 -0.5269
vn -0.8179 -0.4361 -0.3753
vn 0.2911 -0.3799 -0.8780
vn -0.8202 0.4199 -0.3885
vn 0.1716 0.0156 0.9850
vn 0.0919 -0.4289 -0.8987
vn -0.0872 -0.8613 -0.5006
vn -0.2506 0.8991 -0.3589
vn -0.8163 -0.4347 -0.3804
vn 0.2864 -0.3780 -0.8804
vn -0.8186 0.4184 -0.3936
vn 0.0907 -0.4338 -0.8964
vn -0.3388 -0.8062 -0.4851
vn -0.2535 0.8966 -0.3630
vn -0.9246 -0.3799 -0.0291
vn 0.7300 -0.5870 -0.3502
vn -0.8805 0.4728 0.0340
vn 0.5702 -0.0899 0.8166
vn 0.0515 -0.2193 -0.9743
vn -0.3413 -0.8029 -0.4888
vn -0.7104 -0.3499 -0.6107
vn -0.9252 -0.3780 -0.0343
vn 0.7266 -0.5914 -0.3498
vn -0.8813 0.4718 0.0286
vn 0.0489 -0.2241 -0.9733
vn 0.5657 -0.6660 0.4863
vn -0.7089 -0.3551 -0.6094
vn -0.2366 -0.5870 0.7743
vn 0.5816 -0.6640 -0.4701
vn -0.8747 -0.4289 0.2258
vn 0.1400 0.9828 0.1204
vn -0.2310 0.5001 -0.8346
vn 0.5629 -0.6701 0.4838
vn -0.7245 0.0030 -0.6893
vn -0.2367 -0.5914 0.7709
vn 0.5771 -0.6673 -0.4708
vn -0.8726 -0.4339 0.2243
vn -0.2364 0.4994 -0.8335
vn 0.3355 -0.8863 0.3192
vn -0.7245 -0.0026 -0.6893
vn -0.4405 -0.6640 0.6043
vn -0.3536 -0.3465 -0.8689
vn -0.9705 -0.2193 0.1000
vn 0.3763 0.8545 0.3580
vn -0.4866 0.3283 -0.8096
vn 0.3320 -0.8889 0.3158
vn -0.3696 0.9234 -0.1035
vn -0.4414 -0.6673 0.5999
vn -0.3586 -0.3443 -0.8677
vn -0.9697 -0.2241 0.0973
vn -0.4913 0.3260 -0.8077
vn -0.6147 -0.7698 -0.1721
vn -0.3746 0.9213 -0.1048
vn -0.7533 -0.3465 0.5590
vn -0.3341 -0.5139 -0.7901
vn -0.6307 0.5001 0.5933
vn 0.9523 -0.1487 0.2666
vn 0.8621 0.3178 0.3947
vn -0.6188 -0.7662 -0.1732
vn -0.6567 0.7494 -0.0839
vn -0.7569 -0.3443 0.5554
vn -0.3394 -0.5133 -0.7883
vn -0.6348 0.4994 0.5896
vn 0.8649 0.3154 0.3905
vn -0.3519 -0.9350 -0.0450
vn -0.6609 0.7457 -0.0844
vn -0.5221 -0.5139 0.6807
vn 0.7115 -0.5215 0.4709
vn -0.6745 0.3283 0.6613
vn 0.9758 0.1795 0.1247
vn 0.7836 -0.1933 0.5904
vn -0.3571 -0.9330 -0.0456
vn 0.6027 0.7374 -0.3049
vn -0.5267 -0.5133 0.6776
vn 0.7148 -0.5210 0.4664
vn -0.6786 0.3260 0.6582
vn 0.7845 -0.1981 0.5876
vn 0.3015 -0.9412 -0.1526
vn 0.6063 0.7336 -0.3068
vn 0.0421 -0.5215 -0.8522
vn 0.0866 -0.6674 0.7397
vn 0.1927 0.3178 -0.9284
vn -0.8748 0.1971 0.4426
vn 0.7936 -0.4226 0.4377
vn 0.3062 -0.9393 -0.1549
vn 0.9769 0.0437 -0.2092
vn 0.0476 -0.5210 -0.8522
vn 0.0898 -0.6705 0.7364
vn 0.1977 0.3154 -0.9281
vn 0.7921 -0.4276 0.4357
vn -0.4172 -0.9044 0.0894
vn 0.9771 0.0381 -0.2093
vn -0.2240 -0.6674 -0.7102
vn 0.0392 -0.5909 0.8058
vn 0.4731 -0.1933 -0.8595
vn -0.5414 0.8327 0.1160
vn 0.8192 0.1324 -0.5580
vn -0.4123 -0.9068 0.0883
vn 0.8457 -0.3385 -0.4127
vn -0.2197 -0.6705 -0.7086
vn 0.0403 -0.5952 0.8025
vn 0.4750 -0.1981 -0.8574
vn 0.8172 0.1288 -0.5618
vn -0.6631 -0.6750 0.3236
vn 0.8439 -0.3437 -0.4118
vn -0.6111 -0.5909 -0.5268
vn 0.7676 -0.6217 -0.1560
vn 0.1433 -0.4226 -0.8949
vn -0.1766 0.9805 0.0862
vn 0.1983 0.1075 -0.9742
vn -0.6597 -0.6791 0.3219
vn 0.1097 0.5094 -0.8535
vn -0.6078 -0.5952 -0.5256
vn 0.7657 -0.6227 -0.1612
vn 0.1440 -0.4276 -0.8924
vn 0.1943 0.1038 -0.9754
vn 0.0064 -0.9988 -0.0495
vn 0.1101 0.5046 -0.8563
vn -0.7032 -0.6217 -0.3450
vn 0.4575 -0.6308 -0.6268
vn -0.6515 0.1324 -0.7470
vn -0.1123 0.4734 0.8736
vn 0.7877 0.3292 -0.5208
vn 0.0071 -0.9985 -0.0550
vn -0.5256 0.4766 -0.7047
vn -0.7000 -0.6227 -0.3496
vn 0.4525 -0.6320 -0.6291
vn -0.6485 0.1288 -0.7502
vn 0.7855 0.3269 -0.5254
vn -0.0073 -0.9999 -0.0098
vn -0.5271 0.4717 -0.7068
vn -0.7312 -0.6308 0.2597
vn 0.7749 -0.5132 -0.3689
vn -0.9903 0.1075 -0.0878
vn 0.5155 0.5063 0.6913
vn 0.9907 0.0946 0.0975
vn -0.0106 -0.9998 -0.0143
vn 0.0552 0.7504 -0.6587
vn -0.7321 -0.6320 0.2543
vn 0.7728 -0.5127 -0.3740
vn -0.9903 0.1038 -0.0920
vn 0.9915 0.0908 0.0934
vn 0.0298 -0.9344 -0.3549
vn 0.0556 0.7467 -0.6628
vn -0.7027 -0.5132 -0.4928
vn 0.6607 -0.6351 0.4001
vn -0.6900 0.3292 -0.6447
vn -0.0822 0.1781 0.9806
vn 0.9761 0.1691 -0.1362
vn 0.0302 -0.9324 -0.3601
vn 0.6547 0.4594 -0.6002
vn -0.6998 -0.5127 -0.4975
vn 0.6626 -0.6364 0.3950
vn -0.6871 0.3269 -0.6489
vn 0.9761 0.1658 -0.1407
vn -0.0053 -1.0000 0.0049
vn 0.6566 0.4545 -0.6020
vn -0.3413 -0.6351 -0.6929
vn 0.7774 -0.6065 0.1667
vn -0.0113 0.0946 -0.9955
vn -0.6283 0.5230 0.5760
vn 0.7634 0.4920 -0.4184
vn -0.0012 -1.0000 0.0011
vn 0.4556 0.5569 -0.6944
vn -0.3361 -0.6364 -0.6943
vn 0.7780 -0.6072 0.1612
vn -0.0072 0.0909 -0.9958
vn 0.7612 0.4912 -0.4235
vn 0.0581 -0.9944 -0.0886
vn 0.4573 0.5523 -0.6970
vn -0.4624 -0.6065 -0.6468
vn 0.7691 -0.3567 -0.5304
vn -0.2636 0.1691 -0.9497
vn -0.4970 0.4232 0.7575
vn 0.9754 -0.1748 0.1343
vn 0.0612 -0.9938 -0.0932
vn 0.0201 0.9164 -0.3997
vn -0.4576 -0.6072 -0.6495
vn 0.7668 -0.3546 -0.5351
vn -0.2595 0.1658 -0.9514
vn 0.9749 -0.1795 0.1313
vn 0.0314 -0.7810 -0.6237
vn 0.0204 0.9142 -0.4048
vn -0.7119 -0.3567 -0.6050
vn 0.4480 -0.6691 0.5929
vn -0.7175 0.4920 -0.4930
vn -0.0499 -0.1310 0.9901
vn 0.9285 0.1864 -0.3212
vn 0.0316 -0.7775 -0.6280
vn 0.7526 0.0724 -0.6545
vn -0.7091 -0.3546 -0.6094
vn 0.4493 -0.6722 0.5885
vn -0.7148 0.4912 -0.4978
vn 0.9276 0.1832 -0.3257
vn -0.3022 -0.9163 0.2628
vn 0.7529 0.0668 -0.6548
vn -0.5251 -0.6691 -0.5259
vn 0.8010 -0.5987 -0.0044
vn 0.0024 -0.1748 -0.9846
vn -0.4357 0.8164 0.3789
vn 0.9853 -0.0911 0.1444
vn -0.2984 -0.9185 0.2595
vn 0.3044 0.5789 -0.7564
vn -0.5204 -0.6722 -0.5266
vn 0.8005 -0.5992 -0.0100
vn 0.0052 -0.1795 -0.9837
vn 0.9854 -0.0956 0.1411
vn 0.0495 -0.9912 -0.1229
vn 0.3056 0.5744 -0.7594
vn -0.5746 -0.5987 -0.5581
vn 0.5008 -0.6702 0.5478
vn -0.4471 0.1864 -0.8749
vn -0.3424 0.3989 0.8507
vn -0.0110 0.4361 -0.8998
vn 0.0515 -0.9904 -0.1280
vn 0.7532 0.1984 -0.6271
vn -0.5704 -0.5992 -0.5617
vn 0.5024 -0.6727 0.5431
vn -0.4434 0.1832 -0.8774
vn -0.0164 0.4348 -0.9004
vn -0.2159 -0.9597 0.1798
vn 0.7541 0.1930 -0.6278
vn -0.4480 -0.6702 -0.5917
vn -0.0222 -0.4199 -0.9073
vn 0.0366 -0.0911 -0.9952
vn -0.5198 0.7365 0.4328
vn 0.0606 0.1954 -0.9788
vn -0.2118 -0.9613 0.1763
vn -0.4181 0.8641 -0.2801
vn -0.4431 -0.6727 -0.5926
vn -0.0275 -0.4183 -0.9079
vn 0.0398 -0.0956 -0.9946
vn 0.0561 0.1923 -0.9797
vn -0.4405 -0.8479 -0.2951
vn -0.4221 0.8613 -0.2828
vn -0.8476 -0.4199 0.3245
vn 0.2965 -0.5943 -0.7476
vn -0.8364 0.4361 0.3320
vn 0.8306 -0.0157 0.5566
vn 0.0446 0.0122 -0.9989
vn -0.4444 -0.8449 -0.2978
vn -0.5764 0.5903 -0.5650
vn -0.8501 -0.4183 0.3198
vn 0.2912 -0.5948 -0.7492
vn -0.8390 0.4348 0.3273
vn 0.0408 0.0081 -0.9991
vn -0.1046 -0.9892 -0.1025
vn -0.5787 0.5858 -0.5673
vn -0.7415 -0.5943 0.3113
vn 0.4241 -0.6569 -0.6233
vn -0.9774 0.1955 0.0801
vn 0.6588 0.3859 0.6458
vn 0.7891 -0.0514 -0.6121
vn -0.1085 -0.9884 -0.1063
vn -0.6667 0.3468 -0.6597
vn -0.7433 -0.5948 0.3061
vn 0.4191 -0.6588 -0.6248
vn -0.9784 0.1923 0.0756
vn 0.7868 -0.0557 -0.6147
vn 0.0924 -0.9915 0.0914
vn -0.6681 0.3416 -0.6611
vn -0.6189 -0.6569 0.4307
vn 0.7449 -0.6670 -0.0188
vn -0.9984 0.0122 0.0551
vn 0.5556 0.6237 0.5498
vn 0.0035 0.3447 -0.9387
vn 0.0885 -0.9922 0.0875
vn 0.0719 0.2564 -0.9639
vn -0.6204 -0.6588 0.4256
vn 0.7427 -0.6692 -0.0234
vn -0.9987 0.0081 0.0513
vn -0.0015 0.3425 -0.9395
vn -0.0166 -0.9747 0.2227
vn 0.0720 0.2510 -0.9653
vn -0.7338 -0.6670 -0.1291
vn 0.1058 -0.5015 -0.8587
vn -0.6896 -0.0514 -0.7224
vn -0.0535 0.6949 0.7171
vn 0.8802 0.4417 -0.1737
vn -0.0162 -0.9760 0.2173
vn -0.5045 0.7678 -0.3949
vn -0.7310 -0.6692 -0.1333
vn 0.1004 -0.5008 -0.8597
vn -0.6869 -0.0557 -0.7246
vn 0.8797 0.4404 -0.1791
vn -0.3000 -0.9246 -0.2348
vn -0.5079 0.7642 -0.3975
vn -0.8081 -0.5015 0.3090
vn 0.8892 -0.4140 -0.1948
vn -0.9104 0.3447 0.2290
vn 0.7784 0.1517 0.6092
vn -0.1493 -0.2193 -0.9642
vn -0.3041 -0.9225 -0.2380
vn 0.1937 0.8696 -0.4541
vn -0.8104 -0.5008 0.3040
vn 0.8887 -0.4125 -0.2001
vn -0.9124 0.3425 0.2242
vn -0.1517 -0.2241 -0.9627
vn 0.2117 -0.8419 -0.4963
vn 0.1956 0.8669 -0.4585
vn -0.4747 -0.4140 -0.7767
vn 0.4729 -0.6640 -0.5793
vn -0.4837 0.4417 -0.7556
vn -0.3923 -0.0268 0.9194
vn 0.8801 -0.1501 0.4505
vn 0.2136 -0.8389 -0.5006
vn -0.8504 0.0030 -0.5261
vn -0.4705 -0.4125 -0.7801
vn 0.4684 -0.6673 -0.5791
vn -0.4795 0.4404 -0.7590
vn 0.8808 -0.1548 0.4475
vn 0.3939 -0.8863 0.2437
vn -0.8504 -0.0026 -0.5261
vn -0.3073 -0.6640 0.6817
vn 0.2475 -0.6706 0.6993
vn -0.9294 -0.2193 0.2968
vn 0.4417 0.8545 0.2733
vn 0.9942 0.0971 -0.0454
vn 0.3897 -0.8888 0.2411
vn 0.9249 0.1101 -0.3639
vn -0.3091 -0.6673 0.6776
vn 0.2504 -0.6735 0.6955
vn -0.9291 -0.2241 0.2940
vn 0.9944 0.0934 -0.0495
vn -0.3402 -0.9308 0.1338
vn 0.9255 0.1045 -0.3641
vn -0.2953 -0.6706 -0.6805
vn 0.7128 -0.6343 0.2993
vn 0.3372 -0.1501 -0.9294
vn -0.5657 0.7940 0.2226
vn 0.8098 0.0356 0.5856
vn -0.3353 -0.9328 0.1319
vn 0.5607 0.4628 -0.6866
vn -0.2906 -0.6735 -0.6797
vn 0.7139 -0.6355 0.2940
vn 0.3398 -0.1548 -0.9277
vn -0.5657 0.7940 0.2225
vn 0.8122 0.0315 0.5825
vn -0.0022 -1.0000 0.0027
vn 0.5623 0.4578 -0.6886
vn -0.4357 -0.6343 -0.6386
vn 0.3106 -0.6518 0.6919
vn -0.1543 0.0971 -0.9832
vn -0.5404 0.5197 0.6617
vn 0.6972 0.2917 -0.6549
vn 0.0014 -1.0000 -0.0017
vn 0.9050 0.3792 -0.1927
vn -0.4307 -0.6355 -0.6408
vn 0.3147 -0.6534 0.6885
vn -0.1502 0.0934 -0.9842
vn 0.6944 0.2892 -0.6590
vn -0.0934 -0.9954 0.0199
vn 0.9071 0.3741 -0.1931
vn 0.0018 -0.6518 -0.7584
vn 0.7116 -0.5394 -0.4502
vn 0.5010 0.0356 -0.8647
vn -0.7853 0.5962 0.1672
vn -0.3467 0.5287 -0.7748
vn -0.0879 -0.9960 0.0187
vn -0.0496 0.7073 -0.7052
vn 0.0069 -0.6535 -0.7569
vn 0.7087 -0.5392 -0.4550
vn 0.5045 0.0315 -0.8629
vn -0.3518 0.5283 -0.7727
vn -0.0208 -0.9550 -0.2958
vn -0.0499 0.7033 -0.7091
vn -0.7676 -0.5394 -0.3461
vn -0.5291 -0.3075 -0.7908
vn -0.7820 0.2917 -0.5508
vn 0.0681 0.2397 0.9685
vn 0.6399 -0.1805 -0.7469
vn -0.0212 -0.9533 -0.3011
vn -0.3204 0.9469 -0.0282
vn -0.7654 -0.5392 -0.3513
vn -0.5337 -0.3051 -0.7887
vn -0.7798 0.2892 -0.5553
vn 0.6372 -0.1852 -0.7481
vn -0.6854 -0.7257 -0.0603
vn -0.3257 0.9450 -0.0287
vn -0.6591 -0.3075 0.6863
vn 0.7418 -0.6686 -0.0511
vn -0.4767 0.5287 0.7023
vn 0.9731 -0.2140 0.0856
vn 0.9405 -0.3242 0.1022
vn -0.6894 -0.7218 -0.0607
vn -0.1446 0.0636 -0.9874
vn -0.6633 -0.3051 0.6834
vn 0.7388 -0.6717 -0.0546
vn -0.4814 0.5283 0.6994
vn 0.9390 -0.3291 0.1002
vn 0.0592 -0.9127 0.4042
vn -0.1446 0.0581 -0.9878
vn -0.7253 -0.6686 0.1637
vn 0.3811 -0.6377 0.6694
vn -0.8272 -0.1804 -0.5321
vn 0.0826 0.8215 0.5642
vn -0.2522 0.0771 -0.9646
vn 0.0585 -0.9150 0.3992
vn 0.6922 -0.1674 -0.7020
vn -0.7234 -0.6717 0.1595
vn 0.3815 -0.6416 0.6655
vn -0.8250 -0.1852 -0.5340
vn -0.2562 0.0733 -0.9639
vn -0.4265 -0.7944 0.4325
vn 0.6916 -0.1729 -0.7013
vn -0.6747 -0.6377 -0.3717
vn 0.1625 -0.6406 -0.7505
vn -0.1153 -0.3242 -0.9389
vn -0.2571 0.9305 0.2607
vn 0.3855 0.3221 -0.8646
vn -0.4234 -0.7978 0.4293
vn -0.7997 0.4359 -0.4129
vn -0.6707 -0.6416 -0.3722
vn 0.1571 -0.6420 -0.7504
vn -0.1133 -0.3291 -0.9375
vn 0.3813 0.3198 -0.8674
vn 0.0298 -0.9994 0.0154
vn -0.8018 0.4309 -0.4140
vn -0.5178 -0.6406 0.5671
vn 0.4606 -0.5184 -0.7205
vn -0.9325 0.0771 0.3529
vn 0.7449 0.5452 0.3846
vn 0.9412 0.2313 0.2464
vn 0.0248 -0.9996 0.0128
vn -0.3095 0.7424 -0.5941
vn -0.5209 -0.6420 0.5626
vn 0.4561 -0.5179 -0.7237
vn -0.9342 0.0733 0.3492
vn 0.9430 0.2283 0.2421
vn -0.1594 -0.9386 -0.3059
vn -0.3115 0.7387 -0.5978
vn -0.8544 -0.5184 -0.0354
vn 0.7073 -0.5759 0.4100
vn -0.9295 0.3221 -0.1795
vn 0.4536 0.1899 0.8707
vn 0.6590 0.2122 0.7216
vn -0.1618 -0.9367 -0.3105
vn 0.6331 0.6348 -0.4429
vn -0.8545 -0.5179 -0.0409
vn 0.7099 -0.5761 0.4051
vn -0.9293 0.3198 -0.1846
vn 0.6628 0.2091 0.7190
vn 0.1654 -0.9794 -0.1157
vn 0.6360 0.6305 -0.4449
vn -0.1427 -0.5759 -0.8050
vn 0.3496 -0.5860 0.7311
vn 0.0912 0.2313 -0.9686
vn -0.7725 0.3334 0.5404
vn 0.6646 -0.0987 -0.7407
vn 0.1699 -0.9783 -0.1188
vn 0.7910 0.6113 -0.0242
vn -0.1371 -0.5761 -0.8058
vn 0.3545 -0.5863 0.7284
vn 0.0959 0.2283 -0.9689
vn 0.6619 -0.1032 -0.7425
vn 0.1722 -0.9850 -0.0053
vn 0.7944 0.6069 -0.0243
vn 0.3042 -0.5860 -0.7511
vn 0.7341 -0.6705 -0.1074
vn 0.6137 0.2122 -0.7605
vn -0.9319 0.3616 0.0285
vn 0.0985 0.3555 -0.9295
vn 0.1777 -0.9841 -0.0054
vn -0.1071 0.1872 -0.9765
vn 0.3093 -0.5863 -0.7487
vn 0.7311 -0.6731 -0.1113
vn 0.6177 0.2091 -0.7581
vn 0.0934 0.3534 -0.9308
vn 0.0318 -0.9565 0.2901
vn -0.1072 0.1817 -0.9775
vn -0.7399 -0.6705 0.0544
vn 0.1810 -0.4930 -0.8510
vn -0.8094 -0.0987 -0.5790
vn 0.0728 0.7442 0.6640
vn 0.8864 -0.1945 -0.4201
vn 0.0313 -0.9581 0.2848
vn -0.4537 0.7797 -0.4315
vn -0.7379 -0.6731 0.0498
vn 0.1757 -0.4922 -0.8525
vn -0.8071 -0.1032 -0.5813
vn 0.8843 -0.1993 -0.4222
vn -0.2886 -0.9173 -0.2745
vn -0.4569 0.7762 -0.4345
vn -0.8408 -0.4930 0.2235
vn 0.6951 -0.6672 0.2675
vn -0.9234 0.3555 0.1450
vn 0.7182 0.1331 0.6830
vn 0.9595 0.2809 -0.0208
vn -0.2923 -0.9150 -0.2780
vn 0.2677 0.0418 -0.9626
vn -0.8426 -0.4922 0.2183
vn 0.6938 -0.6704 0.2631
vn -0.9249 0.3534 0.1401
vn 0.9602 0.2782 -0.0257
vn -0.1148 -0.9036 0.4127
vn 0.2677 0.0363 -0.9628
vn -0.7335 -0.6672 -0.1297
vn 0.8235 -0.5465 0.1521
vn -0.5422 -0.1945 -0.8174
vn -0.1479 0.8337 0.5320
vn 0.9704 -0.2385 -0.0385
vn -0.1134 -0.9060 0.4079
vn 0.4447 0.6945 -0.5656
vn -0.7300 -0.6704 -0.1328
vn 0.8246 -0.5463 0.1467
vn -0.5394 -0.1993 -0.8181
vn 0.9691 -0.2434 -0.0409
vn 0.1727 -0.9602 -0.2197
vn 0.4471 0.6905 -0.5686
vn -0.3421 -0.5465 -0.7644
vn 0.5123 -0.6607 0.5487
vn -0.2061 0.2809 -0.9374
vn -0.5974 0.2570 0.7597
vn 0.7904 0.4750 0.3867
vn 0.1761 -0.9586 -0.2239
vn 0.6148 -0.0274 -0.7882
vn -0.3370 -0.5463 -0.7668
vn 0.5125 -0.6641 0.5443
vn -0.2015 0.2782 -0.9391
vn 0.7933 0.4740 0.3821
vn -0.3013 -0.8718 0.3863
vn 0.6147 -0.0330 -0.7880
vn -0.6569 -0.6607 -0.3634
vn 0.8596 -0.3772 0.3446
vn -0.1988 -0.2385 -0.9506
vn -0.3033 0.8700 0.3888
vn 0.5264 0.0603 -0.8481
vn -0.2983 -0.8745 0.3824
vn 0.3702 0.9012 -0.2254
vn -0.6527 -0.6641 -0.3647
vn 0.8622 -0.3753 0.3401
vn -0.1961 -0.2434 -0.9499
vn 0.5231 0.0565 -0.8504
vn 0.5086 -0.8033 -0.3097
vn 0.3745 0.8987 -0.2280
vn 0.0885 -0.3772 -0.9219
vn 0.6611 -0.6454 -0.3826
vn 0.0193 0.4750 -0.8798
vn -0.8503 -0.0946 0.5177
vn -0.1250 0.4965 -0.8590
vn 0.5125 -0.8000 -0.3120
vn -0.2532 0.4132 -0.8747
vn 0.0937 -0.3753 -0.9221
vn 0.6574 -0.6469 -0.3865
vn 0.0248 0.4740 -0.8802
vn -0.1305 0.4957 -0.8586
vn 0.0163 -0.9983 0.0562
vn -0.2538 0.4081 -0.8769
vn -0.7633 -0.6454 0.0296
vn -0.2358 -0.3511 -0.9062
vn -0.8980 0.0603 -0.4359
vn 0.2292 0.5660 0.7919
vn 0.9998 -0.0071 -0.0203
vn 0.0147 -0.9986 0.0509
vn -0.3600 0.9203 -0.1532
vn -0.7622 -0.6469 0.0243
vn -0.2410 -0.3490 -0.9056
vn -0.8964 0.0565 -0.4396
vn 0.9996 -0.0113 -0.0240
vn -0.5816 -0.7749 -0.2476
vn -0.3647 0.9181 -0.1553
vn -0.8166 -0.3511 0.4582
vn 0.6371 -0.6606 0.3972
vn -0.7058 0.4965 0.5053
vn 0.9110 -0.1407 0.3878
vn 0.6335 0.4959 0.5940
vn -0.5856 -0.7714 -0.2493
vn 0.6214 0.3196 -0.7153
vn -0.8197 -0.3490 0.4541
vn 0.6382 -0.6626 0.3921
vn -0.7093 0.4957 0.5011
vn 0.6376 0.4951 0.5902
vn -0.1040 -0.9873 0.1197
vn 0.6226 0.3143 -0.7167
vn -0.4823 -0.6606 -0.5753
vn 0.7484 -0.3519 0.5622
vn -0.1196 -0.0071 -0.9928
vn -0.5006 0.6460 0.5762
vn 0.3484 -0.0676 -0.9349
vn -0.1004 -0.9882 0.1155
vn 0.3783 0.9197 -0.1047
vn -0.4774 -0.6626 -0.5771
vn 0.7521 -0.3498 0.5585
vn -0.1159 -0.0113 -0.9932
vn 0.3451 -0.0720 -0.9358
vn 0.6082 -0.7758 -0.1683
vn 0.3832 0.9175 -0.1060
vn 0.3530 -0.3519 -0.8669
vn 0.6305 -0.6686 -0.3944
vn 0.2381 0.4959 -0.8351
vn -0.9544 -0.1393 0.2641
vn 0.9537 -0.0250 0.2996
vn 0.6123 -0.7722 -0.1694
vn -0.4499 0.2329 -0.8622
vn 0.3580 -0.3498 -0.8657
vn 0.6262 -0.6709 -0.3971
vn 0.2435 0.4951 -0.8340
vn 0.9547 -0.0293 0.2962
vn 0.1142 -0.9690 0.2189
vn -0.4505 0.2275 -0.8633
vn -0.6841 -0.6686 0.2916
vn 0.4620 -0.6635 0.5885
vn -0.9662 -0.0676 -0.2489
vn 0.3248 0.7122 0.6224
vn -0.4598 0.0280 -0.8876
vn 0.1117 -0.9704 0.2141
vn 0.8241 0.2942 -0.4841
vn -0.6839 -0.6709 0.2866
vn 0.4646 -0.6656 0.5840
vn -0.9650 -0.0720 -0.2521
vn -0.4633 0.0240 -0.8859
vn -0.1594 -0.9828 0.0936
vn 0.8255 0.2889 -0.4849
vn -0.2890 -0.6635 -0.6901
vn 0.0412 -0.6535 -0.7558
vn 0.2027 -0.0250 -0.9789
vn -0.6431 0.6662 0.3777
vn 0.9623 0.0321 -0.2701
vn -0.1547 -0.9838 0.0909
vn -0.8989 0.3688 -0.2365
vn -0.2839 -0.6656 -0.6902
vn 0.0361 -0.6553 -0.7545
vn 0.2062 -0.0293 -0.9781
vn 0.9614 0.0281 -0.2738
vn 0.1031 -0.9943 0.0271
vn -0.9009 0.3636 -0.2370
vn -0.3360 -0.6535 0.6782
vn 0.7335 -0.6526 0.1901
vn -0.8370 0.0280 0.5464
vn 0.7699 0.6052 0.2025
vn -0.0414 0.4895 -0.8710
vn 0.0978 -0.9949 0.0257
vn 0.4128 0.3745 -0.8303
vn -0.3399 -0.6553 0.6746
vn 0.7333 -0.6543 0.1848
vn -0.8392 0.0240 0.5433
vn -0.0470 0.4887 -0.8712
vn -0.0448 -0.9949 0.0900
vn 0.4138 0.3693 -0.8321
vn -0.5942 -0.6526 -0.4701
vn -0.1354 -0.3598 -0.9232
vn -0.3654 0.0321 -0.9303
vn -0.3561 0.6003 0.7161
vn 0.8060 0.2722 0.5256
vn -0.0423 -0.9955 0.0851
vn -0.3543 0.9142 -0.1967
vn -0.5899 -0.6543 -0.4732
vn -0.1406 -0.3577 -0.9232
vn -0.3619 0.0281 -0.9318
vn 0.8092 0.2695 0.5220
vn -0.5422 -0.7844 -0.3010
vn -0.3588 0.9119 -0.1992
vn -0.8551 -0.3598 0.3733
vn 0.5848 -0.5519 0.5945
vn -0.7612 0.4895 0.4254
vn 0.8674 -0.1255 0.4815
vn -0.6376 0.2012 -0.7436
vn -0.5461 -0.7810 -0.3032
vn 0.6963 0.6843 -0.2167
vn -0.8579 -0.3577 0.3689
vn 0.5888 -0.5518 0.5906
vn -0.7642 0.4887 0.4208
vn -0.6415 0.1981 -0.7411
vn 0.2538 -0.9640 -0.0790
vn 0.6999 0.6802 -0.2178
vn 0.1441 -0.5519 -0.8213
vn -0.3144 -0.5915 -0.7425
vn 0.3654 0.2722 -0.8902
vn -0.9192 0.2706 0.2861
vn 0.0576 -0.1574 -0.9858
vn 0.2590 -0.9625 -0.0806
vn -0.8018 0.5976 -0.0027
vn 0.1497 -0.5518 -0.8204
vn -0.3194 -0.5920 -0.7400
vn 0.3701 0.2695 -0.8890
vn 0.0547 -0.1621 -0.9853
vn -0.1553 -0.9879 -0.0005
vn -0.8051 0.5931 -0.0028
vn -0.3195 -0.5915 0.7403
vn 0.5450 -0.6702 -0.5038
vn -0.6427 0.2012 0.7392
vn 0.9260 0.3776 0.0032
vn 0.3224 0.0569 -0.9449
vn -0.1608 -0.9870 -0.0005
vn -0.7074 0.0990 -0.6998
vn -0.3244 -0.5920 0.7378
vn 0.5404 -0.6732 -0.5048
vn -0.6466 0.1981 0.7367
vn 0.3187 0.0529 -0.9464
vn 0.2673 -0.9267 0.2644
vn -0.7078 0.0934 -0.7002
vn -0.4978 -0.6702 0.5504
vn 0.5599 -0.6464 -0.5184
vn -0.9852 -0.1574 0.0683
vn 0.4259 0.8007 0.4213
vn 0.6007 0.5011 -0.6229
vn 0.2636 -0.9287 0.2607
vn -0.4441 0.4085 -0.7974
vn -0.4989 -0.6732 0.5458
vn 0.5554 -0.6479 -0.5213
vn -0.9846 -0.1621 0.0653
vn 0.5970 0.5004 -0.6270
vn 0.0310 -0.9980 0.0557
vn -0.4452 0.4034 -0.7994
vn -0.7355 -0.6464 0.2032
vn 0.5673 -0.3452 -0.7476
vn -0.9731 0.0569 -0.2234
vn 0.3997 0.5703 0.7176
vn -0.3845 -0.3594 -0.8503
vn 0.0283 -0.9983 0.0508
vn -0.0988 0.9242 -0.3688
vn -0.7356 -0.6479 0.1978
vn 0.5637 -0.3431 -0.7513
vn -0.9724 0.0530 -0.2273
vn -0.3852 -0.3644 -0.8478
vn -0.1655 -0.7684 -0.6182
vn -0.1001 0.9221 -0.3738
vn -0.8650 -0.3452 -0.3641
vn 0.4087 -0.6237 -0.6663
vn -0.8316 0.5011 -0.2394
vn 0.2557 -0.1508 0.9549
vn 0.2270 0.4512 -0.8630
vn -0.1666 -0.7648 -0.6224
vn -0.9486 -0.2273 -0.2200
vn -0.8638 -0.3431 -0.3691
vn 0.4054 -0.6278 -0.6645
vn -0.8305 0.5004 -0.2448
vn 0.2219 0.4500 -0.8650
vn 0.6378 -0.7558 0.1479
vn -0.9474 -0.2328 -0.2197
vn 0.0737 -0.6237 0.7782
vn 0.2011 -0.4040 -0.8924
vn -0.7195 -0.3595 0.5942
vn 0.3007 0.9512 0.0697
vn -0.1162 -0.0217 -0.9930
vn 0.6337 -0.7595 0.1470
vn -0.3158 0.8788 -0.3576
vn 0.0715 -0.6278 0.7751
vn 0.1961 -0.4023 -0.8943
vn -0.7190 -0.3644 0.5918
vn -0.1198 -0.0259 -0.9925
vn -0.3676 -0.8316 -0.4164
vn -0.3190 0.8762 -0.3613
vn -0.9104 -0.4040 0.0890
vn 0.3457 -0.6630 -0.6640
vn -0.8845 0.4512 0.1184
vn 0.6612 -0.0457 0.7488
vn 0.8772 -0.2411 -0.4151
vn -0.3707 -0.8284 -0.4198
vn -0.7773 0.2990 -0.5536
vn -0.9117 -0.4023 0.0839
vn 0.3406 -0.6651 -0.6646
vn -0.8858 0.4500 0.1131
vn 0.8751 -0.2460 -0.4168
vn 0.1466 -0.9837 0.1044
vn -0.7786 0.2936 -0.5545
vn -0.5145 -0.6630 0.5438
vn 0.6858 -0.6602 0.3064
vn -0.9764 -0.0217 0.2148
vn 0.6102 0.6624 0.4346
vn 0.9221 -0.2489 0.2962
vn 0.1421 -0.9847 0.1012
vn 0.2564 -0.0315 -0.9661
vn -0.5167 -0.6651 0.5391
vn 0.6842 -0.6637 0.3023
vn -0.9771 -0.0259 0.2112
vn 0.9216 -0.2538 0.2935
vn -0.1266 -0.8697 0.4770
vn 0.2563 -0.0371 -0.9659
vn -0.7474 -0.6602 -0.0740
vn 0.2857 -0.6586 0.6961
vn -0.5559 -0.2411 -0.7955
vn -0.1256 0.8720 0.4732
vn 0.5349 -0.1125 -0.8374
vn -0.1253 -0.8725 0.4723
vn 0.8459 -0.0441 -0.5316
vn -0.7441 -0.6636 -0.0768
vn 0.2873 -0.6621 0.6921
vn -0.5533 -0.2460 -0.7959
vn 0.5320 -0.1171 -0.8386
vn -0.4271 -0.8635 0.2684
vn 0.8456 -0.0497 -0.5314
vn -0.5033 -0.6586 -0.5594
vn 0.7104 -0.6709 -0.2126
vn 0.1332 -0.2490 -0.9593
vn -0.4052 0.8781 0.2546
vn 0.4357 0.1645 -0.8850
vn -0.4230 -0.8663 0.2658
vn -0.2666 0.1667 -0.9493
vn -0.4990 -0.6621 -0.5591
vn 0.7068 -0.6736 -0.2160
vn 0.1353 -0.2538 -0.9577
vn 0.4319 0.1611 -0.8874
vn 0.0843 -0.9502 0.3002
vn -0.2668 0.1612 -0.9502
vn -0.7172 -0.6709 0.1882
vn 0.5766 -0.6086 -0.5452
vn -0.8927 -0.1125 -0.4365
vn 0.1764 0.7580 0.6280
vn 0.7048 -0.0200 0.7092
vn 0.0829 -0.9519 0.2951
vn -0.3196 0.5510 -0.7709
vn -0.7159 -0.6736 0.1835
vn 0.5723 -0.6093 -0.5488
vn -0.8908 -0.1171 -0.4391
vn 0.7073 -0.0242 0.7065
vn -0.0379 -0.9951 -0.0913
vn -0.3208 0.5463 -0.7737
vn -0.7932 -0.6086 0.0228
vn 0.1399 -0.6628 0.7357
vn -0.9341 0.1645 -0.3170
vn 0.3459 0.4297 0.8341
vn 0.9944 -0.0201 0.1034
vn -0.0400 -0.9945 -0.0964
vn 0.9525 0.3014 -0.0447
vn -0.7927 -0.6093 0.0173
vn 0.1443 -0.6648 0.7329
vn -0.9332 0.1611 -0.3214
vn 0.9947 -0.0243 0.0998
vn -0.1773 -0.9841 0.0083
vn 0.9541 0.2961 -0.0447
vn 0.0704 -0.6628 -0.7455
vn 0.5737 -0.6628 0.4813
vn 0.6353 -0.0200 -0.7720
vn -0.7500 0.6605 0.0352
vn -0.4434 -0.1483 -0.8839
vn -0.1718 -0.9851 0.0081
vn 0.7094 0.3012 -0.6372
vn 0.0751 -0.6648 -0.7432
vn 0.5753 -0.6648 0.4764
vn 0.6380 -0.0242 -0.7696
vn -0.4458 -0.1530 -0.8820
vn -0.1321 -0.9841 0.1187
vn 0.7107 0.2959 -0.6383
vn -0.4172 -0.6628 -0.6219
vn 0.2124 -0.6706 -0.7107
vn 0.0036 -0.0201 -0.9998
vn -0.5585 0.6606 0.5016
vn 0.9721 0.2276 0.0568
vn -0.1281 -0.9851 0.1150
vn -0.9607 0.1129 -0.2537
vn -0.4121 -0.6648 -0.6230
vn 0.2078 -0.6735 -0.7094
vn 0.0073 -0.0243 -0.9997
vn 0.9731 0.2246 0.0522
vn 0.3509 -0.9318 0.0927
vn -0.9613 0.1073 -0.2539
vn -0.1663 -0.6706 0.7229
vn 0.7714 -0.5779 0.2664
vn -0.8221 -0.1483 0.5497
vn 0.5899 0.7923 0.1558
vn -0.1164 0.2653 -0.9571
vn 0.3459 -0.9338 0.0914
vn 0.5370 0.6303 -0.5607
vn -0.1696 -0.6735 0.7194
vn 0.7731 -0.5781 0.2611
vn -0.8232 -0.1530 0.5468
vn -0.1212 0.2625 -0.9573
vn 0.1356 -0.9806 -0.1416
vn 0.5394 0.6259 -0.5633
vn -0.2995 -0.5779 -0.7592
vn 0.0861 -0.5562 -0.8266
vn -0.0988 0.2276 -0.9687
vn -0.6507 0.3389 0.6795
vn 0.2651 -0.2608 -0.9283
vn 0.1394 -0.9795 -0.1456
vn -0.6193 0.6760 -0.3993
vn -0.2943 -0.5781 -0.7610
vn 0.0806 -0.5562 -0.8272
vn -0.0943 0.2246 -0.9699
vn 0.2625 -0.2657 -0.9276
vn -0.2143 -0.9670 -0.1381
vn -0.6225 0.6719 -0.4013
vn -0.7173 -0.5562 0.4197
vn 0.6923 -0.6561 -0.3005
vn -0.9198 0.2653 0.2892
vn 0.8065 0.2815 0.5199
vn -0.0626 -0.3620 -0.9301
vn -0.2188 -0.9655 -0.1411
vn -0.5614 -0.0631 -0.8251
vn -0.7201 -0.5562 0.4149
vn 0.6883 -0.6596 -0.3019
vn -0.9219 0.2625 0.2848
vn -0.0640 -0.3670 -0.9280
vn 0.2929 -0.8537 0.4305
vn -0.5612 -0.0687 -0.8248
vn -0.5336 -0.6561 0.5337
vn 0.6177 -0.6226 -0.4804
vn -0.9608 -0.2608 -0.0941
vn 0.2598 0.8870 0.3818
vn 0.8779 0.2523 -0.4070
vn 0.2903 -0.8566 0.4266
vn -0.8116 -0.2317 -0.5364
vn -0.5335 -0.6596 0.5294
vn 0.6140 -0.6267 -0.4799
vn -0.9592 -0.2657 -0.0963
vn 0.8765 0.2495 -0.4116
vn 0.5491 -0.7529 0.3629
vn -0.8105 -0.2371 -0.5357
vn -0.1999 -0.6226 0.7566
vn 0.8106 -0.5639 -0.1578
vn -0.8802 -0.3620 0.3070
vn 0.2540 0.9525 0.1678
vn 0.8809 -0.0005 0.4733
vn 0.5455 -0.7565 0.3606
vn 0.1958 0.6605 -0.7249
vn -0.2009 -0.6267 0.7529
vn 0.8095 -0.5640 -0.1633
vn -0.8789 -0.3670 0.3048
vn 0.8827 -0.0046 0.4700
vn 0.0612 -0.9721 -0.2265
vn 0.1968 0.6563 -0.7284
vn -0.6209 -0.5639 -0.5445
vn 0.3661 -0.6594 0.6566
vn -0.5536 0.2523 -0.7936
vn -0.2486 0.3015 0.9205
vn 0.3234 -0.1541 -0.9336
vn 0.0626 -0.9708 -0.2318
vn 0.8896 0.3290 -0.3169
vn -0.6172 -0.5640 -0.5486
vn 0.3695 -0.6613 0.6527
vn -0.5501 0.2495 -0.7969
vn 0.3204 -0.1587 -0.9339
vn -0.1401 -0.9889 0.0499
vn 0.8913 0.3237 -0.3175
vn -0.1315 -0.6594 -0.7402
vn 0.6598 -0.6704 -0.3394
vn 0.3834 -0.0005 -0.9236
vn -0.7251 0.6384 0.2583
vn 0.8424 -0.4143 -0.3445
vn -0.1349 -0.9897 0.0481
vn -0.4900 0.1041 -0.8655
vn -0.1263 -0.6613 -0.7394
vn 0.6557 -0.6733 -0.3417
vn 0.3868 -0.0046 -0.9221
vn 0.8399 -0.4193 -0.3446
vn 0.1829 -0.9286 0.3230
vn -0.4903 0.0985 -0.8660
vn -0.6305 -0.6704 0.3912
vn 0.6512 -0.5958 0.4700
vn -0.9670 -0.1541 -0.2031
vn 0.2971 0.7977 0.5248
vn 0.8278 0.5079 -0.2385
vn 0.1803 -0.9306 0.3185
vn 0.2163 -0.3236 -0.9212
vn -0.6303 -0.6733 0.3864
vn 0.6493 -0.6002 0.4671
vn -0.9656 -0.1588 -0.2058
vn 0.8266 0.5072 -0.2439
vn -0.1662 -0.6866 0.7078
vn 0.2158 -0.3288 -0.9194
vn -0.7923 -0.5958 0.1311
vn 0.8634 -0.3364 -0.3759
vn -0.6011 -0.4143 -0.6834
vn -0.0485 0.9773 0.2064
vn 0.8109 0.4955 0.3115
vn -0.1653 -0.6906 0.7041
vn 0.0923 0.9300 -0.3558
vn -0.7893 -0.6002 0.1293
vn 0.8621 -0.3342 -0.3809
vn -0.5988 -0.4193 -0.6824
vn 0.8132 0.4947 0.3065
vn 0.1636 -0.7585 -0.6308
vn 0.0936 0.9279 -0.3609
vn -0.5719 -0.3364 -0.7482
vn 0.9048 -0.3524 0.2392
vn -0.6075 0.5079 -0.6107
vn -0.2476 -0.1659 0.9546
vn 0.6304 -0.0203 -0.7760
vn 0.1647 -0.7549 -0.6349
vn 0.3117 0.9194 -0.2399
vn -0.5683 -0.3342 -0.7519
vn 0.9068 -0.3503 0.2345
vn -0.6039 0.5072 -0.6149
vn 0.6276 -0.0245 -0.7782
vn 0.4995 -0.7763 -0.3845
vn 0.3158 0.9172 -0.2431
vn 0.0003 -0.3524 -0.9358
vn 0.7167 -0.6628 -0.2168
vn -0.0936 0.4955 -0.8636
vn -0.7848 -0.1384 0.6041
vn 0.9247 0.1601 0.3454
vn 0.5029 -0.7728 -0.3871
vn -0.1454 0.3010 -0.9425
vn 0.0055 -0.3503 -0.9366
vn 0.7135 -0.6649 -0.2209
vn -0.0881 0.4947 -0.8646
vn 0.9268 0.1567 0.3414
vn 0.0271 -0.9841 0.1758
vn -0.1457 0.2956 -0.9441
vn -0.7487 -0.6628 0.0093
vn 0.5959 -0.6105 0.5217
vn -0.8350 -0.0203 -0.5498
vn 0.1145 0.6609 0.7417
vn 0.1450 0.0252 -0.9891
vn 0.0263 -0.9850 0.1704
vn 0.7387 0.5453 -0.3962
vn -0.7470 -0.6649 0.0044
vn 0.5991 -0.6113 0.5172
vn -0.8329 -0.0245 -0.5528
vn 0.1413 0.0212 -0.9897
vn 0.0812 -0.9957 -0.0435
vn 0.7414 0.5406 -0.3976
vn -0.1048 -0.6105 -0.7851
vn 0.4766 -0.6541 -0.5873
vn 0.2239 0.1601 -0.9614
vn -0.7932 0.4358 0.4254
vn 0.8622 0.4979 0.0935
vn 0.0860 -0.9952 -0.0461
vn -0.5926 0.3649 -0.7181
vn -0.0993 -0.6113 -0.7852
vn 0.4717 -0.6559 -0.5893
vn 0.2283 0.1567 -0.9609
vn 0.8632 0.4971 0.0881
vn 0.0705 -0.9938 0.0854
vn -0.5939 0.3597 -0.7197
vn -0.6671 -0.6542 0.3564
vn 0.9370 -0.3493 -0.0041
vn -0.9987 0.0252 -0.0454
vn 0.5051 0.6084 0.6121
vn 0.2860 0.3468 -0.8933
vn 0.0670 -0.9944 0.0812
vn 0.2361 0.9215 -0.3084
vn -0.6682 -0.6559 0.3512
vn 0.9377 -0.3472 -0.0093
vn -0.9986 0.0212 -0.0492
vn 0.2814 0.3447 -0.8956
vn 0.3858 -0.7729 -0.5037
vn 0.2393 0.9193 -0.3125
vn -0.2403 -0.3493 -0.9057
vn 0.3577 -0.4999 -0.7888
vn -0.3151 0.4979 -0.8080
vn -0.6017 -0.1437 0.7857
vn 0.3884 -0.7694 -0.5072
vn -0.3611 0.7701 -0.5258
vn -0.2355 -0.3472 -0.9077
vn 0.3529 -0.4991 -0.7914
vn -0.3101 0.4971 -0.8104
vn -0.2176 -0.9232 -0.3169
vn -0.3635 0.7666 -0.5294
vn -0.8646 -0.4999 0.0506
vn -0.9364 0.3468 -0.0539
vn 0.5598 0.1481 0.8153
vn -0.2205 -0.9210 -0.3211
vn -0.8654 -0.4991 0.0451
vn -0.9369 0.3447 -0.0590
s 1
usemtl Hedgehog_spine
f 9//9 21//21 22//22
f 5//5 19//19 6//6
f 13//13 12//12 25//25
f 2//2 16//16 315//311
f 10//10 22//22 23//23
f 6//6 20//20 7//7
f 315//311 17//17 316//312
f 323//317 23//23 24//24
f 8//8 20//20 21//21
f 316//312 18//18 5//5
f 12//12 24//24 25//25
f 2//2 1//1 15//15
f 16//16 30//28 17//17
f 24//24 36//34 37//35
f 21//21 33//31 34//32
f 17//17 31//29 18//18
f 25//25 37//35 38//36
f 15//15 1//1 28//26
f 22//22 34//32 35//33
f 18//18 32//30 19//19
f 13//13 25//25 38//36
f 15//15 29//27 16//16
f 23//23 35//33 36//34
f 19//19 33//31 20//20
f 31//29 45//43 32//30
f 13//13 38//36 51//49
f 28//26 42//40 29//27
f 36//34 48//46 49//47
f 32//30 46//44 33//31
f 29//27 43//41 30//28
f 37//35 49//47 50//48
f 34//32 46//44 47//45
f 30//28 44//42 31//29
f 38//36 50//48 51//49
f 28//26 1//1 41//39
f 35//33 47//45 48//46
f 43//41 57//55 44//42
f 51//49 63//61 64//62
f 41//39 1//1 54//52
f 48//46 60//58 61//59
f 44//42 58//56 45//43
f 13//13 51//49 64//62
f 41//39 55//53 42//40
f 49//47 61//59 62//60
f 45//43 59//57 46//44
f 42//40 56//54 43//41
f 50//48 62//60 63//61
f 47//45 59//57 60//58
f 58//56 72//70 59//57
f 55//53 69//67 56//54
f 63//61 75//73 76//74
f 60//58 72//70 73//71
f 56//54 70//68 57//55
f 64//62 76//74 77//75
f 54//52 1//1 67//65
f 61//59 73//71 74//72
f 57//55 71//69 58//56
f 13//13 64//62 77//75
f 54//52 68//66 55//53
f 62//60 74//72 75//73
f 70//68 84//81 71//69
f 13//13 77//75 90//87
f 67//65 81//78 68//66
f 75//73 87//84 88//85
f 71//69 85//82 72//70
f 68//66 82//79 69//67
f 76//74 88//85 89//86
f 73//71 85//82 86//83
f 69//67 83//80 70//68
f 77//75 89//86 90//87
f 67//65 1//1 80//77
f 74//72 86//83 87//84
f 85//82 99//96 86//83
f 83//80 95//92 96//93
f 89//86 103//100 90//87
f 80//77 1//1 93//90
f 86//83 100//97 87//84
f 84//81 96//93 97//94
f 13//13 90//87 103//100
f 81//78 93//90 94//91
f 87//84 101//98 88//85
f 85//82 97//94 98//95
f 82//79 94//91 95//92
f 88//85 102//99 89//86
f 98//95 110//107 111//108
f 95//92 107//104 108//105
f 101//98 115//112 102//99
f 98//95 112//109 99//96
f 96//93 108//105 109//106
f 102//99 116//113 103//100
f 93//90 1//1 106//103
f 99//96 113//110 100//97
f 97//94 109//106 110//107
f 13//13 103//100 116//113
f 94//91 106//103 107//104
f 100//97 114//111 101//98
f 112//109 126//122 113//110
f 110//107 122//118 123//119
f 13//13 116//113 129//125
f 107//104 119//115 120//116
f 113//110 127//123 114//111
f 111//108 123//119 124//120
f 108//105 120//116 121//117
f 114//111 128//124 115//112
f 111//108 125//121 112//109
f 109//106 121//117 122//118
f 115//112 129//125 116//113
f 106//103 1//1 119//115
f 124//120 138//134 125//121
f 122//118 134//130 135//131
f 128//124 142//138 129//125
f 119//115 1//1 132//128
f 125//121 139//135 126//122
f 123//119 135//131 136//132
f 13//13 129//125 142//138
f 120//116 132//128 133//129
f 126//122 140//136 127//123
f 124//120 136//132 137//133
f 121//117 133//129 134//130
f 127//123 141//137 128//124
f 139//135 153//149 140//136
f 137//133 149//145 150//146
f 134//130 146//142 147//143
f 140//136 154//150 141//137
f 137//133 151//147 138//134
f 135//131 147//143 148//144
f 141//137 155//151 142//138
f 132//128 1//1 145//141
f 138//134 152//148 139//135
f 136//132 148//144 149//145
f 13//13 142//138 155//151
f 133//129 145//141 146//142
f 145//141 1//1 158//154
f 151//147 165//161 152//148
f 149//145 161//157 162//158
f 13//13 155//151 168//164
f 146//142 158//154 159//155
f 152//148 166//162 153//149
f 150//146 162//158 163//159
f 147//143 159//155 160//156
f 153//149 167//163 154//150
f 150//146 164//160 151//147
f 148//144 160//156 161//157
f 154//150 168//164 155//151
f 167//163 179//175 180//176
f 164//160 176//172 177//173
f 160//156 174//170 161//157
f 168//164 180//176 181//177
f 158//154 1//1 171//167
f 165//161 177//173 178//174
f 161//157 175//171 162//158
f 13//13 168//164 181//177
f 158//154 172//168 159//155
f 166//162 178//174 179//175
f 162//158 176//172 163//159
f 159//155 173//169 160//156
f 171//167 185//181 172//168
f 179//175 191//187 192//188
f 175//171 189//185 176//172
f 172//168 186//182 173//169
f 180//176 192//188 193//189
f 177//173 189//185 190//186
f 173//169 187//183 174//170
f 181//177 193//189 194//190
f 171//167 1//1 184//180
f 178//174 190//186 191//187
f 174//170 188//184 175//171
f 13//13 181//177 194//190
f 194//190 206//202 207//203
f 184//180 1//1 197//193
f 191//187 203//199 204//200
f 187//183 201//197 188//184
f 13//13 194//190 207//203
f 184//180 198//194 185//181
f 192//188 204//200 205//201
f 188//184 202//198 189//185
f 185//181 199//195 186//182
f 193//189 205//201 206//202
f 190//186 202//198 203//199
f 186//182 200//196 187//183
f 198//194 212//208 199//195
f 206//202 218//214 219//215
f 203//199 215//211 216//212
f 199//195 213//209 200//196
f 207//203 219//215 220//216
f 197//193 1//1 210//206
f 204//200 216//212 217//213
f 200//196 214//210 201//197
f 13//13 207//203 220//216
f 197//193 211//207 198//194
f 205//201 217//213 218//214
f 201//197 215//211 202//198
f 13//13 220//216 233//229
f 210//206 224//220 211//207
f 218//214 230//226 231//227
f 214//210 228//224 215//211
f 211//207 225//221 212//208
f 219//215 231//227 232//228
f 216//212 228//224 229//225
f 212//208 226//222 213//209
f 220//216 232//228 233//229
f 210//206 1//1 223//219
f 217//213 229//225 230//226
f 213//209 227//223 214//210
f 225//221 239//235 226//222
f 233//229 245//241 246//242
f 223//219 1//1 236//232
f 230//226 242//238 243//239
f 226//222 240//236 227//223
f 13//13 233//229 246//242
f 223//219 237//233 224//220
f 231//227 243//239 244//240
f 227//223 241//237 228//224
f 224//220 238//234 225//221
f 232//228 244//240 245//241
f 229//225 241//237 242//238
f 238//234 250//246 251//247
f 244//240 258//254 245//241
f 241//237 255//251 242//238
f 239//235 251//247 252//248
f 245//241 259//255 246//242
f 236//232 1//1 249//245
f 242//238 256//252 243//239
f 240//236 252//248 253//249
f 13//13 246//242 259//255
f 237//233 249//245 250//246
f 243//239 257//253 244//240
f 241//237 253//249 254//250
f 253//249 265//261 266//262
f 13//13 259//255 272//268
f 250//246 262//258 263//259
f 256//252 270//266 257//253
f 254//250 266//262 267//263
f 251//247 263//259 264//260
f 257//253 271//267 258//254
f 254//250 268//264 255//251
f 252//248 264//260 265//261
f 258//254 272//268 259//255
f 249//245 1//1 262//258
f 255//251 269//265 256//252
f 265//261 277//273 278//274
f 271//267 285//281 272//268
f 262//258 1//1 275//271
f 268//264 282//278 269//265
f 266//262 278//274 279//275
f 13//13 272//268 285//281
f 263//259 275//271 276//272
f 269//265 283//279 270//266
f 267//263 279//275 280//276
f 264//260 276//272 277//273
f 270//266 284//280 271//267
f 267//263 281//277 268//264
f 280//276 292//288 293//289
f 277//273 289//285 290//286
f 283//279 297//293 284//280
f 280//276 294//290 281//277
f 278//274 290//286 291//287
f 284//280 298//294 285//281
f 275//271 1//1 288//284
f 281//277 295//291 282//278
f 279//275 291//287 292//288
f 13//13 285//281 298//294
f 276//272 288//284 289//285
f 282//278 296//292 283//279
f 292//288 304//300 305//301
f 13//13 298//294 311//307
f 289//285 301//297 302//298
f 295//291 309//305 296//292
f 293//289 305//301 306//302
f 290//286 302//298 303//299
f 296//292 310//306 297//293
f 293//289 307//303 294//290
f 291//287 303//299 304//300
f 297//293 311//307 298//294
f 288//284 1//1 301//297
f 294//290 308//304 295//291
f 306//302 8//8 307//303
f 304//300 316//312 5//5
f 310//306 12//12 311//307
f 301//297 1//1 2//2
f 307//303 9//9 308//304
f 305//301 5//5 6//6
f 13//13 311//307 12//12
f 302//298 2//2 315//311
f 308//304 10//10 309//305
f 306//302 6//6 7//7
f 303//299 315//311 316//312
f 309//305 323//317 310//306
f 1927//1500 1855//1479 1879//1490
f 5//5 18//18 19//19
f 1949//1509 1918//1492 1947//1507
f 1947//1507 1918//1492 1945//1505
f 8//8 7//7 20//20
f 1945//1505 1918//1492 1942//1503
f 12//12 323//317 24//24
f 1906//1496 1855//1479 1948//1508
f 1942//1503 1918//1492 1933//1501
f 1947//1507 1942//1503 1924//1499
f 1933//1501 1918//1492 1924//1499
f 1948//1508 1855//1479 1927//1500
f 1924//1499 1918//1492 1949//1509
f 1864//1487 1953//1513 1781//1477
f 1843//1483 1953//1513 1915//1498
f 1879//1490 1855//1479 1870//1488
f 1906//1496 1948//1508 1927//1500
f 1870//1488 1855//1479 1861//1486
f 1915//1498 1953//1513 1864//1487
f 1861//1486 1855//1479 1906//1496
f 1951//1511 1967//1526 1962//1521
f 1956//1516 1967//1526 1852//1485
f 1781//1477 1953//1513 1706//1475
f 1843//1483 1915//1498 1864//1487
f 1706//1475 1953//1513 1952//1512
f 1852//1485 1967//1526 1951//1511
f 1952//1512 1953//1513 1843//1483
f 1965//1524 1981//1539 1976//1534
f 1970//1529 1981//1539 1954//1514
f 1962//1521 1967//1526 1964//1523
f 1852//1485 1951//1511 1964//1523
f 1964//1523 1967//1526 1966//1525
f 1954//1514 1981//1539 1965//1524
f 1966//1525 1967//1526 1956//1516
f 1979//1537 1995//1552 1990//1547
f 1984//1542 1995//1552 1968//1527
f 1976//1534 1981//1539 1978//1536
f 1970//1529 1954//1514 1965//1524
f 1978//1536 1981//1539 1980//1538
f 1968//1527 1995//1552 1979//1537
f 1980//1538 1981//1539 1970//1529
f 1993//1550 2009//1565 2004//1560
f 1998//1555 2009//1565 1982//1540
f 1990//1547 1995//1552 1992//1549
f 1984//1542 1968//1527 1979//1537
f 1992//1549 1995//1552 1994//1551
f 1982//1540 2009//1565 1993//1550
f 1994//1551 1995//1552 1984//1542
f 2007//1563 2023//1578 2018//1573
f 2012//1568 2023//1578 1996//1553
f 2004//1560 2009//1565 2006//1562
f 1982//1540 1993//1550 2006//1562
f 2006//1562 2009//1565 2008//1564
f 1996//1553 2023//1578 2007//1563
f 2008//1564 2009//1565 1998//1555
f 2021//1576 2037//1591 2032//1586
f 2026//1581 2037//1591 2010//1566
f 2018//1573 2023//1578 2020//1575
f 2012//1568 1996//1553 2007//1563
f 2020//1575 2023//1578 2022//1577
f 2010//1566 2037//1591 2021//1576
f 2022//1577 2023//1578 2012//1568
f 2035//1589 2051//1604 2046//1599
f 2040//1594 2051//1604 2024//1579
f 2032//1586 2037//1591 2034//1588
f 2026//1581 2010//1566 2021//1576
f 2034//1588 2037//1591 2036//1590
f 2024//1579 2051//1604 2035//1589
f 2036//1590 2037//1591 2026//1581
f 2049//1602 2065//1617 2060//1612
f 2054//1607 2065//1617 2038//1592
f 2046//1599 2051//1604 2048//1601
f 2024//1579 2035//1589 2048//1601
f 2048//1601 2051//1604 2050//1603
f 2038//1592 2065//1617 2049//1602
f 2050//1603 2051//1604 2040//1594
f 2063//1615 2079//1630 2074//1625
f 2068//1620 2079//1630 2052//1605
f 2060//1612 2065//1617 2062//1614
f 2038//1592 2049//1602 2062//1614
f 2062//1614 2065//1617 2064//1616
f 2052//1605 2079//1630 2063//1615
f 2064//1616 2065//1617 2054//1607
f 2077//1628 2093//1643 2088//1638
f 2082//1633 2093//1643 2066//1618
f 2074//1625 2079//1630 2076//1627
f 2068//1620 2052//1605 2063//1615
f 2076//1627 2079//1630 2078//1629
f 2066//1618 2093//1643 2077//1628
f 2078//1629 2079//1630 2068//1620
f 2091//1641 2107//1656 2102//1651
f 2096//1646 2107//1656 2080//1631
f 2088//1638 2093//1643 2090//1640
f 2066//1618 2077//1628 2090//1640
f 2090//1640 2093//1643 2092//1642
f 2080//1631 2107//1656 2091//1641
f 2092//1642 2093//1643 2082//1633
f 2105//1654 2121//1669 2116//1664
f 2110//1659 2121//1669 2094//1644
f 2102//1651 2107//1656 2104//1653
f 2096//1646 2080//1631 2091//1641
f 2104//1653 2107//1656 2106//1655
f 2094//1644 2121//1669 2105//1654
f 2106//1655 2107//1656 2096//1646
f 2119//1667 2135//1683 2130//1678
f 2124//1672 2135//1683 2108//1657
f 2116//1664 2121//1669 2118//1666
f 2118//1666 2110//1659 2105//1654
f 2118//1666 2121//1669 2120//1668
f 2108//1657 2135//1683 2119//1667
f 2120//1668 2121//1669 2110//1659
f 2133//1681 2149//1696 2144//1691
f 2138//1686 2149//1696 2122//1670
f 2130//1678 2135//1683 2132//1680
f 2124//1672 2108//1657 2119//1667
f 2132//1680 2135//1683 2134//1682
f 2122//1670 2149//1696 2133//1681
f 2134//1682 2135//1683 2124//1672
f 2147//1694 2163//1709 2158//1704
f 2152//1699 2163//1709 2136//1684
f 2144//1691 2149//1696 2146//1693
f 2122//1670 2133//1681 2146//1693
f 2146//1693 2149//1696 2148//1695
f 2136//1684 2163//1709 2147//1694
f 2148//1695 2149//1696 2138//1686
f 2161//1707 2177//1722 2172//1717
f 2166//1712 2177//1722 2150//1697
f 2158//1704 2163//1709 2160//1706
f 2152//1699 2136//1684 2147//1694
f 2160//1706 2163//1709 2162//1708
f 2150//1697 2177//1722 2161//1707
f 2162//1708 2163//1709 2152//1699
f 2175//1720 2191//1735 2186//1730
f 2180//1725 2191//1735 2164//1710
f 2172//1717 2177//1722 2174//1719
f 2150//1697 2161//1707 2174//1719
f 2174//1719 2177//1722 2176//1721
f 2164//1710 2191//1735 2175//1720
f 2176//1721 2177//1722 2166//1712
f 2189//1733 2205//1748 2200//1743
f 2194//1738 2205//1748 2178//1723
f 2186//1730 2191//1735 2188//1732
f 2180//1725 2164//1710 2175//1720
f 2188//1732 2191//1735 2190//1734
f 2178//1723 2205//1748 2189//1733
f 2190//1734 2191//1735 2180//1725
f 2203//1746 2219//1761 2214//1756
f 2208//1751 2219//1761 2192//1736
f 2200//1743 2205//1748 2202//1745
f 2194//1738 2178//1723 2189//1733
f 2202//1745 2205//1748 2204//1747
f 2192//1736 2219//1761 2203//1746
f 2204//1747 2205//1748 2194//1738
f 2217//1759 2233//1774 2228//1769
f 2222//1764 2233//1774 2206//1749
f 2214//1756 2219//1761 2216//1758
f 2192//1736 2203//1746 2216//1758
f 2216//1758 2219//1761 2218//1760
f 2206//1749 2233//1774 2217//1759
f 2218//1760 2219//1761 2208//1751
f 2231//1772 2247//1787 2242//1782
f 2236//1777 2247//1787 2220//1762
f 2228//1769 2233//1774 2230//1771
f 2222//1764 2206//1749 2217//1759
f 2230//1771 2233//1774 2232//1773
f 2220//1762 2247//1787 2231//1772
f 2232//1773 2233//1774 2222//1764
f 2245//1785 2261//1800 2256//1795
f 2250//1790 2261//1800 2234//1775
f 2242//1782 2247//1787 2244//1784
f 2236//1777 2220//1762 2231//1772
f 2244//1784 2247//1787 2246//1786
f 2234//1775 2261//1800 2245//1785
f 2246//1786 2247//1787 2236//1777
f 2259//1798 2275//1813 2270//1808
f 2264//1803 2275//1813 2248//1788
f 2256//1795 2261//1800 2258//1797
f 2250//1790 2234//1775 2245//1785
f 2258//1797 2261//1800 2260//1799
f 2248//1788 2275//1813 2259//1798
f 2260//1799 2261//1800 2250//1790
f 2273//1811 2289//1826 2284//1821
f 2278//1816 2289//1826 2262//1801
f 2270//1808 2275//1813 2272//1810
f 2264//1803 2248//1788 2259//1798
f 2272//1810 2275//1813 2274//1812
f 2262//1801 2289//1826 2273//1811
f 2274//1812 2275//1813 2264//1803
f 2287//1824 2303//1839 2298//1834
f 2292//1829 2303//1839 2276//1814
f 2284//1821 2289//1826 2286//1823
f 2262//1801 2273//1811 2286//1823
f 2286//1823 2289//1826 2288//1825
f 2276//1814 2303//1839 2287//1824
f 2288//1825 2289//1826 2278//1816
f 2301//1837 2317//1852 2312//1847
f 2306//1842 2317//1852 2290//1827
f 2298//1834 2303//1839 2300//1836
f 2292//1829 2276//1814 2287//1824
f 2300//1836 2303//1839 2302//1838
f 2290//1827 2317//1852 2301//1837
f 2302//1838 2303//1839 2292//1829
f 2315//1850 2331//1865 2326//1860
f 2320//1855 2331//1865 2304//1840
f 2312//1847 2317//1852 2314//1849
f 2290//1827 2301//1837 2314//1849
f 2314//1849 2317//1852 2316//1851
f 2304//1840 2331//1865 2315//1850
f 2316//1851 2317//1852 2306//1842
f 2329//1863 2345//1878 2340//1873
f 2334//1868 2345//1878 2318//1853
f 2326//1860 2331//1865 2328//1862
f 2304//1840 2315//1850 2328//1862
f 2328//1862 2331//1865 2330//1864
f 2318//1853 2345//1878 2329//1863
f 2330//1864 2331//1865 2320//1855
f 2343//1876 2359//1891 2354//1886
f 2348//1881 2359//1891 2332//1866
f 2340//1873 2345//1878 2342//1875
f 2334//1868 2318//1853 2329//1863
f 2342//1875 2345//1878 2344//1877
f 2332//1866 2359//1891 2343//1876
f 2344//1877 2345//1878 2334//1868
f 2357//1889 2373//1904 2368//1899
f 2362//1894 2373//1904 2346//1879
f 2354//1886 2359//1891 2356//1888
f 2356//1888 2348//1881 2343//1876
f 2356//1888 2359//1891 2358//1890
f 2346//1879 2373//1904 2357//1889
f 2358//1890 2359//1891 2348//1881
f 2371//1902 2387//1918 2382//1913
f 2376//1907 2387//1918 2360//1892
f 2368//1899 2373//1904 2370//1901
f 2362//1894 2346//1879 2357//1889
f 2370//1901 2373//1904 2372//1903
f 2360//1892 2387//1918 2371//1902
f 2372//1903 2373//1904 2362//1894
f 2385//1916 2401//1931 2396//1926
f 2390//1921 2401//1931 2374//1905
f 2382//1913 2387//1918 2384//1915
f 2360//1892 2371//1902 2384//1915
f 2384//1915 2387//1918 2386//1917
f 2374//1905 2401//1931 2385//1916
f 2386//1917 2387//1918 2376//1907
f 2399//1929 2415//1944 2410//1939
f 2404//1934 2415//1944 2388//1919
f 2396//1926 2401//1931 2398//1928
f 2390//1921 2374//1905 2385//1916
f 2398//1928 2401//1931 2400//1930
f 2388//1919 2415//1944 2399//1929
f 2400//1930 2401//1931 2390//1921
f 2413//1942 2429//1957 2424//1952
f 2418//1947 2429//1957 2402//1932
f 2410//1939 2415//1944 2412//1941
f 2404//1934 2388//1919 2399//1929
f 2412//1941 2415//1944 2414//1943
f 2402//1932 2429//1957 2413//1942
f 2414//1943 2415//1944 2404//1934
f 2427//1955 2443//1970 2438//1965
f 2432//1960 2443//1970 2416//1945
f 2424//1952 2429//1957 2426//1954
f 2418//1947 2402//1932 2413//1942
f 2426//1954 2429//1957 2428//1956
f 2416//1945 2443//1970 2427//1955
f 2428//1956 2429//1957 2418//1947
f 2441//1968 2457//1983 2452//1978
f 2446//1973 2457//1983 2430//1958
f 2438//1965 2443//1970 2440//1967
f 2416//1945 2427//1955 2440//1967
f 2440//1967 2443//1970 2442//1969
f 2430//1958 2457//1983 2441//1968
f 2442//1969 2443//1970 2432//1960
f 2455//1981 2471//1996 2466//1991
f 2460//1986 2471//1996 2444//1971
f 2452//1978 2457//1983 2454//1980
f 2446//1973 2430//1958 2441//1968
f 2454//1980 2457//1983 2456//1982
f 2444//1971 2471//1996 2455//1981
f 2456//1982 2457//1983 2446//1973
f 2469//1994 2485//2009 2480//2004
f 2474//1999 2485//2009 2458//1984
f 2466//1991 2471//1996 2468//1993
f 2468//1993 2460//1986 2455//1981
f 2468//1993 2471//1996 2470//1995
f 2458//1984 2485//2009 2469//1994
f 2470//1995 2471//1996 2460//1986
f 2483//2007 2499//2022 2494//2017
f 2488//2012 2499//2022 2472//1997
f 2480//2004 2485//2009 2482//2006
f 2474//1999 2458//1984 2469//1994
f 2482//2006 2485//2009 2484//2008
f 2472//1997 2499//2022 2483//2007
f 2484//2008 2485//2009 2474//1999
f 2497//2020 2513//2035 2508//2030
f 2502//2025 2513//2035 2486//2010
f 2494//2017 2499//2022 2496//2019
f 2488//2012 2472//1997 2483//2007
f 2496//2019 2499//2022 2498//2021
f 2486//2010 2513//2035 2497//2020
f 2498//2021 2499//2022 2488//2012
f 2511//2033 2527//2048 2522//2043
f 2516//2038 2527//2048 2500//2023
f 2508//2030 2513//2035 2510//2032
f 2486//2010 2497//2020 2510//2032
f 2510//2032 2513//2035 2512//2034
f 2500//2023 2527//2048 2511//2033
f 2512//2034 2513//2035 2502//2025
f 2525//2046 2541//2061 2536//2056
f 2530//2051 2541//2061 2514//2036
f 2522//2043 2527//2048 2524//2045
f 2524//2045 2516//2038 2511//2033
f 2524//2045 2527//2048 2526//2047
f 2514//2036 2541//2061 2525//2046
f 2526//2047 2527//2048 2516//2038
f 2539//2059 2555//2074 2550//2069
f 2544//2064 2555//2074 2528//2049
f 2536//2056 2541//2061 2538//2058
f 2514//2036 2525//2046 2538//2058
f 2538//2058 2541//2061 2540//2060
f 2528//2049 2555//2074 2539//2059
f 2540//2060 2541//2061 2530//2051
f 2553//2072 2569//2087 2564//2082
f 2558//2077 2569//2087 2542//2062
f 2550//2069 2555//2074 2552//2071
f 2544//2064 2528//2049 2539//2059
f 2552//2071 2555//2074 2554//2073
f 2542//2062 2569//2087 2553//2072
f 2554//2073 2555//2074 2544//2064
f 2567//2085 2583//2101 2578//2096
f 2572//2090 2583//2101 2556//2075
f 2564//2082 2569//2087 2566//2084
f 2558//2077 2542//2062 2553//2072
f 2566//2084 2569//2087 2568//2086
f 2556//2075 2583//2101 2567//2085
f 2568//2086 2569//2087 2558//2077
f 2581//2099 2597//2114 2592//2109
f 2586//2104 2597//2114 2570//2088
f 2578//2096 2583//2101 2580//2098
f 2556//2075 2567//2085 2580//2098
f 2580//2098 2583//2101 2582//2100
f 2570//2088 2597//2114 2581//2099
f 2582//2100 2583//2101 2572//2090
f 2595//2112 2611//2127 2606//2122
f 2600//2117 2611//2127 2584//2102
f 2592//2109 2597//2114 2594//2111
f 2570//2088 2581//2099 2594//2111
f 2594//2111 2597//2114 2596//2113
f 2584//2102 2611//2127 2595//2112
f 2596//2113 2597//2114 2586//2104
f 2609//2125 2625//2140 2620//2135
f 2614//2130 2625//2140 2598//2115
f 2606//2122 2611//2127 2608//2124
f 2600//2117 2584//2102 2595//2112
f 2608//2124 2611//2127 2610//2126
f 2598//2115 2625//2140 2609//2125
f 2610//2126 2611//2127 2600//2117
f 2623//2138 2639//2153 2634//2148
f 2628//2143 2639//2153 2612//2128
f 2620//2135 2625//2140 2622//2137
f 2614//2130 2598//2115 2609//2125
f 2622//2137 2625//2140 2624//2139
f 2612//2128 2639//2153 2623//2138
f 2624//2139 2625//2140 2614//2130
f 2637//2151 2653//2166 2648//2161
f 2642//2156 2653//2166 2626//2141
f 2634//2148 2639//2153 2636//2150
f 2636//2150 2628//2143 2623//2138
f 2636//2150 2639//2153 2638//2152
f 2626//2141 2653//2166 2637//2151
f 2638//2152 2639//2153 2628//2143
f 2651//2164 2667//2179 2662//2174
f 2656//2169 2667//2179 2640//2154
f 2648//2161 2653//2166 2650//2163
f 2642//2156 2626//2141 2637//2151
f 2650//2163 2653//2166 2652//2165
f 2640//2154 2667//2179 2651//2164
f 2652//2165 2653//2166 2642//2156
f 2665//2177 2681//2192 2676//2187
f 2670//2182 2681//2192 2654//2167
f 2662//2174 2667//2179 2664//2176
f 2664//2176 2656//2169 2651//2164
f 2664//2176 2667//2179 2666//2178
f 2654//2167 2681//2192 2665//2177
f 2666//2178 2667//2179 2656//2169
f 2679//2190 2695//2205 2690//2200
f 2684//2195 2695//2205 2668//2180
f 2676//2187 2681//2192 2678//2189
f 2670//2182 2654//2167 2665//2177
f 2678//2189 2681//2192 2680//2191
f 2668//2180 2695//2205 2679//2190
f 2680//2191 2681//2192 2670//2182
f 2693//2203 2709//2218 2704//2213
f 2698//2208 2709//2218 2682//2193
f 2690//2200 2695//2205 2692//2202
f 2668//2180 2679//2190 2692//2202
f 2692//2202 2695//2205 2694//2204
f 2682//2193 2709//2218 2693//2203
f 2694//2204 2695//2205 2684//2195
f 2707//2216 2723//2231 2718//2226
f 2712//2221 2723//2231 2696//2206
f 2704//2213 2709//2218 2706//2215
f 2698//2208 2682//2193 2693//2203
f 2706//2215 2709//2218 2708//2217
f 2696//2206 2723//2231 2707//2216
f 2708//2217 2709//2218 2698//2208
f 2721//2229 2737//2244 2732//2239
f 2726//2234 2737//2244 2710//2219
f 2718//2226 2723//2231 2720//2228
f 2696//2206 2707//2216 2720//2228
f 2720//2228 2723//2231 2722//2230
f 2710//2219 2737//2244 2721//2229
f 2722//2230 2723//2231 2712//2221
f 2735//2242 2751//2257 2746//2252
f 2740//2247 2751//2257 2724//2232
f 2732//2239 2737//2244 2734//2241
f 2726//2234 2710//2219 2721//2229
f 2734//2241 2737//2244 2736//2243
f 2724//2232 2751//2257 2735//2242
f 2736//2243 2737//2244 2726//2234
f 2749//2255 2765//2270 2760//2265
f 2754//2260 2765//2270 2738//2245
f 2746//2252 2751//2257 2748//2254
f 2740//2247 2724//2232 2735//2242
f 2748//2254 2751//2257 2750//2256
f 2738//2245 2765//2270 2749//2255
f 2750//2256 2751//2257 2740//2247
f 2763//2268 2779//2283 2774//2278
f 2768//2273 2779//2283 2752//2258
f 2760//2265 2765//2270 2762//2267
f 2754//2260 2738//2245 2749//2255
f 2762//2267 2765//2270 2764//2269
f 2752//2258 2779//2283 2763//2268
f 2764//2269 2765//2270 2754//2260
f 2777//2281 2793//2296 2788//2291
f 2782//2286 2793//2296 2766//2271
f 2774//2278 2779//2283 2776//2280
f 2768//2273 2752//2258 2763//2268
f 2776//2280 2779//2283 2778//2282
f 2766//2271 2793//2296 2777//2281
f 2778//2282 2779//2283 2768//2273
f 2791//2294 2807//2309 2802//2304
f 2796//2299 2807//2309 2780//2284
f 2788//2291 2793//2296 2790//2293
f 2782//2286 2766//2271 2777//2281
f 2790//2293 2793//2296 2792//2295
f 2780//2284 2807//2309 2791//2294
f 2792//2295 2793//2296 2782//2286
f 2805//2307 2821//2322 2816//2317
f 2810//2312 2821//2322 2794//2297
f 2802//2304 2807//2309 2804//2306
f 2796//2299 2780//2284 2791//2294
f 2804//2306 2807//2309 2806//2308
f 2794//2297 2821//2322 2805//2307
f 2806//2308 2807//2309 2796//2299
f 2819//2320 2835//2335 2830//2330
f 2824//2325 2835//2335 2808//2310
f 2816//2317 2821//2322 2818//2319
f 2794//2297 2805//2307 2818//2319
f 2818//2319 2821//2322 2820//2321
f 2808//2310 2835//2335 2819//2320
f 2820//2321 2821//2322 2810//2312
f 2833//2333 2849//2348 2844//2343
f 2838//2338 2849//2348 2822//2323
f 2830//2330 2835//2335 2832//2332
f 2832//2332 2824//2325 2819//2320
f 2832//2332 2835//2335 2834//2334
f 2822//2323 2849//2348 2833//2333
f 2834//2334 2835//2335 2824//2325
f 2847//2346 2863//2361 2858//2356
f 2852//2351 2863//2361 2836//2336
f 2844//2343 2849//2348 2846//2345
f 2846//2345 2838//2338 2833//2333
f 2846//2345 2849//2348 2848//2347
f 2836//2336 2863//2361 2847//2346
f 2848//2347 2849//2348 2838//2338
f 2861//2359 2877//2374 2872//2369
f 2866//2364 2877//2374 2850//2349
f 2858//2356 2863//2361 2860//2358
f 2852//2351 2836//2336 2847//2346
f 2860//2358 2863//2361 2862//2360
f 2850//2349 2877//2374 2861//2359
f 2862//2360 2863//2361 2852//2351
f 2875//2372 2891//2387 2886//2382
f 2880//2377 2891//2387 2864//2362
f 2872//2369 2877//2374 2874//2371
f 2850//2349 2861//2359 2874//2371
f 2874//2371 2877//2374 2876//2373
f 2864//2362 2891//2387 2875//2372
f 2876//2373 2877//2374 2866//2364
f 2889//2385 2905//2400 2900//2395
f 2894//2390 2905//2400 2878//2375
f 2886//2382 2891//2387 2888//2384
f 2864//2362 2875//2372 2888//2384
f 2888//2384 2891//2387 2890//2386
f 2878//2375 2905//2400 2889//2385
f 2890//2386 2891//2387 2880//2377
f 2903//2398 2919//2413 2914//2408
f 2908//2403 2919//2413 2892//2388
f 2900//2395 2905//2400 2902//2397
f 2894//2390 2878//2375 2889//2385
f 2902//2397 2905//2400 2904//2399
f 2892//2388 2919//2413 2903//2398
f 2904//2399 2905//2400 2894//2390
f 2917//2411 2933//2426 2928//2421
f 2922//2416 2933//2426 2906//2401
f 2914//2408 2919//2413 2916//2410
f 2908//2403 2892//2388 2903//2398
f 2916//2410 2919//2413 2918//2412
f 2906//2401 2933//2426 2917//2411
f 2918//2412 2919//2413 2908//2403
f 2931//2424 2947//2439 2942//2434
f 2936//2429 2947//2439 2920//2414
f 2928//2421 2933//2426 2930//2423
f 2930//2423 2922//2416 2917//2411
f 2930//2423 2933//2426 2932//2425
f 2920//2414 2947//2439 2931//2424
f 2932//2425 2933//2426 2922//2416
f 2945//2437 2961//2452 2956//2447
f 2950//2442 2961//2452 2934//2427
f 2942//2434 2947//2439 2944//2436
f 2920//2414 2931//2424 2944//2436
f 2944//2436 2947//2439 2946//2438
f 2934//2427 2961//2452 2945//2437
f 2946//2438 2947//2439 2936//2429
f 2959//2450 2975//2465 2970//2460
f 2964//2455 2975//2465 2948//2440
f 2956//2447 2961//2452 2958//2449
f 2958//2449 2950//2442 2945//2437
f 2958//2449 2961//2452 2960//2451
f 2948//2440 2975//2465 2959//2450
f 2960//2451 2961//2452 2950//2442
f 2973//2463 2989//2478 2984//2473
f 2978//2468 2989//2478 2962//2453
f 2970//2460 2975//2465 2972//2462
f 2964//2455 2948//2440 2959//2450
f 2972//2462 2975//2465 2974//2464
f 2962//2453 2989//2478 2973//2463
f 2974//2464 2975//2465 2964//2455
f 2987//2476 3003//2491 2998//2486
f 2992//2481 3003//2491 2976//2466
f 2984//2473 2989//2478 2986//2475
f 2986//2475 2978//2468 2973//2463
f 2986//2475 2989//2478 2988//2477
f 2976//2466 3003//2491 2987//2476
f 2988//2477 2989//2478 2978//2468
f 3001//2489 3017//2504 3012//2499
f 3006//2494 3017//2504 2990//2479
f 2998//2486 3003//2491 3000//2488
f 2976//2466 2987//2476 3000//2488
f 3000//2488 3003//2491 3002//2490
f 2990//2479 3017//2504 3001//2489
f 3002//2490 3003//2491 2992//2481
f 3015//2502 3031//2517 3026//2512
f 3020//2507 3031//2517 3004//2492
f 3012//2499 3017//2504 3014//2501
f 3006//2494 2990//2479 3001//2489
f 3014//2501 3017//2504 3016//2503
f 3004//2492 3031//2517 3015//2502
f 3016//2503 3017//2504 3006//2494
f 3029//2515 3045//2530 3040//2525
f 3034//2520 3045//2530 3018//2505
f 3026//2512 3031//2517 3028//2514
f 3004//2492 3015//2502 3028//2514
f 3028//2514 3031//2517 3030//2516
f 3018//2505 3045//2530 3029//2515
f 3030//2516 3031//2517 3020//2507
f 3043//2528 3059//2543 3054//2538
f 3048//2533 3059//2543 3032//2518
f 3040//2525 3045//2530 3042//2527
f 3034//2520 3018//2505 3029//2515
f 3042//2527 3045//2530 3044//2529
f 3032//2518 3059//2543 3043//2528
f 3044//2529 3045//2530 3034//2520
f 3057//2541 3073//2556 3068//2551
f 3062//2546 3073//2556 3046//2531
f 3054//2538 3059//2543 3056//2540
f 3056//2540 3048//2533 3043//2528
f 3056//2540 3059//2543 3058//2542
f 3046//2531 3073//2556 3057//2541
f 3058//2542 3059//2543 3048//2533
f 3071//2554 3087//2569 3082//2564
f 3076//2559 3087//2569 3060//2544
f 3068//2551 3073//2556 3070//2553
f 3062//2546 3046//2531 3057//2541
f 3070//2553 3073//2556 3072//2555
f 3060//2544 3087//2569 3071//2554
f 3072//2555 3073//2556 3062//2546
f 3085//2567 3101//2582 3096//2577
f 3090//2572 3101//2582 3074//2557
f 3082//2564 3087//2569 3084//2566
f 3076//2559 3060//2544 3071//2554
f 3084//2566 3087//2569 3086//2568
f 3074//2557 3101//2582 3085//2567
f 3086//2568 3087//2569 3076//2559
f 3099//2580 3115//2595 3110//2590
f 3104//2585 3115//2595 3088//2570
f 3096//2577 3101//2582 3098//2579
f 3090//2572 3074//2557 3085//2567
f 3098//2579 3101//2582 3100//2581
f 3088//2570 3115//2595 3099//2580
f 3100//2581 3101//2582 3090//2572
f 3113//2593 3129//2608 3124//2603
f 3118//2598 3129//2608 3102//2583
f 3110//2590 3115//2595 3112//2592
f 3104//2585 3088//2570 3099//2580
f 3112//2592 3115//2595 3114//2594
f 3102//2583 3129//2608 3113//2593
f 3114//2594 3115//2595 3104//2585
f 3127//2606 3143//2622 3138//2617
f 3132//2611 3143//2622 3116//2596
f 3124//2603 3129//2608 3126//2605
f 3102//2583 3113//2593 3126//2605
f 3126//2605 3129//2608 3128//2607
f 3116//2596 3143//2622 3127//2606
f 3128//2607 3129//2608 3118//2598
f 3141//2620 3157//2635 3152//2630
f 3146//2625 3157//2635 3130//2609
f 3138//2617 3143//2622 3140//2619
f 3132//2611 3116//2596 3127//2606
f 3140//2619 3143//2622 3142//2621
f 3130//2609 3157//2635 3141//2620
f 3142//2621 3143//2622 3132//2611
f 3155//2633 3171//2648 3166//2643
f 3160//2638 3171//2648 3144//2623
f 3152//2630 3157//2635 3154//2632
f 3146//2625 3130//2609 3141//2620
f 3154//2632 3157//2635 3156//2634
f 3144//2623 3171//2648 3155//2633
f 3156//2634 3157//2635 3146//2625
f 3169//2646 3185//2661 3180//2656
f 3174//2651 3185//2661 3158//2636
f 3166//2643 3171//2648 3168//2645
f 3160//2638 3144//2623 3155//2633
f 3168//2645 3171//2648 3170//2647
f 3158//2636 3185//2661 3169//2646
f 3170//2647 3171//2648 3160//2638
f 3183//2659 3199//2674 3194//2669
f 3188//2664 3199//2674 3172//2649
f 3180//2656 3185//2661 3182//2658
f 3174//2651 3158//2636 3169//2646
f 3182//2658 3185//2661 3184//2660
f 3172//2649 3199//2674 3183//2659
f 3184//2660 3185//2661 3174//2651
f 3197//2672 3213//2687 3208//2682
f 3202//2677 3213//2687 3186//2662
f 3194//2669 3199//2674 3196//2671
f 3188//2664 3172//2649 3183//2659
f 3196//2671 3199//2674 3198//2673
f 3186//2662 3213//2687 3197//2672
f 3198//2673 3199//2674 3188//2664
f 3211//2685 3227//2700 3222//2695
f 3216//2690 3227//2700 3200//2675
f 3208//2682 3213//2687 3210//2684
f 3202//2677 3186//2662 3197//2672
f 3210//2684 3213//2687 3212//2686
f 3200//2675 3227//2700 3211//2685
f 3212//2686 3213//2687 3202//2677
f 3225//2698 3241//2713 3236//2708
f 3230//2703 3241//2713 3214//2688
f 3222//2695 3227//2700 3224//2697
f 3216//2690 3200//2675 3211//2685
f 3224//2697 3227//2700 3226//2699
f 3214//2688 3241//2713 3225//2698
f 3226//2699 3227//2700 3216//2690
f 3239//2711 3255//2726 3250//2721
f 3244//2716 3255//2726 3228//2701
f 3236//2708 3241//2713 3238//2710
f 3214//2688 3225//2698 3238//2710
f 3238//2710 3241//2713 3240//2712
f 3228//2701 3255//2726 3239//2711
f 3240//2712 3241//2713 3230//2703
f 3253//2724 3269//2739 3264//2734
f 3258//2729 3269//2739 3242//2714
f 3250//2721 3255//2726 3252//2723
f 3244//2716 3228//2701 3239//2711
f 3252//2723 3255//2726 3254//2725
f 3242//2714 3269//2739 3253//2724
f 3254//2725 3255//2726 3244//2716
f 3267//2737 3283//2752 3278//2747
f 3272//2742 3283//2752 3256//2727
f 3264//2734 3269//2739 3266//2736
f 3266//2736 3258//2729 3253//2724
f 3266//2736 3269//2739 3268//2738
f 3256//2727 3283//2752 3267//2737
f 3268//2738 3269//2739 3258//2729
f 3281//2750 3297//2765 3292//2760
f 3286//2755 3297//2765 3270//2740
f 3278//2747 3283//2752 3280//2749
f 3280//2749 3272//2742 3267//2737
f 3280//2749 3283//2752 3282//2751
f 3270//2740 3297//2765 3281//2750
f 3282//2751 3283//2752 3272//2742
f 3295//2763 3311//2778 3306//2773
f 3300//2768 3311//2778 3284//2753
f 3292//2760 3297//2765 3294//2762
f 3286//2755 3270//2740 3281//2750
f 3294//2762 3297//2765 3296//2764
f 3284//2753 3311//2778 3295//2763
f 3296//2764 3297//2765 3286//2755
f 3309//2776 3325//2791 3320//2786
f 3314//2781 3325//2791 3298//2766
f 3306//2773 3311//2778 3308//2775
f 3308//2775 3300//2768 3295//2763
f 3308//2775 3311//2778 3310//2777
f 3298//2766 3325//2791 3309//2776
f 3310//2777 3311//2778 3300//2768
f 3323//2789 3339//2804 3334//2799
f 3328//2794 3339//2804 3312//2779
f 3320//2786 3325//2791 3322//2788
f 3314//2781 3298//2766 3309//2776
f 3322//2788 3325//2791 3324//2790
f 3312//2779 3339//2804 3323//2789
f 3324//2790 3325//2791 3314//2781
f 3337//2802 3353//2817 3348//2812
f 3342//2807 3353//2817 3326//2792
f 3334//2799 3339//2804 3336//2801
f 3312//2779 3323//2789 3336//2801
f 3336//2801 3339//2804 3338//2803
f 3326//2792 3353//2817 3337//2802
f 3338//2803 3339//2804 3328//2794
f 3351//2815 3367//2830 3362//2825
f 3356//2820 3367//2830 3340//2805
f 3348//2812 3353//2817 3350//2814
f 3350//2814 3342//2807 3337//2802
f 3350//2814 3353//2817 3352//2816
f 3340//2805 3367//2830 3351//2815
f 3352//2816 3353//2817 3342//2807
f 3365//2828 3381//2843 3376//2838
f 3370//2833 3381//2843 3354//2818
f 3362//2825 3367//2830 3364//2827
f 3356//2820 3340//2805 3351//2815
f 3364//2827 3367//2830 3366//2829
f 3354//2818 3381//2843 3365//2828
f 3366//2829 3367//2830 3356//2820
f 3379//2841 3395//2856 3390//2851
f 3384//2846 3395//2856 3368//2831
f 3376//2838 3381//2843 3378//2840
f 3378//2840 3370//2833 3365//2828
f 3378//2840 3381//2843 3380//2842
f 3368//2831 3395//2856 3379//2841
f 3380//2842 3381//2843 3370//2833
f 3393//2854 3409//2869 3404//2864
f 3398//2859 3409//2869 3382//2844
f 3390//2851 3395//2856 3392//2853
f 3368//2831 3379//2841 3392//2853
f 3392//2853 3395//2856 3394//2855
f 3382//2844 3409//2869 3393//2854
f 3394//2855 3395//2856 3384//2846
f 3407//2867 3423//2882 3418//2877
f 3412//2872 3423//2882 3396//2857
f 3404//2864 3409//2869 3406//2866
f 3398//2859 3382//2844 3393//2854
f 3406//2866 3409//2869 3408//2868
f 3396//2857 3423//2882 3407//2867
f 3408//2868 3409//2869 3398//2859
f 3421//2880 3437//2895 3432//2890
f 3426//2885 3437//2895 3410//2870
f 3418//2877 3423//2882 3420//2879
f 3412//2872 3396//2857 3407//2867
f 3420//2879 3423//2882 3422//2881
f 3410//2870 3437//2895 3421//2880
f 3422//2881 3423//2882 3412//2872
f 3435//2893 3451//2908 3446//2903
f 3440//2898 3451//2908 3424//2883
f 3432//2890 3437//2895 3434//2892
f 3426//2885 3410//2870 3421//2880
f 3434//2892 3437//2895 3436//2894
f 3424//2883 3451//2908 3435//2893
f 3436//2894 3437//2895 3426//2885
f 3449//2906 3465//2921 3460//2916
f 3454//2911 3465//2921 3438//2896
f 3446//2903 3451//2908 3448//2905
f 3440//2898 3424//2883 3435//2893
f 3448//2905 3451//2908 3450//2907
f 3438//2896 3465//2921 3449//2906
f 3450//2907 3451//2908 3440//2898
f 3463//2919 3479//2934 3474//2929
f 3468//2924 3479//2934 3452//2909
f 3460//2916 3465//2921 3462//2918
f 3438//2896 3449//2906 3462//2918
f 3462//2918 3465//2921 3464//2920
f 3452//2909 3479//2934 3463//2919
f 3464//2920 3465//2921 3454//2911
f 3477//2932 3493//2947 3488//2942
f 3482//2937 3493//2947 3466//2922
f 3474//2929 3479//2934 3476//2931
f 3452//2909 3463//2919 3476//2931
f 3476//2931 3479//2934 3478//2933
f 3466//2922 3493//2947 3477//2932
f 3478//2933 3479//2934 3468//2924
f 3491//2945 3507//2960 3502//2955
f 3496//2950 3507//2960 3480//2935
f 3488//2942 3493//2947 3490//2944
f 3482//2937 3466//2922 3477//2932
f 3490//2944 3493//2947 3492//2946
f 3480//2935 3507//2960 3491//2945
f 3492//2946 3493//2947 3482//2937
f 3505//2958 3521//2973 3516//2968
f 3510//2963 3521//2973 3494//2948
f 3502//2955 3507//2960 3504//2957
f 3504//2957 3496//2950 3491//2945
f 3504//2957 3507//2960 3506//2959
f 3494//2948 3521//2973 3505//2958
f 3506//2959 3507//2960 3496//2950
f 3519//2971 3535//2986 3530//2981
f 3524//2976 3535//2986 3508//2961
f 3516//2968 3521//2973 3518//2970
f 3518//2970 3510//2963 3505//2958
f 3518//2970 3521//2973 3520//2972
f 3508//2961 3535//2986 3519//2971
f 3520//2972 3521//2973 3510//2963
f 3533//2984 3549//2999 3544//2994
f 3538//2989 3549//2999 3522//2974
f 3530//2981 3535//2986 3532//2983
f 3524//2976 3508//2961 3519//2971
f 3532//2983 3535//2986 3534//2985
f 3522//2974 3549//2999 3533//2984
f 3534//2985 3535//2986 3524//2976
f 3547//2997 3563//3012 3558//3007
f 3552//3002 3563//3012 3536//2987
f 3544//2994 3549//2999 3546//2996
f 3522//2974 3533//2984 3546//2996
f 3546//2996 3549//2999 3548//2998
f 3536//2987 3563//3012 3547//2997
f 3548//2998 3549//2999 3538//2989
f 3561//3010 3577//3025 3572//3020
f 3566//3015 3577//3025 3550//3000
f 3558//3007 3563//3012 3560//3009
f 3536//2987 3547//2997 3560//3009
f 3560//3009 3563//3012 3562//3011
f 3550//3000 3577//3025 3561//3010
f 3562//3011 3563//3012 3552//3002
f 3575//3023 3591//3038 3586//3033
f 3580//3028 3591//3038 3564//3013
f 3572//3020 3577//3025 3574//3022
f 3550//3000 3561//3010 3574//3022
f 3574//3022 3577//3025 3576//3024
f 3564//3013 3591//3038 3575//3023
f 3576//3024 3577//3025 3566//3015
f 3589//3036 3605//3051 3600//3046
f 3594//3041 3605//3051 3578//3026
f 3586//3033 3591//3038 3588//3035
f 3564//3013 3575//3023 3588//3035
f 3588//3035 3591//3038 3590//3037
f 3578//3026 3605//3051 3589//3036
f 3590//3037 3591//3038 3580//3028
f 3603//3049 3619//3064 3614//3059
f 3608//3054 3619//3064 3592//3039
f 3600//3046 3605//3051 3602//3048
f 3594//3041 3578//3026 3589//3036
f 3602//3048 3605//3051 3604//3050
f 3592//3039 3619//3064 3603//3049
f 3604//3050 3605//3051 3594//3041
f 3617//3062 3633//3077 3628//3072
f 3622//3067 3633//3077 3606//3052
f 3614//3059 3619//3064 3616//3061
f 3592//3039 3603//3049 3616//3061
f 3616//3061 3619//3064 3618//3063
f 3606//3052 3633//3077 3617//3062
f 3618//3063 3619//3064 3608//3054
f 3631//3075 3647//3090 3642//3085
f 3636//3080 3647//3090 3620//3065
f 3628//3072 3633//3077 3630//3074
f 3622//3067 3606//3052 3617//3062
f 3630//3074 3633//3077 3632//3076
f 3620//3065 3647//3090 3631//3075
f 3632//3076 3633//3077 3622//3067
f 3645//3088 3661//3103 3656//3098
f 3650//3093 3661//3103 3634//3078
f 3642//3085 3647//3090 3644//3087
f 3636//3080 3620//3065 3631//3075
f 3644//3087 3647//3090 3646//3089
f 3634//3078 3661//3103 3645//3088
f 3646//3089 3647//3090 3636//3080
f 3659//3101 3675//3116 3670//3111
f 3664//3106 3675//3116 3648//3091
f 3656//3098 3661//3103 3658//3100
f 3650//3093 3634//3078 3645//3088
f 3658//3100 3661//3103 3660//3102
f 3648//3091 3675//3116 3659//3101
f 3660//3102 3661//3103 3650//3093
f 3673//3114 3689//3129 3684//3124
f 3678//3119 3689//3129 3662//3104
f 3670//3111 3675//3116 3672//3113
f 3664//3106 3648//3091 3659//3101
f 3672//3113 3675//3116 3674//3115
f 3662//3104 3689//3129 3673//3114
f 3674//3115 3675//3116 3664//3106
f 3687//3127 3703//3142 3698//3137
f 3692//3132 3703//3142 3676//3117
f 3684//3124 3689//3129 3686//3126
f 3678//3119 3662//3104 3673//3114
f 3686//3126 3689//3129 3688//3128
f 3676//3117 3703//3142 3687//3127
f 3688//3128 3689//3129 3678//3119
f 3701//3140 3717//3155 3712//3150
f 3706//3145 3717//3155 3690//3130
f 3698//3137 3703//3142 3700//3139
f 3692//3132 3676//3117 3687//3127
f 3700//3139 3703//3142 3702//3141
f 3690//3130 3717//3155 3701//3140
f 3702//3141 3703//3142 3692//3132
f 3715//3153 3731//3168 3726//3163
f 3720//3158 3731//3168 3704//3143
f 3712//3150 3717//3155 3714//3152
f 3690//3130 3701//3140 3714//3152
f 3714//3152 3717//3155 3716//3154
f 3704//3143 3731//3168 3715//3153
f 3716//3154 3717//3155 3706//3145
f 3729//3166 3745//3181 3740//3176
f 3734//3171 3745//3181 3718//3156
f 3726//3163 3731//3168 3728//3165
f 3728//3165 3720//3158 3715//3153
f 3728//3165 3731//3168 3730//3167
f 3718//3156 3745//3181 3729//3166
f 3730//3167 3731//3168 3720//3158
f 3743//3179 3759//3194 3754//3189
f 3748//3184 3759//3194 3732//3169
f 3740//3176 3745//3181 3742//3178
f 3718//3156 3729//3166 3742//3178
f 3742//3178 3745//3181 3744//3180
f 3732//3169 3759//3194 3743//3179
f 3744//3180 3745//3181 3734//3171
f 3757//3192 3773//3207 3768//3202
f 3762//3197 3773//3207 3746//3182
f 3754//3189 3759//3194 3756//3191
f 3748//3184 3732//3169 3743//3179
f 3756//3191 3759//3194 3758//3193
f 3746//3182 3773//3207 3757//3192
f 3758//3193 3759//3194 3748//3184
f 3771//3205 3787//3220 3782//3215
f 3776//3210 3787//3220 3760//3195
f 3768//3202 3773//3207 3770//3204
f 3762//3197 3746//3182 3757//3192
f 3770//3204 3773//3207 3772//3206
f 3760//3195 3787//3220 3771//3205
f 3772//3206 3773//3207 3762//3197
f 3785//3218 3801//3233 3796//3228
f 3790//3223 3801//3233 3774//3208
f 3782//3215 3787//3220 3784//3217
f 3776//3210 3760//3195 3771//3205
f 3784//3217 3787//3220 3786//3219
f 3774//3208 3801//3233 3785//3218
f 3786//3219 3787//3220 3776//3210
f 3799//3231 3815//3246 3810//3241
f 3804//3236 3815//3246 3788//3221
f 3796//3228 3801//3233 3798//3230
f 3798//3230 3790//3223 3785//3218
f 3798//3230 3801//3233 3800//3232
f 3788//3221 3815//3246 3799//3231
f 3800//3232 3801//3233 3790//3223
f 3813//3244 3829//3259 3824//3254
f 3818//3249 3829//3259 3802//3234
f 3810//3241 3815//3246 3812//3243
f 3812//3243 3804//3236 3799//3231
f 3812//3243 3815//3246 3814//3245
f 3802//3234 3829//3259 3813//3244
f 3814//3245 3815//3246 3804//3236
f 3827//3257 3843//3272 3838//3267
f 3832//3262 3843//3272 3816//3247
f 3824//3254 3829//3259 3826//3256
f 3818//3249 3802//3234 3813//3244
f 3826//3256 3829//3259 3828//3258
f 3816//3247 3843//3272 3827//3257
f 3828//3258 3829//3259 3818//3249
f 3841//3270 3857//3285 3852//3280
f 3846//3275 3857//3285 3830//3260
f 3838//3267 3843//3272 3840//3269
f 3816//3247 3827//3257 3840//3269
f 3840//3269 3843//3272 3842//3271
f 3830//3260 3857//3285 3841//3270
f 3842//3271 3843//3272 3832//3262
f 3855//3283 3871//3298 3866//3293
f 3860//3288 3871//3298 3844//3273
f 3852//3280 3857//3285 3854//3282
f 3846//3275 3830//3260 3841//3270
f 3854//3282 3857//3285 3856//3284
f 3844//3273 3871//3298 3855//3283
f 3856//3284 3857//3285 3846//3275
f 3869//3296 3885//3311 3880//3306
f 3874//3301 3885//3311 3858//3286
f 3866//3293 3871//3298 3868//3295
f 3860//3288 3844//3273 3855//3283
f 3868//3295 3871//3298 3870//3297
f 3858//3286 3885//3311 3869//3296
f 3870//3297 3871//3298 3860//3288
f 3883//3309 3896//3321 3892//3317
f 3887//3313 3896//3321 3872//3299
f 3880//3306 3885//3311 3882//3308
f 3874//3301 3858//3286 3869//3296
f 3882//3308 3885//3311 3884//3310
f 3872//3299 3896//3321 3883//3309
f 3884//3310 3885//3311 3874//3301
f 316//312 17//17 18//18
f 2//2 15//15 16//16
f 3892//3317 3896//3321 3894//3319
f 6//6 19//19 20//20
f 3872//3299 3883//3309 3894//3319
f 3894//3319 3896//3321 3895//3320
f 315//311 16//16 17//17
f 323//317 10//10 23//23
f 3895//3320 3896//3321 3887//3313
f 9//9 8//8 21//21
f 10//10 9//9 22//22
f 16//16 29//27 30//28
f 24//24 23//23 36//34
f 21//21 20//20 33//31
f 17//17 30//28 31//29
f 25//25 24//24 37//35
f 22//22 21//21 34//32
f 18//18 31//29 32//30
f 15//15 28//26 29//27
f 23//23 22//22 35//33
f 19//19 32//30 33//31
f 31//29 44//42 45//43
f 28//26 41//39 42//40
f 36//34 35//33 48//46
f 32//30 45//43 46//44
f 29//27 42//40 43//41
f 37//35 36//34 49//47
f 34//32 33//31 46//44
f 30//28 43//41 44//42
f 38//36 37//35 50//48
f 35//33 34//32 47//45
f 43//41 56//54 57//55
f 51//49 50//48 63//61
f 48//46 47//45 60//58
f 44//42 57//55 58//56
f 41//39 54//52 55//53
f 49//47 48//46 61//59
f 45//43 58//56 59//57
f 42//40 55//53 56//54
f 50//48 49//47 62//60
f 47//45 46//44 59//57
f 58//56 71//69 72//70
f 55//53 68//66 69//67
f 63//61 62//60 75//73
f 60//58 59//57 72//70
f 56//54 69//67 70//68
f 64//62 63//61 76//74
f 61//59 60//58 73//71
f 57//55 70//68 71//69
f 54//52 67//65 68//66
f 62//60 61//59 74//72
f 70//68 83//80 84//81
f 67//65 80//77 81//78
f 75//73 74//72 87//84
f 71//69 84//81 85//82
f 68//66 81//78 82//79
f 76//74 75//73 88//85
f 73//71 72//70 85//82
f 69//67 82//79 83//80
f 77//75 76//74 89//86
f 74//72 73//71 86//83
f 85//82 98//95 99//96
f 83//80 82//79 95//92
f 89//86 102//99 103//100
f 86//83 99//96 100//97
f 84//81 83//80 96//93
f 81//78 80//77 93//90
f 87//84 100//97 101//98
f 85//82 84//81 97//94
f 82//79 81//78 94//91
f 88//85 101//98 102//99
f 98//95 97//94 110//107
f 95//92 94//91 107//104
f 101//98 114//111 115//112
f 98//95 111//108 112//109
f 96//93 95//92 108//105
f 102//99 115//112 116//113
f 99//96 112//109 113//110
f 97//94 96//93 109//106
f 94//91 93//90 106//103
f 100//97 113//110 114//111
f 112//109 125//121 126//122
f 110//107 109//106 122//118
f 107//104 106//103 119//115
f 113//110 126//122 127//123
f 111//108 110//107 123//119
f 108//105 107//104 120//116
f 114//111 127//123 128//124
f 111//108 124//120 125//121
f 109//106 108//105 121//117
f 115//112 128//124 129//125
f 124//120 137//133 138//134
f 122//118 121//117 134//130
f 128//124 141//137 142//138
f 125//121 138//134 139//135
f 123//119 122//118 135//131
f 120//116 119//115 132//128
f 126//122 139//135 140//136
f 124//120 123//119 136//132
f 121//117 120//116 133//129
f 127//123 140//136 141//137
f 139//135 152//148 153//149
f 137//133 136//132 149//145
f 134//130 133//129 146//142
f 140//136 153//149 154//150
f 137//133 150//146 151//147
f 135//131 134//130 147//143
f 141//137 154//150 155//151
f 138//134 151//147 152//148
f 136//132 135//131 148//144
f 133//129 132//128 145//141
f 151//147 164//160 165//161
f 149//145 148//144 161//157
f 146//142 145//141 158//154
f 152//148 165//161 166//162
f 150//146 149//145 162//158
f 147//143 146//142 159//155
f 153//149 166//162 167//163
f 150//146 163//159 164//160
f 148//144 147//143 160//156
f 154//150 167//163 168//164
f 167//163 166//162 179//175
f 164//160 163//159 176//172
f 160//156 173//169 174//170
f 168//164 167//163 180//176
f 165//161 164//160 177//173
f 161//157 174//170 175//171
f 158//154 171//167 172//168
f 166//162 165//161 178//174
f 162//158 175//171 176//172
f 159//155 172//168 173//169
f 171//167 184//180 185//181
f 179//175 178//174 191//187
f 175//171 188//184 189//185
f 172//168 185//181 186//182
f 180//176 179//175 192//188
f 177//173 176//172 189//185
f 173//169 186//182 187//183
f 181//177 180//176 193//189
f 178//174 177//173 190//186
f 174//170 187//183 188//184
f 194//190 193//189 206//202
f 191//187 190//186 203//199
f 187//183 200//196 201//197
f 184//180 197//193 198//194
f 192//188 191//187 204//200
f 188//184 201//197 202//198
f 185//181 198//194 199//195
f 193//189 192//188 205//201
f 190//186 189//185 202//198
f 186//182 199//195 200//196
f 198//194 211//207 212//208
f 206//202 205//201 218//214
f 203//199 202//198 215//211
f 199//195 212//208 213//209
f 207//203 206//202 219//215
f 204//200 203//199 216//212
f 200//196 213//209 214//210
f 197//193 210//206 211//207
f 205//201 204//200 217//213
f 201//197 214//210 215//211
f 210//206 223//219 224//220
f 218//214 217//213 230//226
f 214//210 227//223 228//224
f 211//207 224//220 225//221
f 219//215 218//214 231//227
f 216//212 215//211 228//224
f 212//208 225//221 226//222
f 220//216 219//215 232//228
f 217//213 216//212 229//225
f 213//209 226//222 227//223
f 225//221 238//234 239//235
f 233//229 232//228 245//241
f 230//226 229//225 242//238
f 226//222 239//235 240//236
f 223//219 236//232 237//233
f 231//227 230//226 243//239
f 227//223 240//236 241//237
f 224//220 237//233 238//234
f 232//228 231//227 244//240
f 229//225 228//224 241//237
f 238//234 237//233 250//246
f 244//240 257//253 258//254
f 241//237 254//250 255//251
f 239//235 238//234 251//247
f 245//241 258//254 259//255
f 242//238 255//251 256//252
f 240//236 239//235 252//248
f 237//233 236//232 249//245
f 243//239 256//252 257//253
f 241//237 240//236 253//249
f 253//249 252//248 265//261
f 250//246 249//245 262//258
f 256//252 269//265 270//266
f 254//250 253//249 266//262
f 251//247 250//246 263//259
f 257//253 270//266 271//267
f 254//250 267//263 268//264
f 252//248 251//247 264//260
f 258//254 271//267 272//268
f 255//251 268//264 269//265
f 265//261 264//260 277//273
f 271//267 284//280 285//281
f 268//264 281//277 282//278
f 266//262 265//261 278//274
f 263//259 262//258 275//271
f 269//265 282//278 283//279
f 267//263 266//262 279//275
f 264//260 263//259 276//272
f 270//266 283//279 284//280
f 267//263 280//276 281//277
f 280//276 279//275 292//288
f 277//273 276//272 289//285
f 283//279 296//292 297//293
f 280//276 293//289 294//290
f 278//274 277//273 290//286
f 284//280 297//293 298//294
f 281//277 294//290 295//291
f 279//275 278//274 291//287
f 276//272 275//271 288//284
f 282//278 295//291 296//292
f 292//288 291//287 304//300
f 289//285 288//284 301//297
f 295//291 308//304 309//305
f 293//289 292//288 305//301
f 290//286 289//285 302//298
f 296//292 309//305 310//306
f 293//289 306//302 307//303
f 291//287 290//286 303//299
f 297//293 310//306 311//307
f 294//290 307//303 308//304
f 306//302 7//7 8//8
f 304//300 303//299 316//312
f 310//306 323//317 12//12
f 307//303 8//8 9//9
f 305//301 304//300 5//5
f 302//298 301//297 2//2
f 308//304 9//9 10//10
f 306//302 305//301 6//6
f 303//299 302//298 315//311
f 309//305 10//10 323//317
f 1924//1499 1949//1509 1947//1507
f 1947//1507 1945//1505 1942//1503
f 1942//1503 1933//1501 1924//1499
f 1927//1500 1879//1490 1870//1488
f 1870//1488 1861//1486 1927//1500
f 1861//1486 1906//1496 1927//1500
f 1864//1487 1781//1477 1706//1475
f 1706//1475 1952//1512 1864//1487
f 1952//1512 1843//1483 1864//1487
f 1951//1511 1962//1521 1964//1523
f 1964//1523 1966//1525 1956//1516
f 1956//1516 1852//1485 1964//1523
f 1965//1524 1976//1534 1970//1529
f 1976//1534 1978//1536 1970//1529
f 1978//1536 1980//1538 1970//1529
f 1979//1537 1990//1547 1984//1542
f 1990//1547 1992//1549 1984//1542
f 1992//1549 1994//1551 1984//1542
f 1993//1550 2004//1560 2006//1562
f 2006//1562 2008//1564 1998//1555
f 1998//1555 1982//1540 2006//1562
f 2007//1563 2018//1573 2012//1568
f 2018//1573 2020//1575 2012//1568
f 2020//1575 2022//1577 2012//1568
f 2021//1576 2032//1586 2034//1588
f 2034//1588 2036//1590 2021//1576
f 2036//1590 2026//1581 2021//1576
f 2035//1589 2046//1599 2048//1601
f 2048//1601 2050//1603 2040//1594
f 2040//1594 2024//1579 2048//1601
f 2049//1602 2060//1612 2062//1614
f 2062//1614 2064//1616 2054//1607
f 2054//1607 2038//1592 2062//1614
f 2063//1615 2074//1625 2068//1620
f 2074//1625 2076//1627 2068//1620
f 2076//1627 2078//1629 2068//1620
f 2077//1628 2088//1638 2090//1640
f 2090//1640 2092//1642 2082//1633
f 2082//1633 2066//1618 2090//1640
f 2091//1641 2102//1651 2096//1646
f 2102//1651 2104//1653 2096//1646
f 2104//1653 2106//1655 2096//1646
f 2105//1654 2116//1664 2118//1666
f 2118//1666 2120//1668 2110//1659
f 2110//1659 2094//1644 2105//1654
f 2119//1667 2130//1678 2124//1672
f 2130//1678 2132//1680 2124//1672
f 2132//1680 2134//1682 2124//1672
f 2133//1681 2144//1691 2146//1693
f 2146//1693 2148//1695 2138//1686
f 2138//1686 2122//1670 2146//1693
f 2147//1694 2158//1704 2152//1699
f 2158//1704 2160//1706 2152//1699
f 2160//1706 2162//1708 2152//1699
f 2161//1707 2172//1717 2174//1719
f 2174//1719 2176//1721 2166//1712
f 2166//1712 2150//1697 2174//1719
f 2175//1720 2186//1730 2188//1732
f 2188//1732 2190//1734 2175//1720
f 2190//1734 2180//1725 2175//1720
f 2189//1733 2200//1743 2194//1738
f 2200//1743 2202//1745 2194//1738
f 2202//1745 2204//1747 2194//1738
f 2203//1746 2214//1756 2216//1758
f 2216//1758 2218//1760 2208//1751
f 2208//1751 2192//1736 2216//1758
f 2217//1759 2228//1769 2222//1764
f 2228//1769 2230//1771 2222//1764
f 2230//1771 2232//1773 2222//1764
f 2231//1772 2242//1782 2236//1777
f 2242//1782 2244//1784 2236//1777
f 2244//1784 2246//1786 2236//1777
f 2245//1785 2256//1795 2250//1790
f 2256//1795 2258//1797 2250//1790
f 2258//1797 2260//1799 2250//1790
f 2259//1798 2270//1808 2264//1803
f 2270//1808 2272//1810 2264//1803
f 2272//1810 2274//1812 2264//1803
f 2273//1811 2284//1821 2286//1823
f 2286//1823 2288//1825 2278//1816
f 2278//1816 2262//1801 2286//1823
f 2287//1824 2298//1834 2292//1829
f 2298//1834 2300//1836 2292//1829
f 2300//1836 2302//1838 2292//1829
f 2301//1837 2312//1847 2314//1849
f 2314//1849 2316//1851 2306//1842
f 2306//1842 2290//1827 2314//1849
f 2315//1850 2326//1860 2328//1862
f 2328//1862 2330//1864 2320//1855
f 2320//1855 2304//1840 2328//1862
f 2329//1863 2340//1873 2334//1868
f 2340//1873 2342//1875 2334//1868
f 2342//1875 2344//1877 2334//1868
f 2343//1876 2354//1886 2356//1888
f 2356//1888 2358//1890 2348//1881
f 2348//1881 2332//1866 2343//1876
f 2357//1889 2368//1899 2362//1894
f 2368//1899 2370//1901 2362//1894
f 2370//1901 2372//1903 2362//1894
f 2371//1902 2382//1913 2384//1915
f 2384//1915 2386//1917 2376//1907
f 2376//1907 2360//1892 2384//1915
f 2385//1916 2396//1926 2390//1921
f 2396//1926 2398//1928 2390//1921
f 2398//1928 2400//1930 2390//1921
f 2399//1929 2410//1939 2404//1934
f 2410//1939 2412//1941 2404//1934
f 2412//1941 2414//1943 2404//1934
f 2413//1942 2424//1952 2418//1947
f 2424//1952 2426//1954 2418//1947
f 2426//1954 2428//1956 2418//1947
f 2427//1955 2438//1965 2440//1967
f 2440//1967 2442//1969 2432//1960
f 2432//1960 2416//1945 2440//1967
f 2441//1968 2452//1978 2446//1973
f 2452//1978 2454//1980 2446//1973
f 2454//1980 2456//1982 2446//1973
f 2455//1981 2466//1991 2468//1993
f 2468//1993 2470//1995 2460//1986
f 2460//1986 2444//1971 2455//1981
f 2469//1994 2480//2004 2482//2006
f 2482//2006 2484//2008 2469//1994
f 2484//2008 2474//1999 2469//1994
f 2483//2007 2494//2017 2496//2019
f 2496//2019 2498//2021 2483//2007
f 2498//2021 2488//2012 2483//2007
f 2497//2020 2508//2030 2510//2032
f 2510//2032 2512//2034 2502//2025
f 2502//2025 2486//2010 2510//2032
f 2511//2033 2522//2043 2524//2045
f 2524//2045 2526//2047 2516//2038
f 2516//2038 2500//2023 2511//2033
f 2525//2046 2536//2056 2538//2058
f 2538//2058 2540//2060 2530//2051
f 2530//2051 2514//2036 2538//2058
f 2539//2059 2550//2069 2552//2071
f 2552//2071 2554//2073 2539//2059
f 2554//2073 2544//2064 2539//2059
f 2553//2072 2564//2082 2558//2077
f 2564//2082 2566//2084 2558//2077
f 2566//2084 2568//2086 2558//2077
f 2567//2085 2578//2096 2580//2098
f 2580//2098 2582//2100 2572//2090
f 2572//2090 2556//2075 2580//2098
f 2581//2099 2592//2109 2594//2111
f 2594//2111 2596//2113 2586//2104
f 2586//2104 2570//2088 2594//2111
f 2595//2112 2606//2122 2608//2124
f 2608//2124 2610//2126 2595//2112
f 2610//2126 2600//2117 2595//2112
f 2609//2125 2620//2135 2614//2130
f 2620//2135 2622//2137 2614//2130
f 2622//2137 2624//2139 2614//2130
f 2623//2138 2634//2148 2636//2150
f 2636//2150 2638//2152 2628//2143
f 2628//2143 2612//2128 2623//2138
f 2637//2151 2648//2161 2642//2156
f 2648//2161 2650//2163 2642//2156
f 2650//2163 2652//2165 2642//2156
f 2651//2164 2662//2174 2664//2176
f 2664//2176 2666//2178 2656//2169
f 2656//2169 2640//2154 2651//2164
f 2665//2177 2676//2187 2670//2182
f 2676//2187 2678//2189 2670//2182
f 2678//2189 2680//2191 2670//2182
f 2679//2190 2690//2200 2692//2202
f 2692//2202 2694//2204 2684//2195
f 2684//2195 2668//2180 2692//2202
f 2693//2203 2704//2213 2698//2208
f 2704//2213 2706//2215 2698//2208
f 2706//2215 2708//2217 2698//2208
f 2707//2216 2718//2226 2720//2228
f 2720//2228 2722//2230 2712//2221
f 2712//2221 2696//2206 2720//2228
f 2721//2229 2732//2239 2726//2234
f 2732//2239 2734//2241 2726//2234
f 2734//2241 2736//2243 2726//2234
f 2735//2242 2746//2252 2740//2247
f 2746//2252 2748//2254 2740//2247
f 2748//2254 2750//2256 2740//2247
f 2749//2255 2760//2265 2754//2260
f 2760//2265 2762//2267 2754//2260
f 2762//2267 2764//2269 2754//2260
f 2763//2268 2774//2278 2768//2273
f 2774//2278 2776//2280 2768//2273
f 2776//2280 2778//2282 2768//2273
f 2777//2281 2788//2291 2790//2293
f 2790//2293 2792//2295 2777//2281
f 2792//2295 2782//2286 2777//2281
f 2791//2294 2802//2304 2796//2299
f 2802//2304 2804//2306 2796//2299
f 2804//2306 2806//2308 2796//2299
f 2805//2307 2816//2317 2818//2319
f 2818//2319 2820//2321 2810//2312
f 2810//2312 2794//2297 2818//2319
f 2819//2320 2830//2330 2832//2332
f 2832//2332 2834//2334 2824//2325
f 2824//2325 2808//2310 2819//2320
f 2833//2333 2844//2343 2846//2345
f 2846//2345 2848//2347 2838//2338
f 2838//2338 2822//2323 2833//2333
f 2847//2346 2858//2356 2852//2351
f 2858//2356 2860//2358 2852//2351
f 2860//2358 2862//2360 2852//2351
f 2861//2359 2872//2369 2874//2371
f 2874//2371 2876//2373 2866//2364
f 2866//2364 2850//2349 2874//2371
f 2875//2372 2886//2382 2888//2384
f 2888//2384 2890//2386 2880//2377
f 2880//2377 2864//2362 2888//2384
f 2889//2385 2900//2395 2902//2397
f 2902//2397 2904//2399 2889//2385
f 2904//2399 2894//2390 2889//2385
f 2903//2398 2914//2408 2908//2403
f 2914//2408 2916//2410 2908//2403
f 2916//2410 2918//2412 2908//2403
f 2917//2411 2928//2421 2930//2423
f 2930//2423 2932//2425 2922//2416
f 2922//2416 2906//2401 2917//2411
f 2931//2424 2942//2434 2944//2436
f 2944//2436 2946//2438 2936//2429
f 2936//2429 2920//2414 2944//2436
f 2945//2437 2956//2447 2958//2449
f 2958//2449 2960//2451 2950//2442
f 2950//2442 2934//2427 2945//2437
f 2959//2450 2970//2460 2964//2455
f 2970//2460 2972//2462 2964//2455
f 2972//2462 2974//2464 2964//2455
f 2973//2463 2984//2473 2986//2475
f 2986//2475 2988//2477 2978//2468
f 2978//2468 2962//2453 2973//2463
f 2987//2476 2998//2486 3000//2488
f 3000//2488 3002//2490 2992//2481
f 2992//2481 2976//2466 3000//2488
f 3001//2489 3012//2499 3014//2501
f 3014//2501 3016//2503 3001//2489
f 3016//2503 3006//2494 3001//2489
f 3015//2502 3026//2512 3028//2514
f 3028//2514 3030//2516 3020//2507
f 3020//2507 3004//2492 3028//2514
f 3029//2515 3040//2525 3042//2527
f 3042//2527 3044//2529 3029//2515
f 3044//2529 3034//2520 3029//2515
f 3043//2528 3054//2538 3056//2540
f 3056//2540 3058//2542 3048//2533
f 3048//2533 3032//2518 3043//2528
f 3057//2541 3068//2551 3062//2546
f 3068//2551 3070//2553 3062//2546
f 3070//2553 3072//2555 3062//2546
f 3071//2554 3082//2564 3076//2559
f 3082//2564 3084//2566 3076//2559
f 3084//2566 3086//2568 3076//2559
f 3085//2567 3096//2577 3090//2572
f 3096//2577 3098//2579 3090//2572
f 3098//2579 3100//2581 3090//2572
f 3099//2580 3110//2590 3112//2592
f 3112//2592 3114//2594 3099//2580
f 3114//2594 3104//2585 3099//2580
f 3113//2593 3124//2603 3126//2605
f 3126//2605 3128//2607 3118//2598
f 3118//2598 3102//2583 3126//2605
f 3127//2606 3138//2617 3132//2611
f 3138//2617 3140//2619 3132//2611
f 3140//2619 3142//2621 3132//2611
f 3141//2620 3152//2630 3154//2632
f 3154//2632 3156//2634 3141//2620
f 3156//2634 3146//2625 3141//2620
f 3155//2633 3166//2643 3168//2645
f 3168//2645 3170//2647 3155//2633
f 3170//2647 3160//2638 3155//2633
f 3169//2646 3180//2656 3174//2651
f 3180//2656 3182//2658 3174//2651
f 3182//2658 3184//2660 3174//2651
f 3183//2659 3194//2669 3196//2671
f 3196//2671 3198//2673 3183//2659
f 3198//2673 3188//2664 3183//2659
f 3197//2672 3208//2682 3210//2684
f 3210//2684 3212//2686 3197//2672
f 3212//2686 3202//2677 3197//2672
f 3211//2685 3222//2695 3216//2690
f 3222//2695 3224//2697 3216//2690
f 3224//2697 3226//2699 3216//2690
f 3225//2698 3236//2708 3238//2710
f 3238//2710 3240//2712 3230//2703
f 3230//2703 3214//2688 3238//2710
f 3239//2711 3250//2721 3244//2716
f 3250//2721 3252//2723 3244//2716
f 3252//2723 3254//2725 3244//2716
f 3253//2724 3264//2734 3266//2736
f 3266//2736 3268//2738 3258//2729
f 3258//2729 3242//2714 3253//2724
f 3267//2737 3278//2747 3280//2749
f 3280//2749 3282//2751 3272//2742
f 3272//2742 3256//2727 3267//2737
f 3281//2750 3292//2760 3286//2755
f 3292//2760 3294//2762 3286//2755
f 3294//2762 3296//2764 3286//2755
f 3295//2763 3306//2773 3308//2775
f 3308//2775 3310//2777 3300//2768
f 3300//2768 3284//2753 3295//2763
f 3309//2776 3320//2786 3322//2788
f 3322//2788 3324//2790 3309//2776
f 3324//2790 3314//2781 3309//2776
f 3323//2789 3334//2799 3336//2801
f 3336//2801 3338//2803 3328//2794
f 3328//2794 3312//2779 3336//2801
f 3337//2802 3348//2812 3350//2814
f 3350//2814 3352//2816 3342//2807
f 3342//2807 3326//2792 3337//2802
f 3351//2815 3362//2825 3356//2820
f 3362//2825 3364//2827 3356//2820
f 3364//2827 3366//2829 3356//2820
f 3365//2828 3376//2838 3378//2840
f 3378//2840 3380//2842 3370//2833
f 3370//2833 3354//2818 3365//2828
f 3379//2841 3390//2851 3392//2853
f 3392//2853 3394//2855 3384//2846
f 3384//2846 3368//2831 3392//2853
f 3393//2854 3404//2864 3398//2859
f 3404//2864 3406//2866 3398//2859
f 3406//2866 3408//2868 3398//2859
f 3407//2867 3418//2877 3420//2879
f 3420//2879 3422//2881 3407//2867
f 3422//2881 3412//2872 3407//2867
f 3421//2880 3432//2890 3426//2885
f 3432//2890 3434//2892 3426//2885
f 3434//2892 3436//2894 3426//2885
f 3435//2893 3446//2903 3440//2898
f 3446//2903 3448//2905 3440//2898
f 3448//2905 3450//2907 3440//2898
f 3449//2906 3460//2916 3462//2918
f 3462//2918 3464//2920 3454//2911
f 3454//2911 3438//2896 3462//2918
f 3463//2919 3474//2929 3476//2931
f 3476//2931 3478//2933 3468//2924
f 3468//2924 3452//2909 3476//2931
f 3477//2932 3488//2942 3482//2937
f 3488//2942 3490//2944 3482//2937
f 3490//2944 3492//2946 3482//2937
f 3491//2945 3502//2955 3504//2957
f 3504//2957 3506//2959 3496//2950
f 3496//2950 3480//2935 3491//2945
f 3505//2958 3516//2968 3518//2970
f 3518//2970 3520//2972 3510//2963
f 3510//2963 3494//2948 3505//2958
f 3519//2971 3530//2981 3524//2976
f 3530//2981 3532//2983 3524//2976
f 3532//2983 3534//2985 3524//2976
f 3533//2984 3544//2994 3546//2996
f 3546//2996 3548//2998 3538//2989
f 3538//2989 3522//2974 3546//2996
f 3547//2997 3558//3007 3560//3009
f 3560//3009 3562//3011 3552//3002
f 3552//3002 3536//2987 3560//3009
f 3561//3010 3572//3020 3574//3022
f 3574//3022 3576//3024 3566//3015
f 3566//3015 3550//3000 3574//3022
f 3575//3023 3586//3033 3588//3035
f 3588//3035 3590//3037 3580//3028
f 3580//3028 3564//3013 3588//3035
f 3589//3036 3600//3046 3594//3041
f 3600//3046 3602//3048 3594//3041
f 3602//3048 3604//3050 3594//3041
f 3603//3049 3614//3059 3616//3061
f 3616//3061 3618//3063 3608//3054
f 3608//3054 3592//3039 3616//3061
f 3617//3062 3628//3072 3622//3067
f 3628//3072 3630//3074 3622//3067
f 3630//3074 3632//3076 3622//3067
f 3631//3075 3642//3085 3636//3080
f 3642//3085 3644//3087 3636//3080
f 3644//3087 3646//3089 3636//3080
f 3645//3088 3656//3098 3650//3093
f 3656//3098 3658//3100 3650//3093
f 3658//3100 3660//3102 3650//3093
f 3659//3101 3670//3111 3672//3113
f 3672//3113 3674//3115 3659//3101
f 3674//3115 3664//3106 3659//3101
f 3673//3114 3684//3124 3678//3119
f 3684//3124 3686//3126 3678//3119
f 3686//3126 3688//3128 3678//3119
f 3687//3127 3698//3137 3692//3132
f 3698//3137 3700//3139 3692//3132
f 3700//3139 3702//3141 3692//3132
f 3701//3140 3712//3150 3714//3152
f 3714//3152 3716//3154 3706//3145
f 3706//3145 3690//3130 3714//3152
f 3715//3153 3726//3163 3728//3165
f 3728//3165 3730//3167 3720//3158
f 3720//3158 3704//3143 3715//3153
f 3729//3166 3740//3176 3742//3178
f 3742//3178 3744//3180 3734//3171
f 3734//3171 3718//3156 3742//3178
f 3743//3179 3754//3189 3748//3184
f 3754//3189 3756//3191 3748//3184
f 3756//3191 3758//3193 3748//3184
f 3757//3192 3768//3202 3762//3197
f 3768//3202 3770//3204 3762//3197
f 3770//3204 3772//3206 3762//3197
f 3771//3205 3782//3215 3784//3217
f 3784//3217 3786//3219 3771//3205
f 3786//3219 3776//3210 3771//3205
f 3785//3218 3796//3228 3798//3230
f 3798//3230 3800//3232 3790//3223
f 3790//3223 3774//3208 3785//3218
f 3799//3231 3810//3241 3812//3243
f 3812//3243 3814//3245 3804//3236
f 3804//3236 3788//3221 3799//3231
f 3813//3244 3824//3254 3826//3256
f 3826//3256 3828//3258 3813//3244
f 3828//3258 3818//3249 3813//3244
f 3827//3257 3838//3267 3840//3269
f 3840//3269 3842//3271 3832//3262
f 3832//3262 3816//3247 3840//3269
f 3841//3270 3852//3280 3854//3282
f 3854//3282 3856//3284 3841//3270
f 3856//3284 3846//3275 3841//3270
f 3855//3283 3866//3293 3860//3288
f 3866//3293 3868//3295 3860//3288
f 3868//3295 3870//3297 3860//3288
f 3869//3296 3880//3306 3874//3301
f 3880//3306 3882//3308 3874//3301
f 3882//3308 3884//3310 3874//3301
f 3883//3309 3892//3317 3894//3319
f 3894//3319 3895//3320 3887//3313
f 3887//3313 3872//3299 3894//3319
usemtl Hedgehog_tip
f 1946//1506 1888//1492 1950//1510
f 1950//1510 1888//1492 1909//1497
f 1936//1502 1888//1492 1946//1506
f 1897//1494 1819//1479 1846//1484
f 1873//1489 1819//1479 1943//1504
f 1909//1497 1888//1492 1900//1495
f 1946//1506 1950//1510 1900//1495
f 1900//1495 1888//1492 1891//1493
f 1943//1504 1819//1479 1897//1494
f 1891//1493 1888//1492 1936//1502
f 1835//1481 1960//1513 1955//1515
f 1745//1476 1960//1513 1882//1491
f 1846//1484 1819//1479 1837//1482
f 1837//1482 1873//1489 1897//1494
f 1837//1482 1819//1479 1826//1480
f 1882//1491 1960//1513 1835//1481
f 1826//1480 1819//1479 1873//1489
f 1958//1518 1974//1526 1969//1528
f 1963//1522 1974//1526 1783//1478
f 1955//1515 1960//1513 1957//1517
f 1957//1517 1745//1476 1835//1481
f 1957//1517 1960//1513 1959//1519
f 1783//1478 1974//1526 1958//1518
f 1959//1519 1960//1513 1745//1476
f 1972//1531 1988//1539 1983//1541
f 1977//1535 1988//1539 1961//1520
f 1969//1528 1974//1526 1971//1530
f 1783//1478 1958//1518 1971//1530
f 1971//1530 1974//1526 1973//1532
f 1961//1520 1988//1539 1972//1531
f 1973//1532 1974//1526 1963//1522
f 1986//1544 2002//1552 1997//1554
f 1991//1548 2002//1552 1975//1533
f 1983//1541 1988//1539 1985//1543
f 1977//1535 1961//1520 1972//1531
f 1985//1543 1988//1539 1987//1545
f 1975//1533 2002//1552 1986//1544
f 1987//1545 1988//1539 1977//1535
f 2000//1557 2016//1565 2011//1567
f 2005//1561 2016//1565 1989//1546
f 1997//1554 2002//1552 1999//1556
f 1975//1533 1986//1544 1999//1556
f 1999//1556 2002//1552 2001//1558
f 1989//1546 2016//1565 2000//1557
f 2001//1558 2002//1552 1991//1548
f 2014//1570 2030//1578 2025//1580
f 2019//1574 2030//1578 2003//1559
f 2011//1567 2016//1565 2013//1569
f 1989//1546 2000//1557 2013//1569
f 2013//1569 2016//1565 2015//1571
f 2003//1559 2030//1578 2014//1570
f 2015//1571 2016//1565 2005//1561
f 2028//1583 2044//1591 2039//1593
f 2033//1587 2044//1591 2017//1572
f 2025//1580 2030//1578 2027//1582
f 2019//1574 2003//1559 2014//1570
f 2027//1582 2030//1578 2029//1584
f 2017//1572 2044//1591 2028//1583
f 2029//1584 2030//1578 2019//1574
f 2042//1596 2058//1604 2053//1606
f 2047//1600 2058//1604 2031//1585
f 2039//1593 2044//1591 2041//1595
f 2041//1595 2033//1587 2028//1583
f 2041//1595 2044//1591 2043//1597
f 2031//1585 2058//1604 2042//1596
f 2043//1597 2044//1591 2033//1587
f 2056//1609 2072//1617 2067//1619
f 2061//1613 2072//1617 2045//1598
f 2053//1606 2058//1604 2055//1608
f 2047//1600 2031//1585 2042//1596
f 2055//1608 2058//1604 2057//1610
f 2045//1598 2072//1617 2056//1609
f 2057//1610 2058//1604 2047//1600
f 2070//1622 2086//1630 2081//1632
f 2075//1626 2086//1630 2059//1611
f 2067//1619 2072//1617 2069//1621
f 2061//1613 2045//1598 2056//1609
f 2069//1621 2072//1617 2071//1623
f 2059//1611 2086//1630 2070//1622
f 2071//1623 2072//1617 2061//1613
f 2084//1635 2100//1643 2095//1645
f 2089//1639 2100//1643 2073//1624
f 2081//1632 2086//1630 2083//1634
f 2075//1626 2059//1611 2070//1622
f 2083//1634 2086//1630 2085//1636
f 2073//1624 2100//1643 2084//1635
f 2085//1636 2086//1630 2075//1626
f 2098//1648 2114//1656 2109//1658
f 2103//1652 2114//1656 2087//1637
f 2095//1645 2100//1643 2097//1647
f 2089//1639 2073//1624 2084//1635
f 2097//1647 2100//1643 2099//1649
f 2087//1637 2114//1656 2098//1648
f 2099//1649 2100//1643 2089//1639
f 2112//1661 2128//1676 2123//1671
f 2117//1665 2128//1676 2101//1650
f 2109//1658 2114//1656 2111//1660
f 2111//1660 2103//1652 2098//1648
f 2111//1660 2114//1656 2113//1662
f 2101//1650 2128//1676 2112//1661
f 2113//1662 2114//1656 2103//1652
f 2126//1674 2142//1683 2137//1685
f 2131//1679 2142//1683 2115//1663
f 2123//1671 2128//1676 2125//1673
f 2117//1665 2101//1650 2112//1661
f 2125//1673 2128//1676 2127//1675
f 2115//1663 2142//1683 2126//1674
f 2127//1675 2128//1676 2117//1665
f 2140//1688 2156//1696 2151//1698
f 2145//1692 2156//1696 2129//1677
f 2137//1685 2142//1683 2139//1687
f 2139//1687 2131//1679 2126//1674
f 2139//1687 2142//1683 2141//1689
f 2129//1677 2156//1696 2140//1688
f 2141//1689 2142//1683 2131//1679
f 2154//1701 2170//1709 2165//1711
f 2159//1705 2170//1709 2143//1690
f 2151//1698 2156//1696 2153//1700
f 2153//1700 2145//1692 2140//1688
f 2153//1700 2156//1696 2155//1702
f 2143//1690 2170//1709 2154//1701
f 2155//1702 2156//1696 2145//1692
f 2168//1714 2184//1722 2179//1724
f 2173//1718 2184//1722 2157//1703
f 2165//1711 2170//1709 2167//1713
f 2143//1690 2154//1701 2167//1713
f 2167//1713 2170//1709 2169//1715
f 2157//1703 2184//1722 2168//1714
f 2169//1715 2170//1709 2159//1705
f 2182//1727 2198//1735 2193//1737
f 2187//1731 2198//1735 2171//1716
f 2179//1724 2184//1722 2181//1726
f 2173//1718 2157//1703 2168//1714
f 2181//1726 2184//1722 2183//1728
f 2171//1716 2198//1735 2182//1727
f 2183//1728 2184//1722 2173//1718
f 2196//1740 2212//1748 2207//1750
f 2201//1744 2212//1748 2185//1729
f 2193//1737 2198//1735 2195//1739
f 2171//1716 2182//1727 2195//1739
f 2195//1739 2198//1735 2197//1741
f 2185//1729 2212//1748 2196//1740
f 2197//1741 2198//1735 2187//1731
f 2210//1753 2226//1761 2221//1763
f 2215//1757 2226//1761 2199//1742
f 2207//1750 2212//1748 2209//1752
f 2201//1744 2185//1729 2196//1740
f 2209//1752 2212//1748 2211//1754
f 2199//1742 2226//1761 2210//1753
f 2211//1754 2212//1748 2201//1744
f 2224//1766 2240//1774 2235//1776
f 2229//1770 2240//1774 2213//1755
f 2221//1763 2226//1761 2223//1765
f 2215//1757 2199//1742 2210//1753
f 2223//1765 2226//1761 2225//1767
f 2213//1755 2240//1774 2224//1766
f 2225//1767 2226//1761 2215//1757
f 2238//1779 2254//1787 2249//1789
f 2243//1783 2254//1787 2227//1768
f 2235//1776 2240//1774 2237//1778
f 2229//1770 2213//1755 2224//1766
f 2237//1778 2240//1774 2239//1780
f 2227//1768 2254//1787 2238//1779
f 2239//1780 2240//1774 2229//1770
f 2252//1792 2268//1800 2263//1802
f 2257//1796 2268//1800 2241//1781
f 2249//1789 2254//1787 2251//1791
f 2227//1768 2238//1779 2251//1791
f 2251//1791 2254//1787 2253//1793
f 2241//1781 2268//1800 2252//1792
f 2253//1793 2254//1787 2243//1783
f 2266//1805 2282//1813 2277//1815
f 2271//1809 2282//1813 2255//1794
f 2263//1802 2268//1800 2265//1804
f 2257//1796 2241//1781 2252//1792
f 2265//1804 2268//1800 2267//1806
f 2255//1794 2282//1813 2266//1805
f 2267//1806 2268//1800 2257//1796
f 2280//1818 2296//1826 2291//1828
f 2285//1822 2296//1826 2269//1807
f 2277//1815 2282//1813 2279//1817
f 2255//1794 2266//1805 2279//1817
f 2279//1817 2282//1813 2281//1819
f 2269//1807 2296//1826 2280//1818
f 2281//1819 2282//1813 2271//1809
f 2294//1831 2310//1839 2305//1841
f 2299//1835 2310//1839 2283//1820
f 2291//1828 2296//1826 2293//1830
f 2269//1807 2280//1818 2293//1830
f 2293//1830 2296//1826 2295//1832
f 2283//1820 2310//1839 2294//1831
f 2295//1832 2296//1826 2285//1822
f 2308//1844 2324//1852 2319//1854
f 2313//1848 2324//1852 2297//1833
f 2305//1841 2310//1839 2307//1843
f 2299//1835 2283//1820 2294//1831
f 2307//1843 2310//1839 2309//1845
f 2297//1833 2324//1852 2308//1844
f 2309//1845 2310//1839 2299//1835
f 2322//1857 2338//1865 2333//1867
f 2327//1861 2338//1865 2311//1846
f 2319//1854 2324//1852 2321//1856
f 2297//1833 2308//1844 2321//1856
f 2321//1856 2324//1852 2323//1858
f 2311//1846 2338//1865 2322//1857
f 2323//1858 2324//1852 2313//1848
f 2336//1870 2352//1878 2347//1880
f 2341//1874 2352//1878 2325//1859
f 2333//1867 2338//1865 2335//1869
f 2311//1846 2322//1857 2335//1869
f 2335//1869 2338//1865 2337//1871
f 2325//1859 2352//1878 2336//1870
f 2337//1871 2338//1865 2327//1861
f 2350//1883 2366//1891 2361//1893
f 2355//1887 2366//1891 2339//1872
f 2347//1880 2352//1878 2349//1882
f 2341//1874 2325//1859 2336//1870
f 2349//1882 2352//1878 2351//1884
f 2339//1872 2366//1891 2350//1883
f 2351//1884 2352//1878 2341//1874
f 2364//1896 2380//1911 2375//1906
f 2369//1900 2380//1911 2353//1885
f 2361//1893 2366//1891 2363//1895
f 2355//1887 2339//1872 2350//1883
f 2363//1895 2366//1891 2365//1897
f 2353//1885 2380//1911 2364//1896
f 2365//1897 2366//1891 2355//1887
f 2378//1909 2394//1918 2389//1920
f 2383//1914 2394//1918 2367//1898
f 2375//1906 2380//1911 2377//1908
f 2353//1885 2364//1896 2377//1908
f 2377//1908 2380//1911 2379//1910
f 2367//1898 2394//1918 2378//1909
f 2379//1910 2380//1911 2369//1900
f 2392//1923 2408//1931 2403//1933
f 2397//1927 2408//1931 2381//1912
f 2389//1920 2394//1918 2391//1922
f 2391//1922 2383//1914 2378//1909
f 2391//1922 2394//1918 2393//1924
f 2381//1912 2408//1931 2392//1923
f 2393//1924 2394//1918 2383//1914
f 2406//1936 2422//1944 2417//1946
f 2411//1940 2422//1944 2395//1925
f 2403//1933 2408//1931 2405//1935
f 2405//1935 2397//1927 2392//1923
f 2405//1935 2408//1931 2407//1937
f 2395//1925 2422//1944 2406//1936
f 2407//1937 2408//1931 2397//1927
f 2420//1949 2436//1957 2431//1959
f 2425//1953 2436//1957 2409//1938
f 2417//1946 2422//1944 2419//1948
f 2411//1940 2395//1925 2406//1936
f 2419//1948 2422//1944 2421//1950
f 2409//1938 2436//1957 2420//1949
f 2421//1950 2422//1944 2411//1940
f 2434//1962 2450//1970 2445//1972
f 2439//1966 2450//1970 2423//1951
f 2431//1959 2436//1957 2433//1961
f 2425//1953 2409//1938 2420//1949
f 2433//1961 2436//1957 2435//1963
f 2423//1951 2450//1970 2434//1962
f 2435//1963 2436//1957 2425//1953
f 2448//1975 2464//1983 2459//1985
f 2453//1979 2464//1983 2437//1964
f 2445//1972 2450//1970 2447//1974
f 2423//1951 2434//1962 2447//1974
f 2447//1974 2450//1970 2449//1976
f 2437//1964 2464//1983 2448//1975
f 2449//1976 2450//1970 2439//1966
f 2462//1988 2478//1996 2473//1998
f 2467//1992 2478//1996 2451//1977
f 2459//1985 2464//1983 2461//1987
f 2437//1964 2448//1975 2461//1987
f 2461//1987 2464//1983 2463//1989
f 2451//1977 2478//1996 2462//1988
f 2463//1989 2464//1983 2453//1979
f 2476//2001 2492//2009 2487//2011
f 2481//2005 2492//2009 2465//1990
f 2473//1998 2478//1996 2475//2000
f 2475//2000 2467//1992 2462//1988
f 2475//2000 2478//1996 2477//2002
f 2465//1990 2492//2009 2476//2001
f 2477//2002 2478//1996 2467//1992
f 2490//2014 2506//2022 2501//2024
f 2495//2018 2506//2022 2479//2003
f 2487//2011 2492//2009 2489//2013
f 2481//2005 2465//1990 2476//2001
f 2489//2013 2492//2009 2491//2015
f 2479//2003 2506//2022 2490//2014
f 2491//2015 2492//2009 2481//2005
f 2504//2027 2520//2035 2515//2037
f 2509//2031 2520//2035 2493//2016
f 2501//2024 2506//2022 2503//2026
f 2495//2018 2479//2003 2490//2014
f 2503//2026 2506//2022 2505//2028
f 2493//2016 2520//2035 2504//2027
f 2505//2028 2506//2022 2495//2018
f 2518//2040 2534//2048 2529//2050
f 2523//2044 2534//2048 2507//2029
f 2515//2037 2520//2035 2517//2039
f 2509//2031 2493//2016 2504//2027
f 2517//2039 2520//2035 2519//2041
f 2507//2029 2534//2048 2518//2040
f 2519//2041 2520//2035 2509//2031
f 2532//2053 2548//2061 2543//2063
f 2537//2057 2548//2061 2521//2042
f 2529//2050 2534//2048 2531//2052
f 2523//2044 2507//2029 2518//2040
f 2531//2052 2534//2048 2533//2054
f 2521//2042 2548//2061 2532//2053
f 2533//2054 2534//2048 2523//2044
f 2546//2066 2562//2074 2557//2076
f 2551//2070 2562//2074 2535//2055
f 2543//2063 2548//2061 2545//2065
f 2537//2057 2521//2042 2532//2053
f 2545//2065 2548//2061 2547//2067
f 2535//2055 2562//2074 2546//2066
f 2547//2067 2548//2061 2537//2057
f 2560//2079 2576//2094 2571//2089
f 2565//2083 2576//2094 2549//2068
f 2557//2076 2562//2074 2559//2078
f 2551//2070 2535//2055 2546//2066
f 2559//2078 2562//2074 2561//2080
f 2549//2068 2576//2094 2560//2079
f 2561//2080 2562//2074 2551//2070
f 2574//2092 2590//2101 2585//2103
f 2579//2097 2590//2101 2563//2081
f 2571//2089 2576//2094 2573//2091
f 2549//2068 2560//2079 2573//2091
f 2573//2091 2576//2094 2575//2093
f 2563//2081 2590//2101 2574//2092
f 2575//2093 2576//2094 2565//2083
f 2588//2106 2604//2114 2599//2116
f 2593//2110 2604//2114 2577//2095
f 2585//2103 2590//2101 2587//2105
f 2587//2105 2579//2097 2574//2092
f 2587//2105 2590//2101 2589//2107
f 2577//2095 2604//2114 2588//2106
f 2589//2107 2590//2101 2579//2097
f 2602//2119 2618//2127 2613//2129
f 2607//2123 2618//2127 2591//2108
f 2599//2116 2604//2114 2601//2118
f 2593//2110 2577//2095 2588//2106
f 2601//2118 2604//2114 2603//2120
f 2591//2108 2618//2127 2602//2119
f 2603//2120 2604//2114 2593//2110
f 2616//2132 2632//2140 2627//2142
f 2621//2136 2632//2140 2605//2121
f 2613//2129 2618//2127 2615//2131
f 2591//2108 2602//2119 2615//2131
f 2615//2131 2618//2127 2617//2133
f 2605//2121 2632//2140 2616//2132
f 2617//2133 2618//2127 2607//2123
f 2630//2145 2646//2153 2641//2155
f 2635//2149 2646//2153 2619//2134
f 2627//2142 2632//2140 2629//2144
f 2621//2136 2605//2121 2616//2132
f 2629//2144 2632//2140 2631//2146
f 2619//2134 2646//2153 2630//2145
f 2631//2146 2632//2140 2621//2136
f 2644//2158 2660//2166 2655//2168
f 2649//2162 2660//2166 2633//2147
f 2641//2155 2646//2153 2643//2157
f 2635//2149 2619//2134 2630//2145
f 2643//2157 2646//2153 2645//2159
f 2633//2147 2660//2166 2644//2158
f 2645//2159 2646//2153 2635//2149
f 2658//2171 2674//2179 2669//2181
f 2663//2175 2674//2179 2647//2160
f 2655//2168 2660//2166 2657//2170
f 2649//2162 2633//2147 2644//2158
f 2657//2170 2660//2166 2659//2172
f 2647//2160 2674//2179 2658//2171
f 2659//2172 2660//2166 2649//2162
f 2672//2184 2688//2192 2683//2194
f 2677//2188 2688//2192 2661//2173
f 2669//2181 2674//2179 2671//2183
f 2663//2175 2647//2160 2658//2171
f 2671//2183 2674//2179 2673//2185
f 2661//2173 2688//2192 2672//2184
f 2673//2185 2674//2179 2663//2175
f 2686//2197 2702//2205 2697//2207
f 2691//2201 2702//2205 2675//2186
f 2683//2194 2688//2192 2685//2196
f 2661//2173 2672//2184 2685//2196
f 2685//2196 2688//2192 2687//2198
f 2675//2186 2702//2205 2686//2197
f 2687//2198 2688//2192 2677//2188
f 2700//2210 2716//2218 2711//2220
f 2705//2214 2716//2218 2689//2199
f 2697//2207 2702//2205 2699//2209
f 2675//2186 2686//2197 2699//2209
f 2699//2209 2702//2205 2701//2211
f 2689//2199 2716//2218 2700//2210
f 2701//2211 2702//2205 2691//2201
f 2714//2223 2730//2231 2725//2233
f 2719//2227 2730//2231 2703//2212
f 2711//2220 2716//2218 2713//2222
f 2689//2199 2700//2210 2713//2222
f 2713//2222 2716//2218 2715//2224
f 2703//2212 2730//2231 2714//2223
f 2715//2224 2716//2218 2705//2214
f 2728//2236 2744//2244 2739//2246
f 2733//2240 2744//2244 2717//2225
f 2725//2233 2730//2231 2727//2235
f 2703//2212 2714//2223 2727//2235
f 2727//2235 2730//2231 2729//2237
f 2717//2225 2744//2244 2728//2236
f 2729//2237 2730//2231 2719//2227
f 2742//2249 2758//2257 2753//2259
f 2747//2253 2758//2257 2731//2238
f 2739//2246 2744//2244 2741//2248
f 2741//2248 2733//2240 2728//2236
f 2741//2248 2744//2244 2743//2250
f 2731//2238 2758//2257 2742//2249
f 2743//2250 2744//2244 2733//2240
f 2756//2262 2772//2270 2767//2272
f 2761//2266 2772//2270 2745//2251
f 2753//2259 2758//2257 2755//2261
f 2755//2261 2747//2253 2742//2249
f 2755//2261 2758//2257 2757//2263
f 2745//2251 2772//2270 2756//2262
f 2757//2263 2758//2257 2747//2253
f 2770//2275 2786//2283 2781//2285
f 2775//2279 2786//2283 2759//2264
f 2767//2272 2772//2270 2769//2274
f 2761//2266 2745//2251 2756//2262
f 2769//2274 2772//2270 2771//2276
f 2759//2264 2786//2283 2770//2275
f 2771//2276 2772//2270 2761//2266
f 2784//2288 2800//2296 2795//2298
f 2789//2292 2800//2296 2773//2277
f 2781//2285 2786//2283 2783//2287
f 2759//2264 2770//2275 2783//2287
f 2783//2287 2786//2283 2785//2289
f 2773//2277 2800//2296 2784//2288
f 2785//2289 2786//2283 2775//2279
f 2798//2301 2814//2309 2809//2311
f 2803//2305 2814//2309 2787//2290
f 2795//2298 2800//2296 2797//2300
f 2789//2292 2773//2277 2784//2288
f 2797//2300 2800//2296 2799//2302
f 2787//2290 2814//2309 2798//2301
f 2799//2302 2800//2296 2789//2292
f 2812//2314 2828//2322 2823//2324
f 2817//2318 2828//2322 2801//2303
f 2809//2311 2814//2309 2811//2313
f 2787//2290 2798//2301 2811//2313
f 2811//2313 2814//2309 2813//2315
f 2801//2303 2828//2322 2812//2314
f 2813//2315 2814//2309 2803//2305
f 2826//2327 2842//2335 2837//2337
f 2831//2331 2842//2335 2815//2316
f 2823//2324 2828//2322 2825//2326
f 2801//2303 2812//2314 2825//2326
f 2825//2326 2828//2322 2827//2328
f 2815//2316 2842//2335 2826//2327
f 2827//2328 2828//2322 2817//2318
f 2840//2340 2856//2348 2851//2350
f 2845//2344 2856//2348 2829//2329
f 2837//2337 2842//2335 2839//2339
f 2815//2316 2826//2327 2839//2339
f 2839//2339 2842//2335 2841//2341
f 2829//2329 2856//2348 2840//2340
f 2841//2341 2842//2335 2831//2331
f 2854//2353 2870//2361 2865//2363
f 2859//2357 2870//2361 2843//2342
f 2851//2350 2856//2348 2853//2352
f 2829//2329 2840//2340 2853//2352
f 2853//2352 2856//2348 2855//2354
f 2843//2342 2870//2361 2854//2353
f 2855//2354 2856//2348 2845//2344
f 2868//2366 2884//2374 2879//2376
f 2873//2370 2884//2374 2857//2355
f 2865//2363 2870//2361 2867//2365
f 2843//2342 2854//2353 2867//2365
f 2867//2365 2870//2361 2869//2367
f 2857//2355 2884//2374 2868//2366
f 2869//2367 2870//2361 2859//2357
f 2882//2379 2898//2387 2893//2389
f 2887//2383 2898//2387 2871//2368
f 2879//2376 2884//2374 2881//2378
f 2873//2370 2857//2355 2868//2366
f 2881//2378 2884//2374 2883//2380
f 2871//2368 2898//2387 2882//2379
f 2883//2380 2884//2374 2873//2370
f 2896//2392 2912//2400 2907//2402
f 2901//2396 2912//2400 2885//2381
f 2893//2389 2898//2387 2895//2391
f 2871//2368 2882//2379 2895//2391
f 2895//2391 2898//2387 2897//2393
f 2885//2381 2912//2400 2896//2392
f 2897//2393 2898//2387 2887//2383
f 2910//2405 2926//2413 2921//2415
f 2915//2409 2926//2413 2899//2394
f 2907//2402 2912//2400 2909//2404
f 2901//2396 2885//2381 2896//2392
f 2909//2404 2912//2400 2911//2406
f 2899//2394 2926//2413 2910//2405
f 2911//2406 2912//2400 2901//2396
f 2924//2418 2940//2426 2935//2428
f 2929//2422 2940//2426 2913//2407
f 2921//2415 2926//2413 2923//2417
f 2923//2417 2915//2409 2910//2405
f 2923//2417 2926//2413 2925//2419
f 2913//2407 2940//2426 2924//2418
f 2925//2419 2926//2413 2915//2409
f 2938//2431 2954//2439 2949//2441
f 2943//2435 2954//2439 2927//2420
f 2935//2428 2940//2426 2937//2430
f 2929//2422 2913//2407 2924//2418
f 2937//2430 2940//2426 2939//2432
f 2927//2420 2954//2439 2938//2431
f 2939//2432 2940//2426 2929//2422
f 2952//2444 2968//2452 2963//2454
f 2957//2448 2968//2452 2941//2433
f 2949//2441 2954//2439 2951//2443
f 2943//2435 2927//2420 2938//2431
f 2951//2443 2954//2439 2953//2445
f 2941//2433 2968//2452 2952//2444
f 2953//2445 2954//2439 2943//2435
f 2966//2457 2982//2465 2977//2467
f 2971//2461 2982//2465 2955//2446
f 2963//2454 2968//2452 2965//2456
f 2957//2448 2941//2433 2952//2444
f 2965//2456 2968//2452 2967//2458
f 2955//2446 2982//2465 2966//2457
f 2967//2458 2968//2452 2957//2448
f 2980//2470 2996//2478 2991//2480
f 2985//2474 2996//2478 2969//2459
f 2977//2467 2982//2465 2979//2469
f 2971//2461 2955//2446 2966//2457
f 2979//2469 2982//2465 2981//2471
f 2969//2459 2996//2478 2980//2470
f 2981//2471 2982//2465 2971//2461
f 2994//2483 3010//2491 3005//2493
f 2999//2487 3010//2491 2983//2472
f 2991//2480 2996//2478 2993//2482
f 2993//2482 2985//2474 2980//2470
f 2993//2482 2996//2478 2995//2484
f 2983//2472 3010//2491 2994//2483
f 2995//2484 2996//2478 2985//2474
f 3008//2496 3024//2504 3019//2506
f 3013//2500 3024//2504 2997//2485
f 3005//2493 3010//2491 3007//2495
f 2999//2487 2983//2472 2994//2483
f 3007//2495 3010//2491 3009//2497
f 2997//2485 3024//2504 3008//2496
f 3009//2497 3010//2491 2999//2487
f 3022//2509 3038//2517 3033//2519
f 3027//2513 3038//2517 3011//2498
f 3019//2506 3024//2504 3021//2508
f 3013//2500 2997//2485 3008//2496
f 3021//2508 3024//2504 3023//2510
f 3011//2498 3038//2517 3022//2509
f 3023//2510 3024//2504 3013//2500
f 3036//2522 3052//2530 3047//2532
f 3041//2526 3052//2530 3025//2511
f 3033//2519 3038//2517 3035//2521
f 3027//2513 3011//2498 3022//2509
f 3035//2521 3038//2517 3037//2523
f 3025//2511 3052//2530 3036//2522
f 3037//2523 3038//2517 3027//2513
f 3050//2535 3066//2543 3061//2545
f 3055//2539 3066//2543 3039//2524
f 3047//2532 3052//2530 3049//2534
f 3049//2534 3041//2526 3036//2522
f 3049//2534 3052//2530 3051//2536
f 3039//2524 3066//2543 3050//2535
f 3051//2536 3052//2530 3041//2526
f 3064//2548 3080//2556 3075//2558
f 3069//2552 3080//2556 3053//2537
f 3061//2545 3066//2543 3063//2547
f 3055//2539 3039//2524 3050//2535
f 3063//2547 3066//2543 3065//2549
f 3053//2537 3080//2556 3064//2548
f 3065//2549 3066//2543 3055//2539
f 3078//2561 3094//2569 3089//2571
f 3083//2565 3094//2569 3067//2550
f 3075//2558 3080//2556 3077//2560
f 3053//2537 3064//2548 3077//2560
f 3077//2560 3080//2556 3079//2562
f 3067//2550 3094//2569 3078//2561
f 3079//2562 3080//2556 3069//2552
f 3092//2574 3108//2582 3103//2584
f 3097//2578 3108//2582 3081//2563
f 3089//2571 3094//2569 3091//2573
f 3067//2550 3078//2561 3091//2573
f 3091//2573 3094//2569 3093//2575
f 3081//2563 3108//2582 3092//2574
f 3093//2575 3094//2569 3083//2565
f 3106//2587 3122//2595 3117//2597
f 3111//2591 3122//2595 3095//2576
f 3103//2584 3108//2582 3105//2586
f 3097//2578 3081//2563 3092//2574
f 3105//2586 3108//2582 3107//2588
f 3095//2576 3122//2595 3106//2587
f 3107//2588 3108//2582 3097//2578
f 3120//2600 3136//2615 3131//2610
f 3125//2604 3136//2615 3109//2589
f 3117//2597 3122//2595 3119//2599
f 3111//2591 3095//2576 3106//2587
f 3119//2599 3122//2595 3121//2601
f 3109//2589 3136//2615 3120//2600
f 3121//2601 3122//2595 3111//2591
f 3134//2613 3150//2622 3145//2624
f 3139//2618 3150//2622 3123//2602
f 3131//2610 3136//2615 3133//2612
f 3125//2604 3109//2589 3120//2600
f 3133//2612 3136//2615 3135//2614
f 3123//2602 3150//2622 3134//2613
f 3135//2614 3136//2615 3125//2604
f 3148//2627 3164//2635 3159//2637
f 3153//2631 3164//2635 3137//2616
f 3145//2624 3150//2622 3147//2626
f 3139//2618 3123//2602 3134//2613
f 3147//2626 3150//2622 3149//2628
f 3137//2616 3164//2635 3148//2627
f 3149//2628 3150//2622 3139//2618
f 3162//2640 3178//2648 3173//2650
f 3167//2644 3178//2648 3151//2629
f 3159//2637 3164//2635 3161//2639
f 3161//2639 3153//2631 3148//2627
f 3161//2639 3164//2635 3163//2641
f 3151//2629 3178//2648 3162//2640
f 3163//2641 3164//2635 3153//2631
f 3176//2653 3192//2661 3187//2663
f 3181//2657 3192//2661 3165//2642
f 3173//2650 3178//2648 3175//2652
f 3151//2629 3162//2640 3175//2652
f 3175//2652 3178//2648 3177//2654
f 3165//2642 3192//2661 3176//2653
f 3177//2654 3178//2648 3167//2644
f 3190//2666 3206//2674 3201//2676
f 3195//2670 3206//2674 3179//2655
f 3187//2663 3192//2661 3189//2665
f 3165//2642 3176//2653 3189//2665
f 3189//2665 3192//2661 3191//2667
f 3179//2655 3206//2674 3190//2666
f 3191//2667 3192//2661 3181//2657
f 3204//2679 3220//2687 3215//2689
f 3209//2683 3220//2687 3193//2668
f 3201//2676 3206//2674 3203//2678
f 3179//2655 3190//2666 3203//2678
f 3203//2678 3206//2674 3205//2680
f 3193//2668 3220//2687 3204//2679
f 3205//2680 3206//2674 3195//2670
f 3218//2692 3234//2700 3229//2702
f 3223//2696 3234//2700 3207//2681
f 3215//2689 3220//2687 3217//2691
f 3209//2683 3193//2668 3204//2679
f 3217//2691 3220//2687 3219//2693
f 3207//2681 3234//2700 3218//2692
f 3219//2693 3220//2687 3209//2683
f 3232//2705 3248//2713 3243//2715
f 3237//2709 3248//2713 3221//2694
f 3229//2702 3234//2700 3231//2704
f 3231//2704 3223//2696 3218//2692
f 3231//2704 3234//2700 3233//2706
f 3221//2694 3248//2713 3232//2705
f 3233//2706 3234//2700 3223//2696
f 3246//2718 3262//2726 3257//2728
f 3251//2722 3262//2726 3235//2707
f 3243//2715 3248//2713 3245//2717
f 3245//2717 3237//2709 3232//2705
f 3245//2717 3248//2713 3247//2719
f 3235//2707 3262//2726 3246//2718
f 3247//2719 3248//2713 3237//2709
f 3260//2731 3276//2739 3271//2741
f 3265//2735 3276//2739 3249//2720
f 3257//2728 3262//2726 3259//2730
f 3251//2722 3235//2707 3246//2718
f 3259//2730 3262//2726 3261//2732
f 3249//2720 3276//2739 3260//2731
f 3261//2732 3262//2726 3251//2722
f 3274//2744 3290//2752 3285//2754
f 3279//2748 3290//2752 3263//2733
f 3271//2741 3276//2739 3273//2743
f 3273//2743 3265//2735 3260//2731
f 3273//2743 3276//2739 3275//2745
f 3263//2733 3290//2752 3274//2744
f 3275//2745 3276//2739 3265//2735
f 3288//2757 3304//2765 3299//2767
f 3293//2761 3304//2765 3277//2746
f 3285//2754 3290//2752 3287//2756
f 3263//2733 3274//2744 3287//2756
f 3287//2756 3290//2752 3289//2758
f 3277//2746 3304//2765 3288//2757
f 3289//2758 3290//2752 3279//2748
f 3302//2770 3318//2778 3313//2780
f 3307//2774 3318//2778 3291//2759
f 3299//2767 3304//2765 3301//2769
f 3301//2769 3293//2761 3288//2757
f 3301//2769 3304//2765 3303//2771
f 3291//2759 3318//2778 3302//2770
f 3303//2771 3304//2765 3293//2761
f 3316//2783 3332//2791 3327//2793
f 3321//2787 3332//2791 3305//2772
f 3313//2780 3318//2778 3315//2782
f 3291//2759 3302//2770 3315//2782
f 3315//2782 3318//2778 3317//2784
f 3305//2772 3332//2791 3316//2783
f 3317//2784 3318//2778 3307//2774
f 3330//2796 3346//2804 3341//2806
f 3335//2800 3346//2804 3319//2785
f 3327//2793 3332//2791 3329//2795
f 3321//2787 3305//2772 3316//2783
f 3329//2795 3332//2791 3331//2797
f 3319//2785 3346//2804 3330//2796
f 3331//2797 3332//2791 3321//2787
f 3344//2809 3360//2817 3355//2819
f 3349//2813 3360//2817 3333//2798
f 3341//2806 3346//2804 3343//2808
f 3335//2800 3319//2785 3330//2796
f 3343//2808 3346//2804 3345//2810
f 3333//2798 3360//2817 3344//2809
f 3345//2810 3346//2804 3335//2800
f 3358//2822 3374//2830 3369//2832
f 3363//2826 3374//2830 3347//2811
f 3355//2819 3360//2817 3357//2821
f 3349//2813 3333//2798 3344//2809
f 3357//2821 3360//2817 3359//2823
f 3347//2811 3374//2830 3358//2822
f 3359//2823 3360//2817 3349//2813
f 3372//2835 3388//2843 3383//2845
f 3377//2839 3388//2843 3361//2824
f 3369//2832 3374//2830 3371//2834
f 3371//2834 3363//2826 3358//2822
f 3371//2834 3374//2830 3373//2836
f 3361//2824 3388//2843 3372//2835
f 3373//2836 3374//2830 3363//2826
f 3386//2848 3402//2856 3397//2858
f 3391//2852 3402//2856 3375//2837
f 3383//2845 3388//2843 3385//2847
f 3377//2839 3361//2824 3372//2835
f 3385//2847 3388//2843 3387//2849
f 3375//2837 3402//2856 3386//2848
f 3387//2849 3388//2843 3377//2839
f 3400//2861 3416//2869 3411//2871
f 3405//2865 3416//2869 3389//2850
f 3397//2858 3402//2856 3399//2860
f 3399//2860 3391//2852 3386//2848
f 3399//2860 3402//2856 3401//2862
f 3389//2850 3416//2869 3400//2861
f 3401//2862 3402//2856 3391//2852
f 3414//2874 3430//2882 3425//2884
f 3419//2878 3430//2882 3403//2863
f 3411//2871 3416//2869 3413//2873
f 3413//2873 3405//2865 3400//2861
f 3413//2873 3416//2869 3415//2875
f 3403//2863 3430//2882 3414//2874
f 3415//2875 3416//2869 3405//2865
f 3428//2887 3444//2895 3439//2897
f 3433//2891 3444//2895 3417//2876
f 3425//2884 3430//2882 3427//2886
f 3427//2886 3419//2878 3414//2874
f 3427//2886 3430//2882 3429//2888
f 3417//2876 3444//2895 3428//2887
f 3429//2888 3430//2882 3419//2878
f 3442//2900 3458//2908 3453//2910
f 3447//2904 3458//2908 3431//2889
f 3439//2897 3444//2895 3441//2899
f 3433//2891 3417//2876 3428//2887
f 3441//2899 3444//2895 3443//2901
f 3431//2889 3458//2908 3442//2900
f 3443//2901 3444//2895 3433//2891
f 3456//2913 3472//2921 3467//2923
f 3461//2917 3472//2921 3445//2902
f 3453//2910 3458//2908 3455//2912
f 3455//2912 3447//2904 3442//2900
f 3455//2912 3458//2908 3457//2914
f 3445//2902 3472//2921 3456//2913
f 3457//2914 3458//2908 3447//2904
f 3470//2926 3486//2934 3481//2936
f 3475//2930 3486//2934 3459//2915
f 3467//2923 3472//2921 3469//2925
f 3461//2917 3445//2902 3456//2913
f 3469//2925 3472//2921 3471//2927
f 3459//2915 3486//2934 3470//2926
f 3471//2927 3472//2921 3461//2917
f 3484//2939 3500//2947 3495//2949
f 3489//2943 3500//2947 3473//2928
f 3481//2936 3486//2934 3483//2938
f 3483//2938 3475//2930 3470//2926
f 3483//2938 3486//2934 3485//2940
f 3473//2928 3500//2947 3484//2939
f 3485//2940 3486//2934 3475//2930
f 3498//2952 3514//2960 3509//2962
f 3503//2956 3514//2960 3487//2941
f 3495//2949 3500//2947 3497//2951
f 3473//2928 3484//2939 3497//2951
f 3497//2951 3500//2947 3499//2953
f 3487//2941 3514//2960 3498//2952
f 3499//2953 3500//2947 3489//2943
f 3512//2965 3528//2973 3523//2975
f 3517//2969 3528//2973 3501//2954
f 3509//2962 3514//2960 3511//2964
f 3487//2941 3498//2952 3511//2964
f 3511//2964 3514//2960 3513//2966
f 3501//2954 3528//2973 3512//2965
f 3513//2966 3514//2960 3503//2956
f 3526//2978 3542//2986 3537//2988
f 3531//2982 3542//2986 3515//2967
f 3523//2975 3528//2973 3525//2977
f 3517//2969 3501//2954 3512//2965
f 3525//2977 3528//2973 3527//2979
f 3515//2967 3542//2986 3526//2978
f 3527//2979 3528//2973 3517//2969
f 3540//2991 3556//2999 3551//3001
f 3545//2995 3556//2999 3529//2980
f 3537//2988 3542//2986 3539//2990
f 3531//2982 3515//2967 3526//2978
f 3539//2990 3542//2986 3541//2992
f 3529//2980 3556//2999 3540//2991
f 3541//2992 3542//2986 3531//2982
f 3554//3004 3570//3012 3565//3014
f 3559//3008 3570//3012 3543//2993
f 3551//3001 3556//2999 3553//3003
f 3545//2995 3529//2980 3540//2991
f 3553//3003 3556//2999 3555//3005
f 3543//2993 3570//3012 3554//3004
f 3555//3005 3556//2999 3545//2995
f 3568//3017 3584//3025 3579//3027
f 3573//3021 3584//3025 3557//3006
f 3565//3014 3570//3012 3567//3016
f 3543//2993 3554//3004 3567//3016
f 3567//3016 3570//3012 3569//3018
f 3557//3006 3584//3025 3568//3017
f 3569//3018 3570//3012 3559//3008
f 3582//3030 3598//3038 3593//3040
f 3587//3034 3598//3038 3571//3019
f 3579//3027 3584//3025 3581//3029
f 3581//3029 3573//3021 3568//3017
f 3581//3029 3584//3025 3583//3031
f 3571//3019 3598//3038 3582//3030
f 3583//3031 3584//3025 3573//3021
f 3596//3043 3612//3051 3607//3053
f 3601//3047 3612//3051 3585//3032
f 3593//3040 3598//3038 3595//3042
f 3587//3034 3571//3019 3582//3030
f 3595//3042 3598//3038 3597//3044
f 3585//3032 3612//3051 3596//3043
f 3597//3044 3598//3038 3587//3034
f 3610//3056 3626//3064 3621//3066
f 3615//3060 3626//3064 3599//3045
f 3607//3053 3612//3051 3609//3055
f 3601//3047 3585//3032 3596//3043
f 3609//3055 3612//3051 3611//3057
f 3599//3045 3626//3064 3610//3056
f 3611//3057 3612//3051 3601//3047
f 3624//3069 3640//3077 3635//3079
f 3629//3073 3640//3077 3613//3058
f 3621//3066 3626//3064 3623//3068
f 3615//3060 3599//3045 3610//3056
f 3623//3068 3626//3064 3625//3070
f 3613//3058 3640//3077 3624//3069
f 3625//3070 3626//3064 3615//3060
f 3638//3082 3654//3090 3649//3092
f 3643//3086 3654//3090 3627//3071
f 3635//3079 3640//3077 3637//3081
f 3629//3073 3613//3058 3624//3069
f 3637//3081 3640//3077 3639//3083
f 3627//3071 3654//3090 3638//3082
f 3639//3083 3640//3077 3629//3073
f 3652//3095 3668//3103 3663//3105
f 3657//3099 3668//3103 3641//3084
f 3649//3092 3654//3090 3651//3094
f 3627//3071 3638//3082 3651//3094
f 3651//3094 3654//3090 3653//3096
f 3641//3084 3668//3103 3652//3095
f 3653//3096 3654//3090 3643//3086
f 3666//3108 3682//3116 3677//3118
f 3671//3112 3682//3116 3655//3097
f 3663//3105 3668//3103 3665//3107
f 3665//3107 3657//3099 3652//3095
f 3665//3107 3668//3103 3667//3109
f 3655//3097 3682//3116 3666//3108
f 3667//3109 3668//3103 3657//3099
f 3680//3121 3696//3129 3691//3131
f 3685//3125 3696//3129 3669//3110
f 3677//3118 3682//3116 3679//3120
f 3679//3120 3671//3112 3666//3108
f 3679//3120 3682//3116 3681//3122
f 3669//3110 3696//3129 3680//3121
f 3681//3122 3682//3116 3671//3112
f 3694//3134 3710//3142 3705//3144
f 3699//3138 3710//3142 3683//3123
f 3691//3131 3696//3129 3693//3133
f 3693//3133 3685//3125 3680//3121
f 3693//3133 3696//3129 3695//3135
f 3683//3123 3710//3142 3694//3134
f 3695//3135 3696//3129 3685//3125
f 3708//3147 3724//3155 3719//3157
f 3713//3151 3724//3155 3697//3136
f 3705//3144 3710//3142 3707//3146
f 3683//3123 3694//3134 3707//3146
f 3707//3146 3710//3142 3709//3148
f 3697//3136 3724//3155 3708//3147
f 3709//3148 3710//3142 3699//3138
f 3722//3160 3738//3168 3733//3170
f 3727//3164 3738//3168 3711//3149
f 3719//3157 3724//3155 3721//3159
f 3713//3151 3697//3136 3708//3147
f 3721//3159 3724//3155 3723//3161
f 3711//3149 3738//3168 3722//3160
f 3723//3161 3724//3155 3713//3151
f 3736//3173 3752//3181 3747//3183
f 3741//3177 3752//3181 3725//3162
f 3733//3170 3738//3168 3735//3172
f 3727//3164 3711//3149 3722//3160
f 3735//3172 3738//3168 3737//3174
f 3725//3162 3752//3181 3736//3173
f 3737//3174 3738//3168 3727//3164
f 3750//3186 3766//3194 3761//3196
f 3755//3190 3766//3194 3739//3175
f 3747//3183 3752//3181 3749//3185
f 3725//3162 3736//3173 3749//3185
f 3749//3185 3752//3181 3751//3187
f 3739//3175 3766//3194 3750//3186
f 3751//3187 3752//3181 3741//3177
f 3764//3199 3780//3207 3775//3209
f 3769//3203 3780//3207 3753//3188
f 3761//3196 3766//3194 3763//3198
f 3755//3190 3739//3175 3750//3186
f 3763//3198 3766//3194 3765//3200
f 3753//3188 3780//3207 3764//3199
f 3765//3200 3766//3194 3755//3190
f 3778//3212 3794//3220 3789//3222
f 3783//3216 3794//3220 3767//3201
f 3775//3209 3780//3207 3777//3211
f 3777//3211 3769//3203 3764//3199
f 3777//3211 3780//3207 3779//3213
f 3767//3201 3794//3220 3778//3212
f 3779//3213 3780//3207 3769//3203
f 3792//3225 3808//3233 3803//3235
f 3797//3229 3808//3233 3781//3214
f 3789//3222 3794//3220 3791//3224
f 3767//3201 3778//3212 3791//3224
f 3791//3224 3794//3220 3793//3226
f 3781//3214 3808//3233 3792//3225
f 3793//3226 3794//3220 3783//3216
f 3806//3238 3822//3246 3817//3248
f 3811//3242 3822//3246 3795//3227
f 3803//3235 3808//3233 3805//3237
f 3805//3237 3797//3229 3792//3225
f 3805//3237 3808//3233 3807//3239
f 3795//3227 3822//3246 3806//3238
f 3807//3239 3808//3233 3797//3229
f 3820//3251 3836//3259 3831//3261
f 3825//3255 3836//3259 3809//3240
f 3817//3248 3822//3246 3819//3250
f 3811//3242 3795//3227 3806//3238
f 3819//3250 3822//3246 3821//3252
f 3809//3240 3836//3259 3820//3251
f 3821//3252 3822//3246 3811//3242
f 3834//3264 3850//3272 3845//3274
f 3839//3268 3850//3272 3823//3253
f 3831//3261 3836//3259 3833//3263
f 3825//3255 3809//3240 3820//3251
f 3833//3263 3836//3259 3835//3265
f 3823//3253 3850//3272 3834//3264
f 3835//3265 3836//3259 3825//3255
f 3848//3277 3864//3285 3859//3287
f 3853//3281 3864//3285 3837//3266
f 3845//3274 3850//3272 3847//3276
f 3839//3268 3823//3253 3834//3264
f 3847//3276 3850//3272 3849//3278
f 3837//3266 3864//3285 3848//3277
f 3849//3278 3850//3272 3839//3268
f 3862//3290 3878//3298 3873//3300
f 3867//3294 3878//3298 3851//3279
f 3859//3287 3864//3285 3861//3289
f 3853//3281 3837//3266 3848//3277
f 3861//3289 3864//3285 3863//3291
f 3851//3279 3878//3298 3862//3290
f 3863//3291 3864//3285 3853//3281
f 3876//3303 3891//3311 3886//3312
f 3881//3307 3891//3311 3865//3292
f 3873//3300 3878//3298 3875//3302
f 3867//3294 3851//3279 3862//3290
f 3875//3302 3878//3298 3877//3304
f 3865//3292 3891//3311 3876//3303
f 3877//3304 3878//3298 3867//3294
f 3889//3315 3900//3321 3897//3322
f 3893//3318 3900//3321 3879//3305
f 3886//3312 3891//3311 3888//3314
f 3881//3307 3865//3292 3876//3303
f 3888//3314 3891//3311 3890//3316
f 3879//3305 3900//3321 3889//3315
f 3890//3316 3891//3311 3881//3307
f 3897//3322 3900//3321 3898//3323
f 3893//3318 3879//3305 3889//3315
f 3898//3323 3900//3321 3899//3324
f 3899//3324 3900//3321 3893//3318
f 1950//1510 1909//1497 1900//1495
f 1900//1495 1891//1493 1936//1502
f 1936//1502 1946//1506 1900//1495
f 1897//1494 1846//1484 1837//1482
f 1837//1482 1826//1480 1873//1489
f 1873//1489 1943//1504 1897//1494
f 1835//1481 1955//1515 1957//1517
f 1957//1517 1959//1519 1745//1476
f 1745//1476 1882//1491 1835//1481
f 1958//1518 1969//1528 1971//1530
f 1971//1530 1973//1532 1963//1522
f 1963//1522 1783//1478 1971//1530
f 1972//1531 1983//1541 1977//1535
f 1983//1541 1985//1543 1977//1535
f 1985//1543 1987//1545 1977//1535
f 1986//1544 1997//1554 1999//1556
f 1999//1556 2001//1558 1991//1548
f 1991//1548 1975//1533 1999//1556
f 2000//1557 2011//1567 2013//1569
f 2013//1569 2015//1571 2005//1561
f 2005//1561 1989//1546 2013//1569
f 2014//1570 2025//1580 2019//1574
f 2025//1580 2027//1582 2019//1574
f 2027//1582 2029//1584 2019//1574
f 2028//1583 2039//1593 2041//1595
f 2041//1595 2043//1597 2033//1587
f 2033//1587 2017//1572 2028//1583
f 2042//1596 2053//1606 2047//1600
f 2053//1606 2055//1608 2047//1600
f 2055//1608 2057//1610 2047//1600
f 2056//1609 2067//1619 2069//1621
f 2069//1621 2071//1623 2056//1609
f 2071//1623 2061//1613 2056//1609
f 2070//1622 2081//1632 2075//1626
f 2081//1632 2083//1634 2075//1626
f 2083//1634 2085//1636 2075//1626
f 2084//1635 2095//1645 2097//1647
f 2097//1647 2099//1649 2084//1635
f 2099//1649 2089//1639 2084//1635
f 2098//1648 2109//1658 2111//1660
f 2111//1660 2113//1662 2103//1652
f 2103//1652 2087//1637 2098//1648
f 2112//1661 2123//1671 2117//1665
f 2123//1671 2125//1673 2117//1665
f 2125//1673 2127//1675 2117//1665
f 2126//1674 2137//1685 2139//1687
f 2139//1687 2141//1689 2131//1679
f 2131//1679 2115//1663 2126//1674
f 2140//1688 2151//1698 2153//1700
f 2153//1700 2155//1702 2145//1692
f 2145//1692 2129//1677 2140//1688
f 2154//1701 2165//1711 2167//1713
f 2167//1713 2169//1715 2159//1705
f 2159//1705 2143//1690 2167//1713
f 2168//1714 2179//1724 2181//1726
f 2181//1726 2183//1728 2168//1714
f 2183//1728 2173//1718 2168//1714
f 2182//1727 2193//1737 2195//1739
f 2195//1739 2197//1741 2187//1731
f 2187//1731 2171//1716 2195//1739
f 2196//1740 2207//1750 2209//1752
f 2209//1752 2211//1754 2196//1740
f 2211//1754 2201//1744 2196//1740
f 2210//1753 2221//1763 2215//1757
f 2221//1763 2223//1765 2215//1757
f 2223//1765 2225//1767 2215//1757
f 2224//1766 2235//1776 2229//1770
f 2235//1776 2237//1778 2229//1770
f 2237//1778 2239//1780 2229//1770
f 2238//1779 2249//1789 2251//1791
f 2251//1791 2253//1793 2243//1783
f 2243//1783 2227//1768 2251//1791
f 2252//1792 2263//1802 2257//1796
f 2263//1802 2265//1804 2257//1796
f 2265//1804 2267//1806 2257//1796
f 2266//1805 2277//1815 2279//1817
f 2279//1817 2281//1819 2271//1809
f 2271//1809 2255//1794 2279//1817
f 2280//1818 2291//1828 2293//1830
f 2293//1830 2295//1832 2285//1822
f 2285//1822 2269//1807 2293//1830
f 2294//1831 2305//1841 2307//1843
f 2307//1843 2309//1845 2294//1831
f 2309//1845 2299//1835 2294//1831
f 2308//1844 2319//1854 2321//1856
f 2321//1856 2323//1858 2313//1848
f 2313//1848 2297//1833 2321//1856
f 2322//1857 2333//1867 2335//1869
f 2335//1869 2337//1871 2327//1861
f 2327//1861 2311//1846 2335//1869
f 2336//1870 2347//1880 2341//1874
f 2347//1880 2349//1882 2341//1874
f 2349//1882 2351//1884 2341//1874
f 2350//1883 2361//1893 2355//1887
f 2361//1893 2363//1895 2355//1887
f 2363//1895 2365//1897 2355//1887
f 2364//1896 2375//1906 2377//1908
f 2377//1908 2379//1910 2369//1900
f 2369//1900 2353//1885 2377//1908
f 2378//1909 2389//1920 2391//1922
f 2391//1922 2393//1924 2383//1914
f 2383//1914 2367//1898 2378//1909
f 2392//1923 2403//1933 2405//1935
f 2405//1935 2407//1937 2397//1927
f 2397//1927 2381//1912 2392//1923
f 2406//1936 2417//1946 2419//1948
f 2419//1948 2421//1950 2406//1936
f 2421//1950 2411//1940 2406//1936
f 2420//1949 2431//1959 2425//1953
f 2431//1959 2433//1961 2425//1953
f 2433//1961 2435//1963 2425//1953
f 2434//1962 2445//1972 2447//1974
f 2447//1974 2449//1976 2439//1966
f 2439//1966 2423//1951 2447//1974
f 2448//1975 2459//1985 2461//1987
f 2461//1987 2463//1989 2453//1979
f 2453//1979 2437//1964 2461//1987
f 2462//1988 2473//1998 2475//2000
f 2475//2000 2477//2002 2467//1992
f 2467//1992 2451//1977 2462//1988
f 2476//2001 2487//2011 2481//2005
f 2487//2011 2489//2013 2481//2005
f 2489//2013 2491//2015 2481//2005
f 2490//2014 2501//2024 2503//2026
f 2503//2026 2505//2028 2490//2014
f 2505//2028 2495//2018 2490//2014
f 2504//2027 2515//2037 2517//2039
f 2517//2039 2519//2041 2504//2027
f 2519//2041 2509//2031 2504//2027
f 2518//2040 2529//2050 2531//2052
f 2531//2052 2533//2054 2518//2040
f 2533//2054 2523//2044 2518//2040
f 2532//2053 2543//2063 2537//2057
f 2543//2063 2545//2065 2537//2057
f 2545//2065 2547//2067 2537//2057
f 2546//2066 2557//2076 2559//2078
f 2559//2078 2561//2080 2546//2066
f 2561//2080 2551//2070 2546//2066
f 2560//2079 2571//2089 2573//2091
f 2573//2091 2575//2093 2565//2083
f 2565//2083 2549//2068 2573//2091
f 2574//2092 2585//2103 2587//2105
f 2587//2105 2589//2107 2579//2097
f 2579//2097 2563//2081 2574//2092
f 2588//2106 2599//2116 2601//2118
f 2601//2118 2603//2120 2588//2106
f 2603//2120 2593//2110 2588//2106
f 2602//2119 2613//2129 2615//2131
f 2615//2131 2617//2133 2607//2123
f 2607//2123 2591//2108 2615//2131
f 2616//2132 2627//2142 2621//2136
f 2627//2142 2629//2144 2621//2136
f 2629//2144 2631//2146 2621//2136
f 2630//2145 2641//2155 2635//2149
f 2641//2155 2643//2157 2635//2149
f 2643//2157 2645//2159 2635//2149
f 2644//2158 2655//2168 2657//2170
f 2657//2170 2659//2172 2644//2158
f 2659//2172 2649//2162 2644//2158
f 2658//2171 2669//2181 2663//2175
f 2669//2181 2671//2183 2663//2175
f 2671//2183 2673//2185 2663//2175
f 2672//2184 2683//2194 2685//2196
f 2685//2196 2687//2198 2677//2188
f 2677//2188 2661//2173 2685//2196
f 2686//2197 2697//2207 2699//2209
f 2699//2209 2701//2211 2691//2201
f 2691//2201 2675//2186 2699//2209
f 2700//2210 2711//2220 2713//2222
f 2713//2222 2715//2224 2705//2214
f 2705//2214 2689//2199 2713//2222
f 2714//2223 2725//2233 2727//2235
f 2727//2235 2729//2237 2719//2227
f 2719//2227 2703//2212 2727//2235
f 2728//2236 2739//2246 2741//2248
f 2741//2248 2743//2250 2733//2240
f 2733//2240 2717//2225 2728//2236
f 2742//2249 2753//2259 2755//2261
f 2755//2261 2757//2263 2747//2253
f 2747//2253 2731//2238 2742//2249
f 2756//2262 2767//2272 2769//2274
f 2769//2274 2771//2276 2756//2262
f 2771//2276 2761//2266 2756//2262
f 2770//2275 2781//2285 2783//2287
f 2783//2287 2785//2289 2775//2279
f 2775//2279 2759//2264 2783//2287
f 2784//2288 2795//2298 2797//2300
f 2797//2300 2799//2302 2784//2288
f 2799//2302 2789//2292 2784//2288
f 2798//2301 2809//2311 2811//2313
f 2811//2313 2813//2315 2803//2305
f 2803//2305 2787//2290 2811//2313
f 2812//2314 2823//2324 2825//2326
f 2825//2326 2827//2328 2817//2318
f 2817//2318 2801//2303 2825//2326
f 2826//2327 2837//2337 2839//2339
f 2839//2339 2841//2341 2831//2331
f 2831//2331 2815//2316 2839//2339
f 2840//2340 2851//2350 2853//2352
f 2853//2352 2855//2354 2845//2344
f 2845//2344 2829//2329 2853//2352
f 2854//2353 2865//2363 2867//2365
f 2867//2365 2869//2367 2859//2357
f 2859//2357 2843//2342 2867//2365
f 2868//2366 2879//2376 2881//2378
f 2881//2378 2883//2380 2868//2366
f 2883//2380 2873//2370 2868//2366
f 2882//2379 2893//2389 2895//2391
f 2895//2391 2897//2393 2887//2383
f 2887//2383 2871//2368 2895//2391
f 2896//2392 2907//2402 2901//2396
f 2907//2402 2909//2404 2901//2396
f 2909//2404 2911//2406 2901//2396
f 2910//2405 2921//2415 2923//2417
f 2923//2417 2925//2419 2915//2409
f 2915//2409 2899//2394 2910//2405
f 2924//2418 2935//2428 2929//2422
f 2935//2428 2937//2430 2929//2422
f 2937//2430 2939//2432 2929//2422
f 2938//2431 2949//2441 2951//2443
f 2951//2443 2953//2445 2938//2431
f 2953//2445 2943//2435 2938//2431
f 2952//2444 2963//2454 2957//2448
f 2963//2454 2965//2456 2957//2448
f 2965//2456 2967//2458 2957//2448
f 2966//2457 2977//2467 2971//2461
f 2977//2467 2979//2469 2971//2461
f 2979//2469 2981//2471 2971//2461
f 2980//2470 2991//2480 2993//2482
f 2993//2482 2995//2484 2985//2474
f 2985//2474 2969//2459 2980//2470
f 2994//2483 3005//2493 3007//2495
f 3007//2495 3009//2497 2994//2483
f 3009//2497 2999//2487 2994//2483
f 3008//2496 3019//2506 3013//2500
f 3019//2506 3021//2508 3013//2500
f 3021//2508 3023//2510 3013//2500
f 3022//2509 3033//2519 3027//2513
f 3033//2519 3035//2521 3027//2513
f 3035//2521 3037//2523 3027//2513
f 3036//2522 3047//2532 3049//2534
f 3049//2534 3051//2536 3041//2526
f 3041//2526 3025//2511 3036//2522
f 3050//2535 3061//2545 3063//2547
f 3063//2547 3065//2549 3050//2535
f 3065//2549 3055//2539 3050//2535
f 3064//2548 3075//2558 3077//2560
f 3077//2560 3079//2562 3069//2552
f 3069//2552 3053//2537 3077//2560
f 3078//2561 3089//2571 3091//2573
f 3091//2573 3093//2575 3083//2565
f 3083//2565 3067//2550 3091//2573
f 3092//2574 3103//2584 3097//2578
f 3103//2584 3105//2586 3097//2578
f 3105//2586 3107//2588 3097//2578
f 3106//2587 3117//2597 3111//2591
f 3117//2597 3119//2599 3111//2591
f 3119//2599 3121//2601 3111//2591
f 3120//2600 3131//2610 3133//2612
f 3133//2612 3135//2614 3120//2600
f 3135//2614 3125//2604 3120//2600
f 3134//2613 3145//2624 3139//2618
f 3145//2624 3147//2626 3139//2618
f 3147//2626 3149//2628 3139//2618
f 3148//2627 3159//2637 3161//2639
f 3161//2639 3163//2641 3153//2631
f 3153//2631 3137//2616 3148//2627
f 3162//2640 3173//2650 3175//2652
f 3175//2652 3177//2654 3167//2644
f 3167//2644 3151//2629 3175//2652
f 3176//2653 3187//2663 3189//2665
f 3189//2665 3191//2667 3181//2657
f 3181//2657 3165//2642 3189//2665
f 3190//2666 3201//2676 3203//2678
f 3203//2678 3205//2680 3195//2670
f 3195//2670 3179//2655 3203//2678
f 3204//2679 3215//2689 3209//2683
f 3215//2689 3217//2691 3209//2683
f 3217//2691 3219//2693 3209//2683
f 3218//2692 3229//2702 3231//2704
f 3231//2704 3233//2706 3223//2696
f 3223//2696 3207//2681 3218//2692
f 3232//2705 3243//2715 3245//2717
f 3245//2717 3247//2719 3237//2709
f 3237//2709 3221//2694 3232//2705
f 3246//2718 3257//2728 3259//2730
f 3259//2730 3261//2732 3246//2718
f 3261//2732 3251//2722 3246//2718
f 3260//2731 3271//2741 3273//2743
f 3273//2743 3275//2745 3265//2735
f 3265//2735 3249//2720 3260//2731
f 3274//2744 3285//2754 3287//2756
f 3287//2756 3289//2758 3279//2748
f 3279//2748 3263//2733 3287//2756
f 3288//2757 3299//2767 3301//2769
f 3301//2769 3303//2771 3293//2761
f 3293//2761 3277//2746 3288//2757
f 3302//2770 3313//2780 3315//2782
f 3315//2782 3317//2784 3307//2774
f 3307//2774 3291//2759 3315//2782
f 3316//2783 3327//2793 3329//2795
f 3329//2795 3331//2797 3316//2783
f 3331//2797 3321//2787 3316//2783
f 3330//2796 3341//2806 3343//2808
f 3343//2808 3345//2810 3330//2796
f 3345//2810 3335//2800 3330//2796
f 3344//2809 3355//2819 3349//2813
f 3355//2819 3357//2821 3349//2813
f 3357//2821 3359//2823 3349//2813
f 3358//2822 3369//2832 3371//2834
f 3371//2834 3373//2836 3363//2826
f 3363//2826 3347//2811 3358//2822
f 3372//2835 3383//2845 3385//2847
f 3385//2847 3387//2849 3372//2835
f 3387//2849 3377//2839 3372//2835
f 3386//2848 3397//2858 3399//2860
f 3399//2860 3401//2862 3391//2852
f 3391//2852 3375//2837 3386//2848
f 3400//2861 3411//2871 3413//2873
f 3413//2873 3415//2875 3405//2865
f 3405//2865 3389//2850 3400//2861
f 3414//2874 3425//2884 3427//2886
f 3427//2886 3429//2888 3419//2878
f 3419//2878 3403//2863 3414//2874
f 3428//2887 3439//2897 3433//2891
f 3439//2897 3441//2899 3433//2891
f 3441//2899 3443//2901 3433//2891
f 3442//2900 3453//2910 3455//2912
f 3455//2912 3457//2914 3447//2904
f 3447//2904 3431//2889 3442//2900
f 3456//2913 3467//2923 3469//2925
f 3469//2925 3471//2927 3456//2913
f 3471//2927 3461//2917 3456//2913
f 3470//2926 3481//2936 3483//2938
f 3483//2938 3485//2940 3475//2930
f 3475//2930 3459//2915 3470//2926
f 3484//2939 3495//2949 3497//2951
f 3497//2951 3499//2953 3489//2943
f 3489//2943 3473//2928 3497//2951
f 3498//2952 3509//2962 3511//2964
f 3511//2964 3513//2966 3503//2956
f 3503//2956 3487//2941 3511//2964
f 3512//2965 3523//2975 3517//2969
f 3523//2975 3525//2977 3517//2969
f 3525//2977 3527//2979 3517//2969
f 3526//2978 3537//2988 3539//2990
f 3539//2990 3541//2992 3526//2978
f 3541//2992 3531//2982 3526//2978
f 3540//2991 3551//3001 3545//2995
f 3551//3001 3553//3003 3545//2995
f 3553//3003 3555//3005 3545//2995
f 3554//3004 3565//3014 3567//3016
f 3567//3016 3569//3018 3559//3008
f 3559//3008 3543//2993 3567//3016
f 3568//3017 3579//3027 3581//3029
f 3581//3029 3583//3031 3573//3021
f 3573//3021 3557//3006 3568//3017
f 3582//3030 3593//3040 3587//3034
f 3593//3040 3595//3042 3587//3034
f 3595//3042 3597//3044 3587//3034
f 3596//3043 3607//3053 3609//3055
f 3609//3055 3611//3057 3596//3043
f 3611//3057 3601//3047 3596//3043
f 3610//3056 3621//3066 3615//3060
f 3621//3066 3623//3068 3615//3060
f 3623//3068 3625//3070 3615//3060
f 3624//3069 3635//3079 3637//3081
f 3637//3081 3639//3083 3624//3069
f 3639//3083 3629//3073 3624//3069
f 3638//3082 3649//3092 3651//3094
f 3651//3094 3653//3096 3643//3086
f 3643//3086 3627//3071 3651//3094
f 3652//3095 3663//3105 3665//3107
f 3665//3107 3667//3109 3657//3099
f 3657//3099 3641//3084 3652//3095
f 3666//3108 3677//3118 3679//3120
f 3679//3120 3681//3122 3671//3112
f 3671//3112 3655//3097 3666//3108
f 3680//3121 3691//3131 3693//3133
f 3693//3133 3695//3135 3685//3125
f 3685//3125 3669//3110 3680//3121
f 3694//3134 3705//3144 3707//3146
f 3707//3146 3709//3148 3699//3138
f 3699//3138 3683//3123 3707//3146
f 3708//3147 3719//3157 3713//3151
f 3719//3157 3721//3159 3713//3151
f 3721//3159 3723//3161 3713//3151
f 3722//3160 3733//3170 3727//3164
f 3733//3170 3735//3172 3727//3164
f 3735//3172 3737//3174 3727//3164
f 3736//3173 3747//3183 3749//3185
f 3749//3185 3751//3187 3741//3177
f 3741//3177 3725//3162 3749//3185
f 3750//3186 3761//3196 3755//3190
f 3761//3196 3763//3198 3755//3190
f 3763//3198 3765//3200 3755//3190
f 3764//3199 3775//3209 3777//3211
f 3777//3211 3779//3213 3769//3203
f 3769//3203 3753//3188 3764//3199
f 3778//3212 3789//3222 3791//3224
f 3791//3224 3793//3226 3783//3216
f 3783//3216 3767//3201 3791//3224
f 3792//3225 3803//3235 3805//3237
f 3805//3237 3807//3239 3797//3229
f 3797//3229 3781//3214 3792//3225
f 3806//3238 3817//3248 3811//3242
f 3817//3248 3819//3250 3811//3242
f 3819//3250 3821//3252 3811//3242
f 3820//3251 3831//3261 3825//3255
f 3831//3261 3833//3263 3825//3255
f 3833//3263 3835//3265 3825//3255
f 3834//3264 3845//3274 3839//3268
f 3845//3274 3847//3276 3839//3268
f 3847//3276 3849//3278 3839//3268
f 3848//3277 3859//3287 3853//3281
f 3859//3287 3861//3289 3853//3281
f 3861//3289 3863//3291 3853//3281
f 3862//3290 3873//3300 3867//3294
f 3873//3300 3875//3302 3867//3294
f 3875//3302 3877//3304 3867//3294
f 3876//3303 3886//3312 3888//3314
f 3888//3314 3890//3316 3876//3303
f 3890//3316 3881//3307 3876//3303
f 3889//3315 3897//3322 3893//3318
f 3897//3322 3898//3323 3893//3318
f 3898//3323 3899//3324 3893//3318
usemtl Hedgehog_face
f 415//404 329//323 703//684
f 696//677 356//349 361//354
f 701//682 343//336 700//681
f 415//404 319//1 325//319
f 27//13 383//375 370//363
f 702//683 338//332 701//682
f 697//678 352//345 356//349
f 383//375 365//358 370//363
f 700//681 347//340 406//7
f 703//684 334//328 702//683
f 401//391 347//340 352//345
f 695//676 361//354 365//358
f 27//13 370//363 91//88
f 334//328 313//309 338//332
f 361//354 196//192 144//140
f 325//319 319//1 318//314
f 338//332 261//257 343//336
f 365//358 144//140 143//139
f 343//336 260//256 347//340
f 325//319 317//313 329//323
f 370//363 143//139 91//88
f 329//323 314//310 334//328
f 352//345 260//256 208//204
f 356//349 208//204 196//192
f 144//140 424//413 423//412
f 314//310 428//417 313//309
f 91//88 422//411 421//410
f 317//313 429//418 314//310
f 208//204 426//415 425//414
f 318//314 430//419 317//313
f 196//192 425//414 424//413
f 261//257 426//415 260//256
f 318//314 319//1 431//420
f 313//309 427//416 261//257
f 143//139 423//412 422//411
f 27//13 91//88 421//410
f 428//417 440//428 427//416
f 431//420 443//431 430//419
f 430//419 442//430 429//418
f 427//416 439//427 426//415
f 423//412 437//425 436//424
f 425//414 439//427 438//426
f 424//413 438//426 437//425
f 421//410 435//423 434//422
f 431//420 319//1 444//432
f 27//13 421//410 434//422
f 422//411 436//424 435//423
f 429//418 441//429 428//417
f 443//431 455//443 442//430
f 435//423 449//437 448//436
f 438//426 452//440 451//439
f 442//430 454//442 441//429
f 434//422 448//436 447//435
f 444//432 319//1 457//445
f 437//425 451//439 450//438
f 441//429 453//441 440//428
f 27//13 434//422 447//435
f 444//432 456//444 443//431
f 436//424 450//438 449//437
f 440//428 452//440 439//427
f 454//442 466//453 453//441
f 27//13 447//435 460//448
f 457//445 469//456 456//444
f 449//437 463//451 462//450
f 453//441 465//82 452//440
f 456//444 468//455 455//443
f 448//436 462//450 461//449
f 451//439 465//82 464//452
f 455//443 467//454 454//442
f 447//435 461//449 460//448
f 457//445 319//1 470//457
f 450//438 464//452 463//451
f 467//454 481//467 480//466
f 461//449 473//459 460//448
f 470//457 319//1 483//469
f 464//452 476//462 463//451
f 466//453 480//466 479//465
f 27//13 460//448 473//459
f 469//456 483//469 482//468
f 463//451 475//461 462//450
f 465//82 479//465 478//464
f 468//455 482//468 481//467
f 462//450 474//460 461//449
f 465//82 477//463 464//452
f 478//464 492//478 491//477
f 481//467 495//481 494//480
f 475//461 487//473 474//460
f 478//464 490//476 477//463
f 480//466 494//480 493//479
f 474//460 486//472 473//459
f 483//469 319//1 496//482
f 477//463 489//475 476//462
f 479//465 493//479 492//478
f 27//13 473//459 486//472
f 482//468 496//482 495//481
f 476//462 488//474 475//461
f 492//478 506//491 505//490
f 27//13 486//472 499//484
f 495//481 509//494 508//493
f 489//475 501//486 488//474
f 491//477 505//490 504//489
f 494//480 508//493 507//492
f 488//474 500//485 487//473
f 491//477 503//488 490//476
f 493//479 507//492 506//491
f 487//473 499//484 486//472
f 496//482 319//1 509//494
f 490//476 502//487 489//475
f 504//489 516//501 503//488
f 506//491 520//505 519//504
f 500//485 512//497 499//484
f 509//494 319//1 522//507
f 503//488 515//500 502//487
f 505//490 519//504 518//503
f 27//13 499//484 512//497
f 508//493 522//507 521//506
f 502//487 514//499 501//486
f 504//489 518//503 517//502
f 507//492 521//506 520//505
f 501//486 513//498 500//485
f 517//502 531//516 530//515
f 520//505 534//519 533//518
f 514//499 526//511 513//498
f 517//502 529//514 516//501
f 519//504 533//518 532//517
f 513//498 525//510 512//497
f 522//507 319//1 535//520
f 516//501 528//513 515//500
f 518//503 532//517 531//516
f 27//13 512//497 525//510
f 521//506 535//520 534//519
f 515//500 527//512 514//499
f 529//514 541//526 528//513
f 531//516 545//529 544//528
f 27//13 525//510 538//523
f 534//519 548//532 547//531
f 528//513 540//525 527//512
f 530//515 544//528 543//159
f 533//518 547//531 546//530
f 527//512 539//524 526//511
f 530//515 542//527 529//514
f 532//517 546//530 545//529
f 526//511 538//523 525//510
f 535//520 319//1 548//532
f 542//527 556//540 555//539
f 546//530 558//542 545//529
f 538//523 552//536 551//535
f 548//532 319//1 561//545
f 541//526 555//539 554//538
f 545//529 557//541 544//528
f 27//13 538//523 551//535
f 548//532 560//544 547//531
f 540//525 554//538 553//537
f 544//528 556//540 543//159
f 547//531 559//543 546//530
f 539//524 553//537 552//536
f 553//537 567//551 566//550
f 557//541 569//553 556//540
f 560//544 572//556 559//543
f 552//536 566//550 565//549
f 555//539 569//553 568//552
f 559//543 571//555 558//542
f 551//535 565//549 564//548
f 561//545 319//1 574//558
f 554//538 568//552 567//551
f 558//542 570//554 557//541
f 27//13 551//535 564//548
f 561//545 573//557 560//544
f 574//558 319//1 587//571
f 567//551 581//565 580//564
f 571//555 583//567 570//554
f 27//13 564//548 577//561
f 574//558 586//570 573//557
f 566//550 580//564 579//563
f 570//554 582//566 569//553
f 573//557 585//569 572//556
f 565//549 579//563 578//562
f 568//552 582//566 581//565
f 572//556 584//568 571//555
f 564//548 578//562 577//561
f 578//562 592//576 591//575
f 581//565 595//579 594//578
f 585//569 597//581 584//568
f 577//561 591//575 590//574
f 587//571 319//1 600//584
f 580//564 594//578 593//577
f 584//568 596//580 583//567
f 27//13 577//561 590//574
f 587//571 599//583 586//570
f 579//563 593//577 592//576
f 583//567 595//579 582//566
f 586//570 598//582 585//569
f 600//584 612//596 599//583
f 592//576 606//590 605//589
f 596//580 608//592 595//579
f 599//583 611//595 598//582
f 591//575 605//589 604//588
f 594//578 608//592 607//591
f 598//582 610//594 597//581
f 590//574 604//588 603//587
f 600//584 319//1 613//597
f 593//577 607//591 606//590
f 597//581 609//593 596//580
f 27//13 590//574 603//587
f 603//587 617//601 616//600
f 613//597 319//1 626//609
f 606//590 620//604 619//603
f 610//594 622//605 609//593
f 27//13 603//587 616//600
f 613//597 625//608 612//596
f 605//589 619//603 618//602
f 609//593 621//237 608//592
f 612//596 624//607 611//595
f 604//588 618//602 617//601
f 607//591 621//237 620//604
f 611//595 623//606 610//594
f 624//607 638//621 637//620
f 618//602 630//613 617//601
f 621//237 633//616 620//604
f 623//606 637//620 636//619
f 617//601 629//612 616//600
f 626//609 319//1 639//622
f 620//604 632//615 619//603
f 622//605 636//619 635//618
f 27//13 616//600 629//612
f 625//608 639//622 638//621
f 619//603 631//614 618//602
f 621//237 635//618 634//617
f 27//13 629//612 642//625
f 638//621 652//635 651//634
f 632//615 644//627 631//614
f 634//617 648//631 647//630
f 637//620 651//634 650//633
f 631//614 643//626 630//613
f 634//617 646//629 633//616
f 636//619 650//633 649//632
f 630//613 642//625 629//612
f 639//622 319//1 652//635
f 633//616 645//628 632//615
f 635//618 649//632 648//631
f 649//632 663//646 662//645
f 643//626 655//638 642//625
f 652//635 319//1 665//648
f 646//629 658//641 645//628
f 648//631 662//645 661//644
f 27//13 642//625 655//638
f 651//634 665//648 664//647
f 645//628 657//640 644//627
f 647//630 661//644 660//643
f 650//633 664//647 663//646
f 644//627 656//639 643//626
f 647//630 659//642 646//629
f 663//646 677//660 676//659
f 657//640 669//652 656//639
f 660//643 672//655 659//642
f 662//645 676//659 675//658
f 656//639 668//651 655//638
f 665//648 319//1 678//661
f 659//642 671//654 658//641
f 661//644 675//658 674//657
f 27//13 655//638 668//651
f 664//647 678//661 677//660
f 658//641 670//653 657//640
f 660//643 674//657 673//656
f 674//657 688//670 687//669
f 27//13 668//651 681//663
f 677//660 691//673 690//672
f 671//654 683//665 670//653
f 673//656 687//669 686//668
f 676//659 690//672 689//671
f 670//653 682//664 669//652
f 673//656 685//667 672//655
f 675//658 689//671 688//670
f 669//652 681//663 668//651
f 678//661 319//1 691//673
f 672//655 684//666 671//654
f 688//670 702//683 701//682
f 682//664 383//375 681//663
f 691//673 319//1 415//404
f 685//667 697//678 684//666
f 687//669 701//682 700//681
f 27//13 681//663 383//375
f 690//672 415//404 703//684
f 684//666 696//677 683//665
f 686//668 700//681 406//7
f 689//671 703//684 702//683
f 683//665 695//676 682//664
f 686//668 401//391 685//667
f 797//774 653//636 654//637
f 704//685 628//611 793//770
f 433//13 798//775 666//649
f 793//770 640//623 698//679
f 698//679 641//624 694//7
f 704//685 392//1 627//610
f 798//775 654//637 666//649
f 796//773 641//624 653//636
f 653//636 588//572 576//560
f 628//611 589//573 640//623
f 627//610 392//1 602//586
f 666//649 575//559 563//547
f 627//610 601//585 628//611
f 640//623 588//572 641//624
f 433//13 666//649 563//547
f 654//637 576//560 575//559
f 602//586 392//1 510//495
f 601//585 523//508 589//573
f 589//573 524//509 588//572
f 575//559 536//521 537//522
f 602//586 511//496 601//585
f 576//560 524//509 536//521
f 433//13 563//547 549//533
f 563//547 537//522 549//533
f 523//508 471//82 524//509
f 510//495 484//470 511//496
f 511//496 472//458 523//508
f 536//521 471//82 459//447
f 549//533 458//446 446//434
f 537//522 459//447 458//446
f 433//13 549//533 446//434
f 510//495 392//1 485//471
f 433//13 446//434 432//421
f 485//471 392//1 410//399
f 484//470 410//399 411//400
f 458//446 432//421 446//434
f 472//458 411//400 412//401
f 471//82 412//401 414//403
f 459//447 420//409 458//446
f 471//82 419//408 459//447
f 420//409 708//689 432//421
f 412//401 379//371 374//367
f 410//399 392//1 388//380
f 419//408 707//688 420//409
f 414//403 706//687 419//408
f 411//400 388//380 379//371
f 414//403 374//367 322//316
f 433//13 432//421 708//689
f 322//316 711//692 710//691
f 706//687 716//697 707//688
f 707//688 717//698 708//689
f 379//371 713//694 712//693
f 433//13 708//689 717//698
f 374//367 712//693 711//692
f 322//316 715//696 706//687
f 388//380 392//1 713//694
f 711//692 721//701 720//700
f 716//697 726//705 717//698
f 710//691 720//700 719//159
f 712//693 722//702 721//701
f 710//691 724//703 715//696
f 715//696 725//704 716//697
f 433//13 717//698 726//705
f 713//694 392//1 722//702
f 726//705 734//713 735//714
f 724//703 728//707 733//712
f 721//701 729//708 720//700
f 722//702 392//1 731//710
f 433//13 726//705 735//714
f 725//704 733//712 734//713
f 720//700 728//707 719//159
f 722//702 730//709 721//701
f 733//712 737//716 742//721
f 730//709 738//717 729//708
f 731//710 392//1 740//719
f 433//13 735//714 744//723
f 734//713 742//721 743//722
f 729//708 737//716 728//707
f 731//710 739//718 730//709
f 735//714 743//722 744//723
f 433//13 744//723 753//732
f 743//722 751//730 752//731
f 738//717 746//725 737//716
f 740//719 748//727 739//718
f 744//723 752//731 753//732
f 742//721 746//725 751//730
f 739//718 747//726 738//717
f 740//719 392//1 749//728
f 747//726 755//237 746//725
f 749//728 757//735 748//727
f 753//732 761//739 762//740
f 751//730 755//237 760//738
f 748//727 756//734 747//726
f 749//728 392//1 758//736
f 433//13 753//732 762//740
f 752//731 760//738 761//739
f 761//739 771//749 762//740
f 755//237 769//747 760//738
f 756//734 766//744 765//743
f 758//736 392//1 767//745
f 433//13 762//740 771//749
f 760//738 770//748 761//739
f 755//237 765//743 764//742
f 757//735 767//745 766//744
f 765//743 775//753 774//752
f 767//745 392//1 776//754
f 433//13 771//749 780//758
f 769//747 779//757 770//748
f 764//742 774//752 773//751
f 766//744 776//754 775//753
f 770//748 780//758 771//749
f 764//742 778//756 769//747
f 433//13 780//758 789//767
f 778//756 788//766 779//757
f 773//751 783//761 782//760
f 775//753 785//763 784//762
f 779//757 789//767 780//758
f 773//751 787//765 778//756
f 774//752 784//762 783//761
f 776//754 392//1 785//763
f 784//762 704//685 793//770
f 788//766 798//775 789//767
f 782//760 796//773 787//765
f 783//761 793//770 698//679
f 785//763 392//1 704//685
f 433//13 789//767 798//775
f 787//765 797//774 788//766
f 782//760 698//679 694//7
f 1035//906 1021//902 1172//1035
f 1169//1032 1000//896 1003//897
f 1039//909 1007//898 1010//899
f 1039//909 1014//900 1038//908
f 1038//908 1017//901 1035//906
f 1024//13 1172//1035 1021//902
f 1044//911 993//1 1000//896
f 1041//910 1003//897 1007//898
f 1000//896 993//1 990//893
f 1024//13 1021//902 1046//913
f 1014//900 935//885 1017//901
f 1003//897 990//893 987//892
f 1010//899 983//891 979//890
f 1007//898 987//892 983//891
f 1017//901 1046//913 1021//902
f 1010//899 958//889 1014//900
f 990//893 993//1 1053//920
f 979//890 1049//916 958//889
f 983//891 1052//919 1051//918
f 935//885 1055//922 1046//913
f 1024//13 1046//913 1055//922
f 987//892 1053//920 1052//919
f 979//890 1051//918 1050//917
f 958//889 1048//915 935//885
f 1050//917 1060//927 1059//926
f 1053//920 993//1 1062//929
f 1051//918 1061//928 1060//927
f 1024//13 1055//922 1064//931
f 1049//916 1057//924 1048//915
f 1052//919 1062//929 1061//928
f 1048//915 1064//931 1055//922
f 1050//917 1058//925 1049//916
f 1064//931 1066//933 1073//939
f 1058//925 1068//935 1067//934
f 1061//928 1069//936 1060//927
f 1062//929 993//1 1071//938
f 1024//13 1064//931 1073//939
f 1057//924 1067//934 1066//933
f 1060//927 1068//935 1059//926
f 1062//929 1070//937 1061//928
f 1071//938 993//1 1080//946
f 1024//13 1073//939 1082//948
f 1066//933 1076//942 1075//941
f 1069//936 1077//943 1068//935
f 1071//938 1079//945 1070//937
f 1073//939 1075//941 1082//948
f 1067//934 1077//943 1076//942
f 1070//937 1078//944 1069//936
f 1075//941 1085//951 1084//950
f 1078//944 1086//952 1077//943
f 1080//946 1088//954 1079//945
f 1082//948 1084//950 1091//957
f 1076//942 1086//952 1085//951
f 1079//945 1087//953 1078//944
f 1080//946 993//1 1089//955
f 1024//13 1082//948 1091//957
f 1091//957 1093//959 1100//965
f 1085//951 1095//895 1094//960
f 1088//954 1096//961 1087//953
f 1089//955 993//1 1098//963
f 1024//13 1091//957 1100//965
f 1084//950 1094//960 1093//959
f 1087//953 1095//895 1086//952
f 1089//955 1097//962 1088//954
f 1095//895 1103//968 1094//960
f 1096//961 1106//971 1105//970
f 1098//963 993//1 1107//972
f 1024//13 1100//965 1109//973
f 1094//960 1102//967 1093//959
f 1095//895 1105//970 1104//969
f 1097//962 1107//972 1106//971
f 1093//959 1109//973 1100//965
f 1024//13 1109//973 1118//982
f 1103//968 1111//975 1102//967
f 1104//969 1114//978 1113//977
f 1106//971 1116//980 1115//979
f 1102//967 1118//982 1109//973
f 1104//969 1112//976 1103//968
f 1105//970 1115//979 1114//978
f 1107//972 993//1 1116//980
f 1113//977 1123//987 1122//986
f 1115//979 1125//989 1124//988
f 1111//975 1127//991 1118//982
f 1113//977 1121//985 1112//976
f 1114//978 1124//988 1123//987
f 1116//980 993//1 1125//989
f 1024//13 1118//982 1127//991
f 1112//976 1120//984 1111//975
f 1120//984 1136//1000 1127//991
f 1122//986 1130//994 1121//985
f 1123//987 1133//997 1132//996
f 1125//989 993//1 1134//998
f 1024//13 1127//991 1136//1000
f 1121//985 1129//993 1120//984
f 1122//986 1132//996 1131//995
f 1124//988 1134//998 1133//997
f 1133//997 1141//1005 1132//996
f 1134//998 993//1 1143//1007
f 1024//13 1136//1000 1145//1009
f 1129//993 1139//1003 1138//1002
f 1132//996 1140//1004 1131//995
f 1134//998 1142//1006 1133//997
f 1136//1000 1138//1002 1145//1009
f 1130//994 1140//1004 1139//1003
f 1024//13 1145//1009 1154//1018
f 1138//1002 1148//1012 1147//1011
f 1141//1005 1149//1013 1140//1004
f 1143//1007 1151//1015 1142//1006
f 1145//1009 1147//1011 1154//1018
f 1139//1003 1149//1013 1148//1012
f 1142//1006 1150//1014 1141//1005
f 1143//1007 993//1 1152//1016
f 1152//1016 1160//1024 1151//1015
f 1154//1018 1156//1020 1163//1027
f 1148//1012 1158//1022 1157//1021
f 1151//1015 1159//1023 1150//1014
f 1152//1016 993//1 1161//1025
f 1024//13 1154//1018 1163//1027
f 1147//1011 1157//1021 1156//1020
f 1150//1014 1158//1022 1149//1013
f 1163//1027 1035//906 1172//1035
f 1157//1021 1039//909 1038//908
f 1160//1024 1041//910 1159//1023
f 1161//1025 993//1 1044//911
f 1024//13 1163//1027 1172//1035
f 1156//1020 1038//908 1035//906
f 1159//1023 1039//909 1158//1022
f 1161//1025 1169//1032 1160//1024
f 1387//1237 1225//1084 1259//1115
f 1256//1113 1228//1087 1232//1091
f 1390//1240 1235//1094 1239//1098
f 1262//1118 1221//1081 1387//1237
f 1259//1115 1228//1087 1257//7
f 1253//1110 1232//1091 1235//1094
f 1242//13 1390//1240 1239//1098
f 1262//1118 1211//1 1218//1078
f 1232//1091 1197//1059 1176//1038
f 1218//1078 1211//1 1208//1069
f 1242//13 1239//1098 1264//1120
f 1235//1094 1176//1038 1135//999
f 1218//1078 1205//1067 1221//1081
f 1225//1084 1197//1059 1228//1087
f 1221//1081 1201//1063 1225//1084
f 1239//1098 1135//999 1264//1120
f 1208//1069 1211//1 1271//1127
f 1176//1038 1268//1124 1267//1123
f 1201//1063 1268//1124 1197//1059
f 1264//1120 1266//1122 1273//1129
f 1242//13 1264//1120 1273//1129
f 1208//1069 1270//1126 1205//1067
f 1205//1067 1269//1125 1201//1063
f 1135//999 1267//1123 1266//1122
f 1242//13 1273//1129 1282//1137
f 1267//1123 1277//82 1276//1132
f 1269//1125 1277//82 1268//1124
f 1270//1126 1278//1133 1269//1125
f 1266//1122 1276//1132 1275//1131
f 1271//1127 1211//1 1280//1135
f 1271//1127 1279//1134 1270//1126
f 1273//1129 1275//1131 1282//1137
f 1275//1131 1291//1146 1282//1137
f 1277//82 1285//1140 1276//1132
f 1278//1133 1288//1143 1287//1142
f 1280//1135 1211//1 1289//1144
f 1242//13 1282//1137 1291//1146
f 1276//1132 1284//1139 1275//1131
f 1277//82 1287//1142 1286//1141
f 1279//1134 1289//1144 1288//1143
f 1287//1142 1297//1151 1296//1150
f 1289//1144 1211//1 1298//1152
f 1242//13 1291//1146 1300//1154
f 1285//1140 1293//1147 1284//1139
f 1286//1141 1296//1150 1295//1149
f 1288//1143 1298//1152 1297//1151
f 1284//1139 1300//1154 1291//1146
f 1286//1141 1294//1148 1285//1140
f 1242//13 1300//1154 1309//1163
f 1294//1148 1302//1156 1293//1147
f 1295//1149 1305//1159 1304//1158
f 1297//1151 1307//1161 1306//1160
f 1293//1147 1309//1163 1300//1154
f 1295//1149 1303//1157 1294//1148
f 1296//1150 1306//1160 1305//1159
f 1298//1152 1211//1 1307//1161
f 1306//1160 1316//1169 1315//1168
f 1302//1156 1318//1171 1309//1163
f 1304//1158 1312//1166 1303//1157
f 1305//1159 1315//1168 1314//1167
f 1307//1161 1211//1 1316//1169
f 1242//13 1309//1163 1318//1171
f 1303//1157 1311//1165 1302//1156
f 1304//1158 1314//1167 1313//159
f 1318//1171 1320//1173 1327//1180
f 1312//1166 1322//1175 1321//1174
f 1315//1168 1323//1176 1314//1167
f 1316//1169 1211//1 1325//1178
f 1242//13 1318//1171 1327//1180
f 1311//1165 1321//1174 1320//1173
f 1314//1167 1322//1175 1313//159
f 1316//1169 1324//1177 1315//1168
f 1325//1178 1211//1 1334//1187
f 1242//13 1327//1180 1336//1188
f 1320//1173 1330//1183 1329//1182
f 1323//1176 1331//1184 1322//1175
f 1325//1178 1333//1186 1324//1177
f 1327//1180 1329//1182 1336//1188
f 1321//1174 1331//1184 1330//1183
f 1324//1177 1332//1185 1323//1176
f 1329//1182 1339//1191 1338//1190
f 1332//1185 1340//1192 1331//1184
f 1334//1187 1342//1194 1333//1186
f 1336//1188 1338//1190 1345//1197
f 1330//1183 1340//1192 1339//1191
f 1333//1186 1341//1193 1332//1185
f 1334//1187 1211//1 1343//1195
f 1242//13 1336//1188 1345//1197
f 1345//1197 1347//1199 1354//1205
f 1339//1191 1349//237 1348//1200
f 1342//1194 1350//1201 1341//1193
f 1343//1195 1211//1 1352//1203
f 1242//13 1345//1197 1354//1205
f 1338//1190 1348//1200 1347//1199
f 1341//1193 1349//237 1340//1192
f 1343//1195 1351//1202 1342//1194
f 1349//237 1357//1208 1348//1200
f 1350//1201 1360//1211 1359//1210
f 1352//1203 1211//1 1361//1212
f 1242//13 1354//1205 1363//1214
f 1348//1200 1356//1207 1347//1199
f 1349//237 1359//1210 1358//1209
f 1351//1202 1361//1212 1360//1211
f 1347//1199 1363//1214 1354//1205
f 1242//13 1363//1214 1372//1223
f 1357//1208 1365//1216 1356//1207
f 1358//1209 1368//1219 1367//1218
f 1360//1211 1370//1221 1369//1220
f 1356//1207 1372//1223 1363//1214
f 1358//1209 1366//1217 1357//1208
f 1359//1210 1369//1220 1368//1219
f 1361//1212 1211//1 1370//1221
f 1367//1218 1377//1228 1376//1227
f 1369//1220 1379//1230 1378//1229
f 1365//1216 1381//1232 1372//1223
f 1367//1218 1375//1226 1366//1217
f 1368//1219 1378//1229 1377//1228
f 1370//1221 1211//1 1379//1230
f 1242//13 1372//1223 1381//1232
f 1366//1217 1374//1225 1365//1216
f 1374//1225 1390//1240 1381//1232
f 1376//1227 1256//1113 1375//1226
f 1377//1228 1387//1237 1259//1115
f 1379//1230 1211//1 1262//1118
f 1242//13 1381//1232 1390//1240
f 1375//1226 1253//1110 1374//1225
f 1376//1227 1259//1115 1257//7
f 1378//1229 1262//1118 1387//1237
f 1384//1235 1355//1206 1362//1213
f 1382//1233 1364//1215 1371//1222
f 1292//13 1382//1233 1371//1222
f 1498//1342 1249//1 1344//1196
f 1388//1238 1353//1204 1386//1236
f 1386//1236 1355//1206 1385//7
f 1383//1234 1362//1213 1364//1215
f 1498//1342 1346//1198 1388//1238
f 1353//1204 1317//1170 1355//1206
f 1344//1196 1326//1179 1346//1198
f 1371//1222 1308//1162 1301//1155
f 1362//1213 1317//1170 1310//1164
f 1346//1198 1319//1172 1353//1204
f 1344//1196 1249//1 1328//1181
f 1292//13 1371//1222 1301//1155
f 1364//1215 1310//1164 1308//1162
f 1319//1172 1274//1130 1317//1170
f 1328//1181 1249//1 1263//1119
f 1308//1162 1281//1136 1283//1138
f 1292//13 1301//1155 1290//1145
f 1310//1164 1274//1130 1281//1136
f 1326//1179 1272//1128 1319//1172
f 1301//1155 1283//1138 1290//1145
f 1328//1181 1265//1121 1326//1179
f 1292//13 1290//1145 1396//1245
f 1283//1138 1394//1243 1395//1244
f 1263//1119 1214//1074 1265//1121
f 1272//1128 1393//82 1274//1130
f 1281//1136 1393//82 1394//1243
f 1290//1145 1395//1244 1396//1245
f 1263//1119 1249//1 1246//1104
f 1265//1121 1392//1242 1272//1128
f 1214//1074 1399//1248 1398//1247
f 1292//13 1396//1245 1405//1254
f 1393//82 1401//1250 1402//1251
f 1395//1244 1405//1254 1396//1245
f 1393//82 1403//1252 1394//1243
f 1392//1242 1398//1247 1401//1250
f 1246//1104 1249//1 1399//1248
f 1394//1243 1404//1253 1395//1244
f 1402//1251 1410//1258 1411//1259
f 1404//1253 1414//1262 1405//1254
f 1292//13 1405//1254 1414//1262
f 1402//1251 1412//1260 1403//1252
f 1399//1248 1249//1 1408//1257
f 1401//1250 1407//1256 1410//1258
f 1403//1252 1413//1261 1404//1253
f 1398//1247 1408//1257 1407//1256
f 1408//1257 1249//1 1417//1265
f 1410//1258 1416//1264 1419//1267
f 1292//13 1414//1262 1423//1271
f 1412//1260 1422//1270 1413//1261
f 1407//1256 1417//1265 1416//1264
f 1411//1259 1419//1267 1420//1268
f 1413//1261 1423//1271 1414//1262
f 1411//1259 1421//1269 1412//1260
f 1292//13 1423//1271 1432//1279
f 1421//1269 1431//1278 1422//1270
f 1416//1264 1426//1274 1425//1273
f 1420//1268 1428//1276 1429//159
f 1422//1270 1432//1279 1423//1271
f 1420//1268 1430//1277 1421//1269
f 1417//1265 1249//1 1426//1274
f 1419//1267 1425//1273 1428//1276
f 1426//1274 1434//1281 1425//1273
f 1428//1276 1438//1285 1429//159
f 1432//1279 1440//1287 1441//1288
f 1430//1277 1438//1285 1439//1286
f 1426//1274 1249//1 1435//1282
f 1425//1273 1437//1284 1428//1276
f 1292//13 1432//1279 1441//1288
f 1431//1278 1439//1286 1440//1287
f 1441//1288 1449//1296 1450//1297
f 1439//1286 1447//1294 1448//1295
f 1435//1282 1249//1 1444//1291
f 1434//1281 1446//1293 1437//1284
f 1292//13 1441//1288 1450//1297
f 1440//1287 1448//1295 1449//1296
f 1435//1282 1443//1290 1434//1281
f 1437//1284 1447//1294 1438//1285
f 1444//1291 1249//1 1453//1300
f 1443//1290 1455//1301 1446//1293
f 1292//13 1450//1297 1459//1305
f 1449//1296 1457//1303 1458//1304
f 1444//1291 1452//1299 1443//1290
f 1446//1293 1456//1302 1447//1294
f 1450//1297 1458//1304 1459//1305
f 1448//1295 1456//1302 1457//1303
f 1458//1304 1466//1311 1467//1312
f 1453//1300 1461//1307 1452//1299
f 1455//1301 1465//237 1456//1302
f 1459//1305 1467//1312 1468//1313
f 1457//1303 1465//237 1466//1311
f 1453//1300 1249//1 1462//1308
f 1452//1299 1464//1310 1455//1301
f 1292//13 1459//1305 1468//1313
f 1461//1307 1471//1316 1470//1315
f 1465//237 1473//1318 1474//1319
f 1467//1312 1477//1322 1468//1313
f 1465//237 1475//1320 1466//1311
f 1462//1308 1249//1 1471//1316
f 1464//1310 1470//1315 1473//1318
f 1292//13 1468//1313 1477//1322
f 1466//1311 1476//1321 1467//1312
f 1474//1319 1484//1329 1475//1320
f 1471//1316 1249//1 1480//1325
f 1473//1318 1479//1324 1482//1327
f 1292//13 1477//1322 1486//1331
f 1475//1320 1485//1330 1476//1321
f 1470//1315 1480//1325 1479//1324
f 1474//1319 1482//1327 1483//1328
f 1476//1321 1486//1331 1477//1322
f 1482//1327 1488//1333 1491//1335
f 1292//13 1486//1331 1495//1339
f 1484//1329 1494//1338 1485//1330
f 1479//1324 1489//1334 1488//1333
f 1483//1328 1491//1335 1492//1336
f 1485//1330 1495//1339 1486//1331
f 1483//1328 1493//1337 1484//1329
f 1480//1325 1249//1 1489//1334
f 1488//1333 1498//1342 1388//1238
f 1492//1336 1386//1236 1385//7
f 1494//1338 1382//1233 1495//1339
f 1492//1336 1384//1235 1493//1337
f 1489//1334 1249//1 1498//1342
f 1491//1335 1388//1238 1386//1236
f 1292//13 1495//1339 1382//1233
f 1493//1337 1383//1234 1494//1338
f 1503//1347 1460//1306 1463//1309
f 1501//1345 1469//1314 1472//1317
f 1500//1344 1481//1326 1499//1343
f 1612//1448 1335//1 1460//1306
f 1502//1346 1463//1309 1469//1314
f 1501//1345 1478//1323 1500//1344
f 1499//1343 1487//1332 1497//1341
f 1409//13 1497//1341 1487//1332
f 1472//1317 1427//1275 1478//1323
f 1469//1314 1442//1289 1436//1283
f 1460//1306 1335//1 1445//1292
f 1409//13 1487//1332 1418//1266
f 1478//1323 1424//1272 1481//1326
f 1472//1317 1436//1283 1433//1280
f 1463//1309 1445//1292 1442//1289
f 1481//1326 1418//1266 1487//1332
f 1409//13 1418//1266 1406//1255
f 1433//1280 1397//1246 1427//1275
f 1442//1289 1373//1224 1380//1231
f 1436//1283 1380//1231 1389//1239
f 1427//1275 1400//1249 1424//1272
f 1433//1280 1389//1239 1391//1241
f 1424//1272 1406//1255 1418//1266
f 1445//1292 1335//1 1373//1224
f 1391//1241 1508//1352 1397//1246
f 1380//1231 1299//1153 1260//1116
f 1409//13 1406//1255 1510//1354
f 1400//1249 1510//1354 1406//1255
f 1391//1241 1506//1350 1507//1351
f 1397//1246 1509//1353 1400//1249
f 1373//1224 1335//1 1299//1153
f 1389//1239 1260//1116 1506//1350
f 1260//1116 1515//1359 1506//1350
f 1509//1353 1517//1361 1518//1362
f 1299//1153 1335//1 1513//1357
f 1409//13 1510//1354 1519//1363
f 1508//1352 1516//1360 1517//1361
f 1506//1350 1516//1360 1507//1351
f 1510//1354 1518//1362 1519//1363
f 1299//1153 1512//1356 1260//1116
f 1513//1357 1521//1364 1512//1356
f 1515//1359 1525//1367 1516//1360
f 1519//1363 1527//1369 1528//1370
f 1518//1362 1526//1368 1527//1369
f 1513//1357 1335//1 1522//1365
f 1512//1356 1524//1366 1515//1359
f 1409//13 1519//1363 1528//1370
f 1517//1361 1525//1367 1526//1368
f 1528//1370 1536//1378 1537//1379
f 1522//1365 1335//1 1531//1373
f 1521//1364 1533//1375 1524//1366
f 1526//1368 1534//1376 1535//1377
f 1409//13 1528//1370 1537//1379
f 1522//1365 1530//1372 1521//1364
f 1524//1366 1534//1376 1525//1367
f 1527//1369 1535//1377 1536//1378
f 1530//1372 1542//1384 1533//1375
f 1535//1377 1543//1189 1544//1385
f 1409//13 1537//1379 1546//1387
f 1531//1373 1539//1381 1530//1372
f 1533//1375 1543//1189 1534//1376
f 1536//1378 1544//1385 1545//1386
f 1537//1379 1545//1386 1546//1387
f 1531//1373 1335//1 1540//1382
f 1539//1381 1549//1390 1548//1389
f 1543//1189 1551//1391 1552//1392
f 1544//1385 1554//1394 1545//1386
f 1545//1386 1555//1395 1546//1387
f 1540//1382 1335//1 1549//1390
f 1542//1384 1548//1389 1551//1391
f 1543//1189 1553//1393 1544//1385
f 1409//13 1546//1387 1555//1395
f 1552//1392 1560//1399 1561//1400
f 1553//1393 1563//1402 1554//1394
f 1554//1394 1564//1403 1555//1395
f 1549//1390 1335//1 1558//1397
f 1551//1391 1557//1396 1560//1399
f 1552//1392 1562//1401 1553//1393
f 1409//13 1555//1395 1564//1403
f 1548//1389 1558//1397 1557//1396
f 1558//1397 1335//1 1567//1406
f 1560//1399 1566//1405 1569//1408
f 1561//1400 1571//1410 1562//1401
f 1409//13 1564//1403 1573//1412
f 1557//1396 1567//1406 1566//1405
f 1561//1400 1569//1408 1570//1409
f 1562//1401 1572//1411 1563//1402
f 1563//1402 1573//1412 1564//1403
f 1570//1409 1580//1419 1571//1410
f 1409//13 1573//1412 1582//1421
f 1566//1405 1576//1415 1575//1414
f 1570//1409 1578//1417 1579//1418
f 1571//1410 1581//1420 1572//1411
f 1572//1411 1582//1421 1573//1412
f 1567//1406 1335//1 1576//1415
f 1569//1408 1575//1414 1578//1417
f 1576//1415 1584//1422 1575//1414
f 1578//1417 1588//1425 1579//1418
f 1576//1415 1335//1 1585//1423
f 1581//1420 1589//1426 1590//1427
f 1582//1421 1590//1427 1591//1428
f 1575//1414 1587//1424 1578//1417
f 1580//1419 1588//1425 1589//1426
f 1409//13 1582//1421 1591//1428
f 1585//1423 1335//1 1594//1431
f 1584//1422 1596//1433 1587//1424
f 1589//1426 1597//1434 1598//1435
f 1409//13 1591//1428 1600//1437
f 1585//1423 1593//1430 1584//1422
f 1587//1424 1597//1434 1588//1425
f 1590//1427 1598//1435 1599//1436
f 1591//1428 1599//1436 1600//1437
f 1409//13 1600//1437 1609//1446
f 1594//1431 1602//1439 1593//1430
f 1596//1433 1606//1443 1597//1434
f 1599//1436 1607//1444 1608//1445
f 1600//1437 1608//1445 1609//1446
f 1594//1431 1335//1 1603//1440
f 1593//1430 1605//1442 1596//1433
f 1598//1435 1606//1443 1607//1444
f 1603//1440 1503//1347 1602//1439
f 1605//1442 1501//1345 1606//1443
f 1608//1445 1500//1344 1499//1343
f 1609//1446 1499//1343 1497//1341
f 1603//1440 1335//1 1612//1448
f 1602//1439 1502//1346 1605//1442
f 1607//1444 1501//1345 1500//1344
f 1409//13 1609//1446 1497//1341
f 1833//1237 1671//1084 1705//1115
f 1702//1113 1674//1087 1678//1091
f 1836//1240 1681//1094 1685//1098
f 1708//1118 1667//1081 1833//1237
f 1705//1115 1674//1087 1703//7
f 1699//1110 1678//1091 1681//1094
f 1688//13 1836//1240 1685//1098
f 1708//1118 1657//1 1664//1078
f 1678//1091 1643//1059 1622//1038
f 1664//1078 1657//1 1654//1069
f 1688//13 1685//1098 1710//1120
f 1681//1094 1622//1038 1583//999
f 1664//1078 1651//1067 1667//1081
f 1671//1084 1643//1059 1674//1087
f 1667//1081 1647//1063 1671//1084
f 1685//1098 1583//999 1710//1120
f 1688//13 1710//1120 1719//1129
f 1654//1069 1657//1 1717//1127
f 1622//1038 1714//1124 1713//1123
f 1651//1067 1715//1125 1647//1063
f 1647//1063 1714//1124 1643//1059
f 1710//1120 1712//1122 1719//1129
f 1654//1069 1716//1126 1651//1067
f 1583//999 1713//1123 1712//1122
f 1717//1127 1657//1 1726//1135
f 1688//13 1719//1129 1728//1137
f 1716//1126 1724//1133 1715//1125
f 1712//1122 1722//1132 1721//1131
f 1717//1127 1725//1134 1716//1126
f 1715//1125 1723//82 1714//1124
f 1719//1129 1721//1131 1728//1137
f 1713//1123 1723//82 1722//1132
f 1721//1131 1737//1146 1728//1137
f 1723//82 1731//1140 1722//1132
f 1724//1133 1734//1143 1733//1142
f 1726//1135 1657//1 1735//1144
f 1688//13 1728//1137 1737//1146
f 1722//1132 1730//1139 1721//1131
f 1723//82 1733//1142 1732//1141
f 1725//1134 1735//1144 1734//1143
f 1733//1142 1743//1151 1742//1150
f 1735//1144 1657//1 1744//1152
f 1688//13 1737//1146 1746//1154
f 1731//1140 1739//1147 1730//1139
f 1732//1141 1742//1150 1741//1149
f 1734//1143 1744//1152 1743//1151
f 1730//1139 1746//1154 1737//1146
f 1732//1141 1740//1148 1731//1140
f 1688//13 1746//1154 1755//1163
f 1740//1148 1748//1156 1739//1147
f 1741//1149 1751//1159 1750//1158
f 1743//1151 1753//1161 1752//1160
f 1739//1147 1755//1163 1746//1154
f 1741//1149 1749//1157 1740//1148
f 1742//1150 1752//1160 1751//1159
f 1744//1152 1657//1 1753//1161
f 1752//1160 1762//1169 1761//1168
f 1748//1156 1764//1171 1755//1163
f 1750//1158 1758//1166 1749//1157
f 1751//1159 1761//1168 1760//1167
f 1753//1161 1657//1 1762//1169
f 1688//13 1755//1163 1764//1171
f 1749//1157 1757//1165 1748//1156
f 1750//1158 1760//1167 1759//159
f 1764//1171 1766//1173 1773//1180
f 1758//1166 1768//1175 1767//1174
f 1761//1168 1769//1176 1760//1167
f 1762//1169 1657//1 1771//1178
f 1688//13 1764//1171 1773//1180
f 1757//1165 1767//1174 1766//1173
f 1760//1167 1768//1175 1759//159
f 1762//1169 1770//1177 1761//1168
f 1771//1178 1657//1 1780//1187
f 1688//13 1773//1180 1782//1188
f 1766//1173 1776//1183 1775//1182
f 1769//1176 1777//1184 1768//1175
f 1771//1178 1779//1186 1770//1177
f 1773//1180 1775//1182 1782//1188
f 1767//1174 1777//1184 1776//1183
f 1770//1177 1778//1185 1769//1176
f 1775//1182 1785//1191 1784//1190
f 1778//1185 1786//1192 1777//1184
f 1780//1187 1788//1194 1779//1186
f 1782//1188 1784//1190 1791//1197
f 1776//1183 1786//1192 1785//1191
f 1779//1186 1787//1193 1778//1185
f 1780//1187 1657//1 1789//1195
f 1688//13 1782//1188 1791//1197
f 1791//1197 1793//1199 1800//1205
f 1785//1191 1795//237 1794//1200
f 1788//1194 1796//1201 1787//1193
f 1789//1195 1657//1 1798//1203
f 1688//13 1791//1197 1800//1205
f 1784//1190 1794//1200 1793//1199
f 1787//1193 1795//237 1786//1192
f 1789//1195 1797//1202 1788//1194
f 1795//237 1803//1208 1794//1200
f 1796//1201 1806//1211 1805//1210
f 1798//1203 1657//1 1807//1212
f 1688//13 1800//1205 1809//1214
f 1794//1200 1802//1207 1793//1199
f 1795//237 1805//1210 1804//1209
f 1797//1202 1807//1212 1806//1211
f 1793//1199 1809//1214 1800//1205
f 1688//13 1809//1214 1818//1223
f 1803//1208 1811//1216 1802//1207
f 1804//1209 1814//1219 1813//1218
f 1806//1211 1816//1221 1815//1220
f 1802//1207 1818//1223 1809//1214
f 1804//1209 1812//1217 1803//1208
f 1805//1210 1815//1220 1814//1219
f 1807//1212 1657//1 1816//1221
f 1813//1218 1823//1228 1822//1227
f 1815//1220 1825//1230 1824//1229
f 1811//1216 1827//1232 1818//1223
f 1813//1218 1821//1226 1812//1217
f 1814//1219 1824//1229 1823//1228
f 1816//1221 1657//1 1825//1230
f 1688//13 1818//1223 1827//1232
f 1812//1217 1820//1225 1811//1216
f 1820//1225 1836//1240 1827//1232
f 1822//1227 1702//1113 1821//1226
f 1823//1228 1833//1237 1705//1115
f 1825//1230 1657//1 1708//1118
f 1688//13 1827//1232 1836//1240
f 1821//1226 1699//1110 1820//1225
f 1822//1227 1705//1115 1703//7
f 1824//1229 1708//1118 1833//1237
f 1830//1235 1801//1206 1808//1213
f 1828//1233 1810//1215 1817//1222
f 1738//13 1828//1233 1817//1222
f 1944//1342 1695//1 1790//1196
f 1834//1238 1799//1204 1832//1236
f 1832//1236 1801//1206 1831//7
f 1829//1234 1808//1213 1810//1215
f 1944//1342 1792//1198 1834//1238
f 1799//1204 1763//1170 1801//1206
f 1790//1196 1772//1179 1792//1198
f 1817//1222 1754//1162 1747//1155
f 1808//1213 1763//1170 1756//1164
f 1792//1198 1765//1172 1799//1204
f 1790//1196 1695//1 1774//1181
f 1738//13 1817//1222 1747//1155
f 1810//1215 1756//1164 1754//1162
f 1765//1172 1720//1130 1763//1170
f 1774//1181 1695//1 1709//1119
f 1754//1162 1727//1136 1729//1138
f 1738//13 1747//1155 1736//1145
f 1756//1164 1720//1130 1727//1136
f 1772//1179 1718//1128 1765//1172
f 1747//1155 1729//1138 1736//1145
f 1774//1181 1711//1121 1772//1179
f 1738//13 1736//1145 1842//1245
f 1729//1138 1840//1243 1841//1244
f 1709//1119 1660//1074 1711//1121
f 1718//1128 1839//82 1720//1130
f 1727//1136 1839//82 1840//1243
f 1736//1145 1841//1244 1842//1245
f 1709//1119 1695//1 1692//1104
f 1711//1121 1838//1242 1718//1128
f 1738//13 1842//1245 1851//1254
f 1839//82 1847//1250 1848//1251
f 1660//1074 1845//1248 1844//1247
f 1841//1244 1851//1254 1842//1245
f 1838//1242 1844//1247 1847//1250
f 1839//82 1849//1252 1840//1243
f 1692//1104 1695//1 1845//1248
f 1840//1243 1850//1253 1841//1244
f 1848//1251 1856//1258 1857//1259
f 1849//1252 1859//1261 1850//1253
f 1850//1253 1860//1262 1851//1254
f 1738//13 1851//1254 1860//1262
f 1845//1248 1695//1 1854//1257
f 1847//1250 1853//1256 1856//1258
f 1848//1251 1858//1260 1849//1252
f 1844//1247 1854//1257 1853//1256
f 1854//1257 1695//1 1863//1265
f 1856//1258 1862//1264 1865//1267
f 1738//13 1860//1262 1869//1271
f 1858//1260 1868//1270 1859//1261
f 1853//1256 1863//1265 1862//1264
f 1857//1259 1865//1267 1866//1268
f 1859//1261 1869//1271 1860//1262
f 1857//1259 1867//1269 1858//1260
f 1738//13 1869//1271 1878//1279
f 1867//1269 1877//1278 1868//1270
f 1862//1264 1872//1274 1871//1273
f 1866//1268 1874//1276 1875//159
f 1868//1270 1878//1279 1869//1271
f 1866//1268 1876//1277 1867//1269
f 1863//1265 1695//1 1872//1274
f 1865//1267 1871//1273 1874//1276
f 1872//1274 1880//1281 1871//1273
f 1874//1276 1884//1285 1875//159
f 1878//1279 1886//1287 1887//1288
f 1876//1277 1884//1285 1885//1286
f 1872//1274 1695//1 1881//1282
f 1871//1273 1883//1284 1874//1276
f 1738//13 1878//1279 1887//1288
f 1877//1278 1885//1286 1886//1287
f 1887//1288 1895//1296 1896//1297
f 1885//1286 1893//1294 1894//1295
f 1881//1282 1695//1 1890//1291
f 1880//1281 1892//1293 1883//1284
f 1738//13 1887//1288 1896//1297
f 1886//1287 1894//1295 1895//1296
f 1881//1282 1889//1290 1880//1281
f 1883//1284 1893//1294 1884//1285
f 1890//1291 1695//1 1899//1300
f 1889//1290 1901//1301 1892//1293
f 1738//13 1896//1297 1905//1305
f 1895//1296 1903//1303 1904//1304
f 1890//1291 1898//1299 1889//1290
f 1892//1293 1902//1302 1893//1294
f 1896//1297 1904//1304 1905//1305
f 1894//1295 1902//1302 1903//1303
f 1904//1304 1912//1311 1913//1312
f 1899//1300 1907//1307 1898//1299
f 1901//1301 1911//237 1902//1302
f 1905//1305 1913//1312 1914//1313
f 1903//1303 1911//237 1912//1311
f 1899//1300 1695//1 1908//1308
f 1898//1299 1910//1310 1901//1301
f 1738//13 1905//1305 1914//1313
f 1907//1307 1917//1316 1916//1315
f 1911//237 1919//1318 1920//1319
f 1913//1312 1923//1322 1914//1313
f 1911//237 1921//1320 1912//1311
f 1908//1308 1695//1 1917//1316
f 1910//1310 1916//1315 1919//1318
f 1738//13 1914//1313 1923//1322
f 1912//1311 1922//1321 1913//1312
f 1920//1319 1930//1329 1921//1320
f 1917//1316 1695//1 1926//1325
f 1919//1318 1925//1324 1928//1327
f 1738//13 1923//1322 1932//1331
f 1921//1320 1931//1330 1922//1321
f 1916//1315 1926//1325 1925//1324
f 1920//1319 1928//1327 1929//1328
f 1922//1321 1932//1331 1923//1322
f 1928//1327 1934//1333 1937//1335
f 1738//13 1932//1331 1941//1339
f 1930//1329 1940//1338 1931//1330
f 1925//1324 1935//1334 1934//1333
f 1929//1328 1937//1335 1938//1336
f 1931//1330 1941//1339 1932//1331
f 1929//1328 1939//1337 1930//1329
f 1926//1325 1695//1 1935//1334
f 1934//1333 1944//1342 1834//1238
f 1938//1336 1832//1236 1831//7
f 1940//1338 1828//1233 1941//1339
f 1938//1336 1830//1235 1939//1337
f 1935//1334 1695//1 1944//1342
f 1937//1335 1834//1238 1832//1236
f 1738//13 1941//1339 1828//1233
f 1939//1337 1829//1234 1940//1338
f 415//404 325//319 329//323
f 696//677 697//678 356//349
f 701//682 338//332 343//336
f 702//683 334//328 338//332
f 697//678 401//391 352//345
f 383//375 695//676 365//358
f 700//681 343//336 347//340
f 703//684 329//323 334//328
f 401//391 406//7 347//340
f 695//676 696//677 361//354
f 334//328 314//310 313//309
f 361//354 356//349 196//192
f 338//332 313//309 261//257
f 365//358 361//354 144//140
f 343//336 261//257 260//256
f 325//319 318//314 317//313
f 370//363 365//358 143//139
f 329//323 317//313 314//310
f 352//345 347//340 260//256
f 356//349 352//345 208//204
f 144//140 196//192 424//413
f 314//310 429//418 428//417
f 91//88 143//139 422//411
f 317//313 430//419 429//418
f 208//204 260//256 426//415
f 318//314 431//420 430//419
f 196//192 208//204 425//414
f 261//257 427//416 426//415
f 313//309 428//417 427//416
f 143//139 144//140 423//412
f 428//417 441//429 440//428
f 431//420 444//432 443//431
f 430//419 443//431 442//430
f 427//416 440//428 439//427
f 423//412 424//413 437//425
f 425//414 426//415 439//427
f 424//413 425//414 438//426
f 421//410 422//411 435//423
f 422//411 423//412 436//424
f 429//418 442//430 441//429
f 443//431 456//444 455//443
f 435//423 436//424 449//437
f 438//426 439//427 452//440
f 442//430 455//443 454//442
f 434//422 435//423 448//436
f 437//425 438//426 451//439
f 441//429 454//442 453//441
f 444//432 457//445 456//444
f 436//424 437//425 450//438
f 440//428 453//441 452//440
f 454//442 467//454 466//453
f 457//445 470//457 469//456
f 449//437 450//438 463//451
f 453//441 466//453 465//82
f 456//444 469//456 468//455
f 448//436 449//437 462//450
f 451//439 452//440 465//82
f 455//443 468//455 467//454
f 447//435 448//436 461//449
f 450//438 451//439 464//452
f 467//454 468//455 481//467
f 461//449 474//460 473//459
f 464//452 477//463 476//462
f 466//453 467//454 480//466
f 469//456 470//457 483//469
f 463//451 476//462 475//461
f 465//82 466//453 479//465
f 468//455 469//456 482//468
f 462//450 475//461 474//460
f 465//82 478//464 477//463
f 478//464 479//465 492//478
f 481//467 482//468 495//481
f 475//461 488//474 487//473
f 478//464 491//477 490//476
f 480//466 481//467 494//480
f 474//460 487//473 486//472
f 477//463 490//476 489//475
f 479//465 480//466 493//479
f 482//468 483//469 496//482
f 476//462 489//475 488//474
f 492//478 493//479 506//491
f 495//481 496//482 509//494
f 489//475 502//487 501//486
f 491//477 492//478 505//490
f 494//480 495//481 508//493
f 488//474 501//486 500//485
f 491//477 504//489 503//488
f 493//479 494//480 507//492
f 487//473 500//485 499//484
f 490//476 503//488 502//487
f 504//489 517//502 516//501
f 506//491 507//492 520//505
f 500//485 513//498 512//497
f 503//488 516//501 515//500
f 505//490 506//491 519//504
f 508//493 509//494 522//507
f 502//487 515//500 514//499
f 504//489 505//490 518//503
f 507//492 508//493 521//506
f 501//486 514//499 513//498
f 517//502 518//503 531//516
f 520//505 521//506 534//519
f 514//499 527//512 526//511
f 517//502 530//515 529//514
f 519//504 520//505 533//518
f 513//498 526//511 525//510
f 516//501 529//514 528//513
f 518//503 519//504 532//517
f 521//506 522//507 535//520
f 515//500 528//513 527//512
f 529//514 542//527 541//526
f 531//516 532//517 545//529
f 534//519 535//520 548//532
f 528//513 541//526 540//525
f 530//515 531//516 544//528
f 533//518 534//519 547//531
f 527//512 540//525 539//524
f 530//515 543//159 542//527
f 532//517 533//518 546//530
f 526//511 539//524 538//523
f 542//527 543//159 556//540
f 546//530 559//543 558//542
f 538//523 539//524 552//536
f 541//526 542//527 555//539
f 545//529 558//542 557//541
f 548//532 561//545 560//544
f 540//525 541//526 554//538
f 544//528 557//541 556//540
f 547//531 560//544 559//543
f 539//524 540//525 553//537
f 553//537 554//538 567//551
f 557//541 570//554 569//553
f 560//544 573//557 572//556
f 552//536 553//537 566//550
f 555//539 556//540 569//553
f 559//543 572//556 571//555
f 551//535 552//536 565//549
f 554//538 555//539 568//552
f 558//542 571//555 570//554
f 561//545 574//558 573//557
f 567//551 568//552 581//565
f 571//555 584//568 583//567
f 574//558 587//571 586//570
f 566//550 567//551 580//564
f 570//554 583//567 582//566
f 573//557 586//570 585//569
f 565//549 566//550 579//563
f 568//552 569//553 582//566
f 572//556 585//569 584//568
f 564//548 565//549 578//562
f 578//562 579//563 592//576
f 581//565 582//566 595//579
f 585//569 598//582 597//581
f 577//561 578//562 591//575
f 580//564 581//565 594//578
f 584//568 597//581 596//580
f 587//571 600//584 599//583
f 579//563 580//564 593//577
f 583//567 596//580 595//579
f 586//570 599//583 598//582
f 600//584 613//597 612//596
f 592//576 593//577 606//590
f 596//580 609//593 608//592
f 599//583 612//596 611//595
f 591//575 592//576 605//589
f 594//578 595//579 608//592
f 598//582 611//595 610//594
f 590//574 591//575 604//588
f 593//577 594//578 607//591
f 597//581 610//594 609//593
f 603//587 604//588 617//601
f 606//590 607//591 620//604
f 610//594 623//606 622//605
f 613//597 626//609 625//608
f 605//589 606//590 619//603
f 609//593 622//605 621//237
f 612//596 625//608 624//607
f 604//588 605//589 618//602
f 607//591 608//592 621//237
f 611//595 624//607 623//606
f 624//607 625//608 638//621
f 618//602 631//614 630//613
f 621//237 634//617 633//616
f 623//606 624//607 637//620
f 617//601 630//613 629//612
f 620//604 633//616 632//615
f 622//605 623//606 636//619
f 625//608 626//609 639//622
f 619//603 632//615 631//614
f 621//237 622//605 635//618
f 638//621 639//622 652//635
f 632//615 645//628 644//627
f 634//617 635//618 648//631
f 637//620 638//621 651//634
f 631//614 644//627 643//626
f 634//617 647//630 646//629
f 636//619 637//620 650//633
f 630//613 643//626 642//625
f 633//616 646//629 645//628
f 635//618 636//619 649//632
f 649//632 650//633 663//646
f 643//626 656//639 655//638
f 646//629 659//642 658//641
f 648//631 649//632 662//645
f 651//634 652//635 665//648
f 645//628 658//641 657//640
f 647//630 648//631 661//644
f 650//633 651//634 664//647
f 644//627 657//640 656//639
f 647//630 660//643 659//642
f 663//646 664//647 677//660
f 657//640 670//653 669//652
f 660//643 673//656 672//655
f 662//645 663//646 676//659
f 656//639 669//652 668//651
f 659//642 672//655 671//654
f 661//644 662//645 675//658
f 664//647 665//648 678//661
f 658//641 671//654 670//653
f 660//643 661//644 674//657
f 674//657 675//658 688//670
f 677//660 678//661 691//673
f 671//654 684//666 683//665
f 673//656 674//657 687//669
f 676//659 677//660 690//672
f 670//653 683//665 682//664
f 673//656 686//668 685//667
f 675//658 676//659 689//671
f 669//652 682//664 681//663
f 672//655 685//667 684//666
f 688//670 689//671 702//683
f 682//664 695//676 383//375
f 685//667 401//391 697//678
f 687//669 688//670 701//682
f 690//672 691//673 415//404
f 684//666 697//678 696//677
f 686//668 687//669 700//681
f 689//671 690//672 703//684
f 683//665 696//677 695//676
f 686//668 406//7 401//391
f 797//774 796//773 653//636
f 704//685 627//610 628//611
f 793//770 628//611 640//623
f 698//679 640//623 641//624
f 798//775 797//774 654//637
f 796//773 694//7 641//624
f 653//636 641//624 588//572
f 628//611 601//585 589//573
f 666//649 654//637 575//559
f 627//610 602//586 601//585
f 640//623 589//573 588//572
f 654//637 653//636 576//560
f 601//585 511//496 523//508
f 589//573 523//508 524//509
f 575//559 576//560 536//521
f 602//586 510//495 511//496
f 576//560 588//572 524//509
f 563//547 575//559 537//522
f 523//508 472//458 471//82
f 510//495 485//471 484//470
f 511//496 484//470 472//458
f 536//521 524//509 471//82
f 549//533 537//522 458//446
f 537//522 536//521 459//447
f 484//470 485//471 410//399
f 458//446 420//409 432//421
f 472//458 484//470 411//400
f 471//82 472//458 412//401
f 459//447 419//408 420//409
f 471//82 414//403 419//408
f 420//409 707//688 708//689
f 412//401 411//400 379//371
f 419//408 706//687 707//688
f 414//403 322//316 706//687
f 411//400 410//399 388//380
f 414//403 412//401 374//367
f 322//316 374//367 711//692
f 706//687 715//696 716//697
f 707//688 716//697 717//698
f 379//371 388//380 713//694
f 374//367 379//371 712//693
f 322//316 710//691 715//696
f 711//692 712//693 721//701
f 716//697 725//704 726//705
f 710//691 711//692 720//700
f 712//693 713//694 722//702
f 710//691 719//159 724//703
f 715//696 724//703 725//704
f 726//705 725//704 734//713
f 724//703 719//159 728//707
f 721//701 730//709 729//708
f 725//704 724//703 733//712
f 720//700 729//708 728//707
f 722//702 731//710 730//709
f 733//712 728//707 737//716
f 730//709 739//718 738//717
f 734//713 733//712 742//721
f 729//708 738//717 737//716
f 731//710 740//719 739//718
f 735//714 734//713 743//722
f 743//722 742//721 751//730
f 738//717 747//726 746//725
f 740//719 749//728 748//727
f 744//723 743//722 752//731
f 742//721 737//716 746//725
f 739//718 748//727 747//726
f 747//726 756//734 755//237
f 749//728 758//736 757//735
f 753//732 752//731 761//739
f 751//730 746//725 755//237
f 748//727 757//735 756//734
f 752//731 751//730 760//738
f 761//739 770//748 771//749
f 755//237 764//742 769//747
f 756//734 757//735 766//744
f 760//738 769//747 770//748
f 755//237 756//734 765//743
f 757//735 758//736 767//745
f 765//743 766//744 775//753
f 769//747 778//756 779//757
f 764//742 765//743 774//752
f 766//744 767//745 776//754
f 770//748 779//757 780//758
f 764//742 773//751 778//756
f 778//756 787//765 788//766
f 773//751 774//752 783//761
f 775//753 776//754 785//763
f 779//757 788//766 789//767
f 773//751 782//760 787//765
f 774//752 775//753 784//762
f 784//762 785//763 704//685
f 788//766 797//774 798//775
f 782//760 694//7 796//773
f 783//761 784//762 793//770
f 787//765 796//773 797//774
f 782//760 783//761 698//679
f 1035//906 1017//901 1021//902
f 1169//1032 1044//911 1000//896
f 1039//909 1041//910 1007//898
f 1039//909 1010//899 1014//900
f 1038//908 1014//900 1017//901
f 1041//910 1169//1032 1003//897
f 1014//900 958//889 935//885
f 1003//897 1000//896 990//893
f 1010//899 1007//898 983//891
f 1007//898 1003//897 987//892
f 1017//901 935//885 1046//913
f 1010//899 979//890 958//889
f 979//890 1050//917 1049//916
f 983//891 987//892 1052//919
f 935//885 1048//915 1055//922
f 987//892 990//893 1053//920
f 979//890 983//891 1051//918
f 958//889 1049//916 1048//915
f 1050//917 1051//918 1060//927
f 1051//918 1052//919 1061//928
f 1049//916 1058//925 1057//924
f 1052//919 1053//920 1062//929
f 1048//915 1057//924 1064//931
f 1050//917 1059//926 1058//925
f 1064//931 1057//924 1066//933
f 1058//925 1059//926 1068//935
f 1061//928 1070//937 1069//936
f 1057//924 1058//925 1067//934
f 1060//927 1069//936 1068//935
f 1062//929 1071//938 1070//937
f 1066//933 1067//934 1076//942
f 1069//936 1078//944 1077//943
f 1071//938 1080//946 1079//945
f 1073//939 1066//933 1075//941
f 1067//934 1068//935 1077//943
f 1070//937 1079//945 1078//944
f 1075//941 1076//942 1085//951
f 1078//944 1087//953 1086//952
f 1080//946 1089//955 1088//954
f 1082//948 1075//941 1084//950
f 1076//942 1077//943 1086//952
f 1079//945 1088//954 1087//953
f 1091//957 1084//950 1093//959
f 1085//951 1086//952 1095//895
f 1088//954 1097//962 1096//961
f 1084//950 1085//951 1094//960
f 1087//953 1096//961 1095//895
f 1089//955 1098//963 1097//962
f 1095//895 1104//969 1103//968
f 1096//961 1097//962 1106//971
f 1094//960 1103//968 1102//967
f 1095//895 1096//961 1105//970
f 1097//962 1098//963 1107//972
f 1093//959 1102//967 1109//973
f 1103//968 1112//976 1111//975
f 1104//969 1105//970 1114//978
f 1106//971 1107//972 1116//980
f 1102//967 1111//975 1118//982
f 1104//969 1113//977 1112//976
f 1105//970 1106//971 1115//979
f 1113//977 1114//978 1123//987
f 1115//979 1116//980 1125//989
f 1111//975 1120//984 1127//991
f 1113//977 1122//986 1121//985
f 1114//978 1115//979 1124//988
f 1112//976 1121//985 1120//984
f 1120//984 1129//993 1136//1000
f 1122//986 1131//995 1130//994
f 1123//987 1124//988 1133//997
f 1121//985 1130//994 1129//993
f 1122//986 1123//987 1132//996
f 1124//988 1125//989 1134//998
f 1133//997 1142//1006 1141//1005
f 1129//993 1130//994 1139//1003
f 1132//996 1141//1005 1140//1004
f 1134//998 1143//1007 1142//1006
f 1136//1000 1129//993 1138//1002
f 1130//994 1131//995 1140//1004
f 1138//1002 1139//1003 1148//1012
f 1141//1005 1150//1014 1149//1013
f 1143//1007 1152//1016 1151//1015
f 1145//1009 1138//1002 1147//1011
f 1139//1003 1140//1004 1149//1013
f 1142//1006 1151//1015 1150//1014
f 1152//1016 1161//1025 1160//1024
f 1154//1018 1147//1011 1156//1020
f 1148//1012 1149//1013 1158//1022
f 1151//1015 1160//1024 1159//1023
f 1147//1011 1148//1012 1157//1021
f 1150//1014 1159//1023 1158//1022
f 1163//1027 1156//1020 1035//906
f 1157//1021 1158//1022 1039//909
f 1160//1024 1169//1032 1041//910
f 1156//1020 1157//1021 1038//908
f 1159//1023 1041//910 1039//909
f 1161//1025 1044//911 1169//1032
f 1387//1237 1221//1081 1225//1084
f 1256//1113 1257//7 1228//1087
f 1390//1240 1253//1110 1235//1094
f 1262//1118 1218//1078 1221//1081
f 1259//1115 1225//1084 1228//1087
f 1253//1110 1256//1113 1232//1091
f 1232//1091 1228//1087 1197//1059
f 1235//1094 1232//1091 1176//1038
f 1218//1078 1208//1069 1205//1067
f 1225//1084 1201//1063 1197//1059
f 1221//1081 1205//1067 1201//1063
f 1239//1098 1235//1094 1135//999
f 1176//1038 1197//1059 1268//1124
f 1201//1063 1269//1125 1268//1124
f 1264//1120 1135//999 1266//1122
f 1208//1069 1271//1127 1270//1126
f 1205//1067 1270//1126 1269//1125
f 1135//999 1176//1038 1267//1123
f 1267//1123 1268//1124 1277//82
f 1269//1125 1278//1133 1277//82
f 1270//1126 1279//1134 1278//1133
f 1266//1122 1267//1123 1276//1132
f 1271//1127 1280//1135 1279//1134
f 1273//1129 1266//1122 1275//1131
f 1275//1131 1284//1139 1291//1146
f 1277//82 1286//1141 1285//1140
f 1278//1133 1279//1134 1288//1143
f 1276//1132 1285//1140 1284//1139
f 1277//82 1278//1133 1287//1142
f 1279//1134 1280//1135 1289//1144
f 1287//1142 1288//1143 1297//1151
f 1285//1140 1294//1148 1293//1147
f 1286//1141 1287//1142 1296//1150
f 1288//1143 1289//1144 1298//1152
f 1284//1139 1293//1147 1300//1154
f 1286//1141 1295//1149 1294//1148
f 1294//1148 1303//1157 1302//1156
f 1295//1149 1296//1150 1305//1159
f 1297//1151 1298//1152 1307//1161
f 1293//1147 1302//1156 1309//1163
f 1295//1149 1304//1158 1303//1157
f 1296//1150 1297//1151 1306//1160
f 1306//1160 1307//1161 1316//1169
f 1302//1156 1311//1165 1318//1171
f 1304//1158 1313//159 1312//1166
f 1305//1159 1306//1160 1315//1168
f 1303//1157 1312//1166 1311//1165
f 1304//1158 1305//1159 1314//1167
f 1318//1171 1311//1165 1320//1173
f 1312//1166 1313//159 1322//1175
f 1315//1168 1324//1177 1323//1176
f 1311//1165 1312//1166 1321//1174
f 1314//1167 1323//1176 1322//1175
f 1316//1169 1325//1178 1324//1177
f 1320//1173 1321//1174 1330//1183
f 1323//1176 1332//1185 1331//1184
f 1325//1178 1334//1187 1333//1186
f 1327//1180 1320//1173 1329//1182
f 1321//1174 1322//1175 1331//1184
f 1324//1177 1333//1186 1332//1185
f 1329//1182 1330//1183 1339//1191
f 1332//1185 1341//1193 1340//1192
f 1334//1187 1343//1195 1342//1194
f 1336//1188 1329//1182 1338//1190
f 1330//1183 1331//1184 1340//1192
f 1333//1186 1342//1194 1341//1193
f 1345//1197 1338//1190 1347//1199
f 1339//1191 1340//1192 1349//237
f 1342//1194 1351//1202 1350//1201
f 1338//1190 1339//1191 1348//1200
f 1341//1193 1350//1201 1349//237
f 1343//1195 1352//1203 1351//1202
f 1349//237 1358//1209 1357//1208
f 1350//1201 1351//1202 1360//1211
f 1348//1200 1357//1208 1356//1207
f 1349//237 1350//1201 1359//1210
f 1351//1202 1352//1203 1361//1212
f 1347//1199 1356//1207 1363//1214
f 1357//1208 1366//1217 1365//1216
f 1358//1209 1359//1210 1368//1219
f 1360//1211 1361//1212 1370//1221
f 1356//1207 1365//1216 1372//1223
f 1358//1209 1367//1218 1366//1217
f 1359//1210 1360//1211 1369//1220
f 1367//1218 1368//1219 1377//1228
f 1369//1220 1370//1221 1379//1230
f 1365//1216 1374//1225 1381//1232
f 1367//1218 1376//1227 1375//1226
f 1368//1219 1369//1220 1378//1229
f 1366//1217 1375//1226 1374//1225
f 1374//1225 1253//1110 1390//1240
f 1376//1227 1257//7 1256//1113
f 1377//1228 1378//1229 1387//1237
f 1375//1226 1256//1113 1253//1110
f 1376//1227 1377//1228 1259//1115
f 1378//1229 1379//1230 1262//1118
f 1384//1235 1385//7 1355//1206
f 1382//1233 1383//1234 1364//1215
f 1388//1238 1346//1198 1353//1204
f 1386//1236 1353//1204 1355//1206
f 1383//1234 1384//1235 1362//1213
f 1498//1342 1344//1196 1346//1198
f 1353//1204 1319//1172 1317//1170
f 1344//1196 1328//1181 1326//1179
f 1371//1222 1364//1215 1308//1162
f 1362//1213 1355//1206 1317//1170
f 1346//1198 1326//1179 1319//1172
f 1364//1215 1362//1213 1310//1164
f 1319//1172 1272//1128 1274//1130
f 1308//1162 1310//1164 1281//1136
f 1310//1164 1317//1170 1274//1130
f 1326//1179 1265//1121 1272//1128
f 1301//1155 1308//1162 1283//1138
f 1328//1181 1263//1119 1265//1121
f 1283//1138 1281//1136 1394//1243
f 1263//1119 1246//1104 1214//1074
f 1272//1128 1392//1242 1393//82
f 1281//1136 1274//1130 1393//82
f 1290//1145 1283//1138 1395//1244
f 1265//1121 1214//1074 1392//1242
f 1214//1074 1246//1104 1399//1248
f 1393//82 1392//1242 1401//1250
f 1395//1244 1404//1253 1405//1254
f 1393//82 1402//1251 1403//1252
f 1392//1242 1214//1074 1398//1247
f 1394//1243 1403//1252 1404//1253
f 1402//1251 1401//1250 1410//1258
f 1404//1253 1413//1261 1414//1262
f 1402//1251 1411//1259 1412//1260
f 1401//1250 1398//1247 1407//1256
f 1403//1252 1412//1260 1413//1261
f 1398//1247 1399//1248 1408//1257
f 1410//1258 1407//1256 1416//1264
f 1412//1260 1421//1269 1422//1270
f 1407//1256 1408//1257 1417//1265
f 1411//1259 1410//1258 1419//1267
f 1413//1261 1422//1270 1423//1271
f 1411//1259 1420//1268 1421//1269
f 1421//1269 1430//1277 1431//1278
f 1416//1264 1417//1265 1426//1274
f 1420//1268 1419//1267 1428//1276
f 1422//1270 1431//1278 1432//1279
f 1420//1268 1429//159 1430//1277
f 1419//1267 1416//1264 1425//1273
f 1426//1274 1435//1282 1434//1281
f 1428//1276 1437//1284 1438//1285
f 1432//1279 1431//1278 1440//1287
f 1430//1277 1429//159 1438//1285
f 1425//1273 1434//1281 1437//1284
f 1431//1278 1430//1277 1439//1286
f 1441//1288 1440//1287 1449//1296
f 1439//1286 1438//1285 1447//1294
f 1434//1281 1443//1290 1446//1293
f 1440//1287 1439//1286 1448//1295
f 1435//1282 1444//1291 1443//1290
f 1437//1284 1446//1293 1447//1294
f 1443//1290 1452//1299 1455//1301
f 1449//1296 1448//1295 1457//1303
f 1444//1291 1453//1300 1452//1299
f 1446//1293 1455//1301 1456//1302
f 1450//1297 1449//1296 1458//1304
f 1448//1295 1447//1294 1456//1302
f 1458//1304 1457//1303 1466//1311
f 1453//1300 1462//1308 1461//1307
f 1455//1301 1464//1310 1465//237
f 1459//1305 1458//1304 1467//1312
f 1457//1303 1456//1302 1465//237
f 1452//1299 1461//1307 1464//1310
f 1461//1307 1462//1308 1471//1316
f 1465//237 1464//1310 1473//1318
f 1467//1312 1476//1321 1477//1322
f 1465//237 1474//1319 1475//1320
f 1464//1310 1461//1307 1470//1315
f 1466//1311 1475//1320 1476//1321
f 1474//1319 1483//1328 1484//1329
f 1473//1318 1470//1315 1479//1324
f 1475//1320 1484//1329 1485//1330
f 1470//1315 1471//1316 1480//1325
f 1474//1319 1473//1318 1482//1327
f 1476//1321 1485//1330 1486//1331
f 1482//1327 1479//1324 1488//1333
f 1484//1329 1493//1337 1494//1338
f 1479//1324 1480//1325 1489//1334
f 1483//1328 1482//1327 1491//1335
f 1485//1330 1494//1338 1495//1339
f 1483//1328 1492//1336 1493//1337
f 1488//1333 1489//1334 1498//1342
f 1492//1336 1491//1335 1386//1236
f 1494//1338 1383//1234 1382//1233
f 1492//1336 1385//7 1384//1235
f 1491//1335 1488//1333 1388//1238
f 1493//1337 1384//1235 1383//1234
f 1503//1347 1612//1448 1460//1306
f 1501//1345 1502//1346 1469//1314
f 1500//1344 1478//1323 1481//1326
f 1502//1346 1503//1347 1463//1309
f 1501//1345 1472//1317 1478//1323
f 1499//1343 1481//1326 1487//1332
f 1472//1317 1433//1280 1427//1275
f 1469//1314 1463//1309 1442//1289
f 1478//1323 1427//1275 1424//1272
f 1472//1317 1469//1314 1436//1283
f 1463//1309 1460//1306 1445//1292
f 1481//1326 1424//1272 1418//1266
f 1433//1280 1391//1241 1397//1246
f 1442//1289 1445//1292 1373//1224
f 1436//1283 1442//1289 1380//1231
f 1427//1275 1397//1246 1400//1249
f 1433//1280 1436//1283 1389//1239
f 1424//1272 1400//1249 1406//1255
f 1391//1241 1507//1351 1508//1352
f 1380//1231 1373//1224 1299//1153
f 1400//1249 1509//1353 1510//1354
f 1391//1241 1389//1239 1506//1350
f 1397//1246 1508//1352 1509//1353
f 1389//1239 1380//1231 1260//1116
f 1260//1116 1512//1356 1515//1359
f 1509//1353 1508//1352 1517//1361
f 1508//1352 1507//1351 1516//1360
f 1506//1350 1515//1359 1516//1360
f 1510//1354 1509//1353 1518//1362
f 1299//1153 1513//1357 1512//1356
f 1513//1357 1522//1365 1521//1364
f 1515//1359 1524//1366 1525//1367
f 1519//1363 1518//1362 1527//1369
f 1518//1362 1517//1361 1526//1368
f 1512//1356 1521//1364 1524//1366
f 1517//1361 1516//1360 1525//1367
f 1528//1370 1527//1369 1536//1378
f 1521//1364 1530//1372 1533//1375
f 1526//1368 1525//1367 1534//1376
f 1522//1365 1531//1373 1530//1372
f 1524//1366 1533//1375 1534//1376
f 1527//1369 1526//1368 1535//1377
f 1530//1372 1539//1381 1542//1384
f 1535//1377 1534//1376 1543//1189
f 1531//1373 1540//1382 1539//1381
f 1533//1375 1542//1384 1543//1189
f 1536//1378 1535//1377 1544//1385
f 1537//1379 1536//1378 1545//1386
f 1539//1381 1540//1382 1549//1390
f 1543//1189 1542//1384 1551//1391
f 1544//1385 1553//1393 1554//1394
f 1545//1386 1554//1394 1555//1395
f 1542//1384 1539//1381 1548//1389
f 1543//1189 1552//1392 1553//1393
f 1552//1392 1551//1391 1560//1399
f 1553//1393 1562//1401 1563//1402
f 1554//1394 1563//1402 1564//1403
f 1551//1391 1548//1389 1557//1396
f 1552//1392 1561//1400 1562//1401
f 1548//1389 1549//1390 1558//1397
f 1560//1399 1557//1396 1566//1405
f 1561//1400 1570//1409 1571//1410
f 1557//1396 1558//1397 1567//1406
f 1561//1400 1560//1399 1569//1408
f 1562//1401 1571//1410 1572//1411
f 1563//1402 1572//1411 1573//1412
f 1570//1409 1579//1418 1580//1419
f 1566//1405 1567//1406 1576//1415
f 1570//1409 1569//1408 1578//1417
f 1571//1410 1580//1419 1581//1420
f 1572//1411 1581//1420 1582//1421
f 1569//1408 1566//1405 1575//1414
f 1576//1415 1585//1423 1584//1422
f 1578//1417 1587//1424 1588//1425
f 1581//1420 1580//1419 1589//1426
f 1582//1421 1581//1420 1590//1427
f 1575//1414 1584//1422 1587//1424
f 1580//1419 1579//1418 1588//1425
f 1584//1422 1593//1430 1596//1433
f 1589//1426 1588//1425 1597//1434
f 1585//1423 1594//1431 1593//1430
f 1587//1424 1596//1433 1597//1434
f 1590//1427 1589//1426 1598//1435
f 1591//1428 1590//1427 1599//1436
f 1594//1431 1603//1440 1602//1439
f 1596//1433 1605//1442 1606//1443
f 1599//1436 1598//1435 1607//1444
f 1600//1437 1599//1436 1608//1445
f 1593//1430 1602//1439 1605//1442
f 1598//1435 1597//1434 1606//1443
f 1603//1440 1612//1448 1503//1347
f 1605//1442 1502//1346 1501//1345
f 1608//1445 1607//1444 1500//1344
f 1609//1446 1608//1445 1499//1343
f 1602//1439 1503//1347 1502//1346
f 1607//1444 1606//1443 1501//1345
f 1833//1237 1667//1081 1671//1084
f 1702//1113 1703//7 1674//1087
f 1836//1240 1699//1110 1681//1094
f 1708//1118 1664//1078 1667//1081
f 1705//1115 1671//1084 1674//1087
f 1699//1110 1702//1113 1678//1091
f 1678//1091 1674//1087 1643//1059
f 1681//1094 1678//1091 1622//1038
f 1664//1078 1654//1069 1651//1067
f 1671//1084 1647//1063 1643//1059
f 1667//1081 1651//1067 1647//1063
f 1685//1098 1681//1094 1583//999
f 1622//1038 1643//1059 1714//1124
f 1651//1067 1716//1126 1715//1125
f 1647//1063 1715//1125 1714//1124
f 1710//1120 1583//999 1712//1122
f 1654//1069 1717//1127 1716//1126
f 1583//999 1622//1038 1713//1123
f 1716//1126 1725//1134 1724//1133
f 1712//1122 1713//1123 1722//1132
f 1717//1127 1726//1135 1725//1134
f 1715//1125 1724//1133 1723//82
f 1719//1129 1712//1122 1721//1131
f 1713//1123 1714//1124 1723//82
f 1721//1131 1730//1139 1737//1146
f 1723//82 1732//1141 1731//1140
f 1724//1133 1725//1134 1734//1143
f 1722//1132 1731//1140 1730//1139
f 1723//82 1724//1133 1733//1142
f 1725//1134 1726//1135 1735//1144
f 1733//1142 1734//1143 1743//1151
f 1731//1140 1740//1148 1739//1147
f 1732//1141 1733//1142 1742//1150
f 1734//1143 1735//1144 1744//1152
f 1730//1139 1739//1147 1746//1154
f 1732//1141 1741//1149 1740//1148
f 1740//1148 1749//1157 1748//1156
f 1741//1149 1742//1150 1751//1159
f 1743//1151 1744//1152 1753//1161
f 1739//1147 1748//1156 1755//1163
f 1741//1149 1750//1158 1749//1157
f 1742//1150 1743//1151 1752//1160
f 1752//1160 1753//1161 1762//1169
f 1748//1156 1757//1165 1764//1171
f 1750//1158 1759//159 1758//1166
f 1751//1159 1752//1160 1761//1168
f 1749//1157 1758//1166 1757//1165
f 1750//1158 1751//1159 1760//1167
f 1764//1171 1757//1165 1766//1173
f 1758//1166 1759//159 1768//1175
f 1761//1168 1770//1177 1769//1176
f 1757//1165 1758//1166 1767//1174
f 1760//1167 1769//1176 1768//1175
f 1762//1169 1771//1178 1770//1177
f 1766//1173 1767//1174 1776//1183
f 1769//1176 1778//1185 1777//1184
f 1771//1178 1780//1187 1779//1186
f 1773//1180 1766//1173 1775//1182
f 1767//1174 1768//1175 1777//1184
f 1770//1177 1779//1186 1778//1185
f 1775//1182 1776//1183 1785//1191
f 1778//1185 1787//1193 1786//1192
f 1780//1187 1789//1195 1788//1194
f 1782//1188 1775//1182 1784//1190
f 1776//1183 1777//1184 1786//1192
f 1779//1186 1788//1194 1787//1193
f 1791//1197 1784//1190 1793//1199
f 1785//1191 1786//1192 1795//237
f 1788//1194 1797//1202 1796//1201
f 1784//1190 1785//1191 1794//1200
f 1787//1193 1796//1201 1795//237
f 1789//1195 1798//1203 1797//1202
f 1795//237 1804//1209 1803//1208
f 1796//1201 1797//1202 1806//1211
f 1794//1200 1803//1208 1802//1207
f 1795//237 1796//1201 1805//1210
f 1797//1202 1798//1203 1807//1212
f 1793//1199 1802//1207 1809//1214
f 1803//1208 1812//1217 1811//1216
f 1804//1209 1805//1210 1814//1219
f 1806//1211 1807//1212 1816//1221
f 1802//1207 1811//1216 1818//1223
f 1804//1209 1813//1218 1812//1217
f 1805//1210 1806//1211 1815//1220
f 1813//1218 1814//1219 1823//1228
f 1815//1220 1816//1221 1825//1230
f 1811//1216 1820//1225 1827//1232
f 1813//1218 1822//1227 1821//1226
f 1814//1219 1815//1220 1824//1229
f 1812//1217 1821//1226 1820//1225
f 1820//1225 1699//1110 1836//1240
f 1822//1227 1703//7 1702//1113
f 1823//1228 1824//1229 1833//1237
f 1821//1226 1702//1113 1699//1110
f 1822//1227 1823//1228 1705//1115
f 1824//1229 1825//1230 1708//1118
f 1830//1235 1831//7 1801//1206
f 1828//1233 1829//1234 1810//1215
f 1834//1238 1792//1198 1799//1204
f 1832//1236 1799//1204 1801//1206
f 1829//1234 1830//1235 1808//1213
f 1944//1342 1790//1196 1792//1198
f 1799//1204 1765//1172 1763//1170
f 1790//1196 1774//1181 1772//1179
f 1817//1222 1810//1215 1754//1162
f 1808//1213 1801//1206 1763//1170
f 1792//1198 1772//1179 1765//1172
f 1810//1215 1808//1213 1756//1164
f 1765//1172 1718//1128 1720//1130
f 1754//1162 1756//1164 1727//1136
f 1756//1164 1763//1170 1720//1130
f 1772//1179 1711//1121 1718//1128
f 1747//1155 1754//1162 1729//1138
f 1774//1181 1709//1119 1711//1121
f 1729//1138 1727//1136 1840//1243
f 1709//1119 1692//1104 1660//1074
f 1718//1128 1838//1242 1839//82
f 1727//1136 1720//1130 1839//82
f 1736//1145 1729//1138 1841//1244
f 1711//1121 1660//1074 1838//1242
f 1839//82 1838//1242 1847//1250
f 1660//1074 1692//1104 1845//1248
f 1841//1244 1850//1253 1851//1254
f 1838//1242 1660//1074 1844//1247
f 1839//82 1848//1251 1849//1252
f 1840//1243 1849//1252 1850//1253
f 1848//1251 1847//1250 1856//1258
f 1849//1252 1858//1260 1859//1261
f 1850//1253 1859//1261 1860//1262
f 1847//1250 1844//1247 1853//1256
f 1848//1251 1857//1259 1858//1260
f 1844//1247 1845//1248 1854//1257
f 1856//1258 1853//1256 1862//1264
f 1858//1260 1867//1269 1868//1270
f 1853//1256 1854//1257 1863//1265
f 1857//1259 1856//1258 1865//1267
f 1859//1261 1868//1270 1869//1271
f 1857//1259 1866//1268 1867//1269
f 1867//1269 1876//1277 1877//1278
f 1862//1264 1863//1265 1872//1274
f 1866//1268 1865//1267 1874//1276
f 1868//1270 1877//1278 1878//1279
f 1866//1268 1875//159 1876//1277
f 1865//1267 1862//1264 1871//1273
f 1872//1274 1881//1282 1880//1281
f 1874//1276 1883//1284 1884//1285
f 1878//1279 1877//1278 1886//1287
f 1876//1277 1875//159 1884//1285
f 1871//1273 1880//1281 1883//1284
f 1877//1278 1876//1277 1885//1286
f 1887//1288 1886//1287 1895//1296
f 1885//1286 1884//1285 1893//1294
f 1880//1281 1889//1290 1892//1293
f 1886//1287 1885//1286 1894//1295
f 1881//1282 1890//1291 1889//1290
f 1883//1284 1892//1293 1893//1294
f 1889//1290 1898//1299 1901//1301
f 1895//1296 1894//1295 1903//1303
f 1890//1291 1899//1300 1898//1299
f 1892//1293 1901//1301 1902//1302
f 1896//1297 1895//1296 1904//1304
f 1894//1295 1893//1294 1902//1302
f 1904//1304 1903//1303 1912//1311
f 1899//1300 1908//1308 1907//1307
f 1901//1301 1910//1310 1911//237
f 1905//1305 1904//1304 1913//1312
f 1903//1303 1902//1302 1911//237
f 1898//1299 1907//1307 1910//1310
f 1907//1307 1908//1308 1917//1316
f 1911//237 1910//1310 1919//1318
f 1913//1312 1922//1321 1923//1322
f 1911//237 1920//1319 1921//1320
f 1910//1310 1907//1307 1916//1315
f 1912//1311 1921//1320 1922//1321
f 1920//1319 1929//1328 1930//1329
f 1919//1318 1916//1315 1925//1324
f 1921//1320 1930//1329 1931//1330
f 1916//1315 1917//1316 1926//1325
f 1920//1319 1919//1318 1928//1327
f 1922//1321 1931//1330 1932//1331
f 1928//1327 1925//1324 1934//1333
f 1930//1329 1939//1337 1940//1338
f 1925//1324 1926//1325 1935//1334
f 1929//1328 1928//1327 1937//1335
f 1931//1330 1940//1338 1941//1339
f 1929//1328 1938//1336 1939//1337
f 1934//1333 1935//1334 1944//1342
f 1938//1336 1937//1335 1832//1236
f 1940//1338 1829//1234 1828//1233
f 1938//1336 1831//7 1830//1235
f 1937//1335 1934//1333 1834//1238
f 1939//1337 1830//1235 1829//1234
usemtl Hedgehog_belly
f 79//13 418//407 312//308
f 413//402 286//282 321//315
f 416//405 287//283 299//295
f 324//318 26//1 273//269
f 324//318 274//270 413//402
f 321//315 287//283 320//7
f 417//406 299//295 300//296
f 418//407 300//296 312//308
f 312//308 221//217 209//205
f 299//295 234//230 222//218
f 274//270 235//231 286//282
f 273//269 26//1 248//244
f 79//13 312//308 209//205
f 300//296 222//218 221//217
f 286//282 234//230 287//283
f 273//269 247//243 274//270
f 222//218 170//166 182//178
f 221//217 182//178 183//179
f 79//13 209//205 195//191
f 209//205 183//179 195//191
f 248//244 26//1 156//152
f 248//244 157//153 247//243
f 247//243 169//165 235//231
f 235//231 170//166 234//230
f 182//178 117//82 105//102
f 156//152 130//126 157//153
f 157//153 118//114 169//165
f 79//13 195//191 92//89
f 195//191 104//101 92//89
f 183//179 105//102 104//101
f 169//165 117//82 170//166
f 156//152 26//1 131//127
f 131//127 26//1 39//37
f 130//126 39//37 40//38
f 118//114 40//38 52//50
f 79//13 92//89 78//76
f 104//101 78//76 92//89
f 105//102 66//64 104//101
f 117//82 65//63 105//102
f 117//82 52//50 53//51
f 66//64 328//322 78//76
f 53//51 326//320 65//63
f 53//51 4//4 3//3
f 65//63 327//321 66//64
f 79//13 78//76 328//322
f 52//50 11//11 4//4
f 39//37 26//1 14//14
f 40//38 14//14 11//11
f 326//320 336//330 327//321
f 79//13 328//322 337//331
f 327//321 337//331 328//322
f 14//14 26//1 333//327
f 11//11 333//327 332//326
f 4//4 332//326 331//325
f 3//3 331//325 330//324
f 3//3 335//329 326//320
f 336//330 346//339 337//331
f 331//325 341//334 340//333
f 330//324 340//333 339//159
f 332//326 342//335 341//334
f 335//329 345//338 336//330
f 330//324 344//337 335//329
f 79//13 337//331 346//339
f 333//327 26//1 342//335
f 346//339 354//347 355//348
f 344//337 348//341 353//346
f 341//334 349//342 340//333
f 342//335 26//1 351//344
f 79//13 346//339 355//348
f 345//338 353//346 354//347
f 340//333 348//341 339//159
f 342//335 350//343 341//334
f 353//346 357//350 362//355
f 350//343 358//351 349//342
f 351//344 26//1 360//353
f 79//13 355//348 364//357
f 354//347 362//355 363//356
f 349//342 357//350 348//341
f 351//344 359//352 350//343
f 355//348 363//356 364//357
f 79//13 364//357 373//366
f 363//356 371//364 372//365
f 358//351 366//359 357//350
f 360//353 368//361 359//352
f 364//357 372//365 373//366
f 362//355 366//359 371//364
f 359//352 367//360 358//351
f 360//353 26//1 369//362
f 367//360 375//237 366//359
f 369//362 377//369 368//361
f 373//366 381//373 382//374
f 371//364 375//237 380//372
f 368//361 376//368 367//360
f 369//362 26//1 378//370
f 79//13 373//366 382//374
f 372//365 380//372 381//373
f 381//373 391//383 382//374
f 375//237 389//381 380//372
f 376//368 386//378 385//377
f 378//370 26//1 387//379
f 79//13 382//374 391//383
f 380//372 390//382 381//373
f 375//237 385//377 384//376
f 377//369 387//379 386//378
f 385//377 395//386 394//385
f 387//379 26//1 396//387
f 79//13 391//383 400//390
f 389//381 399//389 390//382
f 384//376 394//385 393//384
f 386//378 396//387 395//386
f 390//382 400//390 391//383
f 384//376 398//388 389//381
f 79//13 400//390 409//398
f 398//388 408//397 399//389
f 393//384 403//393 402//392
f 395//386 405//395 404//394
f 399//389 409//398 400//390
f 393//384 407//396 398//388
f 394//385 404//394 403//393
f 396//387 26//1 405//395
f 404//394 324//318 413//402
f 408//397 418//407 409//398
f 402//392 416//405 407//396
f 403//393 413//402 321//315
f 405//395 26//1 324//318
f 79//13 409//398 418//407
f 407//396 417//406 408//397
f 402//392 321//315 320//7
f 413//402 274//270 286//282
f 416//405 320//7 287//283
f 324//318 273//269 274//270
f 321//315 286//282 287//283
f 417//406 416//405 299//295
f 418//407 417//406 300//296
f 312//308 300//296 221//217
f 299//295 287//283 234//230
f 274//270 247//243 235//231
f 300//296 299//295 222//218
f 286//282 235//231 234//230
f 273//269 248//244 247//243
f 222//218 234//230 170//166
f 221//217 222//218 182//178
f 209//205 221//217 183//179
f 248//244 156//152 157//153
f 247//243 157//153 169//165
f 235//231 169//165 170//166
f 182//178 170//166 117//82
f 156//152 131//127 130//126
f 157//153 130//126 118//114
f 195//191 183//179 104//101
f 183//179 182//178 105//102
f 169//165 118//114 117//82
f 130//126 131//127 39//37
f 118//114 130//126 40//38
f 104//101 66//64 78//76
f 105//102 65//63 66//64
f 117//82 53//51 65//63
f 117//82 118//114 52//50
f 66//64 327//321 328//322
f 53//51 3//3 326//320
f 53//51 52//50 4//4
f 65//63 326//320 327//321
f 52//50 40//38 11//11
f 40//38 39//37 14//14
f 326//320 335//329 336//330
f 327//321 336//330 337//331
f 11//11 14//14 333//327
f 4//4 11//11 332//326
f 3//3 4//4 331//325
f 3//3 330//324 335//329
f 336//330 345//338 346//339
f 331//325 332//326 341//334
f 330//324 331//325 340//333
f 332//326 333//327 342//335
f 335//329 344//337 345//338
f 330//324 339//159 344//337
f 346//339 345//338 354//347
f 344//337 339//159 348//341
f 341//334 350//343 349//342
f 345//338 344//337 353//346
f 340//333 349//342 348//341
f 342//335 351//344 350//343
f 353//346 348//341 357//350
f 350//343 359//352 358//351
f 354//347 353//346 362//355
f 349//342 358//351 357//350
f 351//344 360//353 359//352
f 355//348 354//347 363//356
f 363//356 362//355 371//364
f 358//351 367//360 366//359
f 360//353 369//362 368//361
f 364//357 363//356 372//365
f 362//355 357//350 366//359
f 359//352 368//361 367//360
f 367//360 376//368 375//237
f 369//362 378//370 377//369
f 373//366 372//365 381//373
f 371//364 366//359 375//237
f 368//361 377//369 376//368
f 372//365 371//364 380//372
f 381//373 390//382 391//383
f 375//237 384//376 389//381
f 376//368 377//369 386//378
f 380//372 389//381 390//382
f 375//237 376//368 385//377
f 377//369 378//370 387//379
f 385//377 386//378 395//386
f 389//381 398//388 399//389
f 384//376 385//377 394//385
f 386//378 387//379 396//387
f 390//382 399//389 400//390
f 384//376 393//384 398//388
f 398//388 407//396 408//397
f 393//384 394//385 403//393
f 395//386 396//387 405//395
f 399//389 408//397 409//398
f 393//384 402//392 407//396
f 394//385 395//386 404//394
f 404//394 405//395 324//318
f 408//397 417//406 418//407
f 402//392 320//7 416//405
f 403//393 404//394 413//402
f 407//396 416//405 417//406
f 402//392 403//393 321//315
usemtl Hedgehog_pink
f 1206//1068 1162//1026 1166//1030
f 1171//1034 1072//1 1144//1008
f 1168//909 1146//1010 1153//1017
f 1168//909 1155//1019 1206//1068
f 1042//13 1166//1030 1162//1026
f 1209//1070 1144//1008 1146//1010
f 1042//13 1162//1026 1110//974
f 1155//1019 1110//974 1162//1026
f 1153//1017 1126//990 1119//983
f 1144//1008 1072//1 1128//992
f 1153//1017 1117//981 1155//1019
f 1146//1010 1128//992 1126//990
f 1126//990 1081//947 1083//949
f 1117//981 1099//964 1110//974
f 1119//983 1092//958 1117//981
f 1126//990 1090//956 1119//983
f 1128//992 1072//1 1081//947
f 1042//13 1110//974 1099//964
f 1042//13 1099//964 1047//914
f 1081//947 1063//930 1083//949
f 1092//958 1056//923 1054//921
f 1099//964 1054//921 1047//914
f 1081//947 1072//1 1065//932
f 1083//949 1056//923 1090//956
f 1065//932 1174//1036 1063//930
f 1054//921 996//895 1028//903
f 1065//932 1072//1 1175//1037
f 1042//13 1047//914 1031//905
f 1047//914 1028//903 1031//905
f 1063//930 996//895 1056//923
f 1042//13 1031//905 1179//1041
f 1028//903 1179//1041 1031//905
f 1174//1036 1182//1044 1181//1043
f 996//895 1178//1040 1028//903
f 996//895 1181//1043 1177//1039
f 1175//1037 1072//1 1182//1044
f 1181//1043 1189//1051 1188//1050
f 1178//1040 1186//1048 1179//1041
f 1177//1039 1185//1047 1178//1040
f 1182//1044 1072//1 1189//1051
f 1042//13 1179//1041 1186//1048
f 1177//1039 1188//1050 1184//1046
f 1189//1051 1072//1 1196//1058
f 1188//1050 1191//1053 1184//1046
f 1185//1047 1193//1055 1186//1048
f 1189//1051 1195//1057 1188//1050
f 1184//1046 1192//1054 1185//1047
f 1042//13 1186//1048 1193//1055
f 1195//1057 1198//1060 1191//1053
f 1193//1055 1199//1061 1200//1062
f 1196//1058 1202//1064 1195//1057
f 1192//1054 1198//1060 1199//1061
f 1042//13 1193//1055 1200//1062
f 1196//1058 1072//1 1203//1065
f 1200//1062 1206//1068 1166//1030
f 1203//1065 1209//1070 1202//1064
f 1199//1061 1168//909 1206//1068
f 1042//13 1200//1062 1166//1030
f 1203//1065 1072//1 1171//1034
f 1202//1064 1168//909 1198//1060
f 1207//7 1183//1045 1187//1049
f 1258//1114 1194//1056 1204//1066
f 1261//1117 1180//1042 1183//1045
f 1207//7 1190//1052 1258//1114
f 1108//13 1204//1066 1194//1056
f 1210//1071 1173//1 1180//1042
f 1180//1042 1173//1 1170//1033
f 1108//13 1194//1056 1137//1001
f 1187//1049 1164//1028 1190//1052
f 1183//1045 1170//1033 1167//1031
f 1190//1052 1137//1001 1194//1056
f 1187//1049 1167//1031 1165//1029
f 1167//1031 1045//912 1165//1029
f 1170//1033 1173//1 1213//1073
f 1108//13 1137//1001 1101//966
f 1164//1028 1101//966 1137//1001
f 1170//1033 1212//1072 1167//1031
f 1165//1029 1074//940 1164//1028
f 1212//1072 1215//1075 1045//912
f 1108//13 1101//966 1217//1077
f 1074//940 1215//1075 1216//1076
f 1101//966 1216//1076 1217//1077
f 1213//1073 1173//1 1220//1080
f 1213//1073 1219//1079 1212//1072
f 1217//1077 1223//1082 1224//1083
f 1220//1080 1226//1085 1219//1079
f 1220//1080 1173//1 1227//1086
f 1108//13 1217//1077 1224//1083
f 1216//1076 1222//159 1223//1082
f 1219//1079 1222//159 1215//1075
f 1227//1086 1173//1 1234//1093
f 1222//159 1233//1092 1229//1088
f 1223//1082 1231//1090 1224//1083
f 1226//1085 1234//1093 1233//1092
f 1222//159 1230//1089 1223//1082
f 1108//13 1224//1083 1231//1090
f 1234//1093 1173//1 1241//1100
f 1229//1088 1240//1099 1236//1095
f 1230//1089 1238//1097 1231//1090
f 1233//1092 1241//1100 1240//1099
f 1229//1088 1237//1096 1230//1089
f 1108//13 1231//1090 1238//1097
f 1241//1100 1173//1 1248//1106
f 1240//1099 1243//1101 1236//1095
f 1237//1096 1245//1103 1238//1097
f 1241//1100 1247//1105 1240//1099
f 1236//1095 1244//1102 1237//1096
f 1108//13 1238//1097 1245//1103
f 1247//1105 1250//1107 1243//1101
f 1245//1103 1251//1108 1252//1109
f 1248//1106 1254//1111 1247//1105
f 1244//1102 1250//1107 1251//1108
f 1108//13 1245//1103 1252//1109
f 1248//1106 1173//1 1255//1112
f 1252//1109 1258//1114 1204//1066
f 1255//1112 1261//1117 1254//1111
f 1251//1108 1207//7 1258//1114
f 1108//13 1252//1109 1204//1066
f 1255//1112 1173//1 1210//1071
f 1254//1111 1207//7 1250//1107
f 1454//13 1614//1449 1610//1447
f 1618//1450 1520//1 1592//1429
f 1616//1345 1595//1432 1601//1438
f 1652//1473 1610//1447 1614//1449
f 1655//1474 1592//1429 1595//1432
f 1616//1345 1604//1441 1652//1473
f 1601//1438 1565//1404 1604//1441
f 1595//1432 1577//1416 1574//1413
f 1454//13 1610//1447 1559//1398
f 1604//1441 1559//1398 1610//1447
f 1601//1438 1574//1413 1568//1407
f 1592//1429 1520//1 1577//1416
f 1565//1404 1547//1388 1559//1398
f 1454//13 1559//1398 1547//1388
f 1568//1407 1532//1374 1538//1380
f 1577//1416 1520//1 1529//1371
f 1568//1407 1541//1383 1565//1404
f 1577//1416 1532//1374 1574//1413
f 1454//13 1547//1388 1496//1340
f 1532//1374 1505//1349 1538//1380
f 1529//1371 1511//1355 1532//1374
f 1529//1371 1520//1 1514//1358
f 1547//1388 1504//1348 1496//1340
f 1541//1383 1505//1349 1504//1348
f 1504//1348 1337//1189 1415//1263
f 1514//1358 1620//1451 1511//1355
f 1496//1340 1415//1263 1451//1298
f 1514//1358 1520//1 1621//1452
f 1454//13 1496//1340 1451//1298
f 1511//1355 1337//1189 1505//1349
f 1337//1189 1624//1454 1415//1263
f 1621//1452 1520//1 1628//1457
f 1620//1451 1628//1457 1627//1456
f 1454//13 1451//1298 1625//1455
f 1415//1263 1625//1455 1451//1298
f 1337//1189 1627//1456 1623//1453
f 1454//13 1625//1455 1632//1460
f 1623//1453 1634//1461 1630//1458
f 1623//1453 1631//1459 1624//1454
f 1628//1457 1520//1 1635//1462
f 1624//1454 1632//1460 1625//1455
f 1627//1456 1635//1462 1634//1461
f 1635//1462 1520//1 1642//1467
f 1634//1461 1637//1463 1630//1458
f 1631//1459 1639//1465 1632//1460
f 1634//1461 1642//1467 1641//1466
f 1630//1458 1638//1464 1631//1459
f 1454//13 1632//1460 1639//1465
f 1641//1466 1644//1468 1637//1463
f 1639//1465 1645//1469 1646//1470
f 1642//1467 1648//1471 1641//1466
f 1638//1464 1644//1468 1645//1469
f 1454//13 1639//1465 1646//1470
f 1642//1467 1520//1 1649//1472
f 1646//1470 1652//1473 1614//1449
f 1649//1472 1655//1474 1648//1471
f 1645//1469 1616//1345 1652//1473
f 1454//13 1646//1470 1614//1449
f 1649//1472 1520//1 1618//1450
f 1648//1471 1616//1345 1644//1468
f 1653//7 1629//1045 1633//1049
f 1704//1114 1640//1056 1650//1066
f 1707//1117 1626//1042 1629//1045
f 1653//7 1636//1052 1704//1114
f 1556//13 1650//1066 1640//1056
f 1656//1071 1619//1 1626//1042
f 1626//1042 1619//1 1617//1033
f 1556//13 1640//1056 1586//1001
f 1633//1049 1611//1028 1636//1052
f 1629//1045 1617//1033 1615//1031
f 1636//1052 1586//1001 1640//1056
f 1633//1049 1615//1031 1613//1029
f 1615//1031 1490//912 1613//1029
f 1617//1033 1619//1 1659//1073
f 1617//1033 1658//1072 1615//1031
f 1613//1029 1523//940 1611//1028
f 1611//1028 1550//966 1586//1001
f 1556//13 1586//1001 1550//966
f 1523//940 1661//1075 1662//1076
f 1550//966 1662//1076 1663//1077
f 1659//1073 1665//1079 1658//1072
f 1659//1073 1619//1 1666//1080
f 1556//13 1550//966 1663//1077
f 1658//1072 1661//1075 1490//912
f 1663//1077 1669//1082 1670//1083
f 1666//1080 1672//1085 1665//1079
f 1556//13 1663//1077 1670//1083
f 1662//1076 1668//159 1669//1082
f 1665//1079 1668//159 1661//1075
f 1666//1080 1619//1 1673//1086
f 1673//1086 1619//1 1680//1093
f 1668//159 1679//1092 1675//1088
f 1669//1082 1677//1090 1670//1083
f 1672//1085 1680//1093 1679//1092
f 1668//159 1676//1089 1669//1082
f 1556//13 1670//1083 1677//1090
f 1680//1093 1619//1 1687//1100
f 1675//1088 1686//1099 1682//1095
f 1676//1089 1684//1097 1677//1090
f 1679//1092 1687//1100 1686//1099
f 1675//1088 1683//1096 1676//1089
f 1556//13 1677//1090 1684//1097
f 1687//1100 1619//1 1694//1106
f 1686//1099 1689//1101 1682//1095
f 1683//1096 1691//1103 1684//1097
f 1687//1100 1693//1105 1686//1099
f 1682//1095 1690//1102 1683//1096
f 1556//13 1684//1097 1691//1103
f 1693//1105 1696//1107 1689//1101
f 1691//1103 1697//1108 1698//1109
f 1694//1106 1700//1111 1693//1105
f 1690//1102 1696//1107 1697//1108
f 1556//13 1691//1103 1698//1109
f 1694//1106 1619//1 1701//1112
f 1698//1109 1704//1114 1650//1066
f 1701//1112 1707//1117 1700//1111
f 1697//1108 1653//7 1704//1114
f 1556//13 1698//1109 1650//1066
f 1701//1112 1619//1 1656//1071
f 1700//1111 1653//7 1696//1107
f 1206//1068 1155//1019 1162//1026
f 1168//909 1209//1070 1146//1010
f 1168//909 1153//1017 1155//1019
f 1209//1070 1171//1034 1144//1008
f 1155//1019 1117//981 1110//974
f 1153//1017 1146//1010 1126//990
f 1153//1017 1119//983 1117//981
f 1146//1010 1144//1008 1128//992
f 1126//990 1128//992 1081//947
f 1117//981 1092//958 1099//964
f 1119//983 1090//956 1092//958
f 1126//990 1083//949 1090//956
f 1081//947 1065//932 1063//930
f 1092//958 1090//956 1056//923
f 1099//964 1092//958 1054//921
f 1083//949 1063//930 1056//923
f 1065//932 1175//1037 1174//1036
f 1054//921 1056//923 996//895
f 1047//914 1054//921 1028//903
f 1063//930 1174//1036 996//895
f 1028//903 1178//1040 1179//1041
f 1174//1036 1175//1037 1182//1044
f 996//895 1177//1039 1178//1040
f 996//895 1174//1036 1181//1043
f 1181//1043 1182//1044 1189//1051
f 1178//1040 1185//1047 1186//1048
f 1177//1039 1184//1046 1185//1047
f 1177//1039 1181//1043 1188//1050
f 1188//1050 1195//1057 1191//1053
f 1185//1047 1192//1054 1193//1055
f 1189//1051 1196//1058 1195//1057
f 1184//1046 1191//1053 1192//1054
f 1195//1057 1202//1064 1198//1060
f 1193//1055 1192//1054 1199//1061
f 1196//1058 1203//1065 1202//1064
f 1192//1054 1191//1053 1198//1060
f 1200//1062 1199//1061 1206//1068
f 1203//1065 1171//1034 1209//1070
f 1199//1061 1198//1060 1168//909
f 1202//1064 1209//1070 1168//909
f 1207//7 1261//1117 1183//1045
f 1258//1114 1190//1052 1194//1056
f 1261//1117 1210//1071 1180//1042
f 1207//7 1187//1049 1190//1052
f 1187//1049 1165//1029 1164//1028
f 1183//1045 1180//1042 1170//1033
f 1190//1052 1164//1028 1137//1001
f 1187//1049 1183//1045 1167//1031
f 1167//1031 1212//1072 1045//912
f 1164//1028 1074//940 1101//966
f 1170//1033 1213//1073 1212//1072
f 1165//1029 1045//912 1074//940
f 1212//1072 1219//1079 1215//1075
f 1074//940 1045//912 1215//1075
f 1101//966 1074//940 1216//1076
f 1213//1073 1220//1080 1219//1079
f 1217//1077 1216//1076 1223//1082
f 1220//1080 1227//1086 1226//1085
f 1216//1076 1215//1075 1222//159
f 1219//1079 1226//1085 1222//159
f 1222//159 1226//1085 1233//1092
f 1223//1082 1230//1089 1231//1090
f 1226//1085 1227//1086 1234//1093
f 1222//159 1229//1088 1230//1089
f 1229//1088 1233//1092 1240//1099
f 1230//1089 1237//1096 1238//1097
f 1233//1092 1234//1093 1241//1100
f 1229//1088 1236//1095 1237//1096
f 1240//1099 1247//1105 1243//1101
f 1237//1096 1244//1102 1245//1103
f 1241//1100 1248//1106 1247//1105
f 1236//1095 1243//1101 1244//1102
f 1247//1105 1254//1111 1250//1107
f 1245//1103 1244//1102 1251//1108
f 1248//1106 1255//1112 1254//1111
f 1244//1102 1243//1101 1250//1107
f 1252//1109 1251//1108 1258//1114
f 1255//1112 1210//1071 1261//1117
f 1251//1108 1250//1107 1207//7
f 1254//1111 1261//1117 1207//7
f 1616//1345 1655//1474 1595//1432
f 1652//1473 1604//1441 1610//1447
f 1655//1474 1618//1450 1592//1429
f 1616//1345 1601//1438 1604//1441
f 1601//1438 1568//1407 1565//1404
f 1595//1432 1592//1429 1577//1416
f 1604//1441 1565//1404 1559//1398
f 1601//1438 1595//1432 1574//1413
f 1565//1404 1541//1383 1547//1388
f 1568//1407 1574//1413 1532//1374
f 1568//1407 1538//1380 1541//1383
f 1577//1416 1529//1371 1532//1374
f 1532//1374 1511//1355 1505//1349
f 1529//1371 1514//1358 1511//1355
f 1547//1388 1541//1383 1504//1348
f 1541//1383 1538//1380 1505//1349
f 1504//1348 1505//1349 1337//1189
f 1514//1358 1621//1452 1620//1451
f 1496//1340 1504//1348 1415//1263
f 1511//1355 1620//1451 1337//1189
f 1337//1189 1623//1453 1624//1454
f 1620//1451 1621//1452 1628//1457
f 1415//1263 1624//1454 1625//1455
f 1337//1189 1620//1451 1627//1456
f 1623//1453 1627//1456 1634//1461
f 1623//1453 1630//1458 1631//1459
f 1624//1454 1631//1459 1632//1460
f 1627//1456 1628//1457 1635//1462
f 1634//1461 1641//1466 1637//1463
f 1631//1459 1638//1464 1639//1465
f 1634//1461 1635//1462 1642//1467
f 1630//1458 1637//1463 1638//1464
f 1641//1466 1648//1471 1644//1468
f 1639//1465 1638//1464 1645//1469
f 1642//1467 1649//1472 1648//1471
f 1638//1464 1637//1463 1644//1468
f 1646//1470 1645//1469 1652//1473
f 1649//1472 1618//1450 1655//1474
f 1645//1469 1644//1468 1616//1345
f 1648//1471 1655//1474 1616//1345
f 1653//7 1707//1117 1629//1045
f 1704//1114 1636//1052 1640//1056
f 1707//1117 1656//1071 1626//1042
f 1653//7 1633//1049 1636//1052
f 1633//1049 1613//1029 1611//1028
f 1629//1045 1626//1042 1617//1033
f 1636//1052 1611//1028 1586//1001
f 1633//1049 1629//1045 1615//1031
f 1615//1031 1658//1072 1490//912
f 1617//1033 1659//1073 1658//1072
f 1613//1029 1490//912 1523//940
f 1611//1028 1523//940 1550//966
f 1523//940 1490//912 1661//1075
f 1550//966 1523//940 1662//1076
f 1659//1073 1666//1080 1665//1079
f 1658//1072 1665//1079 1661//1075
f 1663//1077 1662//1076 1669//1082
f 1666//1080 1673//1086 1672//1085
f 1662//1076 1661//1075 1668//159
f 1665//1079 1672//1085 1668//159
f 1668//159 1672//1085 1679//1092
f 1669//1082 1676//1089 1677//1090
f 1672//1085 1673//1086 1680//1093
f 1668//159 1675//1088 1676//1089
f 1675//1088 1679//1092 1686//1099
f 1676//1089 1683//1096 1684//1097
f 1679//1092 1680//1093 1687//1100
f 1675//1088 1682//1095 1683//1096
f 1686//1099 1693//1105 1689//1101
f 1683//1096 1690//1102 1691//1103
f 1687//1100 1694//1106 1693//1105
f 1682//1095 1689//1101 1690//1102
f 1693//1105 1700//1111 1696//1107
f 1691//1103 1690//1102 1697//1108
f 1694//1106 1701//1112 1700//1111
f 1690//1102 1689//1101 1696//1107
f 1698//1109 1697//1108 1704//1114
f 1701//1112 1656//1071 1707//1117
f 1697//1108 1696//1107 1653//7
f 1700//1111 1707//1117 1653//7
usemtl Hedgehog_white
f 939//887 858//828 861//831
f 885//7 868//838 936//886
f 936//886 872//842 882//850
f 827//13 882//850 872//842
f 888//853 851//1 858//828
f 885//7 861//831 865//835
f 827//13 872//842 834//807
f 865//835 837//810 868//838
f 861//831 847//820 844//817
f 868//838 834//807 872//842
f 865//835 844//817 840//813
f 858//828 851//1 847//820
f 847//820 851//1 891//855
f 837//810 823//799 834//807
f 840//813 802//778 837//810
f 847//820 890//854 844//817
f 827//13 834//807 823//799
f 844//817 750//729 840//813
f 802//778 893//856 894//857
f 891//855 897//859 890//854
f 827//13 823//799 895//858
f 891//855 851//1 898//860
f 823//799 894//857 895//858
f 890//854 893//856 750//729
f 898//860 904//863 897//859
f 894//857 900//159 901//861
f 895//858 901//861 902//862
f 898//860 851//1 905//864
f 827//13 895//858 902//862
f 897//859 900//159 893//856
f 905//864 851//1 912//869
f 900//159 911//868 907//865
f 901//861 909//867 902//862
f 904//863 912//869 911//868
f 900//159 908//866 901//861
f 827//13 902//862 909//867
f 912//869 851//1 919//874
f 907//865 918//873 914//870
f 908//866 916//872 909//867
f 911//868 919//874 918//873
f 907//865 915//871 908//866
f 827//13 909//867 916//872
f 914//870 925//878 921//875
f 915//871 923//877 916//872
f 919//874 925//878 918//873
f 914//870 922//876 915//871
f 827//13 916//872 923//877
f 919//874 851//1 926//879
f 923//877 929//881 930//882
f 926//879 932//883 925//878
f 922//876 928//880 929//881
f 827//13 923//877 930//882
f 926//879 851//1 933//884
f 925//878 928//880 921//875
f 933//884 939//887 932//883
f 929//881 885//7 936//886
f 827//13 930//882 882//850
f 933//884 851//1 888//853
f 932//883 885//7 928//880
f 930//882 936//886 882//850
f 1043//887 962//828 965//831
f 989//7 972//838 1040//886
f 1040//886 976//842 986//850
f 931//13 986//850 976//842
f 992//853 955//1 962//828
f 989//7 965//831 969//835
f 931//13 976//842 938//807
f 969//835 941//810 972//838
f 965//831 951//820 948//888
f 972//838 938//807 976//842
f 969//835 948//888 944//813
f 962//828 955//1 951//820
f 951//820 955//1 995//855
f 941//810 927//799 938//807
f 944//813 906//778 941//810
f 948//888 995//855 994//894
f 931//13 938//807 927//799
f 944//813 994//894 883//729
f 906//778 997//856 998//857
f 995//855 1001//859 994//894
f 931//13 927//799 999//858
f 995//855 955//1 1002//860
f 927//799 998//857 999//858
f 994//894 997//856 883//729
f 1002//860 1008//863 1001//859
f 999//858 1005//861 1006//862
f 1001//859 1004//159 997//856
f 931//13 999//858 1006//862
f 998//857 1004//159 1005//861
f 1002//860 955//1 1009//864
f 1009//864 955//1 1016//869
f 1004//159 1015//868 1011//865
f 1005//861 1013//867 1006//862
f 1008//863 1016//869 1015//868
f 1004//159 1012//866 1005//861
f 931//13 1006//862 1013//867
f 1016//869 955//1 1023//874
f 1011//865 1022//873 1018//870
f 1012//866 1020//872 1013//867
f 1015//868 1023//874 1022//873
f 1011//865 1019//871 1012//866
f 931//13 1013//867 1020//872
f 1022//873 1025//875 1018//870
f 1019//871 1027//877 1020//872
f 1023//874 1029//904 1022//873
f 1018//870 1026//876 1019//871
f 931//13 1020//872 1027//877
f 1023//874 955//1 1030//879
f 1027//877 1033//881 1034//882
f 1030//879 1036//883 1029//904
f 1026//876 1032//880 1033//881
f 931//13 1027//877 1034//882
f 1030//879 955//1 1037//907
f 1029//904 1032//880 1025//875
f 1037//907 1043//887 1036//883
f 1033//881 989//7 1040//886
f 931//13 1034//882 986//850
f 1037//907 955//1 992//853
f 1036//883 989//7 1032//880
f 1034//882 1040//886 986//850
f 939//887 888//853 858//828
f 885//7 865//835 868//838
f 936//886 868//838 872//842
f 885//7 939//887 861//831
f 865//835 840//813 837//810
f 861//831 858//828 847//820
f 868//838 837//810 834//807
f 865//835 861//831 844//817
f 837//810 802//778 823//799
f 840//813 750//729 802//778
f 847//820 891//855 890//854
f 844//817 890//854 750//729
f 802//778 750//729 893//856
f 891//855 898//860 897//859
f 823//799 802//778 894//857
f 890//854 897//859 893//856
f 898//860 905//864 904//863
f 894//857 893//856 900//159
f 895//858 894//857 901//861
f 897//859 904//863 900//159
f 900//159 904//863 911//868
f 901//861 908//866 909//867
f 904//863 905//864 912//869
f 900//159 907//865 908//866
f 907//865 911//868 918//873
f 908//866 915//871 916//872
f 911//868 912//869 919//874
f 907//865 914//870 915//871
f 914//870 918//873 925//878
f 915//871 922//876 923//877
f 919//874 926//879 925//878
f 914//870 921//875 922//876
f 923//877 922//876 929//881
f 926//879 933//884 932//883
f 922//876 921//875 928//880
f 925//878 932//883 928//880
f 933//884 888//853 939//887
f 929//881 928//880 885//7
f 932//883 939//887 885//7
f 930//882 929//881 936//886
f 1043//887 992//853 962//828
f 989//7 969//835 972//838
f 1040//886 972//838 976//842
f 989//7 1043//887 965//831
f 969//835 944//813 941//810
f 965//831 962//828 951//820
f 972//838 941//810 938//807
f 969//835 965//831 948//888
f 941//810 906//778 927//799
f 944//813 883//729 906//778
f 948//888 951//820 995//855
f 944//813 948//888 994//894
f 906//778 883//729 997//856
f 995//855 1002//860 1001//859
f 927//799 906//778 998//857
f 994//894 1001//859 997//856
f 1002//860 1009//864 1008//863
f 999//858 998//857 1005//861
f 1001//859 1008//863 1004//159
f 998//857 997//856 1004//159
f 1004//159 1008//863 1015//868
f 1005//861 1012//866 1013//867
f 1008//863 1009//864 1016//869
f 1004//159 1011//865 1012//866
f 1011//865 1015//868 1022//873
f 1012//866 1019//871 1020//872
f 1015//868 1016//869 1023//874
f 1011//865 1018//870 1019//871
f 1022//873 1029//904 1025//875
f 1019//871 1026//876 1027//877
f 1023//874 1030//879 1029//904
f 1018//870 1025//875 1026//876
f 1027//877 1026//876 1033//881
f 1030//879 1037//907 1036//883
f 1026//876 1025//875 1032//880
f 1029//904 1036//883 1032//880
f 1037//907 992//853 1043//887
f 1033//881 1032//880 989//7
f 1036//883 1043//887 989//7
f 1034//882 1033//881 1040//886
usemtl Hedgehog_black
f 835//808 759//737 763//741
f 792//7 772//750 832//806
f 832//806 777//755 790//768
f 498//13 790//768 777//755
f 795//772 680//1 759//737
f 792//7 763//741 768//746
f 498//13 777//755 727//706
f 768//746 732//711 772//750
f 763//741 745//724 741//720
f 772//750 727//706 777//755
f 768//746 741//720 736//715
f 759//737 680//1 745//724
f 736//715 709//690 732//711
f 498//13 727//706 714//695
f 741//720 705//686 736//715
f 745//724 680//1 693//675
f 732//711 714//695 727//706
f 745//724 699//680 741//720
f 693//675 667//650 699//680
f 714//695 614//598 562//546
f 693//675 680//1 679//662
f 699//680 615//599 705//686
f 498//13 714//695 562//546
f 709//690 615//599 614//598
f 562//546 445//433 497//483
f 679//662 800//776 667//650
f 667//650 397//159 615//599
f 679//662 680//1 801//777
f 498//13 562//546 497//483
f 614//598 397//159 445//433
f 498//13 497//483 805//781
f 397//159 804//780 445//433
f 801//777 680//1 808//784
f 445//433 805//781 497//483
f 800//776 808//784 807//783
f 397//159 807//783 803//779
f 807//783 815//791 814//790
f 803//779 814//790 810//786
f 498//13 805//781 812//788
f 804//780 812//788 805//781
f 803//779 811//787 804//780
f 808//784 680//1 815//791
f 814//790 817//793 810//786
f 811//787 819//795 812//788
f 815//791 821//797 814//790
f 811//787 817//793 818//794
f 498//13 812//788 819//795
f 815//791 680//1 822//798
f 819//795 825//801 826//802
f 822//798 828//803 821//797
f 818//794 824//800 825//801
f 498//13 819//795 826//802
f 822//798 680//1 829//804
f 821//797 824//800 817//793
f 829//804 835//808 828//803
f 825//801 792//7 832//806
f 498//13 826//802 790//768
f 829//804 680//1 795//772
f 828//803 792//7 824//800
f 826//802 832//806 790//768
f 887//852 806//782 809//785
f 833//7 816//792 884//851
f 884//851 820//796 830//805
f 723//13 830//805 820//796
f 836//809 799//1 806//782
f 833//7 809//785 813//789
f 723//13 820//796 754//733
f 813//789 781//759 816//792
f 809//785 794//771 791//769
f 816//792 754//733 820//796
f 813//789 791//769 786//764
f 806//782 799//1 794//771
f 794//771 799//1 839//812
f 723//13 754//733 718//699
f 781//759 550//534 692//674
f 794//771 838//811 791//769
f 781//759 718//699 754//733
f 791//769 550//534 786//764
f 692//674 841//814 842//815
f 723//13 718//699 843//816
f 839//812 799//1 846//819
f 839//812 845//818 838//811
f 718//699 842//815 843//816
f 838//811 841//814 550//534
f 842//815 848//159 849//821
f 845//818 848//159 841//814
f 846//819 799//1 853//824
f 723//13 843//816 850//822
f 843//816 849//821 850//822
f 846//819 852//823 845//818
f 853//824 799//1 860//830
f 848//159 859//829 855//825
f 849//821 857//827 850//822
f 852//823 860//830 859//829
f 848//159 856//826 849//821
f 723//13 850//822 857//827
f 860//830 799//1 867//837
f 855//825 866//836 862//832
f 856//826 864//834 857//827
f 859//829 867//837 866//836
f 855//825 863//833 856//826
f 723//13 857//827 864//834
f 866//836 869//839 862//832
f 863//833 871//841 864//834
f 867//837 873//843 866//836
f 863//833 869//839 870//840
f 723//13 864//834 871//841
f 867//837 799//1 874//844
f 871//841 877//846 878//847
f 874//844 880//848 873//843
f 870//840 876//845 877//846
f 723//13 871//841 878//847
f 874//844 799//1 881//849
f 873//843 876//845 869//839
f 881//849 887//852 880//848
f 877//846 833//7 884//851
f 723//13 878//847 830//805
f 881//849 799//1 836//809
f 880//848 833//7 876//845
f 878//847 884//851 830//805
f 991//852 910//782 913//785
f 937//7 920//792 988//851
f 988//851 924//796 934//805
f 879//13 934//805 924//796
f 940//809 903//1 910//782
f 937//7 913//785 917//789
f 879//13 924//796 886//733
f 917//789 889//759 920//792
f 913//785 899//771 896//769
f 920//792 886//733 924//796
f 917//789 896//769 892//764
f 910//782 903//1 899//771
f 899//771 903//1 943//812
f 889//759 875//699 886//733
f 889//759 831//534 854//674
f 899//771 942//811 896//769
f 879//13 886//733 875//699
f 896//769 831//534 892//764
f 854//674 945//814 946//815
f 879//13 875//699 947//816
f 943//812 949//818 942//811
f 943//812 903//1 950//819
f 875//699 946//815 947//816
f 942//811 945//814 831//534
f 950//819 956//823 949//818
f 947//816 953//821 954//822
f 879//13 947//816 954//822
f 946//815 952//159 953//821
f 950//819 903//1 957//824
f 949//818 952//159 945//814
f 957//824 903//1 964//830
f 952//159 963//829 959//825
f 953//821 961//827 954//822
f 956//823 964//830 963//829
f 952//159 960//826 953//821
f 879//13 954//822 961//827
f 964//830 903//1 971//837
f 959//825 970//836 966//832
f 960//826 968//834 961//827
f 963//829 971//837 970//836
f 959//825 967//833 960//826
f 879//13 961//827 968//834
f 970//836 973//839 966//832
f 967//833 975//841 968//834
f 971//837 977//843 970//836
f 966//832 974//840 967//833
f 879//13 968//834 975//841
f 971//837 903//1 978//844
f 975//841 981//846 982//847
f 978//844 984//848 977//843
f 974//840 980//845 981//846
f 879//13 975//841 982//847
f 978//844 903//1 985//849
f 977//843 980//845 973//839
f 985//849 991//852 984//848
f 981//846 937//7 988//851
f 879//13 982//847 934//805
f 985//849 903//1 940//809
f 984//848 937//7 980//845
f 982//847 988//851 934//805
f 835//808 795//772 759//737
f 792//7 768//746 772//750
f 832//806 772//750 777//755
f 792//7 835//808 763//741
f 768//746 736//715 732//711
f 763//741 759//737 745//724
f 772//750 732//711 727//706
f 768//746 763//741 741//720
f 736//715 705//686 709//690
f 741//720 699//680 705//686
f 732//711 709//690 714//695
f 745//724 693//675 699//680
f 693//675 679//662 667//650
f 714//695 709//690 614//598
f 699//680 667//650 615//599
f 709//690 705//686 615//599
f 562//546 614//598 445//433
f 679//662 801//777 800//776
f 667//650 800//776 397//159
f 614//598 615//599 397//159
f 397//159 803//779 804//780
f 445//433 804//780 805//781
f 800//776 801//777 808//784
f 397//159 800//776 807//783
f 807//783 808//784 815//791
f 803//779 807//783 814//790
f 804//780 811//787 812//788
f 803//779 810//786 811//787
f 814//790 821//797 817//793
f 811//787 818//794 819//795
f 815//791 822//798 821//797
f 811//787 810//786 817//793
f 819//795 818//794 825//801
f 822//798 829//804 828//803
f 818//794 817//793 824//800
f 821//797 828//803 824//800
f 829//804 795//772 835//808
f 825//801 824//800 792//7
f 828//803 835//808 792//7
f 826//802 825//801 832//806
f 887//852 836//809 806//782
f 833//7 813//789 816//792
f 884//851 816//792 820//796
f 833//7 887//852 809//785
f 813//789 786//764 781//759
f 809//785 806//782 794//771
f 816//792 781//759 754//733
f 813//789 809//785 791//769
f 781//759 786//764 550//534
f 794//771 839//812 838//811
f 781//759 692//674 718//699
f 791//769 838//811 550//534
f 692//674 550//534 841//814
f 839//812 846//819 845//818
f 718//699 692//674 842//815
f 838//811 845//818 841//814
f 842//815 841//814 848//159
f 845//818 852//823 848//159
f 843//816 842//815 849//821
f 846//819 853//824 852//823
f 848//159 852//823 859//829
f 849//821 856//826 857//827
f 852//823 853//824 860//830
f 848//159 855//825 856//826
f 855//825 859//829 866//836
f 856//826 863//833 864//834
f 859//829 860//830 867//837
f 855//825 862//832 863//833
f 866//836 873//843 869//839
f 863//833 870//840 871//841
f 867//837 874//844 873//843
f 863//833 862//832 869//839
f 871//841 870//840 877//846
f 874//844 881//849 880//848
f 870//840 869//839 876//845
f 873//843 880//848 876//845
f 881//849 836//809 887//852
f 877//846 876//845 833//7
f 880//848 887//852 833//7
f 878//847 877//846 884//851
f 991//852 940//809 910//782
f 937//7 917//789 920//792
f 988//851 920//792 924//796
f 937//7 991//852 913//785
f 917//789 892//764 889//759
f 913//785 910//782 899//771
f 920//792 889//759 886//733
f 917//789 913//785 896//769
f 889//759 854//674 875//699
f 889//759 892//764 831//534
f 899//771 943//812 942//811
f 896//769 942//811 831//534
f 854//674 831//534 945//814
f 943//812 950//819 949//818
f 875//699 854//674 946//815
f 942//811 949//818 945//814
f 950//819 957//824 956//823
f 947//816 946//815 953//821
f 946//815 945//814 952//159
f 949//818 956//823 952//159
f 952//159 956//823 963//829
f 953//821 960//826 961//827
f 956//823 957//824 964//830
f 952//159 959//825 960//826
f 959//825 963//829 970//836
f 960//826 967//833 968//834
f 963//829 964//830 971//837
f 959//825 966//832 967//833
f 970//836 977//843 973//839
f 967//833 974//840 975//841
f 971//837 978//844 977//843
f 966//832 973//839 974//840
f 975//841 974//840 981//846
f 978//844 985//849 984//848
f 974//840 973//839 980//845
f 977//843 984//848 980//845
f 985//849 940//809 991//852
f 981//846 980//845 937//7
f 984//848 991//852 937//7
f 982//847 981//846 988//851
