# Blender 5.2.1 LTS
# www.blender.org
mtllib Mouse.mtl
o Mouse
v 0.000000 2.400000 0.500000
v 0.000000 2.362518 0.085890
v 0.565685 0.850000 0.948528
v 0.522625 1.079610 0.883938
v 0.000000 1.850000 -0.885641
v 0.000000 1.584701 -1.045481
v 0.000000 1.300000 -1.100000
v 0.000000 1.015299 -1.045481
v 0.000000 0.750000 -0.885641
v 0.000000 0.522182 -0.631371
v 0.400000 1.274264 0.700000
v 0.000000 0.237482 0.085890
v 0.000000 0.200000 0.500000
v 0.216478 1.404328 0.424718
v 0.070337 2.362518 0.100000
v 0.135880 2.252628 -0.272741
v 0.192163 2.077817 -0.592820
v 0.235351 1.850000 -0.838426
v 0.262500 1.584701 -0.992820
v 0.271760 1.300000 -1.045481
v 0.262500 1.015299 -0.992820
v 0.235351 0.750000 -0.838426
v 0.192163 0.522182 -0.592820
v 0.135880 0.347372 -0.272741
v 0.070337 0.237482 0.100000
v 0.000000 1.450000 0.100000
v 0.000000 0.900000 -1.000000
v 0.135880 2.362518 0.141370
v 0.262500 2.252628 -0.192820
v 0.371231 2.077817 -0.479796
v 0.454663 1.850000 -0.700000
v 0.507111 1.584701 -0.838426
v 0.525000 1.300000 -0.885641
v 0.507111 1.015299 -0.838426
v 0.454663 0.750000 -0.700000
v 0.371231 0.522182 -0.479796
v 0.262500 0.347372 -0.192820
v 0.135880 0.237482 0.141370
v 0.282843 1.404328 0.275736
v 0.522625 1.274264 0.424718
v 0.192163 2.362518 0.207180
v 0.371231 2.252628 -0.065685
v 0.525000 2.077817 -0.300000
v 0.642991 1.850000 -0.479796
v 0.717163 1.584701 -0.592820
v 0.742462 1.300000 -0.631371
v 0.717163 1.015299 -0.592820
v 0.642991 0.750000 -0.479796
v 0.525000 0.522182 -0.300000
v 0.371231 0.347372 -0.065685
v 0.192163 0.237482 0.207180
v 0.682843 1.079610 0.524264
v 0.739104 0.850000 0.559220
v 0.235351 2.362518 0.292945
v 0.454663 2.252628 0.100000
v 0.642991 2.077817 -0.065685
v 0.787500 1.850000 -0.192820
v 0.878342 1.584701 -0.272741
v 0.909327 1.300000 -0.300000
v 0.878342 1.015299 -0.272741
v 0.787500 0.750000 -0.192820
v 0.642991 0.522182 -0.065685
v 0.454663 0.347372 0.100000
v 0.235351 0.237482 0.292945
v 0.682843 0.620390 0.524264
v 0.522625 0.425736 0.424718
v 0.262500 2.362518 0.392820
v 0.507111 2.252628 0.292945
v 0.717163 2.077817 0.207180
v 0.878342 1.850000 0.141370
v 0.979663 1.584701 0.100000
v 1.014222 1.300000 0.085890
v 0.979663 1.015299 0.100000
v 0.878342 0.750000 0.141370
v 0.717163 0.522182 0.207180
v 0.507111 0.347372 0.292945
v 0.262500 0.237482 0.392820
v 0.282843 0.295672 0.275736
v 0.000000 0.250000 0.100000
v 0.271760 2.362518 0.500000
v 0.525000 2.252628 0.500000
v 0.742462 2.077817 0.500000
v 0.909327 1.850000 0.500000
v 1.014222 1.584701 0.500000
v 1.050000 1.300000 0.500000
v 1.014222 1.015299 0.500000
v 0.909327 0.750000 0.500000
v 0.742462 0.522182 0.500000
v 0.525000 0.347372 0.500000
v 0.271760 0.237482 0.500000
v 0.109998 0.927259 -1.212937
v 0.306147 0.295672 0.100000
v 0.262500 2.362518 0.607180
v 0.507111 2.252628 0.707055
v 0.717163 2.077817 0.792820
v 0.878342 1.850000 0.858630
v 0.979663 1.584701 0.900000
v 1.014222 1.300000 0.914110
v 0.979663 1.015299 0.900000
v 0.878342 0.750000 0.858630
v 0.717163 0.522182 0.792820
v 0.507111 0.347372 0.707055
v 0.262500 0.237482 0.607180
v 0.565685 0.425736 0.100000
v 0.739104 0.620390 0.100000
v 0.235351 2.362518 0.707055
v 0.454663 2.252628 0.900000
v 0.642991 2.077817 1.065685
v 0.787500 1.850000 1.192820
v 0.878342 1.584701 1.272741
v 0.909326 1.300000 1.300000
v 0.878342 1.015299 1.272741
v 0.787500 0.750000 1.192820
v 0.642991 0.522182 1.065685
v 0.454663 0.347372 0.900000
v 0.235351 0.237482 0.707055
v 0.800000 0.850000 0.100000
v 0.739104 1.079610 0.100000
v 0.192163 2.362518 0.792820
v 0.371231 2.252628 1.065685
v 0.525000 2.077817 1.300000
v 0.642991 1.850000 1.479796
v 0.717163 1.584701 1.592820
v 0.742462 1.300000 1.631371
v 0.717163 1.015299 1.592820
v 0.642991 0.750000 1.479796
v 0.525000 0.522182 1.300000
v 0.371231 0.347372 1.065685
v 0.192163 0.237482 0.792820
v 0.565685 1.274264 0.100000
v 0.306147 1.404328 0.100000
v 0.135880 2.362518 0.858630
v 0.262500 2.252628 1.192820
v 0.371231 2.077817 1.479796
v 0.454663 1.850000 1.700000
v 0.507111 1.584701 1.838426
v 0.525000 1.300000 1.885640
v 0.507111 1.015299 1.838426
v 0.454663 0.750000 1.700000
v 0.371231 0.522182 1.479796
v 0.262500 0.347372 1.192820
v 0.135880 0.237482 0.858630
v 0.212500 1.007180 -1.411362
v 0.300520 1.134315 -1.581754
v 0.070337 2.362518 0.900000
v 0.135880 2.252628 1.272740
v 0.192163 2.077817 1.592820
v 0.235351 1.850000 1.838426
v 0.262500 1.584701 1.992820
v 0.271760 1.300000 2.045481
v 0.262500 1.015299 1.992820
v 0.235351 0.750000 1.838426
v 0.192163 0.522182 1.592820
v 0.135880 0.347372 1.272740
v 0.070337 0.237482 0.900000
v 0.282843 1.404328 -0.075736
v 0.522625 1.274264 -0.224718
v 0.000000 2.362518 0.914110
v -0.000000 2.252628 1.300000
v 0.000000 2.077817 1.631370
v -0.000000 1.850000 1.885641
v -0.000000 1.584701 2.045481
v -0.000000 1.300000 2.099999
v -0.000000 1.015299 2.045481
v -0.000000 0.750000 1.885641
v 0.000000 0.522182 1.631370
v -0.000000 0.347372 1.300000
v 0.000000 0.237482 0.914110
v 0.682843 1.079610 -0.324264
v 0.739104 0.850000 -0.359220
v -0.070337 2.362518 0.900000
v -0.135880 2.252628 1.272740
v -0.192163 2.077817 1.592820
v -0.235351 1.850000 1.838426
v -0.262500 1.584701 1.992820
v -0.271760 1.300000 2.045481
v -0.262500 1.015299 1.992820
v -0.235351 0.750000 1.838426
v -0.192163 0.522182 1.592820
v -0.135880 0.347372 1.272740
v -0.070337 0.237482 0.900000
v 0.682843 0.620390 -0.324264
v 0.522625 0.425736 -0.224718
v -0.135880 2.362518 0.858630
v -0.262500 2.252628 1.192820
v -0.371231 2.077817 1.479795
v -0.454663 1.850000 1.700000
v -0.507111 1.584701 1.838426
v -0.525000 1.300000 1.885640
v -0.507111 1.015299 1.838426
v -0.454663 0.750000 1.700000
v -0.371231 0.522182 1.479795
v -0.262500 0.347372 1.192820
v -0.135880 0.237482 0.858630
v 0.282843 0.295672 -0.075736
v 0.368061 1.300000 -1.712500
v -0.192163 2.362518 0.792820
v -0.371231 2.252628 1.065685
v -0.525000 2.077817 1.299999
v -0.642991 1.850000 1.479796
v -0.717163 1.584701 1.592820
v -0.742462 1.300000 1.631370
v -0.717163 1.015299 1.592820
v -0.642991 0.750000 1.479796
v -0.525000 0.522182 1.299999
v -0.371231 0.347372 1.065685
v -0.192163 0.237482 0.792820
v 0.410518 1.492945 -1.794690
v 0.216478 0.295672 -0.224718
v -0.235351 2.362518 0.707055
v -0.454663 2.252628 0.900000
v -0.642991 2.077817 1.065685
v -0.787500 1.850000 1.192820
v -0.878342 1.584701 1.272741
v -0.909326 1.300000 1.299999
v -0.878342 1.015299 1.272741
v -0.787500 0.750000 1.192820
v -0.642991 0.522182 1.065685
v -0.454663 0.347372 0.900000
v -0.235351 0.237482 0.707055
v 0.400000 0.425736 -0.500000
v 0.522625 0.620390 -0.683938
v -0.262500 2.362518 0.607180
v -0.507111 2.252628 0.707055
v -0.717163 2.077817 0.792820
v -0.878342 1.850000 0.858630
v -0.979663 1.584701 0.900000
v -1.014222 1.300000 0.914110
v -0.979663 1.015299 0.900000
v -0.878342 0.750000 0.858630
v -0.717163 0.522182 0.792820
v -0.507111 0.347372 0.707055
v -0.262500 0.237482 0.607180
v 0.565685 0.850000 -0.748528
v 0.522625 1.079610 -0.683938
v -0.271760 2.362518 0.500000
v -0.525000 2.252628 0.500000
v -0.742462 2.077817 0.500000
v -0.909326 1.850000 0.500000
v -1.014222 1.584701 0.500000
v -1.049999 1.300000 0.500000
v -1.014222 1.015299 0.500000
v -0.909326 0.750000 0.500000
v -0.742462 0.522182 0.500000
v -0.525000 0.347372 0.500000
v -0.271760 0.237482 0.500000
v 0.400000 1.274264 -0.500000
v 0.216478 1.404328 -0.224718
v -0.262500 2.362518 0.392820
v -0.507111 2.252628 0.292945
v -0.717163 2.077817 0.207180
v -0.878342 1.850000 0.141370
v -0.979663 1.584701 0.100000
v -1.014221 1.300000 0.085890
v -0.979663 1.015299 0.100000
v -0.878342 0.750000 0.141370
v -0.717163 0.522182 0.207180
v -0.507111 0.347372 0.292945
v -0.262500 0.237482 0.392820
v 0.425000 1.700000 -1.822724
v 0.410518 1.907055 -1.794690
v -0.235351 2.362518 0.292945
v -0.454663 2.252628 0.100000
v -0.642991 2.077817 -0.065685
v -0.787500 1.850000 -0.192820
v -0.878342 1.584701 -0.272741
v -0.909326 1.300000 -0.300000
v -0.878342 1.015299 -0.272741
v -0.787500 0.750000 -0.192820
v -0.642991 0.522182 -0.065685
v -0.454663 0.347372 0.100000
v -0.235351 0.237482 0.292945
v 0.117157 1.404328 -0.324264
v 0.216478 1.274264 -0.683938
v -0.192163 2.362518 0.207180
v -0.371231 2.252628 -0.065685
v -0.525000 2.077817 -0.299999
v -0.642991 1.850000 -0.479796
v -0.717163 1.584701 -0.592820
v -0.742462 1.300000 -0.631370
v -0.717163 1.015299 -0.592820
v -0.642991 0.750000 -0.479796
v -0.525000 0.522182 -0.299999
v -0.371231 0.347372 -0.065685
v -0.192163 0.237482 0.207180
v 0.282843 1.079610 -0.924264
v 0.306147 0.850000 -1.008655
v -0.135880 2.362518 0.141370
v -0.262500 2.252628 -0.192820
v -0.371231 2.077817 -0.479795
v -0.454663 1.850000 -0.700000
v -0.507111 1.584701 -0.838426
v -0.525000 1.300000 -0.885640
v -0.507111 1.015299 -0.838426
v -0.454663 0.750000 -0.700000
v -0.371231 0.522182 -0.479795
v -0.262500 0.347372 -0.192820
v -0.135880 0.237482 0.141370
v 0.282843 0.620390 -0.924264
v 0.216478 0.425736 -0.683938
v -0.070337 2.362518 0.100000
v -0.135880 2.252628 -0.272740
v -0.192163 2.077817 -0.592819
v -0.235351 1.850000 -0.838426
v -0.262500 1.584701 -0.992820
v -0.271760 1.300000 -1.045481
v -0.262500 1.015299 -0.992820
v -0.235351 0.750000 -0.838426
v -0.192163 0.522182 -0.592819
v -0.135880 0.347372 -0.272740
v -0.070337 0.237482 0.100000
v 0.117157 0.295672 -0.324264
v 0.368061 2.100000 -1.712500
v 0.300520 2.265686 -1.581754
v 0.000000 2.252628 -0.300000
v 0.000000 2.077817 -0.631370
v 0.212500 2.392820 -1.411362
v 0.109998 2.472741 -1.212937
v 0.000000 2.500000 -1.000000
v 0.000000 0.850000 -1.100000
v 0.000000 1.079610 -1.008655
v 0.318198 1.550000 -1.375736
v 0.000000 0.347372 -0.300000
v 0.000000 1.404328 -0.359220
v 0.056939 2.472741 -1.237500
v 0.522625 0.620390 0.883938
v 0.400000 0.425736 0.700000
v 0.216478 0.295672 0.424718
v 0.109998 2.392820 -1.458815
v 0.306147 0.850000 1.208656
v 0.282843 1.079610 1.124264
v 0.216478 1.274264 0.883938
v 0.117157 1.404328 0.524264
v 0.155561 2.265686 -1.648862
v 0.282843 0.620390 1.124264
v 0.216478 0.425736 0.883938
v 0.117157 0.295672 0.524264
v 0.190522 2.100000 -1.794690
v -0.000000 0.850000 1.300000
v -0.000000 1.079610 1.208655
v -0.000000 1.274264 0.948528
v -0.000000 1.404328 0.559220
v 0.212500 1.907055 -1.886362
v -0.000000 0.620390 1.208655
v -0.000000 0.425736 0.948528
v -0.000000 0.295672 0.559220
v 0.219996 1.700000 -1.917629
v -0.306147 0.850000 1.208655
v -0.282843 1.079610 1.124264
v -0.216479 1.274264 0.883938
v -0.117157 1.404328 0.524264
v 0.212500 1.492945 -1.886362
v -0.282843 0.620390 1.124264
v -0.216479 0.425736 0.883938
v -0.117157 0.295672 0.524264
v 0.190522 1.300000 -1.794690
v -0.565686 0.850000 0.948528
v -0.522625 1.079610 0.883938
v -0.400000 1.274264 0.700000
v -0.216479 1.404328 0.424718
v 0.155561 1.134315 -1.648862
v -0.522625 0.620390 0.883938
v -0.400000 0.425736 0.700000
v -0.216479 0.295672 0.424718
v 0.109998 1.007180 -1.458815
v -0.739104 0.850000 0.559220
v -0.682843 1.079610 0.524264
v -0.522625 1.274264 0.424717
v -0.282843 1.404328 0.275736
v 0.056939 0.927259 -1.237500
v -0.682843 0.620390 0.524264
v -0.522625 0.425736 0.424717
v -0.282843 0.295672 0.275736
v 0.293977 1.703073 -1.408031
v -0.800000 0.850000 0.099999
v -0.739103 1.079610 0.100000
v -0.565685 1.274264 0.100000
v -0.306147 1.404328 0.100000
v 0.225000 1.832843 -1.500000
v -0.739103 0.620390 0.100000
v -0.565685 0.425736 0.100000
v -0.306147 0.295672 0.100000
v 0.000000 0.927259 -1.245878
v -0.739103 0.850000 -0.359221
v -0.682842 1.079610 -0.324264
v -0.522625 1.274264 -0.224718
v -0.282843 1.404328 -0.075736
v 0.121769 1.919552 -1.637641
v -0.682842 0.620390 -0.324264
v -0.522625 0.425736 -0.224718
v -0.282843 0.295672 -0.075736
v 0.000000 1.950000 -1.800000
v -0.565685 0.850000 -0.748529
v -0.522625 1.079610 -0.683938
v -0.400000 1.274264 -0.500000
v -0.216478 1.404328 -0.224718
v 0.000000 1.620000 -2.200000
v -0.522625 0.620390 -0.683938
v -0.400000 0.425736 -0.500000
v -0.216478 0.295672 -0.224718
v 0.000000 1.492945 -1.917629
v -0.306146 0.850000 -1.008656
v -0.282842 1.079610 -0.924264
v -0.216478 1.274264 -0.683938
v -0.117157 1.404328 -0.324264
v 0.000000 1.700000 -1.950000
v -0.282842 0.620390 -0.924264
v -0.216478 0.425736 -0.683938
v -0.117157 0.295672 -0.324264
v 0.159099 1.919552 -1.712132
v 0.293977 1.832843 -1.637641
v 0.384099 1.703073 -1.587868
v 0.000000 1.274264 -0.748528
v 0.415746 1.550000 -1.570390
v 0.000000 2.472741 -1.245878
v 0.000000 0.620390 -1.008655
v 0.000000 0.425736 -0.748528
v 0.000000 0.295672 -0.359220
v 0.384099 1.396927 -1.587868
v 0.293977 1.267157 -1.637641
v 0.155561 0.927259 -1.173862
v 0.300520 1.007180 -1.335876
v 0.425000 1.134315 -1.475000
v 0.520517 1.300000 -1.581754
v 0.580561 1.492945 -1.648862
v 0.601041 1.700000 -1.671751
v 0.580561 1.907055 -1.648862
v 0.520517 2.100000 -1.581754
v 0.425000 2.265686 -1.475000
v 0.300520 2.392820 -1.335876
v 0.155561 2.472741 -1.173862
v 0.159099 1.180448 -1.712132
v 0.000000 1.150000 -1.800000
v 0.190522 0.927259 -1.122939
v 0.368061 1.007180 -1.237500
v 0.520517 1.134315 -1.335876
v 0.637500 1.300000 -1.411362
v 0.711039 1.492945 -1.458815
v 0.736122 1.700000 -1.475000
v 0.711039 1.907055 -1.458815
v 0.637500 2.100000 -1.411362
v 0.520517 2.265686 -1.335876
v 0.368061 2.392820 -1.237500
v 0.190522 2.472741 -1.122939
v 0.000000 1.535000 -2.220096
v 0.172208 1.180448 -1.800000
v 0.212500 0.927259 -1.063638
v 0.410518 1.007180 -1.122939
v 0.580561 1.134315 -1.173862
v 0.711039 1.300000 -1.212937
v 0.793061 1.492945 -1.237500
v 0.821037 1.700000 -1.245878
v 0.793061 1.907055 -1.237500
v 0.711039 2.100000 -1.212937
v 0.580561 2.265686 -1.173862
v 0.410518 2.392820 -1.122939
v 0.212500 2.472741 -1.063638
v 0.318198 1.267157 -1.800000
v 0.415746 1.396927 -1.800000
v 0.219996 0.927259 -1.000000
v 0.425000 1.007180 -1.000000
v 0.601041 1.134315 -1.000000
v 0.736122 1.300000 -1.000000
v 0.821037 1.492945 -1.000000
v 0.850000 1.700000 -1.000000
v 0.821037 1.907055 -1.000000
v 0.736122 2.100000 -1.000000
v 0.601041 2.265686 -1.000000
v 0.425000 2.392820 -1.000000
v 0.219996 2.472741 -1.000000
v 0.450000 1.550000 -1.800000
v 0.415746 1.703073 -1.800000
v 0.212500 0.927259 -0.936362
v 0.410518 1.007180 -0.877061
v 0.580561 1.134315 -0.826138
v 0.711039 1.300000 -0.787063
v 0.793061 1.492945 -0.762500
v 0.821037 1.700000 -0.754122
v 0.793061 1.907055 -0.762500
v 0.711039 2.100000 -0.787063
v 0.580561 2.265686 -0.826138
v 0.410518 2.392820 -0.877061
v 0.212500 2.472741 -0.936362
v 0.318198 1.832843 -1.800000
v 0.172208 1.919552 -1.800000
v 0.190522 0.927259 -0.877061
v 0.368061 1.007180 -0.762500
v 0.520516 1.134315 -0.664124
v 0.637500 1.300000 -0.588638
v 0.711039 1.492945 -0.541185
v 0.736121 1.700000 -0.525000
v 0.711039 1.907055 -0.541185
v 0.637500 2.100000 -0.588638
v 0.520516 2.265686 -0.664124
v 0.368061 2.392820 -0.762500
v 0.190522 2.472741 -0.877061
v 0.000000 1.472776 -2.275000
v 0.000000 1.450000 -2.350000
v 0.155561 0.927259 -0.826138
v 0.300520 1.007180 -0.664124
v 0.425000 1.134315 -0.525000
v 0.520517 1.300000 -0.418246
v 0.580561 1.492945 -0.351138
v 0.601041 1.700000 -0.328249
v 0.580561 1.907055 -0.351138
v 0.520517 2.100000 -0.418246
v 0.425000 2.265686 -0.525000
v 0.300520 2.392820 -0.664124
v 0.155561 2.472741 -0.826138
v 0.159099 1.919552 -1.887868
v 0.293977 1.832843 -1.962359
v 0.109998 0.927259 -0.787063
v 0.212500 1.007180 -0.588638
v 0.300520 1.134315 -0.418246
v 0.368061 1.300000 -0.287500
v 0.410518 1.492945 -0.205310
v 0.425000 1.700000 -0.177276
v 0.410518 1.907055 -0.205310
v 0.368061 2.100000 -0.287500
v 0.300520 2.265686 -0.418246
v 0.212500 2.392820 -0.588638
v 0.109998 2.472741 -0.787063
v 0.384099 1.703073 -2.012132
v 0.415746 1.550000 -2.029610
v 0.056939 0.927259 -0.762500
v 0.109998 1.007180 -0.541185
v 0.155561 1.134315 -0.351138
v 0.190522 1.300000 -0.205310
v 0.212500 1.492945 -0.113638
v 0.219996 1.700000 -0.082371
v 0.212500 1.907055 -0.113638
v 0.190522 2.100000 -0.205310
v 0.155561 2.265686 -0.351138
v 0.109998 2.392820 -0.541185
v 0.056939 2.472741 -0.762500
v 0.384099 1.396927 -2.012132
v 0.293977 1.267157 -1.962359
v 0.000000 0.927259 -0.754122
v -0.000000 1.007180 -0.525000
v 0.000000 1.134315 -0.328249
v -0.000000 1.300000 -0.177276
v -0.000000 1.492945 -0.082370
v -0.000000 1.700000 -0.050000
v -0.000000 1.907055 -0.082370
v -0.000000 2.100000 -0.177276
v 0.000000 2.265686 -0.328249
v -0.000000 2.392820 -0.525000
v 0.000000 2.472741 -0.754122
v 0.159099 1.180448 -1.887868
v -0.014405 1.220000 -2.104549
v -0.056939 0.927259 -0.762500
v -0.109998 1.007180 -0.541185
v -0.155561 1.134315 -0.351138
v -0.190522 1.300000 -0.205310
v -0.212500 1.492945 -0.113638
v -0.219996 1.700000 -0.082371
v -0.212500 1.907055 -0.113638
v -0.190522 2.100000 -0.205310
v -0.155561 2.265686 -0.351138
v -0.109998 2.392820 -0.541185
v -0.056939 2.472741 -0.762500
v 0.058779 1.472776 -2.289324
v 0.121769 1.180448 -1.962359
v -0.109998 0.927259 -0.787063
v -0.212500 1.007180 -0.588638
v -0.300520 1.134315 -0.418247
v -0.368061 1.300000 -0.287500
v -0.410518 1.492945 -0.205310
v -0.425000 1.700000 -0.177276
v -0.410518 1.907055 -0.205310
v -0.368061 2.100000 -0.287500
v -0.300520 2.265686 -0.418247
v -0.212500 2.392820 -0.588638
v -0.109998 2.472741 -0.787063
v 0.225000 1.267157 -2.100000
v 0.293977 1.396927 -2.191969
v -0.155561 0.927259 -0.826138
v -0.300520 1.007180 -0.664124
v -0.425000 1.134315 -0.525000
v -0.520517 1.300000 -0.418246
v -0.580561 1.492945 -0.351138
v -0.601041 1.700000 -0.328249
v -0.580561 1.907055 -0.351138
v -0.520517 2.100000 -0.418246
v -0.425000 2.265686 -0.525000
v -0.300520 2.392820 -0.664124
v -0.155561 2.472741 -0.826138
v 0.318198 1.550000 -2.224264
v 0.293977 1.703073 -2.191969
v -0.190522 0.927259 -0.877061
v -0.368061 1.007180 -0.762500
v -0.520516 1.134315 -0.664124
v -0.637500 1.300000 -0.588638
v -0.711039 1.492945 -0.541185
v -0.736121 1.700000 -0.525000
v -0.711039 1.907055 -0.541185
v -0.637500 2.100000 -0.588638
v -0.520516 2.265686 -0.664124
v -0.368061 2.392820 -0.762500
v -0.190522 2.472741 -0.877061
v 0.225000 1.832843 -2.100000
v 0.121769 1.919552 -1.962359
v -0.212500 0.927259 -0.936362
v -0.410518 1.007180 -0.877061
v -0.580560 1.134315 -0.826138
v -0.711039 1.300000 -0.787063
v -0.793061 1.492945 -0.762500
v -0.821037 1.700000 -0.754122
v -0.793061 1.907055 -0.762500
v -0.711039 2.100000 -0.787063
v -0.580560 2.265686 -0.826138
v -0.410518 2.392820 -0.877061
v -0.212500 2.472741 -0.936362
v 0.101807 1.535000 -2.244905
v 0.117557 1.620000 -2.228647
v -0.219996 0.927259 -1.000000
v -0.425000 1.007180 -1.000000
v -0.601040 1.134315 -1.000000
v -0.736121 1.300000 -1.000000
v -0.821037 1.492945 -1.000000
v -0.850000 1.700000 -1.000000
v -0.821037 1.907055 -1.000000
v -0.736121 2.100000 -1.000000
v -0.601040 2.265686 -1.000000
v -0.425000 2.392820 -1.000000
v -0.219996 2.472741 -1.000000
v 0.065901 1.919552 -2.012132
v 0.121769 1.832843 -2.191969
v -0.212500 0.927259 -1.063638
v -0.410518 1.007180 -1.122939
v -0.580560 1.134315 -1.173862
v -0.711039 1.300000 -1.212937
v -0.793061 1.492945 -1.237500
v -0.821036 1.700000 -1.245878
v -0.793061 1.907055 -1.237500
v -0.711039 2.100000 -1.212937
v -0.580560 2.265686 -1.173862
v -0.410518 2.392820 -1.122939
v -0.212500 2.472741 -1.063638
v 0.159099 1.703073 -2.312132
v 0.172208 1.550000 -2.354328
v -0.190522 0.927259 -1.122939
v -0.368061 1.007180 -1.237500
v -0.520516 1.134315 -1.335876
v -0.637500 1.300000 -1.411362
v -0.711039 1.492945 -1.458815
v -0.736121 1.700000 -1.475000
v -0.711039 1.907055 -1.458815
v -0.637500 2.100000 -1.411362
v -0.520516 2.265686 -1.335876
v -0.368061 2.392820 -1.237500
v -0.190522 2.472741 -1.122939
v 0.159099 1.396927 -2.312132
v 0.121769 1.267157 -2.191969
v -0.155561 0.927259 -1.173862
v -0.300520 1.007180 -1.335876
v -0.425000 1.134315 -1.475000
v -0.520516 1.300000 -1.581754
v -0.580561 1.492945 -1.648862
v -0.601040 1.700000 -1.671751
v -0.580561 1.907055 -1.648862
v -0.520516 2.100000 -1.581754
v -0.425000 2.265686 -1.475000
v -0.300520 2.392820 -1.335876
v -0.155561 2.472741 -1.173862
v 0.065901 1.180448 -2.012132
v 0.101807 1.705000 -2.244905
v -0.109998 0.927259 -1.212937
v -0.212500 1.007180 -1.411362
v -0.300520 1.134315 -1.581753
v -0.368061 1.300000 -1.712500
v -0.410518 1.492945 -1.794690
v -0.425000 1.700000 -1.822724
v -0.410518 1.907055 -1.794690
v -0.368061 2.100000 -1.712500
v -0.300520 2.265686 -1.581753
v -0.212500 2.392820 -1.411362
v -0.109998 2.472741 -1.212937
v 0.058779 1.767224 -2.289324
v 0.000000 1.790000 -2.350000
v -0.056939 0.927259 -1.237500
v -0.109998 1.007180 -1.458815
v -0.155561 1.134315 -1.648862
v -0.190522 1.300000 -1.794690
v -0.212500 1.492945 -1.886362
v -0.219996 1.700000 -1.917629
v -0.212500 1.907055 -1.886362
v -0.190522 2.100000 -1.794690
v -0.155561 2.265686 -1.648862
v -0.109998 2.392820 -1.458815
v -0.056939 2.472741 -1.237500
v -0.025872 1.135000 -2.106619
v 0.095106 1.767224 -2.326824
v 0.000000 1.550000 -2.400000
v 0.000000 1.007180 -1.475000
v 0.000000 1.134315 -1.671751
v 0.000000 1.300000 -1.822724
v 0.000000 1.703073 -2.354328
v 0.164728 1.705000 -2.309857
v 0.000000 1.907055 -1.917629
v 0.000000 2.100000 -1.822724
v 0.000000 2.265686 -1.671751
v 0.000000 2.392820 -1.475000
v 0.000000 1.919552 -2.029610
v 0.190211 1.620000 -2.303647
v 0.293977 1.396927 -1.408031
v 0.225000 1.267157 -1.500000
v 0.121769 1.180448 -1.637641
v 0.164728 1.535000 -2.309857
v 0.172207 1.550000 -1.245672
v 0.159099 1.703073 -1.287868
v 0.121769 1.832843 -1.408031
v 0.065901 1.919552 -1.587868
v 0.095106 1.472776 -2.326824
v 0.159099 1.396927 -1.287868
v 0.121769 1.267157 -1.408031
v 0.065901 1.180448 -1.587868
v -0.057202 1.072776 -2.112274
v -0.000000 1.550000 -1.200000
v -0.000000 1.703073 -1.245672
v -0.000000 1.832843 -1.375736
v -0.000000 1.919552 -1.570390
v -0.100000 1.050000 -2.120000
v -0.000000 1.396927 -1.245672
v -0.000000 1.267157 -1.375736
v -0.000000 1.180448 -1.570390
v 0.095106 1.472776 -2.373176
v -0.172208 1.550000 -1.245672
v -0.159099 1.703073 -1.287868
v -0.121769 1.832843 -1.408031
v -0.065901 1.919552 -1.587868
v 0.164728 1.535000 -2.390142
v -0.159099 1.396927 -1.287868
v -0.121769 1.267157 -1.408031
v -0.065901 1.180448 -1.587868
v 0.190211 1.620000 -2.396353
v -0.318198 1.550000 -1.375736
v -0.293977 1.703073 -1.408031
v -0.225000 1.832843 -1.500000
v -0.121769 1.919552 -1.637641
v 0.164728 1.705000 -2.390142
v -0.293977 1.396927 -1.408031
v -0.225000 1.267157 -1.500000
v -0.121769 1.180448 -1.637641
v 0.095106 1.767224 -2.373176
v -0.415746 1.550000 -1.570390
v -0.384099 1.703073 -1.587868
v -0.293977 1.832843 -1.637641
v -0.159099 1.919552 -1.712132
v 0.185595 1.220000 -2.104549
v -0.384099 1.396927 -1.587868
v -0.293977 1.267157 -1.637641
v -0.159099 1.180448 -1.712132
v -0.057202 1.072776 -2.127725
v -0.450000 1.550000 -1.800000
v -0.415746 1.703073 -1.800000
v -0.318198 1.832843 -1.800000
v -0.172208 1.919552 -1.800000
v 0.058779 1.767224 -2.410676
v -0.415746 1.396927 -1.800000
v -0.318198 1.267157 -1.800000
v -0.172208 1.180448 -1.800000
v 0.101807 1.705000 -2.455094
v -0.415746 1.550000 -2.029610
v -0.384099 1.703073 -2.012132
v -0.293977 1.832843 -1.962359
v -0.159099 1.919552 -1.887868
v 0.117557 1.620000 -2.471353
v -0.384099 1.396927 -2.012132
v -0.293977 1.267157 -1.962359
v -0.159099 1.180448 -1.887868
v 0.101807 1.535000 -2.455094
v -0.318198 1.550000 -2.224264
v -0.293976 1.703073 -2.191969
v -0.225000 1.832843 -2.100000
v -0.121769 1.919552 -1.962359
v 0.058779 1.472776 -2.410676
v -0.293976 1.396927 -2.191969
v -0.225000 1.267157 -2.100000
v -0.121769 1.180448 -1.962359
v -0.025872 1.135000 -2.133381
v -0.172207 1.550000 -2.354328
v -0.159099 1.703073 -2.312132
v -0.121769 1.832843 -2.191969
v -0.065901 1.919552 -2.012132
v -0.014405 1.220000 -2.135451
v -0.159099 1.396927 -2.312132
v -0.121769 1.267157 -2.191969
v -0.065901 1.180448 -2.012132
v 0.000000 1.472776 -2.425000
v -0.025872 1.305000 -2.133381
v 0.000000 1.620000 -2.500000
v 0.000000 1.832843 -2.224264
v -0.057202 1.367224 -2.127725
v 0.000000 1.767224 -2.425000
v 0.000000 1.396927 -2.354328
v 0.000000 1.267157 -2.224264
v 0.000000 1.180448 -2.029610
v -0.100000 1.390000 -2.120000
v 0.000000 1.705000 -2.220096
v 0.000000 1.767224 -2.275000
v 0.174128 1.135000 -2.106619
v -0.117557 1.620000 -2.228647
v -0.101807 1.535000 -2.244905
v -0.058779 1.472776 -2.289324
v -0.073550 1.367224 -2.140225
v -0.101807 1.705000 -2.244905
v -0.058779 1.767224 -2.289324
v -0.054187 1.305000 -2.155031
v -0.190211 1.620000 -2.303647
v -0.164728 1.535000 -2.309857
v -0.095106 1.472776 -2.326824
v -0.047099 1.220000 -2.160451
v -0.164728 1.705000 -2.309857
v -0.095106 1.767224 -2.326824
v -0.054187 1.135000 -2.155031
v -0.190211 1.620000 -2.396353
v -0.164728 1.535000 -2.390142
v -0.095106 1.472776 -2.373176
v -0.073550 1.072776 -2.140225
v -0.164728 1.705000 -2.390142
v -0.095106 1.767224 -2.373176
v 0.142798 1.072776 -2.112274
v -0.117557 1.620000 -2.471353
v -0.101807 1.535000 -2.455094
v -0.058779 1.472776 -2.410676
v 0.100000 1.050000 -2.120000
v -0.101807 1.705000 -2.455094
v -0.058779 1.767224 -2.410676
v -0.100000 1.072776 -2.145000
v -0.258320 1.950000 -1.691643
v -0.000000 1.535000 -2.479904
v -0.100000 1.220000 -2.170000
v 0.142798 1.072776 -2.127725
v -0.000000 1.705000 -2.479904
v -0.100000 1.367224 -2.145000
v 0.174128 1.135000 -2.133381
v -0.025872 1.305000 -2.106619
v -0.057202 1.367224 -2.112274
v 0.185595 1.220000 -2.135451
v -0.047099 1.220000 -2.079549
v -0.054187 1.135000 -2.084968
v -0.073550 1.072776 -2.099774
v 0.174128 1.305000 -2.133381
v -0.054187 1.305000 -2.084968
v -0.073550 1.367224 -2.099774
v 0.142798 1.367224 -2.127725
v -0.100000 1.220000 -2.070000
v -0.100000 1.135000 -2.076699
v -0.100000 1.072776 -2.095000
v 0.100000 1.390000 -2.120000
v -0.100000 1.305000 -2.076699
v -0.100000 1.367224 -2.095000
v -0.279981 1.845000 -1.696612
v -0.152901 1.220000 -2.079549
v -0.145813 1.135000 -2.084968
v -0.126450 1.072776 -2.099774
v 0.126450 1.367224 -2.140225
v -0.145813 1.305000 -2.084968
v -0.126450 1.367224 -2.099774
v 0.145813 1.305000 -2.155031
v -0.185595 1.220000 -2.104549
v -0.174128 1.135000 -2.106619
v -0.142798 1.072776 -2.112274
v 0.152901 1.220000 -2.160451
v -0.174128 1.305000 -2.106619
v -0.142798 1.367224 -2.112274
v 0.145813 1.135000 -2.155031
v -0.185595 1.220000 -2.135451
v -0.174128 1.135000 -2.133381
v -0.142798 1.072776 -2.127725
v 0.126450 1.072776 -2.140225
v -0.174128 1.305000 -2.133381
v -0.142798 1.367224 -2.127725
v -0.339160 1.768135 -1.710185
v -0.152901 1.220000 -2.160451
v -0.145813 1.135000 -2.155031
v -0.126450 1.072776 -2.140225
v -0.420000 1.740000 -1.728726
v -0.145813 1.305000 -2.155031
v -0.126450 1.367224 -2.140225
v 0.100000 1.072776 -2.145000
v -0.274562 2.044500 -1.813601
v -0.100000 1.135000 -2.163301
v 0.100000 1.220000 -2.170000
v -0.339160 1.768135 -1.747267
v -0.100000 1.305000 -2.163301
v 0.100000 1.367224 -2.145000
v -0.279981 1.845000 -1.760840
v 0.174128 1.305000 -2.106619
v 0.142798 1.367224 -2.112274
v -0.258320 1.950000 -1.765808
v 0.152901 1.220000 -2.079549
v 0.145813 1.135000 -2.084968
v 0.126450 1.072776 -2.099774
v -0.279981 2.055000 -1.760840
v 0.145813 1.305000 -2.084968
v 0.126450 1.367224 -2.099774
v -0.339160 2.131865 -1.747267
v 0.100000 1.220000 -2.070000
v 0.100000 1.135000 -2.076699
v 0.100000 1.072776 -2.095000
v -0.420000 2.160000 -1.728726
v 0.100000 1.305000 -2.076699
v 0.100000 1.367224 -2.095000
v -0.282793 2.004600 -1.815091
v 0.047099 1.220000 -2.079549
v 0.054187 1.135000 -2.084968
v 0.073550 1.072776 -2.099774
v -0.370038 2.131865 -1.777267
v 0.054187 1.305000 -2.084968
v 0.073550 1.367224 -2.099774
v -0.333464 2.055000 -1.812801
v 0.014405 1.220000 -2.104549
v 0.025872 1.135000 -2.106619
v 0.057202 1.072776 -2.112274
v -0.320076 1.950000 -1.825808
v 0.025872 1.305000 -2.106619
v 0.057202 1.367224 -2.112274
v -0.333464 1.845000 -1.812801
v 0.014405 1.220000 -2.135451
v 0.025872 1.135000 -2.133381
v 0.057202 1.072776 -2.127725
v -0.370038 1.768135 -1.777267
v 0.025872 1.305000 -2.133381
v 0.057202 1.367224 -2.127725
v -0.305281 1.975391 -1.819163
v 0.047099 1.220000 -2.160451
v 0.054187 1.135000 -2.155031
v 0.073550 1.072776 -2.140225
v -0.336000 1.964700 -1.824726
v 0.054187 1.305000 -2.155031
v 0.073550 1.367224 -2.140225
v -0.420000 1.768135 -1.788725
v 0.581680 1.950000 -1.691643
v 0.100000 1.135000 -2.163301
v -0.420000 1.950000 -1.848726
v -0.305281 1.975391 -1.830288
v 0.100000 1.305000 -2.163301
v -0.420000 2.131865 -1.788725
v -0.282793 2.004600 -1.834360
v -0.279981 2.055000 -1.696612
v -0.339160 2.131865 -1.710185
v -0.274562 2.044500 -1.835850
v -0.320076 1.950000 -1.631644
v -0.333464 1.845000 -1.644650
v -0.370038 1.768135 -1.680184
v -0.282793 2.084400 -1.834360
v -0.333464 2.055000 -1.644650
v -0.370038 2.131865 -1.680184
v -0.305281 2.113609 -1.830288
v -0.420000 1.950000 -1.608726
v -0.420000 1.845000 -1.624802
v -0.420000 1.768135 -1.668725
v -0.336000 2.124300 -1.824726
v -0.420000 2.055000 -1.624802
v -0.420000 2.131865 -1.668725
v 0.560019 1.845000 -1.696612
v -0.519923 1.950000 -1.631644
v -0.506536 1.845000 -1.644650
v -0.469962 1.768135 -1.680184
v -0.317015 2.113609 -1.839288
v -0.506536 2.055000 -1.644650
v -0.469962 2.131865 -1.680184
v -0.303116 2.084400 -1.849948
v -0.581680 1.950000 -1.691643
v -0.560019 1.845000 -1.696612
v -0.500840 1.768135 -1.710185
v -0.298029 2.044500 -1.853850
v -0.560019 2.055000 -1.696612
v -0.500840 2.131865 -1.710185
v -0.303116 2.004600 -1.849948
v -0.581680 1.950000 -1.765808
v -0.560019 1.845000 -1.760840
v -0.500840 1.768135 -1.747267
v -0.317015 1.975391 -1.839288
v -0.560019 2.055000 -1.760840
v -0.500840 2.131865 -1.747267
v 0.500840 1.768135 -1.710185
v -0.519924 1.950000 -1.825808
v -0.506536 1.845000 -1.812801
v -0.469962 1.768135 -1.777267
v 0.420000 1.740000 -1.728726
v -0.506536 2.055000 -1.812801
v -0.469962 2.131865 -1.777267
v -0.336000 1.975391 -1.842726
v 0.397438 2.044500 -1.813601
v -0.420000 1.845000 -1.832649
v -0.336000 2.044500 -1.860726
v 0.500840 1.768135 -1.747267
v -0.420000 2.055000 -1.832649
v -0.336000 2.113609 -1.842726
v 0.560019 1.845000 -1.760840
v -0.282793 2.084400 -1.815091
v -0.305281 2.113609 -1.819163
v 0.581680 1.950000 -1.765808
v -0.298029 2.044500 -1.795601
v -0.303116 2.004600 -1.799503
v -0.317015 1.975391 -1.810163
v 0.560019 2.055000 -1.760840
v -0.303116 2.084400 -1.799503
v -0.317015 2.113609 -1.810163
v 0.500840 2.131865 -1.747267
v -0.336000 2.044500 -1.788725
v -0.336000 2.004600 -1.793549
v -0.336000 1.975391 -1.806726
v 0.420000 2.160000 -1.728726
v -0.336000 2.084400 -1.793549
v -0.336000 2.113609 -1.806726
v 0.389207 2.004600 -1.815091
v -0.373971 2.044500 -1.795601
v -0.368884 2.004600 -1.799503
v -0.354985 1.975391 -1.810163
v 0.469962 2.131865 -1.777267
v -0.368884 2.084400 -1.799503
v -0.354985 2.113609 -1.810163
v 0.506536 2.055000 -1.812801
v -0.397438 2.044500 -1.813601
v -0.389207 2.004600 -1.815091
v -0.366719 1.975391 -1.819163
v 0.519923 1.950000 -1.825808
v -0.389207 2.084400 -1.815091
v -0.366719 2.113609 -1.819163
v 0.506536 1.845000 -1.812801
v -0.397438 2.044500 -1.835850
v -0.389207 2.004600 -1.834360
v -0.366719 1.975391 -1.830288
v 0.469962 1.768135 -1.777267
v -0.389207 2.084400 -1.834360
v -0.366719 2.113609 -1.830288
v 0.366719 1.975391 -1.819163
v -0.373971 2.044500 -1.853850
v -0.368884 2.004600 -1.849948
v -0.354985 1.975391 -1.839288
v 0.336000 1.964700 -1.824726
v -0.368884 2.084400 -1.849948
v -0.354985 2.113609 -1.839288
v 0.420000 1.768135 -1.788725
v -0.616532 2.061594 -0.765622
v -0.336000 2.004600 -1.855902
v 0.420000 1.950000 -1.848726
v 0.366719 1.975391 -1.830288
v -0.336000 2.084400 -1.855902
v 0.420000 2.131865 -1.788725
v 0.389207 2.004600 -1.834360
v 0.560019 2.055000 -1.696612
v 0.500840 2.131865 -1.710185
v 0.397438 2.044500 -1.835850
v 0.519924 1.950000 -1.631644
v 0.506536 1.845000 -1.644650
v 0.469962 1.768135 -1.680184
v 0.389207 2.084400 -1.834360
v 0.506536 2.055000 -1.644650
v 0.469962 2.131865 -1.680184
v 0.366719 2.113609 -1.830288
v 0.420000 1.950000 -1.608726
v 0.420000 1.845000 -1.624802
v 0.420000 1.768135 -1.668725
v 0.336000 2.124300 -1.824726
v 0.420000 2.055000 -1.624802
v 0.420000 2.131865 -1.668725
v -0.544960 2.262736 -0.831723
v 0.320076 1.950000 -1.631644
v 0.333464 1.845000 -1.644650
v 0.370038 1.768135 -1.680184
v 0.354985 2.113609 -1.839288
v 0.333464 2.055000 -1.644650
v 0.370038 2.131865 -1.680184
v 0.368884 2.084400 -1.849948
v 0.258320 1.950000 -1.691643
v 0.279981 1.845000 -1.696612
v 0.339160 1.768135 -1.710185
v 0.373971 2.044500 -1.853850
v 0.279981 2.055000 -1.696612
v 0.339160 2.131865 -1.710185
v 0.368884 2.004600 -1.849948
v 0.258320 1.950000 -1.765808
v 0.279981 1.845000 -1.760840
v 0.339160 1.768135 -1.747267
v 0.354985 1.975391 -1.839288
v 0.279981 2.055000 -1.760840
v 0.339160 2.131865 -1.747267
v -0.519827 2.500000 -0.854935
v 0.320076 1.950000 -1.825808
v 0.333464 1.845000 -1.812801
v 0.370038 1.768135 -1.777267
v -0.544960 2.737264 -0.831723
v 0.333464 2.055000 -1.812801
v 0.370038 2.131865 -1.777267
v 0.336000 1.975391 -1.842726
v -0.616532 2.938406 -0.765622
v 0.420000 1.845000 -1.832649
v 0.336000 2.044500 -1.860726
v -0.723648 3.072805 -0.666694
v 0.420000 2.055000 -1.832649
v 0.336000 2.113609 -1.842726
v -0.850000 3.120000 -0.550000
v 0.389207 2.084400 -1.815091
v 0.366719 2.113609 -1.819163
v -0.642804 2.796985 -0.828492
v 0.373971 2.044500 -1.795601
v 0.368884 2.004600 -1.799503
v 0.354985 1.975391 -1.810163
v -0.796116 3.072805 -0.638265
v 0.368884 2.084400 -1.799503
v 0.354985 2.113609 -1.810163
v -0.750436 2.938406 -0.713092
v 0.336000 2.044500 -1.788725
v 0.336000 2.004600 -1.793549
v 0.336000 1.975391 -1.806726
v -0.719913 2.737264 -0.763089
v 0.336000 2.084400 -1.793549
v 0.336000 2.113609 -1.806726
v -0.709195 2.500000 -0.780646
v 0.298029 2.044500 -1.795601
v 0.303116 2.004600 -1.799503
v 0.317015 1.975391 -1.810163
v -0.719913 2.262736 -0.763089
v 0.303116 2.084400 -1.799503
v 0.317015 2.113609 -1.810163
v -0.750436 2.061594 -0.713092
v 0.274562 2.044500 -1.813601
v 0.282793 2.004600 -1.815091
v 0.305281 1.975391 -1.819163
v -0.796116 1.927195 -0.638265
v 0.282793 2.084400 -1.815091
v 0.305281 2.113609 -1.819163
v -0.850000 1.880000 -0.550000
v 0.274562 2.044500 -1.835850
v 0.282793 2.004600 -1.834360
v 0.305281 1.975391 -1.830288
v -0.760806 2.888029 -0.760364
v 0.282793 2.084400 -1.834360
v 0.305281 2.113609 -1.830288
v -0.900000 2.920000 -0.680000
v 0.298029 2.044500 -1.853850
v 0.303116 2.004600 -1.849948
v 0.317015 1.975391 -1.839288
v -0.899498 2.061594 -0.635732
v 0.303116 2.084400 -1.849948
v 0.317015 2.113609 -1.839288
v -0.914672 2.262736 -0.662014
v -0.920000 2.500000 -0.671244
v 0.336000 2.004600 -1.855902
v -0.914672 2.737264 -0.662014
v -0.550000 0.800000 -1.100000
v 0.336000 2.084400 -1.855902
v -0.876788 3.072805 -0.596398
v -0.778724 2.888029 -0.766929
v -0.723648 1.927195 -0.666694
v -0.675911 2.796985 -0.840624
v -0.518172 2.061594 -0.785326
v -0.416445 2.262736 -0.857468
v -0.380724 2.500000 -0.882801
v -0.416445 2.737264 -0.857468
v -0.518172 2.938406 -0.785326
v -0.670416 3.072805 -0.677357
v -0.607214 2.660727 -0.889865
v -0.670416 1.927195 -0.677357
v -0.583091 2.500000 -0.907156
v -0.470329 2.061594 -0.769203
v -0.353936 2.262736 -0.836403
v -0.313064 2.500000 -0.860000
v -0.353936 2.737264 -0.836403
v -0.470329 2.938406 -0.769203
v -0.644524 3.072805 -0.668632
v -0.607214 2.339273 -0.889865
v -0.644524 1.927195 -0.668632
v -0.675911 2.203015 -0.840624
v -0.480288 2.061594 -0.719709
v -0.366948 2.262736 -0.771735
v -0.327148 2.500000 -0.790005
v -0.366948 2.737264 -0.771735
v -0.480288 2.938406 -0.719709
v -0.649913 3.072805 -0.641846
v -0.778724 2.111971 -0.766929
v -0.649913 1.927195 -0.641846
v -0.900000 2.080000 -0.680000
v -0.546532 2.061594 -0.644378
v -0.453500 2.262736 -0.673311
v -0.420832 2.500000 -0.683471
v -0.453500 2.737264 -0.673311
v -0.546532 2.938406 -0.644378
v -0.685764 3.072805 -0.601077
v -0.550000 0.575000 -1.133494
v -0.685764 1.927195 -0.601077
v -0.815105 2.111971 -0.760260
v -0.658977 2.061594 -0.554679
v -0.600416 2.262736 -0.556114
v -0.579852 2.500000 -0.556617
v -0.600416 2.737264 -0.556114
v -0.658977 2.938406 -0.554679
v -0.746619 3.072805 -0.552532
v -0.743135 2.203015 -0.828301
v -0.746619 1.927195 -0.552532
v -0.695046 2.339273 -0.873765
v -0.800503 2.061594 -0.464268
v -0.785329 2.262736 -0.437986
v -0.780000 2.500000 -0.428756
v -0.785329 2.737264 -0.437986
v -0.800503 2.938406 -0.464268
v -0.823212 3.072805 -0.503602
v -0.678159 2.500000 -0.889730
v -0.823212 1.927195 -0.503602
v -0.695046 2.660727 -0.873765
v -0.949564 2.061594 -0.386908
v -0.980087 2.262736 -0.336911
v -0.990805 2.500000 -0.319354
v -0.980087 2.737264 -0.336911
v -0.949564 2.938406 -0.386908
v -0.903884 3.072805 -0.461735
v -0.743135 2.796985 -0.828301
v -0.903884 1.927195 -0.461735
v -0.815105 2.888029 -0.760260
v -1.083468 2.061594 -0.334378
v -1.155041 2.262736 -0.268277
v -1.180174 2.500000 -0.245065
v -1.155041 2.737264 -0.268277
v -1.083468 2.938406 -0.334378
v -0.976352 3.072805 -0.433306
v -0.550000 0.410289 -1.225000
v -0.976352 1.927195 -0.433306
v -0.550000 0.350000 -1.350000
v -1.181828 2.061594 -0.314675
v -1.283555 2.262736 -0.242532
v -1.319276 2.500000 -0.217199
v -1.283555 2.737264 -0.242532
v -1.181828 2.938406 -0.314675
v -1.029584 3.072805 -0.422643
v -0.864411 2.888029 -0.741372
v -1.029584 1.927195 -0.422643
v -0.834239 2.796985 -0.793401
v -1.229671 2.061594 -0.330797
v -1.346064 2.262736 -0.263597
v -1.386936 2.500000 -0.240000
v -1.346064 2.737264 -0.263597
v -1.229671 2.938406 -0.330797
v -1.055476 3.072805 -0.431368
v -0.814079 2.660727 -0.828166
v -1.055476 1.927195 -0.431368
v -0.807000 2.500000 -0.840374
v -1.219712 2.061594 -0.380291
v -1.333052 2.262736 -0.328265
v -1.372852 2.500000 -0.309995
v -1.333052 2.737264 -0.328265
v -1.219712 2.938406 -0.380291
v -1.050087 3.072805 -0.458154
v -0.814079 2.339273 -0.828166
v -1.050087 1.927195 -0.458154
v -0.834239 2.203015 -0.793401
v -1.153468 2.061594 -0.455622
v -1.246500 2.262736 -0.426689
v -1.279168 2.500000 -0.416529
v -1.246500 2.737264 -0.426689
v -1.153468 2.938406 -0.455622
v -1.014236 3.072805 -0.498923
v -0.864411 2.111971 -0.741372
v -1.014236 1.927195 -0.498923
v -0.359789 0.400000 -1.522746
v -1.041023 2.061594 -0.545321
v -1.099584 2.262736 -0.543886
v -1.120148 2.500000 -0.543383
v -1.099584 2.737264 -0.543886
v -1.041023 2.938406 -0.545321
v -0.953381 3.072805 -0.547468
v -0.497099 0.410289 -1.248873
v -0.953381 1.927195 -0.547468
v -0.919134 2.111971 -0.713141
v -0.935355 2.203015 -0.741237
v -0.946194 2.339273 -0.760010
v -0.950000 2.500000 -0.766603
v -0.946194 2.660727 -0.760010
v -0.899497 2.938406 -0.635732
v -0.935355 2.796985 -0.741237
v -0.458373 0.575000 -1.174843
v -0.876788 1.927195 -0.596398
v -0.444199 0.800000 -1.147746
v -0.563957 2.660727 -0.874015
v -0.536269 2.500000 -0.890000
v -0.563957 2.339273 -0.874015
v -0.642804 2.203015 -0.828492
v -0.760806 2.111971 -0.760364
v -0.458373 1.025000 -1.174843
v -0.648852 2.796985 -0.793755
v -0.764079 2.888029 -0.741564
v -0.497099 1.189711 -1.248873
v -0.571859 2.660727 -0.828628
v -0.544823 2.500000 -0.840873
v -0.571859 2.339273 -0.828628
v -0.648852 2.203015 -0.793755
v -0.764079 2.111971 -0.741564
v -0.550000 1.250000 -1.350000
v -0.693135 2.796985 -0.741699
v -0.788045 2.888029 -0.713391
v -0.385272 0.325000 -1.533096
v -0.629717 2.660727 -0.760613
v -0.607448 2.500000 -0.767255
v -0.629717 2.339273 -0.760613
v -0.693135 2.203015 -0.741699
v -0.788045 2.111971 -0.713391
v -0.464405 1.189711 -1.311373
v -0.768911 2.796985 -0.680250
v -0.829055 2.888029 -0.680135
v -0.401745 1.025000 -1.283096
v -0.728724 2.660727 -0.680326
v -0.714612 2.500000 -0.680353
v -0.728724 2.339273 -0.680326
v -0.768911 2.203015 -0.680250
v -0.829055 2.111971 -0.680135
v -0.378810 0.800000 -1.272746
v -0.864645 2.796985 -0.618763
v -0.880866 2.888029 -0.646859
v -0.401745 0.575000 -1.283096
v -0.853806 2.660727 -0.599990
v -0.850000 2.500000 -0.593397
v -0.853806 2.339273 -0.599990
v -0.864645 2.203015 -0.618763
v -0.880866 2.111971 -0.646859
v -0.464405 0.410289 -1.311373
v -0.965761 2.796985 -0.566599
v -0.935589 2.888029 -0.618628
v -0.454894 0.270096 -1.561373
v -0.985921 2.660727 -0.531834
v -0.993000 2.500000 -0.519626
v -0.985921 2.339273 -0.531834
v -0.965761 2.203015 -0.566599
v -0.935589 2.111971 -0.618628
v -0.550000 0.250000 -1.600000
v -1.056865 2.796985 -0.531699
v -0.984895 2.888029 -0.599740
v -0.464405 0.410289 -1.388627
v -1.104954 2.660727 -0.486235
v -1.121841 2.500000 -0.470270
v -1.104954 2.339273 -0.486235
v -1.056865 2.203015 -0.531699
v -0.984895 2.111971 -0.599740
v -0.401745 0.575000 -1.416904
v -1.124089 2.796985 -0.519376
v -1.021276 2.888029 -0.593071
v -0.378810 0.800000 -1.427254
v -1.192786 2.660727 -0.470135
v -1.216909 2.500000 -0.452844
v -1.192786 2.339273 -0.470135
v -1.124089 2.203015 -0.519376
v -1.021276 2.111971 -0.593071
v -0.401745 1.025000 -1.416904
v -1.157196 2.796985 -0.531508
v -1.039194 2.888029 -0.599636
v -0.464405 1.189711 -1.388627
v -1.236043 2.660727 -0.485985
v -1.263731 2.500000 -0.470000
v -1.236043 2.339273 -0.485985
v -1.157196 2.203015 -0.531508
v -1.039194 2.111971 -0.599636
v -0.600000 0.405025 0.600000
v -1.151148 2.796985 -0.566245
v -1.035921 2.888029 -0.618436
v -0.454894 0.270096 -1.638627
v -1.228141 2.660727 -0.531373
v -1.255177 2.500000 -0.519127
v -1.228141 2.339273 -0.531373
v -1.151148 2.203015 -0.566245
v -1.035921 2.111971 -0.618436
v -0.497099 1.189711 -1.451127
v -1.106865 2.796985 -0.618301
v -1.011955 2.888029 -0.646609
v -0.458373 1.025000 -1.525157
v -1.170282 2.660727 -0.599387
v -1.192552 2.500000 -0.592745
v -1.170282 2.339273 -0.599387
v -1.106865 2.203015 -0.618301
v -1.011955 2.111971 -0.646609
v -0.444199 0.800000 -1.552254
v -1.031089 2.796985 -0.679750
v -0.970945 2.888029 -0.679865
v -0.458373 0.575000 -1.525157
v -1.071276 2.660727 -0.679674
v -1.085387 2.500000 -0.679647
v -1.071276 2.339273 -0.679674
v -1.031089 2.203015 -0.679750
v -0.970945 2.111971 -0.679865
v -0.497099 0.410289 -1.451127
v -0.385272 0.325000 -1.666904
v -0.919134 2.888029 -0.713141
v -0.359789 0.400000 -1.677254
v -0.550000 0.410289 -1.475000
v -0.385272 0.475000 -1.666904
v -0.550000 0.800000 -1.600000
v -0.454894 0.529904 -1.638627
v -0.550000 1.189711 -1.475000
v -0.550000 0.550000 -1.600000
v -0.550000 1.025000 -1.133494
v -0.550000 1.189711 -1.225000
v -0.523359 0.632122 0.477375
v -0.655801 0.800000 -1.147746
v -0.641627 0.575000 -1.174843
v -0.602901 0.410289 -1.248873
v -0.491221 0.529904 -1.701127
v -0.641627 1.025000 -1.174843
v -0.602901 1.189711 -1.248873
v -0.448193 0.475000 -1.775157
v -0.721190 0.800000 -1.272746
v -0.698255 0.575000 -1.283096
v -0.635595 0.410289 -1.311373
v -0.432443 0.400000 -1.802254
v -0.698255 1.025000 -1.283096
v -0.635595 1.189711 -1.311373
v -0.448193 0.325000 -1.775157
v -0.721190 0.800000 -1.427254
v -0.698255 0.575000 -1.416904
v -0.635595 0.410289 -1.388627
v -0.491221 0.270096 -1.701127
v -0.698255 1.025000 -1.416904
v -0.635595 1.189711 -1.388627
v -0.496447 0.900000 0.434315
v -0.655801 0.800000 -1.552254
v -0.641627 0.575000 -1.525157
v -0.602901 0.410289 -1.451127
v -0.523359 1.167878 0.477375
v -0.641627 1.025000 -1.525157
v -0.602901 1.189711 -1.451127
v -0.550000 0.270096 -1.725000
v -0.600000 1.394975 0.600000
v -0.550000 0.575000 -1.566506
v -0.550000 0.400000 -1.850000
v -0.714701 1.546716 0.783522
v -0.550000 1.025000 -1.566506
v -0.550000 0.529904 -1.725000
v -0.850000 1.600000 1.000000
v -0.385272 0.475000 -1.533096
v -0.454894 0.529904 -1.561373
v -0.800000 0.140000 0.950000
v -0.432443 0.400000 -1.397746
v -0.448193 0.325000 -1.424843
v -0.491221 0.270096 -1.498873
v -0.776777 1.546716 0.717157
v -0.448193 0.475000 -1.424843
v -0.491221 0.529904 -1.498873
v -0.714701 1.394975 0.477375
v -0.550000 0.400000 -1.350000
v -0.550000 0.325000 -1.383494
v -0.550000 0.270096 -1.475000
v -0.673223 1.167878 0.317157
v -0.550000 0.475000 -1.383494
v -0.550000 0.529904 -1.475000
v -0.658658 0.900000 0.260896
v -0.667557 0.400000 -1.397746
v -0.651807 0.325000 -1.424843
v -0.608779 0.270096 -1.498873
v -0.673223 0.632122 0.317157
v -0.651807 0.475000 -1.424843
v -0.608779 0.529904 -1.498873
v -0.714701 0.405025 0.477375
v -0.740211 0.400000 -1.522746
v -0.714728 0.325000 -1.533096
v -0.645106 0.270096 -1.561373
v -0.776777 0.253284 0.717157
v -0.714728 0.475000 -1.533096
v -0.645106 0.529904 -1.561373
v -0.850000 0.200000 1.000000
v -0.740211 0.400000 -1.677254
v -0.714728 0.325000 -1.666904
v -0.645106 0.270096 -1.638627
v -0.800000 0.080000 0.869615
v -0.714728 0.475000 -1.666904
v -0.645106 0.529904 -1.638627
v -0.800000 0.036077 0.650000
v -0.667557 0.400000 -1.802254
v -0.651807 0.325000 -1.775157
v -0.608779 0.270096 -1.701127
v -0.850000 0.405025 0.434315
v -0.651807 0.475000 -1.775157
v -0.608779 0.529904 -1.701127
v -0.850000 0.632122 0.260896
v -0.850000 0.900000 0.200000
v -0.550000 0.325000 -1.816506
v -0.850000 1.167878 0.260896
v -0.800000 0.020000 0.350000
v -0.550000 0.475000 -1.816506
v -0.850000 1.546716 0.693853
v -0.243534 1.521052 -2.008899
v -0.714701 0.253284 0.783522
v -0.697138 0.036077 0.592705
v -0.523359 0.405025 0.783522
v -0.423223 0.632122 0.717157
v -0.388060 0.900000 0.693853
v -0.423223 1.167878 0.717157
v -0.523359 1.394975 0.783522
v -0.673223 1.546716 0.882843
v -0.621837 0.080000 0.770378
v -0.673223 0.253284 0.882843
v -0.594275 0.140000 0.835410
v -0.496447 0.405025 1.000000
v -0.388060 0.632122 1.000000
v -0.350000 0.900000 1.000000
v -0.388060 1.167878 1.000000
v -0.496447 1.394975 1.000000
v -0.658658 1.546716 1.000000
v -0.621837 0.200000 0.770378
v -0.658658 0.253284 1.000000
v -0.697138 0.243923 0.592705
v -0.523359 0.405025 1.216478
v -0.423223 0.632122 1.282843
v -0.388060 0.900000 1.306147
v -0.423223 1.167878 1.282843
v -0.523359 1.394975 1.216478
v -0.673223 1.546716 1.117157
v -0.800000 0.260000 0.350000
v -0.673223 0.253284 1.117157
v -0.238801 1.513000 -2.015414
v -0.600000 0.405025 1.400000
v -0.523359 0.632122 1.522625
v -0.496447 0.900000 1.565686
v -0.523359 1.167878 1.522625
v -0.600000 1.394975 1.400000
v -0.714701 1.546716 1.216478
v -0.633565 0.243923 0.442705
v -0.714701 0.253284 1.216478
v -0.511726 0.200000 0.510570
v -0.714701 0.405025 1.522625
v -0.673223 0.632122 1.682843
v -0.658658 0.900000 1.739104
v -0.673223 1.167878 1.682843
v -0.714701 1.394975 1.522625
v -0.776777 1.546716 1.282843
v -0.467130 0.140000 0.535410
v -0.776777 0.253284 1.282843
v -0.511726 0.080000 0.510570
v -0.850000 0.405025 1.565685
v -0.850000 0.632122 1.739104
v -0.850000 0.900000 1.800000
v -0.850000 1.167878 1.739104
v -0.850000 1.394975 1.565685
v -0.850000 1.546716 1.306147
v -0.633565 0.036077 0.442705
v -0.850000 0.253284 1.306147
v -0.237069 1.502000 -2.017798
v -0.985299 0.405025 1.522625
v -1.026777 0.632122 1.682842
v -1.041342 0.900000 1.739104
v -1.026777 1.167878 1.682842
v -0.985299 1.394975 1.522625
v -0.923223 1.546716 1.282843
v -0.238801 1.491000 -2.015414
v -0.923223 0.253284 1.282843
v -0.633565 0.036077 0.257295
v -1.100000 0.405025 1.400000
v -1.176641 0.632122 1.522625
v -1.203554 0.900000 1.565685
v -1.176641 1.167878 1.522625
v -1.100000 1.394975 1.400000
v -0.985299 1.546716 1.216478
v -0.511726 0.080000 0.189430
v -0.985299 0.253284 1.216478
v -0.467130 0.140000 0.164590
v -1.176641 0.405025 1.216478
v -1.276777 0.632122 1.282842
v -1.311940 0.900000 1.306146
v -1.276777 1.167878 1.282842
v -1.176641 1.394975 1.216478
v -1.026777 1.546716 1.117157
v -0.511726 0.200000 0.189430
v -1.026777 0.253284 1.117157
v -0.633565 0.243923 0.257295
v -1.203553 0.405025 1.000000
v -1.311940 0.632122 1.000000
v -1.350000 0.900000 1.000000
v -1.311940 1.167878 1.000000
v -1.203553 1.394975 1.000000
v -1.041342 1.546716 1.000000
v -0.243534 1.482947 -2.008899
v -1.041342 0.253284 1.000000
v -0.250000 1.480000 -2.000000
v -1.176641 0.405025 0.783521
v -1.276777 0.632122 0.717157
v -1.311940 0.900000 0.693853
v -1.276777 1.167878 0.717157
v -1.176641 1.394975 0.783521
v -1.026777 1.546716 0.882843
v -0.697138 0.243923 0.107295
v -1.026777 0.253284 0.882843
v -0.621837 0.200000 -0.070378
v -1.100000 0.405025 0.600000
v -1.176641 0.632122 0.477375
v -1.203553 0.900000 0.434314
v -1.176641 1.167878 0.477375
v -1.100000 1.394975 0.600000
v -0.985299 1.546716 0.783521
v -0.594275 0.140000 -0.135410
v -0.985299 0.253284 0.783521
v -0.621837 0.080000 -0.070378
v -0.985299 0.405025 0.477375
v -1.026776 0.632122 0.317157
v -1.041341 0.900000 0.260896
v -1.026776 1.167878 0.317157
v -0.985299 1.394975 0.477375
v -0.923223 1.546716 0.717157
v -0.697138 0.036077 0.107295
v -0.923223 0.253284 0.717157
v -1.338587 1.262000 -2.146292
v -0.250000 1.482947 -2.011000
v -0.800000 0.036077 0.050000
v -1.340116 1.256000 -2.146789
v -0.800000 0.140000 -0.250000
v -0.850000 1.394975 0.434315
v -0.250000 1.502000 -2.022000
v -0.800000 0.243923 0.050000
v -0.850000 0.253284 0.693853
v -1.344294 1.251608 -2.148146
v -0.800000 0.200000 0.869615
v -0.800000 0.243923 0.650000
v -0.250000 1.521052 -2.011000
v -1.005725 0.140000 0.835410
v -0.978163 0.080000 0.770378
v -0.902862 0.036077 0.592705
v -0.250000 1.524000 -2.000000
v -0.978163 0.200000 0.770378
v -0.902862 0.243923 0.592705
v -1.352858 1.273626 -2.150815
v -1.132870 0.140000 0.535410
v -1.088274 0.080000 0.510570
v -0.966435 0.036077 0.442705
v -1.350749 1.260980 -2.161933
v -1.088274 0.200000 0.510570
v -0.966435 0.243923 0.442705
v -1.347142 1.250374 -2.149185
v -1.132870 0.140000 0.164590
v -1.088274 0.080000 0.189430
v -0.966435 0.036077 0.257295
v -1.349251 1.263020 -2.138067
v -1.088274 0.200000 0.189430
v -0.966435 0.243923 0.257295
v -0.753662 1.423578 -2.201273
v -1.005725 0.140000 -0.135410
v -0.978163 0.080000 -0.070378
v -0.902862 0.036077 0.107295
v -0.747410 1.405251 -2.217797
v -0.978163 0.200000 -0.070378
v -0.902862 0.243923 0.107295
v -0.746338 1.388422 -2.198727
v -0.752590 1.406749 -2.182203
v -0.800000 0.080000 -0.169615
v -0.253585 1.523659 -2.001434
v -0.258171 1.502000 -1.979573
v -0.800000 0.200000 -0.169615
v -0.246415 1.480341 -1.998566
v -0.241829 1.502000 -2.020427
v -1.350000 1.250000 -2.150000
v -0.239538 1.521052 -2.003399
v -0.231880 1.513000 -2.005888
v -0.229077 1.502000 -2.006798
v -0.231880 1.491000 -2.005888
v -0.239538 1.482947 -2.003399
v -0.243534 1.569052 -2.008899
v -1.344294 1.251608 -2.151854
v -0.239538 1.521052 -1.996601
v -0.231880 1.513000 -1.994112
v -0.229077 1.502000 -1.993202
v -0.231880 1.491000 -1.994112
v -0.239538 1.482947 -1.996601
v -1.340116 1.256000 -2.153212
v -1.338587 1.262000 -2.153708
v -0.243534 1.521052 -1.991101
v -0.238801 1.513000 -1.984586
v -0.237069 1.502000 -1.982202
v -0.238801 1.491000 -1.984586
v -0.243534 1.482947 -1.991101
v -1.340116 1.268000 -2.153212
v -1.344294 1.272392 -2.151854
v -0.250000 1.521052 -1.989000
v -0.250000 1.513000 -1.980947
v -0.250000 1.502000 -1.978000
v -0.250000 1.491000 -1.980947
v -0.250000 1.482947 -1.989000
v -1.350000 1.274000 -2.150000
v -0.238801 1.561000 -2.015414
v -0.256466 1.521052 -1.991101
v -0.261199 1.513000 -1.984586
v -0.262931 1.502000 -1.982202
v -0.261199 1.491000 -1.984586
v -0.256466 1.482947 -1.991101
v -1.346473 1.272392 -2.154854
v -1.343892 1.268000 -2.158408
v -0.260462 1.521052 -1.996601
v -0.268120 1.513000 -1.994112
v -0.270923 1.502000 -1.993202
v -0.268120 1.491000 -1.994112
v -0.260462 1.482947 -1.996601
v -1.342947 1.262000 -2.159708
v -1.343892 1.256000 -2.158408
v -0.260462 1.521052 -2.003399
v -0.268120 1.513000 -2.005888
v -0.270923 1.502000 -2.006798
v -0.268120 1.491000 -2.005888
v -0.260462 1.482947 -2.003399
v -1.346473 1.251608 -2.154854
v -0.237069 1.550000 -2.017798
v -0.256466 1.521052 -2.008899
v -0.261199 1.513000 -2.015414
v -0.262931 1.502000 -2.017798
v -0.261199 1.491000 -2.015414
v -0.256466 1.482947 -2.008899
v -0.238801 1.539000 -2.015414
v -1.350000 1.251608 -2.156000
v -0.243534 1.530947 -2.008899
v -0.250000 1.513000 -2.019053
v -1.350000 1.262000 -2.162000
v -0.250000 1.491000 -2.019053
v -0.250000 1.528000 -2.000000
v -1.350000 1.272392 -2.156000
v -1.338587 1.550000 -2.146292
v -1.340116 1.268000 -2.146789
v -1.344294 1.272392 -2.148146
v -0.250000 1.530947 -2.011000
v -1.342947 1.262000 -2.140292
v -1.343892 1.256000 -2.141593
v -1.346473 1.251608 -2.145146
v -1.340116 1.544000 -2.146789
v -1.343892 1.268000 -2.141593
v -1.346473 1.272392 -2.145146
v -0.250000 1.550000 -2.022000
v -1.350000 1.262000 -2.138000
v -1.350000 1.256000 -2.139608
v -1.350000 1.251608 -2.144000
v -1.344294 1.539608 -2.148146
v -1.350000 1.268000 -2.139608
v -1.350000 1.272392 -2.144000
v -0.250000 1.569052 -2.011000
v -1.357053 1.262000 -2.140292
v -1.356108 1.256000 -2.141593
v -1.353527 1.251608 -2.145146
v -0.250000 1.572000 -2.000000
v -1.356108 1.268000 -2.141593
v -1.353527 1.272392 -2.145146
v -1.350000 1.562000 -2.150000
v -1.361413 1.262000 -2.146292
v -1.359884 1.256000 -2.146789
v -1.355706 1.251608 -2.148146
v -1.350997 1.550000 -2.161959
v -1.359884 1.268000 -2.146789
v -1.355706 1.272392 -2.148146
v -1.350000 1.538000 -2.150000
v -1.361413 1.262000 -2.153708
v -1.359884 1.256000 -2.153212
v -1.355706 1.251608 -2.151854
v -1.349003 1.550000 -2.138041
v -1.359884 1.268000 -2.153212
v -1.355706 1.272392 -2.151854
v -0.750000 1.568000 -2.200000
v -1.357053 1.262000 -2.159708
v -1.356108 1.256000 -2.158408
v -1.353527 1.251608 -2.154854
v -0.747568 1.550000 -2.217835
v -1.356108 1.268000 -2.158408
v -1.353527 1.272392 -2.154854
v -0.750000 1.532000 -2.200000
v -0.752432 1.550000 -2.182165
v -1.350000 1.256000 -2.160392
v -0.250000 1.572000 -2.000000
v -0.258171 1.550000 -1.979573
v -1.350000 1.268000 -2.160392
v -0.250000 1.528000 -2.000000
v -0.241829 1.550000 -2.020427
v -1.350000 1.538000 -2.150000
v -0.239538 1.569052 -2.003399
v -0.231880 1.561000 -2.005888
v -0.229077 1.550000 -2.006798
v -0.231880 1.539000 -2.005888
v -0.239538 1.530947 -2.003399
v -0.243534 1.625052 -2.008899
v -1.344294 1.539608 -2.151854
v -0.239538 1.569052 -1.996601
v -0.231880 1.561000 -1.994112
v -0.229077 1.550000 -1.993202
v -0.231880 1.539000 -1.994112
v -0.239538 1.530947 -1.996601
v -1.340116 1.544000 -2.153212
v -1.338587 1.550000 -2.153708
v -0.243534 1.569052 -1.991101
v -0.238801 1.561000 -1.984586
v -0.237069 1.550000 -1.982202
v -0.238801 1.539000 -1.984586
v -0.243534 1.530947 -1.991101
v -1.340116 1.556000 -2.153212
v -1.344294 1.560392 -2.151854
v -0.250000 1.569052 -1.989000
v -0.250000 1.561000 -1.980947
v -0.250000 1.550000 -1.978000
v -0.250000 1.539000 -1.980947
v -0.250000 1.530947 -1.989000
v -1.350000 1.562000 -2.150000
v -0.238801 1.617000 -2.015414
v -0.256466 1.569052 -1.991101
v -0.261199 1.561000 -1.984586
v -0.262931 1.550000 -1.982202
v -0.261199 1.539000 -1.984586
v -0.256466 1.530947 -1.991101
v -1.346473 1.560392 -2.154854
v -1.343892 1.556000 -2.158408
v -0.260462 1.569052 -1.996601
v -0.268120 1.561000 -1.994112
v -0.270923 1.550000 -1.993202
v -0.268120 1.539000 -1.994112
v -0.260462 1.530947 -1.996601
v -1.342947 1.550000 -2.159708
v -1.343892 1.544000 -2.158408
v -0.260462 1.569052 -2.003399
v -0.268120 1.561000 -2.005888
v -0.270923 1.550000 -2.006798
v -0.268120 1.539000 -2.005888
v -0.260462 1.530947 -2.003399
v -1.346473 1.539608 -2.154854
v -0.237069 1.606000 -2.017798
v -0.256466 1.569052 -2.008899
v -0.261199 1.561000 -2.015414
v -0.262931 1.550000 -2.017798
v -0.261199 1.539000 -2.015414
v -0.256466 1.530947 -2.008899
v -0.238801 1.595000 -2.015414
v -1.350000 1.539608 -2.156000
v -0.243534 1.586947 -2.008899
v -0.250000 1.561000 -2.019053
v -1.350000 1.550000 -2.162000
v -0.250000 1.539000 -2.019053
v -0.250000 1.584000 -2.000000
v -1.350000 1.560392 -2.156000
v -1.338587 1.886000 -2.146292
v -1.340116 1.556000 -2.146789
v -1.344294 1.560392 -2.148146
v -0.250000 1.586947 -2.011000
v -1.342947 1.550000 -2.140292
v -1.343892 1.544000 -2.141593
v -1.346473 1.539608 -2.145146
v -1.340116 1.880000 -2.146789
v -1.343892 1.556000 -2.141593
v -1.346473 1.560392 -2.145146
v -0.250000 1.606000 -2.022000
v -1.350000 1.550000 -2.138000
v -1.350000 1.544000 -2.139608
v -1.350000 1.539608 -2.144000
v -1.344294 1.875608 -2.148146
v -1.350000 1.556000 -2.139608
v -1.350000 1.560392 -2.144000
v -0.250000 1.625052 -2.011000
v -1.357053 1.550000 -2.140292
v -1.356108 1.544000 -2.141593
v -1.353527 1.539608 -2.145146
v -0.250000 1.628000 -2.000000
v -1.356108 1.556000 -2.141593
v -1.353527 1.560392 -2.145146
v -1.346702 1.897499 -2.149055
v -1.361413 1.550000 -2.146292
v -1.359884 1.544000 -2.146789
v -1.355706 1.539608 -2.148146
v -1.350666 1.887171 -2.161924
v -1.359884 1.556000 -2.146789
v -1.355706 1.560392 -2.148146
v -1.353299 1.874501 -2.150945
v -1.361413 1.550000 -2.153708
v -1.359884 1.544000 -2.153212
v -1.355706 1.539608 -2.151854
v -1.349334 1.884829 -2.138076
v -1.359884 1.556000 -2.153212
v -1.355706 1.560392 -2.151854
v -0.745764 1.735432 -2.198524
v -1.357053 1.550000 -2.159708
v -1.356108 1.544000 -2.158408
v -1.353527 1.539608 -2.154854
v -0.747355 1.718863 -2.217784
v -1.356108 1.556000 -2.158408
v -1.353527 1.560392 -2.154854
v -0.754236 1.700568 -2.201476
v -0.752645 1.717137 -2.182216
v -1.350000 1.544000 -2.160392
v -0.245841 1.627539 -1.998336
v -0.258171 1.606000 -1.979573
v -1.350000 1.556000 -2.160392
v -0.254159 1.584461 -2.001664
v -0.241829 1.606000 -2.020427
v -1.350000 1.874000 -2.150000
v -0.239538 1.625052 -2.003399
v -0.231880 1.617000 -2.005888
v -0.229077 1.606000 -2.006798
v -0.231880 1.595000 -2.005888
v -0.239538 1.586947 -2.003399
v 1.153468 2.061594 -0.455622
v -1.344294 1.875608 -2.151854
v -0.239538 1.625052 -1.996601
v -0.231880 1.617000 -1.994112
v -0.229077 1.606000 -1.993202
v -0.231880 1.595000 -1.994112
v -0.239538 1.586947 -1.996601
v -1.340116 1.880000 -2.153212
v -1.338587 1.886000 -2.153708
v -0.243534 1.625052 -1.991101
v -0.238801 1.617000 -1.984586
v -0.237069 1.606000 -1.982202
v -0.238801 1.595000 -1.984586
v -0.243534 1.586947 -1.991101
v -1.340116 1.892000 -2.153212
v -1.344294 1.896392 -2.151854
v -0.250000 1.625052 -1.989000
v -0.250000 1.617000 -1.980947
v -0.250000 1.606000 -1.978000
v -0.250000 1.595000 -1.980947
v -0.250000 1.586947 -1.989000
v -1.350000 1.898000 -2.150000
v 1.246500 2.262736 -0.426689
v -0.256466 1.625052 -1.991101
v -0.261199 1.617000 -1.984586
v -0.262931 1.606000 -1.982202
v -0.261199 1.595000 -1.984586
v -0.256466 1.586947 -1.991101
v -1.346473 1.896392 -2.154854
v -1.343892 1.892000 -2.158408
v -0.260462 1.625052 -1.996601
v -0.268120 1.617000 -1.994112
v -0.270923 1.606000 -1.993202
v -0.268120 1.595000 -1.994112
v -0.260462 1.586947 -1.996601
v -1.342947 1.886000 -2.159708
v -1.343892 1.880000 -2.158408
v -0.260462 1.625052 -2.003399
v -0.268120 1.617000 -2.005888
v -0.270923 1.606000 -2.006798
v -0.268120 1.595000 -2.005888
v -0.260462 1.586947 -2.003399
v -1.346473 1.875608 -2.154854
v 1.279168 2.500000 -0.416529
v -0.256466 1.625052 -2.008899
v -0.261199 1.617000 -2.015414
v -0.262931 1.606000 -2.017798
v -0.261199 1.595000 -2.015414
v -0.256466 1.586947 -2.008899
v 1.246500 2.737264 -0.426689
v -1.350000 1.875608 -2.156000
v 1.153468 2.938406 -0.455622
v -0.250000 1.617000 -2.019053
v -1.350000 1.886000 -2.162000
v -0.250000 1.595000 -2.019053
v 1.014236 3.072805 -0.498923
v -1.350000 1.896392 -2.156000
v 0.850000 3.120000 -0.550000
v -1.340116 1.892000 -2.146789
v -1.344294 1.896392 -2.148146
v 1.157196 2.796985 -0.531508
v -1.342947 1.886000 -2.140292
v -1.343892 1.880000 -2.141593
v -1.346473 1.875608 -2.145146
v 0.953381 3.072805 -0.547468
v -1.343892 1.892000 -2.141593
v -1.346473 1.896392 -2.145146
v 1.041023 2.938406 -0.545321
v -1.350000 1.886000 -2.138000
v -1.350000 1.880000 -2.139608
v -1.350000 1.875608 -2.144000
v 1.099584 2.737264 -0.543886
v -1.350000 1.892000 -2.139608
v -1.350000 1.896392 -2.144000
v 1.120148 2.500000 -0.543383
v -1.357053 1.886000 -2.140292
v -1.356108 1.880000 -2.141593
v -1.353527 1.875608 -2.145146
v 1.099584 2.262736 -0.543886
v -1.356108 1.892000 -2.141593
v -1.353527 1.896392 -2.145146
v 1.041023 2.061594 -0.545321
v -1.361413 1.886000 -2.146292
v -1.359884 1.880000 -2.146789
v -1.355706 1.875608 -2.148146
v 0.953381 1.927195 -0.547468
v -1.359884 1.892000 -2.146789
v -1.355706 1.896392 -2.148146
v 0.850000 1.880000 -0.550000
v -1.361413 1.886000 -2.153708
v -1.359884 1.880000 -2.153212
v -1.355706 1.875608 -2.151854
v 1.039194 2.888029 -0.599636
v -1.359884 1.892000 -2.153212
v -1.355706 1.896392 -2.151854
v 0.900000 2.920000 -0.680000
v -1.357053 1.886000 -2.159708
v -1.356108 1.880000 -2.158408
v -1.353527 1.875608 -2.154854
v 0.899498 2.061594 -0.635732
v -1.356108 1.892000 -2.158408
v -1.353527 1.896392 -2.154854
v 0.914672 2.262736 -0.662014
v 0.920000 2.500000 -0.671244
v -1.350000 1.880000 -2.160392
v 0.914672 2.737264 -0.662014
v 0.550000 0.800000 -1.100000
v -1.350000 1.892000 -2.160392
v 0.876788 3.072805 -0.596398
v 1.035921 2.888029 -0.618436
v 1.014236 1.927195 -0.498923
v 1.151148 2.796985 -0.566245
v 1.219712 2.061594 -0.380291
v 1.333052 2.262736 -0.328265
v 1.372852 2.500000 -0.309995
v 1.333052 2.737264 -0.328265
v 1.219712 2.938406 -0.380291
v 1.050087 3.072805 -0.458154
v 1.228141 2.660727 -0.531372
v 1.050087 1.927195 -0.458154
v 1.255177 2.500000 -0.519127
v 1.229671 2.061594 -0.330797
v 1.346064 2.262736 -0.263597
v 1.386936 2.500000 -0.240000
v 1.346064 2.737264 -0.263597
v 1.229671 2.938406 -0.330797
v 1.055476 3.072805 -0.431368
v 1.228141 2.339273 -0.531372
v 1.055476 1.927195 -0.431368
v 1.151148 2.203015 -0.566245
v 1.181828 2.061594 -0.314675
v 1.283555 2.262736 -0.242532
v 1.319276 2.500000 -0.217199
v 1.283555 2.737264 -0.242532
v 1.181828 2.938406 -0.314675
v 1.029584 3.072805 -0.422643
v 1.035921 2.111971 -0.618436
v 1.029584 1.927195 -0.422643
v 0.900000 2.080000 -0.680000
v 1.083468 2.061594 -0.334378
v 1.155040 2.262736 -0.268277
v 1.180173 2.500000 -0.245065
v 1.155040 2.737264 -0.268277
v 1.083468 2.938406 -0.334378
v 0.976352 3.072805 -0.433306
v 0.550000 0.575000 -1.133494
v 0.976352 1.927195 -0.433306
v 1.011955 2.111971 -0.646609
v 0.949564 2.061594 -0.386909
v 0.980087 2.262736 -0.336911
v 0.990805 2.500000 -0.319354
v 0.980087 2.737264 -0.336911
v 0.949564 2.938406 -0.386909
v 0.903884 3.072805 -0.461736
v 1.106865 2.203015 -0.618301
v 0.903884 1.927195 -0.461736
v 1.170283 2.339273 -0.599387
v 0.800502 2.061594 -0.464268
v 0.785328 2.262736 -0.437986
v 0.780000 2.500000 -0.428757
v 0.785328 2.737264 -0.437986
v 0.800502 2.938406 -0.464268
v 0.823212 3.072805 -0.503602
v 1.192552 2.500000 -0.592745
v 0.823212 1.927195 -0.503602
v 1.170283 2.660727 -0.599387
v 0.658976 2.061594 -0.554679
v 0.600416 2.262736 -0.556114
v 0.579852 2.500000 -0.556618
v 0.600416 2.737264 -0.556114
v 0.658976 2.938406 -0.554679
v 0.746619 3.072805 -0.552532
v 1.106865 2.796985 -0.618301
v 0.746619 1.927195 -0.552532
v 1.011955 2.888029 -0.646609
v 0.546532 2.061594 -0.644378
v 0.453500 2.262736 -0.673311
v 0.420832 2.500000 -0.683471
v 0.453500 2.737264 -0.673311
v 0.546532 2.938406 -0.644378
v 0.685764 3.072805 -0.601077
v 0.550000 0.410289 -1.225000
v 0.685764 1.927195 -0.601077
v 0.550000 0.350000 -1.350000
v 0.480288 2.061594 -0.719709
v 0.366948 2.262736 -0.771736
v 0.327148 2.500000 -0.790005
v 0.366948 2.737264 -0.771736
v 0.480288 2.938406 -0.719709
v 0.649913 3.072805 -0.641846
v 0.970945 2.888029 -0.679865
v 0.649913 1.927195 -0.641846
v 1.031089 2.796985 -0.679750
v 0.470329 2.061594 -0.769203
v 0.353936 2.262736 -0.836403
v 0.313064 2.500000 -0.860000
v 0.353936 2.737264 -0.836403
v 0.470329 2.938406 -0.769203
v 0.644524 3.072805 -0.668632
v 1.071276 2.660727 -0.679674
v 0.644524 1.927195 -0.668632
v 1.085388 2.500000 -0.679647
v 0.518172 2.061594 -0.785325
v 0.416446 2.262736 -0.857468
v 0.380724 2.500000 -0.882801
v 0.416446 2.737264 -0.857468
v 0.518172 2.938406 -0.785325
v 0.670416 3.072805 -0.677357
v 1.071276 2.339273 -0.679674
v 0.670416 1.927195 -0.677357
v 1.031089 2.203015 -0.679750
v 0.616532 2.061594 -0.765622
v 0.544960 2.262736 -0.831723
v 0.519827 2.500000 -0.854935
v 0.544960 2.737264 -0.831723
v 0.616532 2.938406 -0.765622
v 0.723648 3.072805 -0.666694
v 0.970945 2.111971 -0.679865
v 0.723648 1.927195 -0.666694
v 0.740211 0.400000 -1.522746
v 0.750436 2.061594 -0.713091
v 0.719914 2.262736 -0.763089
v 0.709195 2.500000 -0.780646
v 0.719914 2.737264 -0.763089
v 0.750436 2.938406 -0.713091
v 0.796116 3.072805 -0.638264
v 0.602901 0.410289 -1.248873
v 0.796116 1.927195 -0.638264
v 0.919134 2.111971 -0.713141
v 0.935355 2.203015 -0.741237
v 0.946194 2.339273 -0.760010
v 0.950000 2.500000 -0.766603
v 0.946194 2.660727 -0.760010
v 0.899498 2.938406 -0.635732
v 0.935355 2.796985 -0.741237
v 0.641627 0.575000 -1.174843
v 0.876788 1.927195 -0.596398
v 0.655801 0.800000 -1.147746
v 1.236043 2.660727 -0.485985
v 1.263731 2.500000 -0.470000
v 1.236043 2.339273 -0.485985
v 1.157196 2.203015 -0.531508
v 1.039194 2.111971 -0.599636
v 0.641627 1.025000 -1.174843
v 1.124089 2.796985 -0.519376
v 1.021276 2.888029 -0.593071
v 0.602901 1.189711 -1.248873
v 1.192786 2.660727 -0.470135
v 1.216909 2.500000 -0.452844
v 1.192786 2.339273 -0.470135
v 1.124089 2.203015 -0.519376
v 1.021276 2.111971 -0.593071
v 0.550000 1.250000 -1.350000
v 1.056865 2.796985 -0.531699
v 0.984895 2.888029 -0.599740
v 0.714728 0.325000 -1.533096
v 1.104954 2.660727 -0.486235
v 1.121841 2.500000 -0.470270
v 1.104954 2.339273 -0.486235
v 1.056865 2.203015 -0.531699
v 0.984895 2.111971 -0.599740
v 0.635595 1.189711 -1.311373
v 0.965761 2.796985 -0.566599
v 0.935589 2.888029 -0.618628
v 0.698255 1.025000 -1.283096
v 0.985920 2.660727 -0.531834
v 0.993000 2.500000 -0.519626
v 0.985920 2.339273 -0.531834
v 0.965761 2.203015 -0.566599
v 0.935589 2.111971 -0.618628
v 0.721190 0.800000 -1.272746
v 0.864645 2.796985 -0.618763
v 0.880866 2.888029 -0.646859
v 0.698255 0.575000 -1.283096
v 0.853806 2.660727 -0.599990
v 0.850000 2.500000 -0.593398
v 0.853806 2.339273 -0.599990
v 0.864645 2.203015 -0.618763
v 0.880866 2.111971 -0.646859
v 0.635595 0.410289 -1.311373
v 0.768911 2.796985 -0.680250
v 0.829055 2.888029 -0.680135
v 0.645106 0.270096 -1.561373
v 0.728724 2.660727 -0.680326
v 0.714612 2.500000 -0.680353
v 0.728724 2.339273 -0.680326
v 0.768911 2.203015 -0.680250
v 0.829055 2.111971 -0.680135
v 0.550000 0.250000 -1.600000
v 0.693135 2.796985 -0.741699
v 0.788045 2.888029 -0.713391
v 0.635595 0.410289 -1.388627
v 0.629717 2.660727 -0.760613
v 0.607448 2.500000 -0.767255
v 0.629717 2.339273 -0.760613
v 0.693135 2.203015 -0.741699
v 0.788045 2.111971 -0.713391
v 0.698255 0.575000 -1.416904
v 0.648852 2.796985 -0.793755
v 0.764079 2.888029 -0.741564
v 0.721190 0.800000 -1.427254
v 0.571859 2.660727 -0.828628
v 0.544822 2.500000 -0.840873
v 0.571859 2.339273 -0.828628
v 0.648852 2.203015 -0.793755
v 0.764079 2.111971 -0.741564
v 0.698255 1.025000 -1.416904
v 0.642804 2.796985 -0.828492
v 0.760806 2.888029 -0.760364
v 0.635595 1.189711 -1.388627
v 0.563957 2.660727 -0.874015
v 0.536269 2.500000 -0.890000
v 0.563957 2.339273 -0.874015
v 0.642804 2.203015 -0.828492
v 0.760806 2.111971 -0.760364
v 1.100000 0.405025 0.600000
v 0.675912 2.796985 -0.840624
v 0.778724 2.888029 -0.766929
v 0.645106 0.270096 -1.638627
v 0.607214 2.660727 -0.889865
v 0.583091 2.500000 -0.907156
v 0.607214 2.339273 -0.889865
v 0.675912 2.203015 -0.840624
v 0.778724 2.111971 -0.766929
v 0.602901 1.189711 -1.451127
v 0.743135 2.796985 -0.828301
v 0.815105 2.888029 -0.760260
v 0.641627 1.025000 -1.525157
v 0.695046 2.660727 -0.873765
v 0.678159 2.500000 -0.889730
v 0.695046 2.339273 -0.873765
v 0.743135 2.203015 -0.828301
v 0.815105 2.111971 -0.760260
v 0.655801 0.800000 -1.552254
v 0.834239 2.796985 -0.793401
v 0.864411 2.888029 -0.741372
v 0.641627 0.575000 -1.525157
v 0.814080 2.660727 -0.828166
v 0.807000 2.500000 -0.840374
v 0.814080 2.339273 -0.828166
v 0.834239 2.203015 -0.793401
v 0.864411 2.111971 -0.741372
v 0.602901 0.410289 -1.451127
v 0.714728 0.325000 -1.666904
v 0.919134 2.888029 -0.713141
v 0.740211 0.400000 -1.677254
v 0.550000 0.410289 -1.475000
v 0.714728 0.475000 -1.666904
v 0.550000 0.800000 -1.600000
v 0.645106 0.529904 -1.638627
v 0.550000 1.189711 -1.475000
v 0.550000 0.550000 -1.600000
v 0.550000 1.025000 -1.133494
v 0.550000 1.189711 -1.225000
v 1.176641 0.632122 0.477375
v 0.444199 0.800000 -1.147746
v 0.458373 0.575000 -1.174843
v 0.497099 0.410289 -1.248873
v 0.608779 0.529904 -1.701127
v 0.458373 1.025000 -1.174843
v 0.497099 1.189711 -1.248873
v 0.651807 0.475000 -1.775157
v 0.378810 0.800000 -1.272746
v 0.401745 0.575000 -1.283096
v 0.464405 0.410289 -1.311373
v 0.667557 0.400000 -1.802254
v 0.401745 1.025000 -1.283096
v 0.464405 1.189711 -1.311373
v 0.651807 0.325000 -1.775157
v 0.378810 0.800000 -1.427254
v 0.401745 0.575000 -1.416904
v 0.464405 0.410289 -1.388627
v 0.608779 0.270096 -1.701127
v 0.401745 1.025000 -1.416904
v 0.464405 1.189711 -1.388627
v 1.203553 0.900000 0.434315
v 0.444199 0.800000 -1.552254
v 0.458373 0.575000 -1.525157
v 0.497099 0.410289 -1.451127
v 1.176641 1.167878 0.477375
v 0.458373 1.025000 -1.525157
v 0.497099 1.189711 -1.451127
v 0.550000 0.270096 -1.725000
v 1.100000 1.394975 0.600000
v 0.550000 0.575000 -1.566506
v 0.550000 0.400000 -1.850000
v 0.985299 1.546716 0.783522
v 0.550000 1.025000 -1.566506
v 0.550000 0.529904 -1.725000
v 0.850000 1.600000 1.000000
v 0.714728 0.475000 -1.533096
v 0.645106 0.529904 -1.561373
v 0.800000 0.140000 0.950000
v 0.667557 0.400000 -1.397746
v 0.651807 0.325000 -1.424843
v 0.608779 0.270096 -1.498873
v 0.923223 1.546716 0.717157
v 0.651807 0.475000 -1.424843
v 0.608779 0.529904 -1.498873
v 0.985299 1.394975 0.477375
v 0.550000 0.400000 -1.350000
v 0.550000 0.325000 -1.383494
v 0.550000 0.270096 -1.475000
v 1.026777 1.167878 0.317157
v 0.550000 0.475000 -1.383494
v 0.550000 0.529904 -1.475000
v 1.041342 0.900000 0.260896
v 0.432443 0.400000 -1.397746
v 0.448193 0.325000 -1.424843
v 0.491221 0.270096 -1.498873
v 1.026777 0.632122 0.317157
v 0.448193 0.475000 -1.424843
v 0.491221 0.529904 -1.498873
v 0.985299 0.405025 0.477375
v 0.359789 0.400000 -1.522746
v 0.385272 0.325000 -1.533096
v 0.454894 0.270096 -1.561373
v 0.923223 0.253284 0.717157
v 0.385272 0.475000 -1.533096
v 0.454894 0.529904 -1.561373
v 0.850000 0.200000 1.000000
v 0.359789 0.400000 -1.677254
v 0.385272 0.325000 -1.666904
v 0.454894 0.270096 -1.638627
v 0.800000 0.080000 0.869615
v 0.385272 0.475000 -1.666904
v 0.454894 0.529904 -1.638627
v 0.800000 0.036077 0.650000
v 0.432443 0.400000 -1.802254
v 0.448193 0.325000 -1.775157
v 0.491221 0.270096 -1.701127
v 0.850000 0.405025 0.434315
v 0.448193 0.475000 -1.775157
v 0.491221 0.529904 -1.701127
v 0.850000 0.632122 0.260896
v 0.850000 0.900000 0.200000
v 0.550000 0.325000 -1.816506
v 0.850000 1.167878 0.260896
v 0.800000 0.020000 0.350000
v 0.550000 0.475000 -1.816506
v 0.850000 1.546716 0.693853
v 0.256466 1.521052 -2.008899
v 0.985299 0.253284 0.783522
v 0.902862 0.036077 0.592705
v 1.176641 0.405025 0.783522
v 1.276777 0.632122 0.717157
v 1.311940 0.900000 0.693853
v 1.276777 1.167878 0.717157
v 1.176641 1.394975 0.783522
v 1.026777 1.546716 0.882843
v 0.978163 0.080000 0.770378
v 1.026777 0.253284 0.882843
v 1.005725 0.140000 0.835410
v 1.203553 0.405025 1.000000
v 1.311940 0.632122 1.000000
v 1.350000 0.900000 1.000000
v 1.311940 1.167878 1.000000
v 1.203553 1.394975 1.000000
v 1.041342 1.546716 1.000000
v 0.978163 0.200000 0.770378
v 1.041342 0.253284 1.000000
v 0.902862 0.243923 0.592705
v 1.176641 0.405025 1.216478
v 1.276777 0.632122 1.282843
v 1.311940 0.900000 1.306147
v 1.276777 1.167878 1.282843
v 1.176641 1.394975 1.216478
v 1.026777 1.546716 1.117157
v 0.800000 0.260000 0.350000
v 1.026777 0.253284 1.117157
v 0.261199 1.513000 -2.015414
v 1.100000 0.405025 1.400000
v 1.176641 0.632122 1.522625
v 1.203553 0.900000 1.565686
v 1.176641 1.167878 1.522625
v 1.100000 1.394975 1.400000
v 0.985299 1.546716 1.216478
v 0.966435 0.243923 0.442705
v 0.985299 0.253284 1.216478
v 1.088274 0.200000 0.510570
v 0.985299 0.405025 1.522625
v 1.026777 0.632122 1.682843
v 1.041342 0.900000 1.739104
v 1.026777 1.167878 1.682843
v 0.985299 1.394975 1.522625
v 0.923223 1.546716 1.282843
v 1.132870 0.140000 0.535410
v 0.923223 0.253284 1.282843
v 1.088274 0.080000 0.510570
v 0.850000 0.405025 1.565685
v 0.850000 0.632122 1.739104
v 0.850000 0.900000 1.800000
v 0.850000 1.167878 1.739104
v 0.850000 1.394975 1.565685
v 0.850000 1.546716 1.306147
v 0.966435 0.036077 0.442705
v 0.850000 0.253284 1.306147
v 0.262931 1.502000 -2.017798
v 0.714701 0.405025 1.522625
v 0.673223 0.632122 1.682842
v 0.658658 0.900000 1.739104
v 0.673223 1.167878 1.682842
v 0.714701 1.394975 1.522625
v 0.776777 1.546716 1.282843
v 0.261199 1.491000 -2.015414
v 0.776777 0.253284 1.282843
v 0.966435 0.036077 0.257295
v 0.600000 0.405025 1.400000
v 0.523359 0.632122 1.522625
v 0.496446 0.900000 1.565685
v 0.523359 1.167878 1.522625
v 0.600000 1.394975 1.400000
v 0.714701 1.546716 1.216478
v 1.088274 0.080000 0.189430
v 0.714701 0.253284 1.216478
v 1.132870 0.140000 0.164590
v 0.523359 0.405025 1.216478
v 0.423223 0.632122 1.282842
v 0.388060 0.900000 1.306146
v 0.423223 1.167878 1.282842
v 0.523359 1.394975 1.216478
v 0.673223 1.546716 1.117157
v 1.088274 0.200000 0.189430
v 0.673223 0.253284 1.117157
v 0.966435 0.243923 0.257295
v 0.496447 0.405025 1.000000
v 0.388060 0.632122 1.000000
v 0.350000 0.900000 1.000000
v 0.388060 1.167878 1.000000
v 0.496447 1.394975 1.000000
v 0.658658 1.546716 1.000000
v 0.256466 1.482947 -2.008899
v 0.658658 0.253284 1.000000
v 0.250000 1.480000 -2.000000
v 0.523359 0.405025 0.783521
v 0.423223 0.632122 0.717157
v 0.388060 0.900000 0.693853
v 0.423223 1.167878 0.717157
v 0.523359 1.394975 0.783521
v 0.673223 1.546716 0.882843
v 0.902862 0.243923 0.107295
v 0.673223 0.253284 0.882843
v 0.978163 0.200000 -0.070378
v 0.600000 0.405025 0.600000
v 0.523359 0.632122 0.477375
v 0.496447 0.900000 0.434314
v 0.523359 1.167878 0.477375
v 0.600000 1.394975 0.600000
v 0.714701 1.546716 0.783521
v 1.005725 0.140000 -0.135410
v 0.714701 0.253284 0.783521
v 0.978163 0.080000 -0.070378
v 0.714701 0.405025 0.477375
v 0.673224 0.632122 0.317157
v 0.658659 0.900000 0.260896
v 0.673224 1.167878 0.317157
v 0.714701 1.394975 0.477375
v 0.776777 1.546716 0.717157
v 0.902862 0.036077 0.107295
v 0.776777 0.253284 0.717157
v 1.361413 1.262000 -2.146292
v 0.250000 1.482947 -2.011000
v 0.800000 0.036077 0.050000
v 1.359884 1.256000 -2.146789
v 0.800000 0.140000 -0.250000
v 0.850000 1.394975 0.434315
v 0.250000 1.502000 -2.022000
v 0.800000 0.243923 0.050000
v 0.850000 0.253284 0.693853
v 1.355706 1.251608 -2.148146
v 0.800000 0.200000 0.869615
v 0.800000 0.243923 0.650000
v 0.250000 1.521052 -2.011000
v 0.594275 0.140000 0.835410
v 0.621837 0.080000 0.770378
v 0.697138 0.036077 0.592705
v 0.250000 1.524000 -2.000000
v 0.621837 0.200000 0.770378
v 0.697138 0.243923 0.592705
v 1.352858 1.273626 -2.150815
v 0.467130 0.140000 0.535410
v 0.511726 0.080000 0.510570
v 0.633565 0.036077 0.442705
v 1.349251 1.263020 -2.138067
v 0.511726 0.200000 0.510570
v 0.633565 0.243923 0.442705
v 1.347142 1.250374 -2.149185
v 0.467130 0.140000 0.164590
v 0.511726 0.080000 0.189430
v 0.633565 0.036077 0.257295
v 1.350749 1.260980 -2.161933
v 0.511726 0.200000 0.189430
v 0.633565 0.243923 0.257295
v 0.753662 1.423578 -2.201273
v 0.594275 0.140000 -0.135410
v 0.621837 0.080000 -0.070378
v 0.697138 0.036077 0.107295
v 0.752590 1.406749 -2.182203
v 0.621837 0.200000 -0.070378
v 0.697138 0.243923 0.107295
v 0.746338 1.388422 -2.198727
v 0.747410 1.405251 -2.217797
v 0.800000 0.080000 -0.169615
v 0.253585 1.523659 -2.001434
v 0.241829 1.502000 -2.020427
v 0.800000 0.200000 -0.169615
v 0.246415 1.480341 -1.998566
v 0.258171 1.502000 -1.979573
v 1.350000 1.250000 -2.150000
v 0.260462 1.521052 -2.003399
v 0.268120 1.513000 -2.005888
v 0.270923 1.502000 -2.006798
v 0.268120 1.491000 -2.005888
v 0.260462 1.482947 -2.003399
v 0.256466 1.569052 -2.008899
v 1.355706 1.251608 -2.151854
v 0.260462 1.521052 -1.996601
v 0.268120 1.513000 -1.994112
v 0.270923 1.502000 -1.993202
v 0.268120 1.491000 -1.994112
v 0.260462 1.482947 -1.996601
v 1.359884 1.256000 -2.153212
v 1.361413 1.262000 -2.153708
v 0.256466 1.521052 -1.991101
v 0.261199 1.513000 -1.984586
v 0.262931 1.502000 -1.982202
v 0.261199 1.491000 -1.984586
v 0.256466 1.482947 -1.991101
v 1.359884 1.268000 -2.153212
v 1.355706 1.272392 -2.151854
v 0.250000 1.521052 -1.989000
v 0.250000 1.513000 -1.980947
v 0.250000 1.502000 -1.978000
v 0.250000 1.491000 -1.980947
v 0.250000 1.482947 -1.989000
v 1.350000 1.274000 -2.150000
v 0.261199 1.561000 -2.015414
v 0.243534 1.521052 -1.991101
v 0.238801 1.513000 -1.984586
v 0.237069 1.502000 -1.982202
v 0.238801 1.491000 -1.984586
v 0.243534 1.482947 -1.991101
v 1.353527 1.272392 -2.154854
v 1.356108 1.268000 -2.158408
v 0.239538 1.521052 -1.996601
v 0.231880 1.513000 -1.994112
v 0.229077 1.502000 -1.993202
v 0.231880 1.491000 -1.994112
v 0.239538 1.482947 -1.996601
v 1.357053 1.262000 -2.159708
v 1.356108 1.256000 -2.158408
v 0.239538 1.521052 -2.003399
v 0.231880 1.513000 -2.005888
v 0.229077 1.502000 -2.006798
v 0.231880 1.491000 -2.005888
v 0.239538 1.482947 -2.003399
v 1.353527 1.251608 -2.154854
v 0.262931 1.550000 -2.017798
v 0.243534 1.521052 -2.008899
v 0.238801 1.513000 -2.015414
v 0.237069 1.502000 -2.017798
v 0.238801 1.491000 -2.015414
v 0.243534 1.482947 -2.008899
v 0.261199 1.539000 -2.015414
v 1.350000 1.251608 -2.156000
v 0.256466 1.530947 -2.008899
v 0.250000 1.513000 -2.019053
v 1.350000 1.262000 -2.162000
v 0.250000 1.491000 -2.019053
v 0.250000 1.528000 -2.000000
v 1.350000 1.272392 -2.156000
v 1.361413 1.550000 -2.146292
v 1.359884 1.268000 -2.146789
v 1.355706 1.272392 -2.148146
v 0.250000 1.530947 -2.011000
v 1.357053 1.262000 -2.140292
v 1.356108 1.256000 -2.141593
v 1.353527 1.251608 -2.145146
v 1.359884 1.544000 -2.146789
v 1.356108 1.268000 -2.141593
v 1.353527 1.272392 -2.145146
v 0.250000 1.550000 -2.022000
v 1.350000 1.262000 -2.138000
v 1.350000 1.256000 -2.139608
v 1.350000 1.251608 -2.144000
v 1.355706 1.539608 -2.148146
v 1.350000 1.268000 -2.139608
v 1.350000 1.272392 -2.144000
v 0.250000 1.569052 -2.011000
v 1.342947 1.262000 -2.140292
v 1.343892 1.256000 -2.141593
v 1.346473 1.251608 -2.145146
v 0.250000 1.572000 -2.000000
v 1.343892 1.268000 -2.141593
v 1.346473 1.272392 -2.145146
v 1.350000 1.562000 -2.150000
v 1.338587 1.262000 -2.146292
v 1.340116 1.256000 -2.146789
v 1.344294 1.251608 -2.148146
v 1.349003 1.550000 -2.138041
v 1.340116 1.268000 -2.146789
v 1.344294 1.272392 -2.148146
v 1.350000 1.538000 -2.150000
v 1.338587 1.262000 -2.153708
v 1.340116 1.256000 -2.153212
v 1.344294 1.251608 -2.151854
v 1.350997 1.550000 -2.161959
v 1.340116 1.268000 -2.153212
v 1.344294 1.272392 -2.151854
v 0.750000 1.568000 -2.200000
v 1.342947 1.262000 -2.159708
v 1.343892 1.256000 -2.158408
v 1.346473 1.251608 -2.154854
v 0.752432 1.550000 -2.182165
v 1.343892 1.268000 -2.158408
v 1.346473 1.272392 -2.154854
v 0.750000 1.532000 -2.200000
v 0.747568 1.550000 -2.217835
v 1.350000 1.256000 -2.160392
v 0.250000 1.572000 -2.000000
v 0.241829 1.550000 -2.020427
v 1.350000 1.268000 -2.160392
v 0.250000 1.528000 -2.000000
v 0.258171 1.550000 -1.979573
v 1.350000 1.538000 -2.150000
v 0.260462 1.569052 -2.003399
v 0.268120 1.561000 -2.005888
v 0.270923 1.550000 -2.006798
v 0.268120 1.539000 -2.005888
v 0.260462 1.530947 -2.003399
v 0.256466 1.625052 -2.008899
v 1.355706 1.539608 -2.151854
v 0.260462 1.569052 -1.996601
v 0.268120 1.561000 -1.994112
v 0.270923 1.550000 -1.993202
v 0.268120 1.539000 -1.994112
v 0.260462 1.530947 -1.996601
v 1.359884 1.544000 -2.153212
v 1.361413 1.550000 -2.153708
v 0.256466 1.569052 -1.991101
v 0.261199 1.561000 -1.984586
v 0.262931 1.550000 -1.982202
v 0.261199 1.539000 -1.984586
v 0.256466 1.530947 -1.991101
v 1.359884 1.556000 -2.153212
v 1.355706 1.560392 -2.151854
v 0.250000 1.569052 -1.989000
v 0.250000 1.561000 -1.980947
v 0.250000 1.550000 -1.978000
v 0.250000 1.539000 -1.980947
v 0.250000 1.530947 -1.989000
v 1.350000 1.562000 -2.150000
v 0.261199 1.617000 -2.015414
v 0.243534 1.569052 -1.991101
v 0.238801 1.561000 -1.984586
v 0.237069 1.550000 -1.982202
v 0.238801 1.539000 -1.984586
v 0.243534 1.530947 -1.991101
v 1.353527 1.560392 -2.154854
v 1.356108 1.556000 -2.158408
v 0.239538 1.569052 -1.996601
v 0.231880 1.561000 -1.994112
v 0.229077 1.550000 -1.993202
v 0.231880 1.539000 -1.994112
v 0.239538 1.530947 -1.996601
v 1.357053 1.550000 -2.159708
v 1.356108 1.544000 -2.158408
v 0.239538 1.569052 -2.003399
v 0.231880 1.561000 -2.005888
v 0.229077 1.550000 -2.006798
v 0.231880 1.539000 -2.005888
v 0.239538 1.530947 -2.003399
v 1.353527 1.539608 -2.154854
v 0.262931 1.606000 -2.017798
v 0.243534 1.569052 -2.008899
v 0.238801 1.561000 -2.015414
v 0.237069 1.550000 -2.017798
v 0.238801 1.539000 -2.015414
v 0.243534 1.530947 -2.008899
v 0.261199 1.595000 -2.015414
v 1.350000 1.539608 -2.156000
v 0.256466 1.586947 -2.008899
v 0.250000 1.561000 -2.019053
v 1.350000 1.550000 -2.162000
v 0.250000 1.539000 -2.019053
v 0.250000 1.584000 -2.000000
v 1.350000 1.560392 -2.156000
v 1.361413 1.886000 -2.146292
v 1.359884 1.556000 -2.146789
v 1.355706 1.560392 -2.148146
v 0.250000 1.586947 -2.011000
v 1.357053 1.550000 -2.140292
v 1.356108 1.544000 -2.141593
v 1.353527 1.539608 -2.145146
v 1.359884 1.880000 -2.146789
v 1.356108 1.556000 -2.141593
v 1.353527 1.560392 -2.145146
v 0.250000 1.606000 -2.022000
v 1.350000 1.550000 -2.138000
v 1.350000 1.544000 -2.139608
v 1.350000 1.539608 -2.144000
v 1.355706 1.875608 -2.148146
v 1.350000 1.556000 -2.139608
v 1.350000 1.560392 -2.144000
v 0.250000 1.625052 -2.011000
v 1.342947 1.550000 -2.140292
v 1.343892 1.544000 -2.141593
v 1.346473 1.539608 -2.145146
v 0.250000 1.628000 -2.000000
v 1.343892 1.556000 -2.141593
v 1.346473 1.560392 -2.145146
v 1.346702 1.897499 -2.149055
v 1.338587 1.550000 -2.146292
v 1.340116 1.544000 -2.146789
v 1.344294 1.539608 -2.148146
v 1.349334 1.884829 -2.138076
v 1.340116 1.556000 -2.146789
v 1.344294 1.560392 -2.148146
v 1.353299 1.874501 -2.150945
v 1.338587 1.550000 -2.153708
v 1.340116 1.544000 -2.153212
v 1.344294 1.539608 -2.151854
v 1.350666 1.887171 -2.161924
v 1.340116 1.556000 -2.153212
v 1.344294 1.560392 -2.151854
v 0.745764 1.735432 -2.198524
v 1.342947 1.550000 -2.159708
v 1.343892 1.544000 -2.158408
v 1.346473 1.539608 -2.154854
v 0.752645 1.717137 -2.182216
v 1.343892 1.556000 -2.158408
v 1.346473 1.560392 -2.154854
v 0.754236 1.700568 -2.201476
v 0.747355 1.718863 -2.217784
v 1.350000 1.544000 -2.160392
v 0.245841 1.627539 -1.998336
v 0.241829 1.606000 -2.020427
v 1.350000 1.556000 -2.160392
v 0.254159 1.584461 -2.001664
v 0.258171 1.606000 -1.979573
v 1.350000 1.874000 -2.150000
v 0.260462 1.625052 -2.003399
v 0.268120 1.617000 -2.005888
v 0.270923 1.606000 -2.006798
v 0.268120 1.595000 -2.005888
v 0.260462 1.586947 -2.003399
v 0.174525 1.391799 4.298038
v 1.355706 1.875608 -2.151854
v 0.260462 1.625052 -1.996601
v 0.268120 1.617000 -1.994112
v 0.270923 1.606000 -1.993202
v 0.268120 1.595000 -1.994112
v 0.260462 1.586947 -1.996601
v 1.359884 1.880000 -2.153212
v 1.361413 1.886000 -2.153708
v 0.256466 1.625052 -1.991101
v 0.261199 1.617000 -1.984586
v 0.262931 1.606000 -1.982202
v 0.261199 1.595000 -1.984586
v 0.256466 1.586947 -1.991101
v 1.359884 1.892000 -2.153212
v 1.355706 1.896392 -2.151854
v 0.250000 1.625052 -1.989000
v 0.250000 1.617000 -1.980947
v 0.250000 1.606000 -1.978000
v 0.250000 1.595000 -1.980947
v 0.250000 1.586947 -1.989000
v 1.350000 1.898000 -2.150000
v -0.073346 0.959136 3.574958
v 0.243534 1.625052 -1.991101
v 0.238801 1.617000 -1.984586
v 0.237069 1.606000 -1.982202
v 0.238801 1.595000 -1.984586
v 0.243534 1.586947 -1.991101
v 1.353527 1.896392 -2.154854
v 1.356108 1.892000 -2.158408
v 0.239538 1.625052 -1.996601
v 0.231880 1.617000 -1.994112
v 0.229077 1.606000 -1.993202
v 0.231880 1.595000 -1.994112
v 0.239538 1.586947 -1.996601
v 1.357053 1.886000 -2.159708
v 1.356108 1.880000 -2.158408
v 0.239538 1.625052 -2.003399
v 0.231880 1.617000 -2.005888
v 0.229077 1.606000 -2.006798
v 0.231880 1.595000 -2.005888
v 0.239538 1.586947 -2.003399
v 1.353527 1.875608 -2.154854
v -0.141158 0.990376 3.558119
v 0.243534 1.625052 -2.008899
v 0.238801 1.617000 -2.015414
v 0.237069 1.606000 -2.017798
v 0.238801 1.595000 -2.015414
v 0.243534 1.586947 -2.008899
v -0.214149 0.968675 3.565814
v 1.350000 1.875608 -2.156000
v -0.249563 0.906745 3.593534
v 0.250000 1.617000 -2.019053
v 1.350000 1.886000 -2.162000
v 0.250000 1.595000 -2.019053
v -0.226654 0.840864 3.625042
v 1.350000 1.896392 -2.156000
v -0.158842 0.809624 3.641881
v 1.359884 1.892000 -2.146789
v 1.355706 1.896392 -2.148146
v -0.085851 0.831325 3.634186
v 1.357053 1.886000 -2.140292
v 1.356108 1.880000 -2.141593
v 1.353527 1.875608 -2.145146
v -0.050437 0.893255 3.606466
v 1.356108 1.892000 -2.141593
v 1.353527 1.896392 -2.145146
v 0.239990 0.778934 2.808437
v 1.350000 1.886000 -2.138000
v 1.350000 1.880000 -2.139608
v 1.350000 1.875608 -2.144000
v 0.158062 0.819727 2.800756
v 1.350000 1.892000 -2.139608
v 1.350000 1.896392 -2.144000
v 0.071411 0.790385 2.792632
v 1.342947 1.886000 -2.140292
v 1.343892 1.880000 -2.141593
v 1.346473 1.875608 -2.145146
v 0.030796 0.708097 2.788825
v 1.343892 1.892000 -2.141593
v 1.346473 1.896392 -2.145146
v 0.060010 0.621066 2.791563
v 1.338587 1.886000 -2.146292
v 1.340116 1.880000 -2.146789
v 1.344294 1.875608 -2.148146
v 0.141938 0.580273 2.799244
v 1.340116 1.892000 -2.146789
v 1.344294 1.896392 -2.148146
v 0.228589 0.609615 2.807368
v 1.338587 1.886000 -2.153708
v 1.340116 1.880000 -2.153212
v 1.344294 1.875608 -2.151854
v 0.269204 0.691903 2.811175
v 1.340116 1.892000 -2.153212
v 1.344294 1.896392 -2.151854
v -0.092946 0.996135 2.041461
v 1.342947 1.886000 -2.159708
v 1.343892 1.880000 -2.158408
v 1.346473 1.875608 -2.154854
v 0.006156 1.035956 2.032835
v 1.343892 1.892000 -2.158408
v 1.346473 1.896392 -2.154854
v 0.101653 0.996135 2.004974
v 0.137602 0.900000 1.974200
v 1.350000 1.880000 -2.160392
v 0.092946 0.803865 1.958539
v -0.006156 0.764044 1.967165
v 1.350000 1.892000 -2.160392
v -0.101653 0.803865 1.995026
v -0.137602 0.900000 2.025800
v 0.149592 1.356978 4.336260
v 0.095609 1.347358 4.353241
v 0.044198 1.368575 4.339034
v 0.025475 1.408201 4.301962
v 0.050408 1.443022 4.263741
v 0.104391 1.452642 4.246759
v 0.155802 1.431425 4.260966
v 0.049345 2.003321 4.707354
v 0.031897 1.982463 4.734279
v -0.004236 1.971878 4.741124
v -0.037887 1.977766 4.723879
v -0.049345 1.996678 4.692646
v -0.031897 2.017537 4.665720
v 0.004236 2.028122 4.658875
v 0.037887 2.022234 4.676121
v 0.000000 1.040000 2.000000
v 0.000000 1.021244 1.930000
v 0.047553 2.000000 4.715451
v 0.000000 0.900000 1.860000
v 0.041182 1.975000 4.713381
v 0.000000 0.778756 1.930000
v 0.000000 0.760000 2.000000
v 0.023776 1.956699 4.707725
v 0.041145 1.021244 1.943369
v 0.071265 0.970000 1.901912
v 0.082290 0.900000 1.886738
v 0.071265 0.830000 1.901912
v 0.041145 0.778756 1.943369
v 0.000000 1.950000 4.700000
v 0.066574 1.021244 1.978369
v 0.115309 0.970000 1.962534
v 0.133148 0.900000 1.956738
v 0.115309 0.830000 1.962534
v 0.066574 0.778756 1.978369
v 0.023776 1.956699 4.692275
v 0.041182 1.975000 4.686619
v 0.066574 1.021244 2.021631
v 0.115309 0.970000 2.037466
v 0.133148 0.900000 2.043262
v 0.115309 0.830000 2.037466
v 0.066574 0.778756 2.021631
v 0.047553 2.000000 4.684549
v 0.041182 2.025000 4.686619
v 0.041145 1.021244 2.056631
v 0.071265 0.970000 2.098088
v 0.082290 0.900000 2.113262
v 0.071265 0.830000 2.098088
v 0.041145 0.778756 2.056631
v 0.023776 2.043301 4.692275
v 0.000000 2.050000 4.700000
v 0.000000 1.021244 2.070000
v 0.000000 0.970000 2.121243
v 0.000000 0.900000 2.140000
v 0.000000 0.830000 2.121243
v 0.000000 0.778756 2.070000
v 0.014695 2.043301 4.679774
v -0.041145 1.021244 2.056631
v -0.071265 0.970000 2.098088
v -0.082290 0.900000 2.113262
v -0.071265 0.830000 2.098088
v -0.041145 0.778756 2.056631
v 0.025452 2.025000 4.664968
v 0.029389 2.000000 4.659549
v -0.066574 1.021244 2.021631
v -0.115309 0.970000 2.037466
v -0.133148 0.900000 2.043262
v -0.115309 0.830000 2.037466
v -0.066574 0.778756 2.021631
v 0.025452 1.975000 4.664968
v 0.014695 1.956699 4.679774
v -0.066574 1.021244 1.978369
v -0.115309 0.970000 1.962534
v -0.133148 0.900000 1.956738
v -0.115309 0.830000 1.962534
v -0.066574 0.778756 1.978369
v -0.041145 1.021244 1.943369
v -0.071265 0.970000 1.901912
v -0.082290 0.900000 1.886738
v -0.071265 0.830000 1.901912
v -0.041145 0.778756 1.943369
v 0.000000 1.956699 4.675000
v 0.000000 2.000000 4.650000
v -0.000000 0.970000 1.878756
v -0.000000 0.830000 1.878756
v 0.000000 2.043301 4.675000
v 0.041182 2.025000 4.713381
v 0.023776 2.043301 4.707725
v 0.029389 2.000000 4.740451
v 0.025452 1.975000 4.735031
v 0.014695 1.956699 4.720225
v 0.025452 2.025000 4.735031
v 0.014695 2.043301 4.720225
v 0.000000 2.000000 4.750000
v 0.000000 1.975000 4.743301
v 0.000000 1.956699 4.725000
v 0.000000 2.025000 4.743301
v 0.000000 2.043301 4.725000
v -0.029389 2.000000 4.740451
v -0.025452 1.975000 4.735031
v -0.014695 1.956699 4.720225
v -0.025452 2.025000 4.735031
v -0.014695 2.043301 4.720225
v -0.047553 2.000000 4.715451
v -0.041182 1.975000 4.713381
v -0.023776 1.956699 4.707725
v -0.041182 2.025000 4.713381
v -0.023776 2.043301 4.707725
v -0.047553 2.000000 4.684549
v -0.041182 1.975000 4.686619
v -0.023776 1.956699 4.692275
v -0.041182 2.025000 4.686619
v -0.023776 2.043301 4.692275
v -0.029389 2.000000 4.659549
v -0.025452 1.975000 4.664968
v -0.014695 1.956699 4.679774
v -0.025452 2.025000 4.664968
v -0.014695 2.043301 4.679774
v -0.000000 1.975000 4.656699
v -0.000000 2.025000 4.656699
vn -0.0000 1.0000 -0.0000
vn -0.0000 0.9810 -0.1941
vn 0.8169 -0.0000 0.5768
vn 0.7038 0.5183 0.4858
vn -0.0000 0.6285 -0.7778
vn -0.0000 0.3505 -0.9366
vn -0.0000 -0.0000 -1.0000
vn -0.0000 -0.3505 -0.9366
vn -0.0000 -0.6285 -0.7778
vn -0.0000 -0.8136 -0.5814
vn 0.4691 0.8261 0.3123
vn -0.0000 -0.9810 -0.1941
vn -0.0000 -1.0000 -0.0000
vn 0.2338 0.9606 0.1500
vn 0.0781 0.9795 -0.1858
vn 0.1510 0.9181 -0.3665
vn 0.2247 0.8029 -0.5522
vn 0.2941 0.6145 -0.7320
vn 0.3471 0.3399 -0.8741
vn 0.3674 -0.0000 -0.9300
vn 0.3471 -0.3399 -0.8741
vn 0.2941 -0.6145 -0.7320
vn 0.2247 -0.8029 -0.5522
vn 0.1510 -0.9181 -0.3665
vn 0.0781 -0.9795 -0.1858
vn 0.1476 0.9755 -0.1630
vn 0.2840 0.9038 -0.3201
vn 0.4159 0.7758 -0.4746
vn 0.5333 0.5804 -0.6155
vn 0.6183 0.3146 -0.7202
vn 0.6500 -0.0000 -0.7600
vn 0.6183 -0.3146 -0.7202
vn 0.5333 -0.5804 -0.6155
vn 0.4159 -0.7758 -0.4746
vn 0.2840 -0.9038 -0.3201
vn 0.1476 -0.9755 -0.1630
vn 0.2938 0.9527 0.0780
vn 0.5818 0.7973 0.1607
vn 0.2036 0.9704 -0.1299
vn 0.3892 0.8856 -0.2535
vn 0.5589 0.7429 -0.3685
vn 0.7001 0.5411 -0.4660
vn 0.7958 0.2868 -0.5334
vn 0.8300 -0.0000 -0.5578
vn 0.7958 -0.2868 -0.5334
vn 0.7001 -0.5411 -0.4660
vn 0.5589 -0.7429 -0.3685
vn 0.3892 -0.8856 -0.2535
vn 0.2036 -0.9704 -0.1299
vn 0.8436 0.4800 0.2406
vn 0.9604 -0.0000 0.2785
vn 0.2442 0.9655 -0.0899
vn 0.4636 0.8687 -0.1745
vn 0.6546 0.7137 -0.2493
vn 0.8040 0.5083 -0.3088
vn 0.8996 0.2646 -0.3474
vn 0.9327 -0.0000 -0.3608
vn 0.8996 -0.2646 -0.3474
vn 0.8040 -0.5083 -0.3088
vn 0.6546 -0.7137 -0.2493
vn 0.4636 -0.8687 -0.1745
vn 0.2442 -0.9655 -0.0899
vn 0.8436 -0.4800 0.2406
vn 0.5818 -0.7973 0.1607
vn 0.2686 0.9622 -0.0459
vn 0.5077 0.8570 -0.0888
vn 0.7087 0.6943 -0.1253
vn 0.8596 0.4874 -0.1532
vn 0.9528 0.2510 -0.1705
vn 0.9843 -0.0000 -0.1764
vn 0.9528 -0.2510 -0.1705
vn 0.8596 -0.4874 -0.1532
vn 0.7087 -0.6943 -0.1253
vn 0.5077 -0.8570 -0.0888
vn 0.2686 -0.9622 -0.0459
vn 0.2938 -0.9527 0.0780
vn 0.2767 0.9609 -0.0000
vn 0.5223 0.8528 -0.0000
vn 0.7262 0.6875 -0.0000
vn 0.8771 0.4803 -0.0000
vn 0.9691 0.2465 -0.0000
vn 1.0000 -0.0000 -0.0000
vn 0.9691 -0.2465 -0.0000
vn 0.8771 -0.4803 -0.0000
vn 0.7262 -0.6875 -0.0000
vn 0.5223 -0.8528 -0.0000
vn 0.2767 -0.9609 -0.0000
vn 0.1292 -0.9715 -0.1987
vn 0.3135 -0.9496 -0.0000
vn 0.2686 0.9622 0.0459
vn 0.5077 0.8570 0.0888
vn 0.7087 0.6943 0.1253
vn 0.8596 0.4874 0.1532
vn 0.9528 0.2510 0.1705
vn 0.9843 -0.0000 0.1764
vn 0.9528 -0.2510 0.1705
vn 0.8596 -0.4874 0.1532
vn 0.7087 -0.6943 0.1253
vn 0.5077 -0.8570 0.0888
vn 0.2686 -0.9622 0.0459
vn 0.6179 -0.7862 -0.0000
vn 0.8849 -0.4658 -0.0000
vn 0.2442 0.9655 0.0899
vn 0.4636 0.8687 0.1745
vn 0.6546 0.7137 0.2493
vn 0.8040 0.5083 0.3088
vn 0.8996 0.2646 0.3474
vn 0.9327 -0.0000 0.3608
vn 0.8996 -0.2646 0.3474
vn 0.8040 -0.5083 0.3088
vn 0.6546 -0.7137 0.2493
vn 0.4636 -0.8687 0.1745
vn 0.2442 -0.9655 0.0899
vn 0.8849 0.4658 -0.0000
vn 0.2036 0.9704 0.1299
vn 0.3892 0.8856 0.2535
vn 0.5589 0.7429 0.3685
vn 0.7001 0.5411 0.4660
vn 0.7958 0.2868 0.5334
vn 0.8300 -0.0000 0.5578
vn 0.7958 -0.2868 0.5334
vn 0.7001 -0.5411 0.4660
vn 0.5589 -0.7429 0.3685
vn 0.3892 -0.8856 0.2535
vn 0.2036 -0.9704 0.1299
vn 0.6179 0.7862 -0.0000
vn 0.3135 0.9496 -0.0000
vn 0.1476 0.9755 0.1630
vn 0.2840 0.9038 0.3201
vn 0.4159 0.7758 0.4746
vn 0.5333 0.5804 0.6155
vn 0.6183 0.3146 0.7202
vn 0.6500 -0.0000 0.7600
vn 0.6183 -0.3146 0.7202
vn 0.5333 -0.5804 0.6155
vn 0.4159 -0.7758 0.4746
vn 0.2840 -0.9038 0.3201
vn 0.1476 -0.9755 0.1630
vn 0.2487 -0.8890 -0.3846
vn 0.3594 -0.7481 -0.5578
vn 0.0781 0.9795 0.1858
vn 0.1510 0.9181 0.3665
vn 0.2247 0.8029 0.5522
vn 0.2941 0.6145 0.7320
vn 0.3471 0.3399 0.8741
vn 0.3674 -0.0000 0.9300
vn 0.3471 -0.3399 0.8741
vn 0.2941 -0.6145 0.7320
vn 0.2247 -0.8029 0.5522
vn 0.1510 -0.9181 0.3665
vn 0.0781 -0.9795 0.1858
vn 0.2938 0.9527 -0.0780
vn 0.5818 0.7973 -0.1607
vn -0.0000 0.9810 0.1941
vn -0.0000 0.9236 0.3834
vn -0.0000 0.8136 0.5814
vn -0.0000 0.6285 0.7778
vn -0.0000 0.3505 0.9366
vn -0.0000 -0.0000 1.0000
vn -0.0000 -0.3505 0.9366
vn -0.0000 -0.6285 0.7778
vn -0.0000 -0.8136 0.5814
vn -0.0000 -0.9236 0.3834
vn -0.0000 -0.9810 0.1941
vn 0.8436 0.4800 -0.2406
vn 0.9604 -0.0000 -0.2785
vn -0.0781 0.9795 0.1858
vn -0.1510 0.9181 0.3665
vn -0.2247 0.8029 0.5522
vn -0.2941 0.6145 0.7320
vn -0.3471 0.3399 0.8741
vn -0.3674 -0.0000 0.9300
vn -0.3471 -0.3399 0.8741
vn -0.2941 -0.6145 0.7320
vn -0.2247 -0.8029 0.5522
vn -0.1510 -0.9181 0.3665
vn -0.0781 -0.9795 0.1858
vn 0.8436 -0.4800 -0.2406
vn 0.5818 -0.7973 -0.1607
vn -0.1476 0.9755 0.1630
vn -0.2840 0.9038 0.3201
vn -0.4159 0.7758 0.4746
vn -0.5333 0.5804 0.6155
vn -0.6183 0.3146 0.7202
vn -0.6500 -0.0000 0.7600
vn -0.6183 -0.3146 0.7202
vn -0.5333 -0.5804 0.6155
vn -0.4159 -0.7758 0.4746
vn -0.2840 -0.9038 0.3201
vn -0.1476 -0.9755 0.1630
vn 0.2938 -0.9527 -0.0780
vn 0.4528 -0.5465 -0.7045
vn -0.2036 0.9704 0.1299
vn -0.3892 0.8856 0.2535
vn -0.5589 0.7429 0.3685
vn -0.7001 0.5411 0.4660
vn -0.7958 0.2868 0.5334
vn -0.8300 -0.0000 0.5578
vn -0.7958 -0.2868 0.5334
vn -0.7001 -0.5411 0.4660
vn -0.5589 -0.7429 0.3685
vn -0.3892 -0.8856 0.2535
vn -0.2036 -0.9704 0.1299
vn 0.5167 -0.2901 -0.8055
vn 0.2338 -0.9606 -0.1500
vn -0.2442 0.9655 0.0899
vn -0.4636 0.8687 0.1745
vn -0.6546 0.7137 0.2493
vn -0.8040 0.5083 0.3088
vn -0.8996 0.2646 0.3474
vn -0.9327 -0.0000 0.3608
vn -0.8996 -0.2646 0.3474
vn -0.8040 -0.5083 0.3088
vn -0.6546 -0.7137 0.2493
vn -0.4636 -0.8687 0.1745
vn -0.2442 -0.9655 0.0899
vn 0.4691 -0.8261 -0.3123
vn 0.7038 -0.5183 -0.4858
vn -0.2686 0.9622 0.0459
vn -0.5077 0.8570 0.0888
vn -0.7087 0.6943 0.1253
vn -0.8596 0.4874 0.1532
vn -0.9528 0.2510 0.1705
vn -0.9843 -0.0000 0.1764
vn -0.9528 -0.2510 0.1705
vn -0.8596 -0.4874 0.1532
vn -0.7087 -0.6943 0.1253
vn -0.5077 -0.8570 0.0888
vn -0.2686 -0.9622 0.0459
vn 0.8169 -0.0000 -0.5768
vn 0.7038 0.5183 -0.4858
vn -0.2767 0.9609 -0.0000
vn -0.5223 0.8528 -0.0000
vn -0.7262 0.6875 -0.0000
vn -0.8771 0.4803 -0.0000
vn -0.9691 0.2465 -0.0000
vn -1.0000 -0.0000 -0.0000
vn -0.9691 -0.2465 -0.0000
vn -0.8771 -0.4803 -0.0000
vn -0.7262 -0.6875 -0.0000
vn -0.5223 -0.8528 -0.0000
vn -0.2767 -0.9609 -0.0000
vn 0.4691 0.8261 -0.3123
vn 0.2338 0.9606 -0.1500
vn -0.2686 0.9622 -0.0459
vn -0.5077 0.8570 -0.0888
vn -0.7087 0.6943 -0.1253
vn -0.8596 0.4874 -0.1532
vn -0.9528 0.2510 -0.1705
vn -0.9843 -0.0000 -0.1764
vn -0.9528 -0.2510 -0.1705
vn -0.8596 -0.4874 -0.1532
vn -0.7087 -0.6943 -0.1253
vn -0.5077 -0.8570 -0.0888
vn -0.2686 -0.9622 -0.0459
vn 0.5396 -0.0000 -0.8419
vn 0.5167 0.2901 -0.8055
vn -0.2442 0.9655 -0.0899
vn -0.4636 0.8687 -0.1745
vn -0.6546 0.7137 -0.2493
vn -0.8039 0.5083 -0.3088
vn -0.8996 0.2646 -0.3474
vn -0.9327 -0.0000 -0.3608
vn -0.8996 -0.2646 -0.3474
vn -0.8040 -0.5083 -0.3088
vn -0.6546 -0.7137 -0.2493
vn -0.4636 -0.8687 -0.1745
vn -0.2442 -0.9655 -0.0899
vn 0.1329 0.9695 -0.2060
vn 0.2711 0.8587 -0.4349
vn -0.2036 0.9704 -0.1299
vn -0.3892 0.8856 -0.2535
vn -0.5589 0.7429 -0.3685
vn -0.7001 0.5411 -0.4660
vn -0.7958 0.2868 -0.5334
vn -0.8300 -0.0000 -0.5578
vn -0.7958 -0.2868 -0.5334
vn -0.7001 -0.5411 -0.4660
vn -0.5589 -0.7429 -0.3685
vn -0.3892 -0.8856 -0.2535
vn -0.2036 -0.9704 -0.1299
vn 0.4235 0.5638 -0.7091
vn 0.5008 -0.0000 -0.8656
vn -0.1476 0.9755 -0.1630
vn -0.2840 0.9038 -0.3201
vn -0.4159 0.7758 -0.4746
vn -0.5333 0.5804 -0.6155
vn -0.6183 0.3146 -0.7202
vn -0.6500 -0.0000 -0.7600
vn -0.6183 -0.3146 -0.7202
vn -0.5333 -0.5804 -0.6155
vn -0.4159 -0.7758 -0.4746
vn -0.2840 -0.9038 -0.3201
vn -0.1476 -0.9755 -0.1630
vn 0.4235 -0.5638 -0.7091
vn 0.2711 -0.8587 -0.4349
vn -0.0781 0.9795 -0.1858
vn -0.1510 0.9181 -0.3665
vn -0.2247 0.8029 -0.5522
vn -0.2941 0.6145 -0.7320
vn -0.3471 0.3399 -0.8741
vn -0.3674 -0.0000 -0.9300
vn -0.3471 -0.3399 -0.8741
vn -0.2941 -0.6145 -0.7320
vn -0.2247 -0.8029 -0.5522
vn -0.1510 -0.9181 -0.3665
vn -0.0781 -0.9795 -0.1858
vn 0.1329 -0.9695 -0.2060
vn 0.4528 0.5465 -0.7045
vn 0.3594 0.7481 -0.5578
vn -0.0000 0.9236 -0.3834
vn -0.0000 0.8136 -0.5814
vn 0.2487 0.8890 -0.3846
vn 0.1292 0.9715 -0.1987
vn -0.0000 0.5851 -0.8110
vn 0.7889 -0.0000 0.6145
vn -0.0000 -0.9236 -0.3834
vn -0.0000 0.9735 -0.2287
vn 0.0672 0.9726 -0.2228
vn 0.7038 -0.5183 0.4858
vn 0.4691 -0.8261 0.3123
vn 0.2338 -0.9606 0.1500
vn 0.1295 0.8927 -0.4317
vn 0.5008 -0.0000 0.8656
vn 0.4235 0.5638 0.7091
vn 0.2711 0.8587 0.4349
vn 0.1329 0.9695 0.2060
vn 0.1880 0.7547 -0.6285
vn 0.4235 -0.5638 0.7091
vn 0.2711 -0.8587 0.4349
vn 0.1329 -0.9695 0.2060
vn 0.2379 0.5542 -0.7977
vn -0.0000 0.5851 0.8110
vn -0.0000 0.8738 0.4863
vn -0.0000 0.9735 0.2287
vn 0.2725 0.2954 -0.9157
vn -0.0000 -0.5851 0.8110
vn -0.0000 -0.8738 0.4863
vn -0.0000 -0.9735 0.2287
vn 0.2851 -0.0000 -0.9585
vn -0.5008 -0.0000 0.8656
vn -0.4235 0.5638 0.7091
vn -0.2711 0.8587 0.4349
vn -0.1329 0.9695 0.2060
vn 0.2725 -0.2954 -0.9157
vn -0.4235 -0.5638 0.7091
vn -0.2711 -0.8587 0.4349
vn -0.1329 -0.9695 0.2060
vn 0.2379 -0.5542 -0.7977
vn -0.8169 -0.0000 0.5768
vn -0.7038 0.5183 0.4858
vn -0.4691 0.8261 0.3123
vn -0.2338 0.9606 0.1500
vn 0.1880 -0.7547 -0.6285
vn -0.7038 -0.5183 0.4858
vn -0.4691 -0.8261 0.3123
vn -0.2338 -0.9606 0.1500
vn 0.1295 -0.8927 -0.4317
vn -0.9604 -0.0000 0.2785
vn -0.8436 0.4800 0.2406
vn -0.5818 0.7973 0.1607
vn -0.2938 0.9527 0.0780
vn 0.0672 -0.9726 -0.2228
vn -0.8436 -0.4800 0.2406
vn -0.5818 -0.7973 0.1607
vn -0.2938 -0.9527 0.0780
vn 0.7074 0.4496 0.5454
vn -0.8849 0.4658 -0.0000
vn -0.6179 0.7862 -0.0000
vn -0.3135 0.9496 -0.0000
vn 0.5091 0.7703 0.3839
vn -0.8849 -0.4658 -0.0000
vn -0.6179 -0.7862 -0.0000
vn -0.3135 -0.9496 -0.0000
vn -0.0000 -0.9729 -0.2311
vn -0.9604 -0.0000 -0.2785
vn -0.8436 0.4800 -0.2406
vn -0.5818 0.7973 -0.1607
vn -0.2938 0.9527 -0.0780
vn 0.2680 0.9432 0.1963
vn -0.8436 -0.4800 -0.2406
vn -0.5818 -0.7973 -0.1607
vn -0.2938 -0.9527 -0.0780
vn -0.8169 -0.0000 -0.5768
vn -0.7038 0.5183 -0.4858
vn -0.4691 0.8261 -0.3123
vn -0.2338 0.9606 -0.1500
vn -0.7038 -0.5183 -0.4858
vn -0.4691 -0.8261 -0.3123
vn -0.2338 -0.9606 -0.1500
vn -0.0000 -0.2974 -0.9547
vn -0.5008 -0.0000 -0.8656
vn -0.4235 0.5638 -0.7091
vn -0.2711 0.8587 -0.4349
vn -0.1329 0.9695 -0.2060
vn -0.4235 -0.5638 -0.7091
vn -0.2711 -0.8587 -0.4349
vn -0.1329 -0.9695 -0.2060
vn 0.3392 0.9351 0.1029
vn 0.6364 0.7453 0.1989
vn 0.8638 0.4220 0.2752
vn -0.0000 0.8738 -0.4863
vn 0.9521 -0.0000 0.3057
vn -0.0000 0.9729 -0.2311
vn -0.0000 -0.5851 -0.8110
vn -0.0000 -0.8738 -0.4863
vn -0.0000 -0.9735 -0.2287
vn 0.8638 -0.4220 0.2752
vn 0.6364 -0.7453 0.1989
vn 0.1816 -0.9701 -0.1612
vn 0.3487 -0.8840 -0.3114
vn 0.5015 -0.7394 -0.4493
vn 0.6279 -0.5364 -0.5640
vn 0.7129 -0.2832 -0.6415
vn 0.7431 -0.0000 -0.6692
vn 0.7129 0.2832 -0.6415
vn 0.6279 0.5364 -0.5640
vn 0.5015 0.7394 -0.4493
vn 0.3487 0.8840 -0.3114
vn 0.1816 0.9701 -0.1612
vn 0.3392 -0.9351 0.1029
vn 0.2210 -0.9687 -0.1133
vn 0.4237 -0.8791 -0.2185
vn 0.6062 -0.7309 -0.3136
vn 0.7546 -0.5268 -0.3913
vn 0.8528 -0.2767 -0.4430
vn 0.8873 -0.0000 -0.4612
vn 0.8528 0.2767 -0.4430
vn 0.7546 0.5268 -0.3913
vn 0.6062 0.7309 -0.3136
vn 0.4237 0.8791 -0.2185
vn 0.2210 0.9687 -0.1133
vn -0.0000 -0.4453 0.8954
vn 0.3627 -0.9319 -0.0000
vn 0.2454 -0.9677 -0.0584
vn 0.4698 -0.8756 -0.1124
vn 0.6699 -0.7248 -0.1608
vn 0.8304 -0.5201 -0.1999
vn 0.9354 -0.2722 -0.2255
vn 0.9721 -0.0000 -0.2345
vn 0.9354 0.2722 -0.2255
vn 0.8304 0.5201 -0.1999
vn 0.6699 0.7248 -0.1608
vn 0.4698 0.8756 -0.1124
vn 0.2454 0.9677 -0.0584
vn 0.6775 -0.7355 -0.0000
vn 0.9113 -0.4117 -0.0000
vn 0.2536 -0.9673 -0.0000
vn 0.4854 -0.8743 -0.0000
vn 0.6912 -0.7227 -0.0000
vn 0.8556 -0.5177 -0.0000
vn 0.9627 -0.2706 -0.0000
vn 0.9627 0.2706 -0.0000
vn 0.8556 0.5177 -0.0000
vn 0.6912 0.7227 -0.0000
vn 0.4854 0.8743 -0.0000
vn 0.2536 0.9673 -0.0000
vn 0.9113 0.4117 -0.0000
vn 0.2454 -0.9677 0.0584
vn 0.4698 -0.8756 0.1124
vn 0.6699 -0.7248 0.1608
vn 0.8304 -0.5201 0.1999
vn 0.9354 -0.2722 0.2255
vn 0.9721 -0.0000 0.2345
vn 0.9354 0.2722 0.2255
vn 0.8304 0.5201 0.1999
vn 0.6699 0.7248 0.1608
vn 0.4698 0.8756 0.1124
vn 0.2454 0.9677 0.0584
vn 0.6775 0.7355 -0.0000
vn 0.3627 0.9319 -0.0000
vn 0.2210 -0.9687 0.1133
vn 0.4237 -0.8791 0.2185
vn 0.6062 -0.7309 0.3136
vn 0.7546 -0.5268 0.3913
vn 0.8528 -0.2767 0.4430
vn 0.8873 -0.0000 0.4612
vn 0.8528 0.2767 0.4430
vn 0.7546 0.5268 0.3913
vn 0.6062 0.7309 0.3136
vn 0.4237 0.8791 0.2185
vn 0.2210 0.9687 0.1133
vn -0.0000 -0.8225 0.5688
vn 0.1816 -0.9701 0.1612
vn 0.3487 -0.8840 0.3114
vn 0.5015 -0.7394 0.4493
vn 0.6279 -0.5364 0.5640
vn 0.7129 -0.2832 0.6415
vn 0.7431 -0.0000 0.6692
vn 0.7129 0.2832 0.6415
vn 0.6279 0.5364 0.5640
vn 0.5015 0.7394 0.4493
vn 0.3487 0.8840 0.3114
vn 0.1816 0.9701 0.1612
vn 0.3392 0.9351 -0.1029
vn 0.6364 0.7453 -0.1989
vn 0.1292 -0.9715 0.1987
vn 0.2487 -0.8890 0.3846
vn 0.3594 -0.7481 0.5578
vn 0.4528 -0.5465 0.7045
vn 0.5167 -0.2901 0.8055
vn 0.5396 -0.0000 0.8419
vn 0.5167 0.2901 0.8055
vn 0.4528 0.5465 0.7045
vn 0.3594 0.7481 0.5578
vn 0.2487 0.8890 0.3846
vn 0.1292 0.9715 0.1987
vn 0.8638 0.4220 -0.2752
vn 0.9521 -0.0000 -0.3057
vn 0.0672 -0.9726 0.2228
vn 0.1295 -0.8927 0.4317
vn 0.1880 -0.7547 0.6285
vn 0.2379 -0.5542 0.7977
vn 0.2725 -0.2954 0.9157
vn 0.2851 -0.0000 0.9585
vn 0.2725 0.2954 0.9157
vn 0.2379 0.5542 0.7977
vn 0.1880 0.7547 0.6285
vn 0.1295 0.8927 0.4317
vn 0.0672 0.9726 0.2228
vn 0.8638 -0.4220 -0.2752
vn 0.6364 -0.7453 -0.1989
vn -0.0000 -0.9729 0.2311
vn -0.0000 -0.8940 0.4480
vn -0.0000 -0.7572 0.6532
vn -0.0000 -0.5570 0.8305
vn -0.0000 -0.2974 0.9547
vn -0.0000 0.2974 0.9547
vn -0.0000 0.5570 0.8305
vn -0.0000 0.7572 0.6532
vn -0.0000 0.8940 0.4480
vn -0.0000 0.9729 0.2311
vn 0.3392 -0.9351 -0.1029
vn 0.9009 -0.0000 0.4340
vn -0.0672 -0.9726 0.2228
vn -0.1295 -0.8927 0.4317
vn -0.1880 -0.7547 0.6285
vn -0.2379 -0.5542 0.7977
vn -0.2725 -0.2954 0.9157
vn -0.2851 -0.0000 0.9585
vn -0.2725 0.2954 0.9157
vn -0.2379 0.5542 0.7977
vn -0.1880 0.7547 0.6285
vn -0.1295 0.8927 0.4317
vn -0.0672 0.9726 0.2228
vn 0.2612 -0.8373 0.4803
vn 0.2680 -0.9432 -0.1963
vn -0.1292 -0.9715 0.1987
vn -0.2487 -0.8890 0.3846
vn -0.3594 -0.7481 0.5578
vn -0.4528 -0.5465 0.7045
vn -0.5167 -0.2901 0.8055
vn -0.5396 -0.0000 0.8419
vn -0.5167 0.2901 0.8055
vn -0.4528 0.5465 0.7045
vn -0.3594 0.7481 0.5578
vn -0.2487 0.8890 0.3846
vn -0.1292 0.9715 0.1987
vn 0.5091 -0.7703 -0.3839
vn 0.7074 -0.4496 -0.5454
vn -0.1816 -0.9701 0.1612
vn -0.3487 -0.8840 0.3114
vn -0.5015 -0.7394 0.4493
vn -0.6279 -0.5364 0.5640
vn -0.7129 -0.2832 0.6415
vn -0.7431 -0.0000 0.6692
vn -0.7129 0.2832 0.6415
vn -0.6279 0.5364 0.5640
vn -0.5015 0.7394 0.4493
vn -0.3487 0.8840 0.3114
vn -0.1816 0.9701 0.1612
vn 0.7889 -0.0000 -0.6145
vn 0.7074 0.4496 -0.5454
vn -0.2210 -0.9687 0.1133
vn -0.4237 -0.8791 0.2185
vn -0.6062 -0.7309 0.3136
vn -0.7546 -0.5268 0.3913
vn -0.8528 -0.2767 0.4430
vn -0.8873 -0.0000 0.4612
vn -0.8528 0.2767 0.4430
vn -0.7546 0.5268 0.3913
vn -0.6062 0.7309 0.3136
vn -0.4237 0.8791 0.2185
vn -0.2210 0.9687 0.1133
vn 0.5091 0.7703 -0.3839
vn 0.2680 0.9432 -0.1963
vn -0.2454 -0.9677 0.0584
vn -0.4698 -0.8756 0.1124
vn -0.6699 -0.7248 0.1608
vn -0.8304 -0.5201 0.1999
vn -0.9354 -0.2722 0.2255
vn -0.9721 -0.0000 0.2345
vn -0.9354 0.2722 0.2255
vn -0.8304 0.5201 0.1999
vn -0.6699 0.7248 0.1608
vn -0.4698 0.8756 0.1124
vn -0.2454 0.9677 0.0584
vn 0.4407 -0.4705 0.7644
vn 0.5061 -0.0000 0.8625
vn -0.2536 -0.9673 -0.0000
vn -0.4854 -0.8743 -0.0000
vn -0.6912 -0.7227 -0.0000
vn -0.8556 -0.5177 -0.0000
vn -0.9627 -0.2706 -0.0000
vn -0.9627 0.2706 -0.0000
vn -0.8556 0.5177 -0.0000
vn -0.6912 0.7227 -0.0000
vn -0.4854 0.8743 -0.0000
vn -0.2536 0.9673 -0.0000
vn 0.1507 0.9520 -0.2663
vn 0.2902 0.7981 -0.5280
vn -0.2454 -0.9677 -0.0584
vn -0.4698 -0.8756 -0.1124
vn -0.6699 -0.7248 -0.1608
vn -0.8304 -0.5201 -0.1999
vn -0.9354 -0.2722 -0.2255
vn -0.9721 -0.0000 -0.2345
vn -0.9354 0.2722 -0.2255
vn -0.8304 0.5201 -0.1999
vn -0.6699 0.7248 -0.1608
vn -0.4698 0.8756 -0.1124
vn -0.2454 0.9677 -0.0584
vn 0.4139 0.4812 -0.7727
vn 0.4672 -0.0000 -0.8842
vn -0.2210 -0.9687 -0.1133
vn -0.4237 -0.8791 -0.2185
vn -0.6062 -0.7309 -0.3136
vn -0.7546 -0.5268 -0.3913
vn -0.8528 -0.2767 -0.4430
vn -0.8873 -0.0000 -0.4612
vn -0.8528 0.2767 -0.4430
vn -0.7546 0.5268 -0.3913
vn -0.6062 0.7309 -0.3136
vn -0.4237 0.8791 -0.2185
vn -0.2210 0.9687 -0.1133
vn 0.4139 -0.4812 -0.7727
vn 0.2902 -0.7981 -0.5280
vn -0.1816 -0.9701 -0.1612
vn -0.3487 -0.8840 -0.3114
vn -0.5015 -0.7394 -0.4493
vn -0.6279 -0.5364 -0.5640
vn -0.7129 -0.2832 -0.6415
vn -0.7431 -0.0000 -0.6692
vn -0.7129 0.2832 -0.6415
vn -0.6279 0.5364 -0.5640
vn -0.5015 0.7394 -0.4493
vn -0.3487 0.8840 -0.3114
vn -0.1816 0.9701 -0.1612
vn 0.1507 -0.9520 -0.2663
vn 0.4407 0.4705 0.7644
vn -0.1292 -0.9715 -0.1987
vn -0.2487 -0.8890 -0.3846
vn -0.3594 -0.7481 -0.5578
vn -0.4528 -0.5465 -0.7045
vn -0.5167 -0.2901 -0.8055
vn -0.5396 -0.0000 -0.8419
vn -0.5167 0.2901 -0.8055
vn -0.4528 0.5465 -0.7045
vn -0.3594 0.7481 -0.5578
vn -0.2487 0.8890 -0.3846
vn -0.1292 0.9715 -0.1987
vn 0.2612 0.8373 0.4803
vn -0.0672 -0.9726 -0.2228
vn -0.1295 -0.8927 -0.4317
vn -0.1880 -0.7547 -0.6285
vn -0.2379 -0.5542 -0.7977
vn -0.2725 -0.2954 -0.9157
vn -0.2851 -0.0000 -0.9585
vn -0.2725 0.2954 -0.9157
vn -0.2379 0.5542 -0.7977
vn -0.1880 0.7547 -0.6285
vn -0.1295 0.8927 -0.4317
vn -0.0672 0.9726 -0.2228
vn 0.8638 -0.2790 0.4195
vn 0.4617 0.8642 0.2002
vn -0.0000 -0.8940 -0.4480
vn -0.0000 -0.7572 -0.6532
vn -0.0000 -0.5570 -0.8305
vn -0.0000 0.4957 -0.8685
vn 0.7946 0.5148 0.3218
vn -0.0000 0.2974 -0.9547
vn -0.0000 0.5570 -0.8305
vn -0.0000 0.7572 -0.6532
vn -0.0000 0.8940 -0.4480
vn -0.0000 0.9559 -0.2936
vn 0.9303 -0.0000 0.3667
vn 0.7074 -0.4496 0.5454
vn 0.5091 -0.7703 0.3839
vn 0.2680 -0.9432 0.1963
vn 0.7946 -0.5148 0.3218
vn 0.4672 -0.0000 0.8842
vn 0.4139 0.4813 0.7727
vn 0.2902 0.7981 0.5280
vn 0.1507 0.9520 0.2663
vn 0.4617 -0.8642 0.2002
vn 0.4139 -0.4813 0.7727
vn 0.2902 -0.7981 0.5280
vn 0.1507 -0.9520 0.2663
vn 0.6742 -0.6513 0.3483
vn -0.0000 0.4957 0.8685
vn -0.0000 0.8106 0.5856
vn -0.0000 0.9559 0.2936
vn -0.0000 -0.4957 0.8685
vn -0.0000 -0.8106 0.5856
vn -0.0000 -0.9559 0.2936
vn 0.4617 -0.8642 -0.2002
vn -0.4672 -0.0000 0.8842
vn -0.4139 0.4813 0.7727
vn -0.2902 0.7981 0.5280
vn -0.1507 0.9520 0.2663
vn 0.7946 -0.5148 -0.3218
vn -0.4139 -0.4813 0.7727
vn -0.2902 -0.7981 0.5280
vn -0.1507 -0.9520 0.2663
vn 0.9303 -0.0000 -0.3667
vn -0.7889 -0.0000 0.6145
vn -0.7074 0.4496 0.5454
vn -0.5091 0.7703 0.3839
vn -0.2680 0.9432 0.1963
vn 0.7946 0.5148 -0.3218
vn -0.7074 -0.4496 0.5454
vn -0.5091 -0.7703 0.3839
vn -0.2680 -0.9432 0.1963
vn 0.4617 0.8642 -0.2002
vn -0.9521 -0.0000 0.3057
vn -0.8638 0.4220 0.2752
vn -0.6364 0.7453 0.1989
vn -0.3392 0.9351 0.1029
vn -0.8638 -0.4220 0.2752
vn -0.6364 -0.7453 0.1989
vn -0.3392 -0.9351 0.1029
vn 0.6742 -0.6513 -0.3483
vn -0.9113 0.4117 -0.0000
vn -0.6775 0.7355 -0.0000
vn -0.3627 0.9319 -0.0000
vn 0.2612 0.8373 -0.4803
vn -0.9113 -0.4117 -0.0000
vn -0.6775 -0.7355 -0.0000
vn -0.3627 -0.9319 -0.0000
vn 0.4407 0.4705 -0.7644
vn -0.9521 -0.0000 -0.3057
vn -0.8638 0.4220 -0.2752
vn -0.6364 0.7453 -0.1989
vn -0.3392 0.9351 -0.1029
vn 0.5061 -0.0000 -0.8625
vn -0.8638 -0.4220 -0.2752
vn -0.6364 -0.7453 -0.1989
vn -0.3392 -0.9351 -0.1029
vn 0.4407 -0.4705 -0.7644
vn -0.7889 -0.0000 -0.6145
vn -0.7074 0.4496 -0.5454
vn -0.5091 0.7703 -0.3839
vn -0.2680 0.9432 -0.1963
vn 0.2612 -0.8373 -0.4803
vn -0.7074 -0.4496 -0.5454
vn -0.5091 -0.7703 -0.3839
vn -0.2680 -0.9432 -0.1963
vn 0.8638 -0.2790 -0.4195
vn -0.4672 -0.0000 -0.8842
vn -0.4139 0.4813 -0.7727
vn -0.2902 0.7981 -0.5280
vn -0.1507 0.9520 -0.2663
vn 0.9009 -0.0000 -0.4340
vn -0.4139 -0.4813 -0.7727
vn -0.2902 -0.7981 -0.5280
vn -0.1507 -0.9520 -0.2663
vn -0.0000 -0.8225 -0.5688
vn 0.8638 0.2790 -0.4195
vn -0.0000 0.8106 -0.5856
vn 0.6742 0.6513 -0.3483
vn -0.0000 0.8225 -0.5688
vn -0.0000 -0.4957 -0.8685
vn -0.0000 -0.8106 -0.5856
vn -0.0000 -0.9559 -0.2936
vn -0.0000 0.4453 0.8954
vn -0.0000 0.8225 0.5688
vn -0.5061 -0.0000 0.8625
vn -0.4407 -0.4705 0.7644
vn -0.2612 -0.8373 0.4803
vn 0.3334 0.5642 -0.7553
vn -0.4407 0.4705 0.7644
vn -0.2612 0.8373 0.4803
vn 0.4018 0.2078 -0.8918
vn -0.9303 -0.0000 0.3667
vn -0.7946 -0.5148 0.3218
vn -0.4617 -0.8642 0.2002
vn 0.4106 -0.0000 -0.9118
vn -0.7946 0.5148 0.3218
vn -0.4617 0.8642 0.2002
vn 0.4018 -0.2078 -0.8918
vn -0.9303 -0.0000 -0.3667
vn -0.7946 -0.5148 -0.3218
vn -0.4617 -0.8642 -0.2002
vn 0.3334 -0.5642 -0.7553
vn -0.7946 0.5148 -0.3218
vn -0.4617 0.8642 -0.2002
vn -0.5061 -0.0000 -0.8625
vn -0.4407 -0.4705 -0.7644
vn -0.2612 -0.8373 -0.4803
vn -0.4407 0.4705 -0.7644
vn -0.2612 0.8373 -0.4803
vn -0.0000 -0.5171 -0.8560
vn 0.9243 -0.0000 0.3817
vn -0.0000 -0.4453 -0.8954
vn -0.0000 0.4453 -0.8954
vn -0.0000 0.5171 -0.8560
vn 0.8638 0.2790 0.4195
vn 0.6742 0.6513 0.3483
vn 0.4106 -0.0000 0.9118
vn 0.4018 -0.2078 0.8918
vn 0.3334 -0.5642 0.7553
vn 0.4018 0.2078 0.8918
vn 0.3334 0.5642 0.7553
vn -0.0000 -0.1793 0.9838
vn -0.0000 -0.5171 0.8560
vn -0.0000 0.1793 0.9838
vn -0.0000 0.5171 0.8560
vn 0.8451 -0.4004 0.3543
vn -0.4106 -0.0000 0.9118
vn -0.4018 -0.2078 0.8918
vn -0.3334 -0.5642 0.7553
vn -0.4018 0.2078 0.8918
vn -0.3334 0.5642 0.7553
vn -0.9009 -0.0000 0.4340
vn -0.8638 -0.2790 0.4195
vn -0.6742 -0.6512 0.3483
vn -0.8638 0.2790 0.4195
vn -0.6742 0.6513 0.3483
vn -0.9009 -0.0000 -0.4340
vn -0.8638 -0.2790 -0.4195
vn -0.6742 -0.6512 -0.3483
vn -0.8638 0.2790 -0.4195
vn -0.6742 0.6513 -0.3483
vn 0.5718 -0.7796 0.2554
vn -0.4106 -0.0000 -0.9118
vn -0.4018 -0.2078 -0.8918
vn -0.3334 -0.5642 -0.7553
vn -0.4018 0.2078 -0.8918
vn -0.3334 0.5642 -0.7553
vn 0.9032 -0.0000 0.4291
vn -0.0000 -0.1793 -0.9838
vn 0.5718 -0.7796 -0.2554
vn -0.0000 0.1793 -0.9838
vn 0.8451 -0.4004 -0.3543
vn 0.9243 -0.0000 -0.3817
vn 0.8451 0.4004 -0.3543
vn 0.5718 0.7796 -0.2554
vn 0.8280 -0.3894 0.4035
vn 0.3144 0.7376 -0.5975
vn 0.4524 0.3487 -0.8208
vn -0.6742 -0.6513 0.3483
vn 0.4854 -0.0000 -0.8743
vn 0.4524 -0.3487 -0.8208
vn -0.6742 -0.6513 -0.3483
vn 0.3144 -0.7376 -0.5975
vn 0.5660 -0.7651 0.3070
vn -0.0000 -0.7141 -0.7000
vn 0.5660 -0.7651 -0.3070
vn -0.0000 0.7141 -0.7000
vn 0.8280 -0.3894 -0.4035
vn 0.8451 0.4004 0.3543
vn 0.5718 0.7796 0.2554
vn 0.9032 -0.0000 -0.4291
vn 0.4854 -0.0000 0.8743
vn 0.4524 -0.3487 0.8208
vn 0.3144 -0.7376 0.5975
vn 0.8280 0.3894 -0.4035
vn 0.4524 0.3487 0.8208
vn 0.3144 0.7376 0.5975
vn 0.5660 0.7651 -0.3070
vn -0.0000 -0.3215 0.9469
vn -0.0000 -0.7141 0.7000
vn -0.0000 0.3215 0.9469
vn -0.0000 0.7141 0.7000
vn -0.4854 -0.0000 0.8743
vn -0.4524 -0.3487 0.8208
vn -0.3144 -0.7376 0.5975
vn 0.2844 0.6901 -0.6655
vn -0.4524 0.3487 0.8208
vn -0.3144 0.7376 0.5975
vn 0.3933 0.3029 -0.8681
vn -0.9243 -0.0000 0.3817
vn -0.8451 -0.4004 0.3543
vn -0.5718 -0.7796 0.2554
vn 0.4149 -0.0000 -0.9099
vn -0.8451 0.4004 0.3543
vn -0.5718 0.7796 0.2554
vn 0.3933 -0.3029 -0.8681
vn -0.9243 -0.0000 -0.3817
vn -0.8451 -0.4004 -0.3543
vn -0.5718 -0.7796 -0.2554
vn 0.2844 -0.6901 -0.6655
vn -0.8451 0.4004 -0.3543
vn -0.5718 0.7796 -0.2554
vn -0.4854 -0.0000 -0.8743
vn -0.4524 -0.3487 -0.8208
vn -0.3144 -0.7376 -0.5975
vn -0.4524 0.3487 -0.8208
vn -0.3144 0.7376 -0.5975
vn -0.0000 -0.6498 -0.7601
vn -0.0000 -0.3215 -0.9469
vn -0.0000 0.3215 -0.9469
vn -0.0000 0.6498 -0.7601
vn 0.8280 0.3894 0.4035
vn 0.5660 0.7651 0.3070
vn 0.4149 -0.0000 0.9099
vn 0.3933 -0.3029 0.8681
vn 0.2844 -0.6901 0.6655
vn 0.3933 0.3029 0.8681
vn 0.2844 0.6901 0.6655
vn -0.0000 -0.2644 0.9644
vn -0.0000 -0.6498 0.7601
vn -0.0000 0.2644 0.9644
vn -0.0000 0.6498 0.7601
vn -0.4149 -0.0000 0.9099
vn -0.3933 -0.3029 0.8681
vn -0.2844 -0.6901 0.6655
vn -0.3933 0.3029 0.8681
vn -0.2844 0.6901 0.6655
vn -0.9032 -0.0000 0.4291
vn -0.8280 -0.3894 0.4035
vn -0.5660 -0.7651 0.3070
vn -0.8280 0.3894 0.4035
vn -0.5660 0.7651 0.3070
vn -0.9032 -0.0000 -0.4291
vn -0.8280 -0.3894 -0.4035
vn -0.5660 -0.7651 -0.3070
vn -0.8280 0.3894 -0.4035
vn -0.5660 0.7651 -0.3070
vn -0.4149 -0.0000 -0.9099
vn -0.3933 -0.3029 -0.8681
vn -0.2844 -0.6901 -0.6655
vn -0.3933 0.3029 -0.8681
vn -0.2844 0.6901 -0.6655
vn -0.2605 -0.3317 -0.9067
vn -0.0000 -0.2644 -0.9644
vn -0.0000 0.2644 -0.9644
vn -0.2723 -0.1409 -0.9519
vn -0.2750 -0.0000 -0.9614
vn -0.2723 0.1409 -0.9519
vn -0.2605 0.3317 -0.9067
vn -0.2174 0.6650 -0.7145
vn 0.6443 0.6683 -0.3720
vn -0.3358 0.5813 -0.7412
vn -0.3968 0.2557 -0.8816
vn -0.4088 0.1058 -0.9065
vn -0.4113 -0.0000 -0.9115
vn -0.4088 -0.1058 -0.9065
vn -0.3968 -0.2557 -0.8816
vn -0.3358 -0.5813 -0.7412
vn 0.3900 0.8928 -0.2252
vn -0.4860 -0.2350 -0.8418
vn -0.4976 -0.0970 -0.8619
vn -0.5000 -0.0000 -0.8660
vn -0.4976 0.0970 -0.8619
vn -0.4173 0.5507 -0.7229
vn 0.0040 0.8000 -0.6000
vn -0.2174 -0.6650 -0.7145
vn 0.0647 0.5235 -0.8496
vn 0.0478 -0.5135 -0.8567
vn 0.0776 -0.2469 -0.9659
vn 0.0862 -0.0000 -0.9963
vn 0.0776 0.2469 -0.9659
vn 0.0478 0.5135 -0.8567
vn -0.0084 0.7922 -0.6102
vn 0.0977 0.2532 -0.9625
vn -0.0083 -0.7922 -0.6102
vn 0.1073 -0.0000 -0.9942
vn 0.6452 -0.6671 -0.3725
vn 0.8092 -0.3562 -0.4672
vn 0.8660 -0.0000 -0.5000
vn 0.8092 0.3562 -0.4672
vn 0.6452 0.6671 -0.3725
vn 0.3920 0.8917 -0.2263
vn 0.0977 -0.2532 -0.9625
vn 0.3920 -0.8917 -0.2263
vn 0.0647 -0.5235 -0.8496
vn 0.7658 -0.5135 0.3870
vn 0.8753 -0.2469 0.4157
vn 0.9059 -0.0000 0.4235
vn 0.8753 0.2469 0.4157
vn 0.7658 0.5135 0.3870
vn 0.5243 0.7922 0.3124
vn 0.0040 -0.8000 -0.6000
vn 0.5243 -0.7922 0.3124
vn 0.6549 -0.3317 0.6790
vn 0.6882 -0.1409 0.7117
vn 0.6951 -0.0000 0.7189
vn 0.6882 0.1409 0.7117
vn 0.6549 0.3317 0.6790
vn 0.5101 0.6650 0.5455
vn -0.0000 -0.3082 0.9513
vn 0.5101 -0.6650 0.5455
vn -0.2061 -0.6787 -0.7049
vn 0.5651 -0.2557 0.7844
vn 0.5806 -0.1058 0.8073
vn 0.5837 -0.0000 0.8120
vn 0.5806 0.1058 0.8073
vn 0.5651 0.2557 0.7844
vn 0.4740 0.5813 0.6614
vn -0.2482 -0.3454 -0.9050
vn 0.4740 -0.5813 0.6614
vn -0.2602 -0.1476 -0.9542
vn 0.4860 -0.2350 0.8418
vn 0.4976 -0.0970 0.8619
vn 0.5000 -0.0000 0.8660
vn 0.4976 0.0970 0.8619
vn 0.4860 0.2350 0.8418
vn 0.4173 0.5507 0.7229
vn -0.2630 -0.0000 -0.9648
vn 0.4173 -0.5507 0.7229
vn -0.2602 0.1476 -0.9542
vn 0.3968 -0.2557 0.8816
vn 0.4088 -0.1058 0.9065
vn 0.4113 -0.0000 0.9115
vn 0.4088 0.1058 0.9065
vn 0.3968 0.2557 0.8816
vn 0.3358 0.5813 0.7412
vn -0.2482 0.3454 -0.9050
vn 0.3358 -0.5813 0.7412
vn -0.2061 0.6787 -0.7049
vn 0.2605 -0.3317 0.9067
vn 0.2723 -0.1409 0.9519
vn 0.2750 -0.0000 0.9614
vn 0.2723 0.1409 0.9519
vn 0.2605 0.3317 0.9067
vn 0.2174 0.6650 0.7145
vn -0.0000 -0.6892 0.7246
vn 0.2174 -0.6650 0.7145
vn -0.0478 -0.5135 0.8567
vn -0.0776 -0.2469 0.9659
vn -0.0862 -0.0000 0.9963
vn -0.0776 0.2469 0.9659
vn -0.0478 0.5135 0.8567
vn 0.0083 0.7922 0.6102
vn -0.3274 0.5977 -0.7318
vn 0.0083 -0.7922 0.6102
vn -0.3907 0.2681 -0.8806
vn -0.6452 -0.6671 0.3725
vn -0.8092 -0.3562 0.4672
vn -0.8660 -0.0000 0.5000
vn -0.8092 0.3562 0.4672
vn -0.6452 0.6671 0.3725
vn -0.3920 0.8917 0.2263
vn -0.4037 0.1114 -0.9081
vn -0.3920 -0.8917 0.2263
vn -0.4064 -0.0000 -0.9137
vn -0.7659 -0.5135 -0.3870
vn -0.8753 -0.2469 -0.4157
vn -0.9059 -0.0000 -0.4235
vn -0.8753 0.2469 -0.4157
vn -0.7659 0.5135 -0.3870
vn -0.5243 0.7922 -0.3124
vn -0.4037 -0.1114 -0.9081
vn -0.5243 -0.7922 -0.3124
vn -0.3907 -0.2681 -0.8806
vn -0.6549 -0.3317 -0.6790
vn -0.6882 -0.1409 -0.7117
vn -0.6951 -0.0000 -0.7189
vn -0.6882 0.1409 -0.7117
vn -0.6549 0.3317 -0.6790
vn -0.5101 0.6650 -0.5455
vn -0.3274 -0.5977 -0.7318
vn -0.5101 -0.6650 -0.5455
vn 0.9639 -0.0000 0.2664
vn -0.5651 -0.2557 -0.7844
vn -0.5806 -0.1058 -0.8073
vn -0.5837 -0.0000 -0.8120
vn -0.5806 0.1058 -0.8073
vn -0.5651 0.2557 -0.7844
vn -0.4740 0.5813 -0.6614
vn 0.5207 -0.6600 0.5416
vn -0.4740 -0.5813 -0.6614
vn -0.4115 -0.5680 -0.7128
vn -0.4845 -0.2468 -0.8392
vn -0.4974 -0.1022 -0.8615
vn -0.4974 0.1022 -0.8615
vn -0.4860 0.2350 -0.8418
vn -0.4845 0.2468 -0.8392
vn 0.6548 -0.2801 0.7020
vn -0.4173 -0.5507 -0.7229
vn 0.6810 -0.0000 0.7323
vn 0.8090 0.3569 -0.4671
vn 0.8090 -0.3569 -0.4671
vn 0.6443 -0.6683 -0.3720
vn 0.3900 -0.8928 -0.2252
vn 0.6548 0.2801 0.7020
vn 0.7681 0.5235 0.3688
vn 0.5216 0.8000 0.2965
vn 0.5207 0.6600 0.5416
vn 0.8823 0.2532 0.3967
vn 0.9147 -0.0000 0.4042
vn 0.8823 -0.2532 0.3967
vn 0.7681 -0.5235 0.3688
vn 0.5216 -0.8000 0.2965
vn 0.6597 0.3454 0.6675
vn 0.5074 0.6787 0.5309
vn 0.7884 -0.5774 0.2123
vn 0.6963 0.1476 0.7024
vn 0.7040 -0.0000 0.7102
vn 0.6963 -0.1476 0.7024
vn 0.6597 -0.3454 0.6675
vn 0.5074 -0.6787 0.5309
vn 0.7651 0.6161 0.1870
vn 0.5673 0.2681 0.7787
vn 0.4701 0.5977 0.6494
vn 0.9415 0.2422 0.2343
vn 0.5846 0.1114 0.8037
vn 0.5880 -0.0000 0.8088
vn 0.5846 -0.1114 0.8037
vn 0.5673 -0.2681 0.7787
vn 0.4701 -0.5977 0.6494
vn 0.9704 -0.0000 0.2416
vn 0.4845 0.2468 0.8392
vn 0.4115 0.5680 0.7128
vn 0.9415 -0.2422 0.2342
vn 0.4974 0.1022 0.8615
vn 0.4974 -0.1022 0.8615
vn 0.4845 -0.2468 0.8392
vn 0.4115 -0.5680 0.7128
vn 0.7651 -0.6161 0.1870
vn 0.3907 0.2681 0.8806
vn 0.3274 0.5977 0.7318
vn 0.4196 -0.9014 0.1071
vn 0.4037 0.1114 0.9081
vn 0.4064 -0.0000 0.9137
vn 0.4037 -0.1114 0.9081
vn 0.3907 -0.2681 0.8806
vn 0.3274 -0.5977 0.7318
vn 0.2482 0.3454 0.9050
vn 0.2061 0.6787 0.7049
vn 0.7651 -0.6161 -0.1870
vn 0.2602 0.1476 0.9542
vn 0.2630 -0.0000 0.9648
vn 0.2602 -0.1476 0.9542
vn 0.2482 -0.3454 0.9050
vn 0.2061 -0.6787 0.7049
vn 0.9415 -0.2422 -0.2343
vn -0.0647 0.5235 0.8496
vn -0.0040 0.8000 0.6000
vn 0.9704 -0.0000 -0.2416
vn -0.0977 0.2532 0.9625
vn -0.1073 -0.0000 0.9942
vn -0.0977 -0.2532 0.9625
vn -0.0647 -0.5235 0.8496
vn -0.0040 -0.8000 0.6000
vn 0.9415 0.2422 -0.2342
vn -0.6443 0.6683 0.3720
vn -0.3900 0.8928 0.2252
vn 0.7651 0.6161 -0.1870
vn -0.8090 0.3569 0.4671
vn -0.8090 -0.3569 0.4671
vn -0.6443 -0.6683 0.3720
vn -0.3900 -0.8928 0.2252
vn 0.6419 -0.6473 -0.4110
vn -0.7681 0.5235 -0.3688
vn -0.5216 0.8000 -0.2965
vn 0.4196 -0.9014 -0.1071
vn -0.8823 0.2532 -0.3967
vn -0.9147 -0.0000 -0.4042
vn -0.8823 -0.2532 -0.3967
vn -0.7681 -0.5235 -0.3688
vn -0.5216 -0.8000 -0.2965
vn 0.5207 0.6600 -0.5416
vn -0.6597 0.3454 -0.6675
vn -0.5074 0.6787 -0.5309
vn 0.6548 0.2801 -0.7020
vn -0.6963 0.1476 -0.7024
vn -0.7040 -0.0000 -0.7102
vn -0.6963 -0.1476 -0.7024
vn -0.6597 -0.3454 -0.6675
vn -0.5074 -0.6787 -0.5309
vn 0.6810 -0.0000 -0.7323
vn -0.5673 0.2681 -0.7787
vn -0.4701 0.5977 -0.6494
vn 0.6548 -0.2801 -0.7020
vn -0.5846 0.1114 -0.8037
vn -0.5880 -0.0000 -0.8088
vn -0.5846 -0.1114 -0.8037
vn -0.5673 -0.2681 -0.7787
vn -0.4701 -0.5977 -0.6494
vn 0.5207 -0.6600 -0.5416
vn 0.7884 -0.5774 -0.2123
vn -0.4115 0.5680 -0.7128
vn 0.9639 -0.0000 -0.2664
vn -0.0000 -0.6892 -0.7246
vn 0.7884 0.5774 -0.2123
vn 0.4196 0.9014 -0.1071
vn -0.0000 0.6892 -0.7246
vn -0.0000 0.3082 0.9513
vn -0.0000 0.6892 0.7246
vn 0.7883 -0.3352 -0.5159
vn -0.6810 -0.0000 0.7323
vn -0.6548 -0.2801 0.7020
vn -0.5207 -0.6600 0.5416
vn 0.2742 0.9147 -0.2968
vn -0.6548 0.2801 0.7020
vn -0.5207 0.6600 0.5416
vn 0.5220 0.6089 -0.5973
vn -0.9704 -0.0000 0.2416
vn -0.9415 -0.2422 0.2343
vn -0.7651 -0.6161 0.1870
vn 0.6455 -0.0000 -0.7638
vn -0.9415 0.2422 0.2343
vn -0.7651 0.6161 0.1870
vn 0.5220 -0.6089 -0.5973
vn -0.9704 -0.0000 -0.2416
vn -0.9415 -0.2422 -0.2343
vn -0.7651 -0.6161 -0.1870
vn 0.2742 -0.9147 -0.2968
vn -0.9415 0.2422 -0.2343
vn -0.7651 0.6161 -0.1870
vn 0.8351 -0.0000 -0.5501
vn -0.6810 -0.0000 -0.7323
vn -0.6548 -0.2801 -0.7020
vn -0.5207 -0.6600 -0.5416
vn 0.7883 0.3352 -0.5159
vn -0.6548 0.2801 -0.7020
vn -0.5207 0.6600 -0.5416
vn -0.0000 -0.9240 -0.3824
vn 0.6419 0.6473 -0.4110
vn -0.0000 -0.3082 -0.9513
vn 0.3854 0.8923 -0.2350
vn -0.0000 0.3082 -0.9513
vn -0.0000 0.9240 -0.3824
vn 0.7884 0.5774 0.2123
vn 0.4196 0.9014 0.1071
vn 0.6455 -0.0000 0.7638
vn 0.5220 -0.6089 0.5973
vn 0.2742 -0.9147 0.2968
vn 0.2254 0.9162 -0.3312
vn 0.5220 0.6089 0.5973
vn 0.2742 0.9147 0.2968
vn 0.3855 0.7036 -0.5970
vn -0.0000 -0.6293 0.7772
vn -0.0000 -0.9240 0.3824
vn 0.4895 0.3843 -0.7828
vn -0.0000 0.6293 0.7772
vn -0.0000 0.9240 0.3824
vn 0.5257 -0.0000 -0.8507
vn -0.6455 -0.0000 0.7638
vn -0.5220 -0.6089 0.5973
vn -0.2742 -0.9147 0.2968
vn 0.4895 -0.3843 -0.7828
vn -0.5220 0.6089 0.5973
vn -0.2742 0.9147 0.2968
vn 0.3855 -0.7036 -0.5970
vn -0.9639 -0.0000 0.2664
vn -0.7884 -0.5774 0.2123
vn -0.4196 -0.9014 0.1071
vn 0.2254 -0.9162 -0.3312
vn -0.7884 0.5774 0.2123
vn -0.4196 0.9014 0.1071
vn -0.9639 -0.0000 -0.2664
vn -0.7884 -0.5774 -0.2123
vn -0.4196 -0.9014 -0.1071
vn -0.0000 -0.8866 0.4626
vn -0.7884 0.5774 -0.2123
vn -0.4196 0.9014 -0.1071
vn -0.0000 -0.9890 0.1479
vn -0.6455 -0.0000 -0.7638
vn -0.5220 -0.6089 -0.5973
vn -0.2742 -0.9147 -0.2968
vn -0.0000 -0.7310 -0.6824
vn -0.5220 0.6089 -0.5973
vn -0.2742 0.9147 -0.2968
vn -0.0000 -0.4089 -0.9126
vn -0.0000 -0.6293 -0.7772
vn -0.0000 0.4089 -0.9126
vn -0.0000 0.6293 -0.7772
vn -0.0000 0.9277 -0.3734
vn 0.3155 0.8438 -0.4342
vn 0.3854 -0.8923 -0.2350
vn 0.1473 -0.9831 0.1086
vn 0.7726 -0.6010 -0.2049
vn 0.9216 -0.2984 -0.2481
vn 0.9654 -0.0000 -0.2608
vn 0.9216 0.2984 -0.2481
vn 0.7726 0.6010 -0.2049
vn 0.4750 0.8717 -0.1203
vn 0.4106 -0.8505 0.3285
vn 0.4750 -0.8717 -0.1203
vn 0.7055 -0.0000 0.7087
vn 0.8118 -0.5839 -0.0000
vn 0.9583 -0.2858 -0.0000
vn 0.9583 0.2858 -0.0000
vn 0.8118 0.5839 -0.0000
vn 0.5037 0.8639 -0.0000
vn 0.4106 0.8505 0.3285
vn 0.5037 -0.8639 -0.0000
vn 0.1473 0.9831 0.1086
vn 0.7726 -0.6010 0.2049
vn 0.9216 -0.2984 0.2481
vn 0.9654 -0.0000 0.2608
vn 0.9216 0.2984 0.2481
vn 0.7726 0.6010 0.2049
vn 0.4750 0.8717 0.1203
vn 0.4750 -0.8717 0.1203
vn 0.5159 0.4791 -0.7101
vn 0.6419 -0.6473 0.4110
vn 0.7883 -0.3352 0.5159
vn 0.8351 -0.0000 0.5501
vn 0.7883 0.3352 0.5159
vn 0.6419 0.6473 0.4110
vn 0.3854 0.8923 0.2350
vn 0.2153 0.9759 0.0368
vn 0.3854 -0.8923 0.2350
vn 0.5821 0.8057 0.1101
vn 0.3855 -0.7036 0.5970
vn 0.4895 -0.3843 0.7828
vn 0.5257 -0.0000 0.8507
vn 0.4895 0.3843 0.7828
vn 0.3855 0.7036 0.5970
vn 0.2254 0.9162 0.3312
vn 0.9753 -0.0000 0.2210
vn 0.2254 -0.9162 0.3312
vn 0.5821 -0.8057 0.1101
vn -0.0000 -0.7310 0.6824
vn -0.0000 -0.4089 0.9126
vn -0.0000 0.4089 0.9126
vn -0.0000 0.7310 0.6824
vn -0.0000 0.9277 0.3734
vn 0.2153 -0.9759 0.0368
vn -0.0000 -0.9277 0.3734
vn 0.5878 -0.0000 -0.8090
vn -0.3855 -0.7036 0.5970
vn -0.4895 -0.3843 0.7828
vn -0.5257 -0.0000 0.8507
vn -0.4895 0.3843 0.7828
vn -0.3855 0.7036 0.5970
vn -0.2254 0.9162 0.3312
vn 0.5159 -0.4791 -0.7101
vn -0.2254 -0.9162 0.3312
vn 0.2153 -0.9759 -0.0368
vn -0.6419 -0.6473 0.4110
vn -0.7883 -0.3352 0.5159
vn -0.8351 -0.0000 0.5501
vn -0.7883 0.3352 0.5159
vn -0.6419 0.6473 0.4110
vn -0.3854 0.8923 0.2350
vn 0.5821 -0.8057 -0.1101
vn -0.3854 -0.8923 0.2350
vn 0.9753 -0.0000 -0.2210
vn -0.7726 -0.6010 0.2049
vn -0.9216 -0.2984 0.2481
vn -0.9654 -0.0000 0.2608
vn -0.9216 0.2984 0.2481
vn -0.7726 0.6010 0.2049
vn -0.4750 0.8717 0.1203
vn 0.5821 0.8057 -0.1101
vn -0.4750 -0.8717 0.1203
vn 0.2153 0.9759 -0.0368
vn -0.8118 -0.5839 -0.0000
vn -0.9583 -0.2858 -0.0000
vn -0.9583 0.2858 -0.0000
vn -0.8118 0.5839 -0.0000
vn -0.5037 0.8639 -0.0000
vn 0.3155 -0.8438 -0.4342
vn -0.5037 -0.8639 -0.0000
vn -0.7726 -0.6010 -0.2049
vn -0.9216 -0.2984 -0.2481
vn -0.9654 -0.0000 -0.2608
vn -0.9216 0.2984 -0.2481
vn -0.7726 0.6010 -0.2049
vn -0.4750 0.8717 -0.1203
vn 0.1473 0.9831 -0.1086
vn -0.4750 -0.8717 -0.1203
vn 0.4106 0.8505 -0.3285
vn -0.6419 -0.6473 -0.4110
vn -0.7883 -0.3352 -0.5159
vn -0.8351 -0.0000 -0.5501
vn -0.7883 0.3352 -0.5159
vn -0.6419 0.6473 -0.4110
vn -0.3854 0.8923 -0.2350
vn 0.7055 -0.0000 -0.7087
vn -0.3854 -0.8923 -0.2350
vn 0.4106 -0.8505 -0.3285
vn -0.3855 -0.7036 -0.5970
vn -0.4895 -0.3843 -0.7828
vn -0.5257 -0.0000 -0.8507
vn -0.4895 0.3843 -0.7828
vn -0.3855 0.7036 -0.5970
vn -0.2254 0.9162 -0.3312
vn 0.1473 -0.9831 -0.1086
vn -0.2254 -0.9162 -0.3312
vn 0.9511 -0.0000 0.3090
vn -0.0000 -0.8438 -0.5367
vn -0.0000 -0.9890 -0.1479
vn 0.8348 -0.4791 0.2712
vn -0.0000 0.7310 -0.6824
vn -0.0000 0.9890 -0.1479
vn -0.0000 -0.9277 -0.3734
vn 0.5104 -0.8438 0.1658
vn -0.0000 0.8866 0.4626
vn -0.0000 0.9890 0.1479
vn -0.0000 0.8438 -0.5367
vn -0.7055 -0.0000 0.7087
vn -0.4106 -0.8505 0.3285
vn -0.1473 -0.9831 0.1086
vn -0.4106 0.8505 0.3285
vn -0.1473 0.9831 0.1086
vn -0.7569 0.6535 -0.0083
vn -0.9753 -0.0000 0.2210
vn -0.5821 -0.8057 0.1101
vn -0.2153 -0.9759 0.0368
vn -0.6139 -0.2043 -0.7625
vn -0.5821 0.8057 0.1101
vn -0.2153 0.9759 0.0368
vn -0.3690 -0.9238 0.1023
vn -0.9753 -0.0000 -0.2210
vn -0.5821 -0.8057 -0.1101
vn -0.2153 -0.9759 -0.0368
vn -0.5120 -0.0659 0.8565
vn -0.5821 0.8057 -0.1101
vn -0.2153 0.9759 -0.0368
vn -0.1666 0.9711 -0.1708
vn -0.7055 -0.0000 -0.7087
vn -0.4106 -0.8505 -0.3285
vn -0.1473 -0.9831 -0.1086
vn 0.1805 -0.0189 -0.9834
vn -0.4106 0.8505 -0.3285
vn -0.1473 0.9831 -0.1086
vn 0.2348 -0.9714 -0.0363
vn -0.1709 0.0563 0.9837
vn -0.0000 -0.8866 -0.4626
vn -0.3838 -0.9127 -0.1407
vn -0.2201 -0.1005 -0.9703
vn -0.0000 0.8866 -0.4626
vn -0.6531 0.7154 -0.2485
vn -0.8132 -0.0966 0.5740
vn 0.5104 0.8438 -0.1658
vn 0.8348 0.4791 -0.2712
vn 0.9511 -0.0000 -0.3090
vn 0.8348 -0.4791 -0.2712
vn 0.5104 -0.8438 -0.1659
vn 0.5104 -0.8438 -0.1658
vn 0.5104 0.8438 0.1658
vn 0.8348 0.4791 0.2712
vn 0.8348 -0.4791 -0.2713
vn 0.3155 0.8438 0.4342
vn 0.5159 0.4791 0.7101
vn 0.5878 -0.0000 0.8090
vn 0.5159 -0.4791 0.7101
vn 0.3155 -0.8438 0.4342
vn -0.0000 0.8438 0.5367
vn -0.0000 0.4791 0.8778
vn -0.0000 -0.4791 0.8778
vn -0.0000 -0.8438 0.5367
vn -0.3155 0.8438 0.4342
vn -0.5159 0.4791 0.7101
vn -0.5878 -0.0000 0.8090
vn -0.5159 -0.4791 0.7101
vn -0.3155 -0.8438 0.4342
vn -0.5104 0.8438 0.1658
vn -0.8348 0.4791 0.2712
vn -0.9511 -0.0000 0.3090
vn -0.8348 -0.4791 0.2712
vn -0.5104 -0.8438 0.1658
vn -0.5104 0.8438 -0.1659
vn -0.8348 0.4791 -0.2712
vn -0.9511 -0.0000 -0.3090
vn -0.8348 -0.4791 -0.2712
vn -0.5104 -0.8438 -0.1659
vn -0.3155 0.8438 -0.4342
vn -0.5159 0.4791 -0.7101
vn -0.5878 -0.0000 -0.8090
vn -0.5159 -0.4791 -0.7101
vn -0.3155 -0.8438 -0.4342
vn -0.0000 0.4791 -0.8778
vn -0.0000 -0.4791 -0.8778
vn -0.5789 0.8139 0.0484
vn -0.6466 -0.0000 -0.7628
vn -0.5789 -0.8139 0.0484
vn -0.8348 -0.4791 -0.2713
vn -0.5112 -0.0000 0.8595
vn -0.8348 0.4791 -0.2713
vn 0.0343 0.9937 -0.1064
vn 0.1748 -0.0000 -0.9846
vn 0.0343 -0.9937 -0.1064
vn -0.1578 -0.0000 0.9875
vn -0.5264 -0.8270 -0.1976
vn -0.2283 -0.0000 -0.9736
vn -0.5264 0.8270 -0.1976
vn -0.8208 -0.0000 0.5712
vn 0.5104 0.8438 0.1659
vn 0.5104 0.8438 -0.1659
vn 0.5160 -0.4791 -0.7101
vn -0.3337 0.9362 0.1107
vn -0.6028 0.2356 -0.7624
vn -0.7813 -0.6239 -0.0176
vn -0.5105 -0.8438 -0.1659
vn -0.5122 0.0767 0.8554
vn 0.2662 0.9636 -0.0246
vn 0.1824 0.0218 -0.9830
vn -0.1981 -0.9634 -0.1806
vn -0.1753 -0.0645 0.9824
vn -0.6718 -0.6950 -0.2561
vn -0.2173 0.1167 -0.9691
vn -0.3594 0.9239 -0.1310
vn -0.8105 0.1121 0.5749
vn 0.6549 -0.3317 -0.6790
vn 0.5105 0.8438 -0.1658
vn 0.6882 -0.1409 -0.7117
vn 0.3154 -0.8438 -0.4342
vn 0.6951 -0.0000 -0.7189
vn 0.6882 0.1409 -0.7117
vn 0.6549 0.3317 -0.6790
vn 0.5101 0.6650 -0.5455
vn 0.6443 0.6683 0.3720
vn 0.3154 -0.8438 0.4342
vn 0.4740 0.5813 -0.6614
vn 0.3154 0.8438 0.4342
vn 0.5651 0.2557 -0.7844
vn 0.5806 0.1058 -0.8073
vn 0.5837 -0.0000 -0.8120
vn 0.5806 -0.1058 -0.8073
vn -0.3154 0.8438 0.4342
vn 0.5651 -0.2557 -0.7844
vn -0.8348 -0.4791 0.2713
vn -0.5104 -0.8438 0.1659
vn 0.4740 -0.5813 -0.6614
vn 0.3900 0.8928 0.2252
vn -0.3154 -0.8438 -0.4342
vn 0.4860 -0.2350 -0.8418
vn 0.4976 -0.0970 -0.8619
vn 0.5000 -0.0000 -0.8660
vn 0.4976 0.0970 -0.8619
vn 0.4173 0.5507 -0.7229
vn 0.5216 0.8000 -0.2965
vn 0.5101 -0.6650 -0.5455
vn 0.7681 0.5235 -0.3688
vn 0.7659 -0.5135 -0.3870
vn 0.8753 -0.2469 -0.4157
vn 0.9059 -0.0000 -0.4235
vn 0.8753 0.2469 -0.4157
vn 0.7659 0.5135 -0.3870
vn 0.5243 0.7922 -0.3124
vn 0.8823 0.2532 -0.3966
vn 0.5243 -0.7922 -0.3124
vn 0.9147 -0.0000 -0.4042
vn 0.6452 -0.6671 0.3725
vn 0.8092 -0.3562 0.4672
vn 0.8660 -0.0000 0.5000
vn 0.8092 0.3562 0.4672
vn 0.6452 0.6671 0.3725
vn 0.3920 0.8917 0.2263
vn 0.8823 -0.2532 -0.3966
vn 0.3920 -0.8917 0.2263
vn 0.7681 -0.5235 -0.3688
vn 0.0478 -0.5135 0.8567
vn 0.0776 -0.2469 0.9659
vn 0.0862 -0.0000 0.9963
vn 0.0776 0.2469 0.9659
vn 0.0478 0.5135 0.8567
vn -0.0083 0.7922 0.6102
vn 0.5216 -0.8000 -0.2965
vn -0.0083 -0.7922 0.6102
vn -0.2605 -0.3317 0.9067
vn -0.2723 -0.1409 0.9519
vn -0.2750 -0.0000 0.9614
vn -0.2723 0.1409 0.9519
vn -0.2605 0.3317 0.9067
vn -0.2174 0.6650 0.7145
vn -0.2174 -0.6650 0.7145
vn 0.5074 -0.6787 -0.5309
vn -0.3968 -0.2557 0.8816
vn -0.4088 -0.1058 0.9065
vn -0.4113 -0.0000 0.9115
vn -0.4088 0.1058 0.9065
vn -0.3968 0.2557 0.8816
vn -0.3358 0.5813 0.7412
vn 0.6597 -0.3454 -0.6675
vn -0.3358 -0.5813 0.7412
vn 0.6963 -0.1476 -0.7024
vn -0.4860 -0.2350 0.8418
vn -0.4976 -0.0970 0.8619
vn -0.5000 -0.0000 0.8660
vn -0.4976 0.0970 0.8619
vn -0.4860 0.2350 0.8418
vn -0.4173 0.5507 0.7229
vn 0.7040 -0.0000 -0.7102
vn -0.4173 -0.5507 0.7229
vn 0.6963 0.1476 -0.7024
vn -0.5651 -0.2557 0.7844
vn -0.5806 -0.1058 0.8073
vn -0.5837 -0.0000 0.8120
vn -0.5806 0.1058 0.8073
vn -0.5651 0.2557 0.7844
vn -0.4740 0.5813 0.6614
vn 0.6597 0.3454 -0.6675
vn -0.4740 -0.5813 0.6614
vn 0.5074 0.6787 -0.5309
vn -0.6549 -0.3317 0.6790
vn -0.6882 -0.1409 0.7117
vn -0.6951 -0.0000 0.7189
vn -0.6882 0.1409 0.7117
vn -0.6549 0.3317 0.6790
vn -0.5101 0.6650 0.5455
vn -0.5101 -0.6650 0.5455
vn -0.7659 -0.5135 0.3870
vn -0.8753 -0.2469 0.4157
vn -0.9059 -0.0000 0.4235
vn -0.8753 0.2469 0.4157
vn -0.7659 0.5135 0.3870
vn -0.5243 0.7922 0.3124
vn 0.4701 0.5977 -0.6494
vn -0.5243 -0.7922 0.3124
vn 0.5673 0.2681 -0.7787
vn -0.6452 -0.6671 -0.3725
vn -0.8092 -0.3562 -0.4672
vn -0.8660 -0.0000 -0.5000
vn -0.8092 0.3562 -0.4672
vn -0.6452 0.6671 -0.3725
vn -0.3920 0.8917 -0.2263
vn 0.5846 0.1114 -0.8037
vn -0.3920 -0.8917 -0.2263
vn 0.5880 -0.0000 -0.8088
vn -0.0478 -0.5135 -0.8567
vn -0.0776 -0.2469 -0.9659
vn -0.0862 -0.0000 -0.9963
vn -0.0776 0.2469 -0.9659
vn -0.0478 0.5135 -0.8567
vn 0.0084 0.7922 -0.6102
vn 0.5846 -0.1114 -0.8037
vn 0.0083 -0.7922 -0.6102
vn 0.5673 -0.2681 -0.7787
vn 0.2605 -0.3317 -0.9067
vn 0.2723 -0.1409 -0.9519
vn 0.2750 -0.0000 -0.9614
vn 0.2723 0.1409 -0.9519
vn 0.2605 0.3317 -0.9067
vn 0.2174 0.6650 -0.7145
vn 0.4701 -0.5977 -0.6494
vn 0.2174 -0.6650 -0.7145
vn 0.3968 -0.2557 -0.8816
vn 0.4088 -0.1058 -0.9065
vn 0.4113 -0.0000 -0.9115
vn 0.4088 0.1058 -0.9065
vn 0.3968 0.2557 -0.8816
vn 0.3358 0.5813 -0.7412
vn 0.3358 -0.5813 -0.7412
vn 0.4115 -0.5680 -0.7128
vn 0.4845 -0.2468 -0.8392
vn 0.4974 -0.1022 -0.8615
vn 0.4974 0.1022 -0.8615
vn 0.4860 0.2350 -0.8418
vn 0.4845 0.2468 -0.8392
vn 0.4173 -0.5507 -0.7229
vn 0.8090 0.3569 0.4671
vn 0.8090 -0.3569 0.4671
vn 0.6443 -0.6683 0.3720
vn 0.3900 -0.8928 0.2252
vn 0.0647 0.5235 0.8496
vn 0.0040 0.8000 0.6000
vn 0.0977 0.2532 0.9625
vn 0.1073 -0.0000 0.9942
vn 0.0977 -0.2532 0.9625
vn 0.0647 -0.5235 0.8496
vn 0.0040 -0.8000 0.6000
vn -0.2482 0.3454 0.9050
vn -0.2061 0.6787 0.7049
vn -0.2602 0.1476 0.9542
vn -0.2630 -0.0000 0.9648
vn -0.2602 -0.1476 0.9542
vn -0.2482 -0.3454 0.9050
vn -0.2061 -0.6787 0.7049
vn -0.3907 0.2681 0.8806
vn -0.3274 0.5977 0.7318
vn -0.4037 0.1114 0.9081
vn -0.4064 -0.0000 0.9137
vn -0.4037 -0.1114 0.9081
vn -0.3907 -0.2681 0.8806
vn -0.3274 -0.5977 0.7318
vn -0.4845 0.2468 0.8392
vn -0.4115 0.5680 0.7128
vn -0.4974 0.1022 0.8615
vn -0.4974 -0.1022 0.8615
vn -0.4845 -0.2468 0.8392
vn -0.4115 -0.5680 0.7128
vn -0.5673 0.2681 0.7787
vn -0.4701 0.5977 0.6494
vn -0.5846 0.1114 0.8037
vn -0.5880 -0.0000 0.8088
vn -0.5846 -0.1114 0.8037
vn -0.5673 -0.2681 0.7787
vn -0.4701 -0.5977 0.6494
vn -0.6597 0.3454 0.6675
vn -0.5074 0.6787 0.5309
vn -0.6963 0.1476 0.7024
vn -0.7040 -0.0000 0.7102
vn -0.6963 -0.1476 0.7024
vn -0.6597 -0.3454 0.6675
vn -0.5074 -0.6787 0.5309
vn -0.7681 0.5235 0.3688
vn -0.5216 0.8000 0.2965
vn -0.8823 0.2532 0.3966
vn -0.9147 -0.0000 0.4042
vn -0.8823 -0.2532 0.3966
vn -0.7681 -0.5235 0.3688
vn -0.5216 -0.8000 0.2965
vn -0.6443 0.6683 -0.3720
vn -0.3900 0.8928 -0.2252
vn -0.8090 0.3569 -0.4671
vn -0.8090 -0.3569 -0.4671
vn -0.6443 -0.6683 -0.3720
vn -0.3900 -0.8928 -0.2252
vn -0.0647 0.5235 -0.8496
vn -0.0040 0.8000 -0.6000
vn -0.0977 0.2532 -0.9625
vn -0.1073 -0.0000 -0.9942
vn -0.0977 -0.2532 -0.9625
vn -0.0647 -0.5235 -0.8496
vn -0.0040 -0.8000 -0.6000
vn 0.2482 0.3454 -0.9050
vn 0.2061 0.6787 -0.7049
vn 0.2602 0.1476 -0.9542
vn 0.2630 -0.0000 -0.9648
vn 0.2602 -0.1476 -0.9542
vn 0.2482 -0.3454 -0.9050
vn 0.2061 -0.6787 -0.7049
vn 0.3907 0.2681 -0.8806
vn 0.3274 0.5977 -0.7318
vn 0.4037 0.1114 -0.9081
vn 0.4064 -0.0000 -0.9137
vn 0.4037 -0.1114 -0.9081
vn 0.3907 -0.2681 -0.8806
vn 0.3274 -0.5977 -0.7318
vn 0.4115 0.5680 -0.7128
vn -0.9415 0.2422 0.2342
vn 0.5104 -0.8438 0.1659
vn 0.7569 0.6535 -0.0083
vn 0.5120 -0.0659 0.8565
vn 0.3690 -0.9238 0.1023
vn 0.6139 -0.2043 -0.7625
vn 0.1666 0.9711 -0.1708
vn 0.1709 0.0563 0.9837
vn -0.2348 -0.9714 -0.0363
vn -0.1805 -0.0189 -0.9834
vn 0.3838 -0.9127 -0.1407
vn 0.8132 -0.0966 0.5740
vn 0.6531 0.7154 -0.2485
vn 0.2201 -0.1005 -0.9703
vn 0.5105 0.8438 -0.1659
vn 0.8348 0.4791 0.2713
vn 0.5789 0.8139 0.0484
vn 0.5112 -0.0000 0.8595
vn 0.5789 -0.8139 0.0484
vn -0.5104 -0.8438 -0.1658
vn 0.6466 -0.0000 -0.7628
vn -0.5104 0.8438 -0.1658
vn -0.0343 0.9937 -0.1064
vn 0.1578 -0.0000 0.9875
vn -0.0343 -0.9937 -0.1064
vn -0.1748 -0.0000 -0.9846
vn 0.5264 -0.8270 -0.1976
vn 0.8208 -0.0000 0.5712
vn 0.5264 0.8270 -0.1976
vn 0.2283 -0.0000 -0.9736
vn 0.3337 0.9362 0.1107
vn 0.5122 0.0767 0.8554
vn 0.7813 -0.6239 -0.0176
vn -0.5105 -0.8438 -0.1658
vn 0.6028 0.2356 -0.7624
vn -0.2662 0.9636 -0.0246
vn 0.1753 -0.0645 0.9824
vn 0.1981 -0.9634 -0.1806
vn -0.1824 0.0218 -0.9830
vn 0.6718 -0.6950 -0.2561
vn 0.8105 0.1121 0.5749
vn 0.3594 0.9239 -0.1310
vn 0.2173 0.1167 -0.9691
vn 0.9945 -0.0990 0.0352
vn 0.8348 0.4791 -0.2713
vn 0.7526 0.6186 -0.2257
vn 0.0068 0.9184 -0.3955
vn -0.7039 0.6448 -0.2980
vn -0.9990 0.0345 -0.0288
vn -0.7761 -0.5738 0.2614
vn -0.1534 -0.8890 0.4314
vn 0.5707 -0.7265 0.3828
vn 0.9870 -0.1109 0.1162
vn 0.8277 0.5606 -0.0251
vn 0.1259 0.9917 0.0254
vn -0.6633 0.7333 -0.1491
vn -0.3154 -0.8438 0.4342
vn -0.9786 0.0213 -0.2045
vn -0.7136 -0.6957 -0.0831
vn 0.0062 -0.9999 -0.0139
vn 0.6780 -0.7350 0.0051
vn 0.9952 -0.0979 -0.0087
vn 0.6679 -0.6831 0.2954
vn 0.0922 -0.9180 0.3857
vn -0.5178 -0.6656 0.5375
vn -0.7398 -0.1069 0.6643
vn -0.4905 0.4127 0.7675
vn 0.1232 0.6299 0.7669
vn 0.7379 0.3868 0.5531
vn 0.9280 -0.1132 0.3549
vn 0.6722 -0.5311 0.5159
vn -0.0053 -0.6722 0.7404
vn -0.6955 -0.4365 0.5707
vn -0.9947 0.0813 0.0629
vn -0.6527 0.5798 -0.4876
vn 0.1179 0.7053 -0.6991
vn 0.7882 0.4071 -0.4615
vn 0.6686 0.5793 0.4662
vn 0.4018 0.2601 0.8780
vn -0.1524 0.0991 0.9833
vn -0.6688 0.1898 0.7188
vn -0.8445 0.4789 0.2398
vn -0.5772 0.7980 -0.1734
vn -0.0240 0.9603 -0.2778
vn 0.4923 0.8703 -0.0127
vn 0.5105 -0.8438 0.1659
vn -0.5104 0.8438 0.1659
s 1
usemtl Mouse_fur
f 13//13 12//12 25//25
f 2//2 16//16 315//311
f 10//10 22//22 23//23
f 6//6 20//20 7//7
f 315//311 17//17 316//312
f 323//317 23//23 24//24
f 8//8 20//20 21//21
f 316//312 18//18 5//5
f 12//12 24//24 25//25
f 2//2 1//1 15//15
f 9//9 21//21 22//22
f 5//5 19//19 6//6
f 21//21 33//31 34//32
f 17//17 31//29 18//18
f 25//25 37//35 38//36
f 15//15 1//1 28//26
f 22//22 34//32 35//33
f 18//18 32//30 19//19
f 13//13 25//25 38//36
f 15//15 29//27 16//16
f 23//23 35//33 36//34
f 19//19 33//31 20//20
f 16//16 30//28 17//17
f 24//24 36//34 37//35
f 36//34 48//46 49//47
f 32//30 46//44 33//31
f 29//27 43//41 30//28
f 37//35 49//47 50//48
f 34//32 46//44 47//45
f 30//28 44//42 31//29
f 38//36 50//48 51//49
f 28//26 1//1 41//39
f 35//33 47//45 48//46
f 31//29 45//43 32//30
f 13//13 38//36 51//49
f 28//26 42//40 29//27
f 41//39 1//1 54//52
f 48//46 60//58 61//59
f 44//42 58//56 45//43
f 13//13 51//49 64//62
f 41//39 55//53 42//40
f 49//47 61//59 62//60
f 45//43 59//57 46//44
f 42//40 56//54 43//41
f 50//48 62//60 63//61
f 47//45 59//57 60//58
f 43//41 57//55 44//42
f 51//49 63//61 64//62
f 63//61 75//73 76//74
f 60//58 72//70 73//71
f 56//54 70//68 57//55
f 64//62 76//74 77//75
f 54//52 1//1 67//65
f 61//59 73//71 74//72
f 57//55 71//69 58//56
f 13//13 64//62 77//75
f 54//52 68//66 55//53
f 62//60 74//72 75//73
f 58//56 72//70 59//57
f 55//53 69//67 56//54
f 67//65 81//78 68//66
f 75//73 87//84 88//85
f 71//69 85//82 72//70
f 68//66 82//79 69//67
f 76//74 88//85 89//86
f 73//71 85//82 86//83
f 69//67 83//80 70//68
f 77//75 89//86 90//87
f 67//65 1//1 80//77
f 74//72 86//83 87//84
f 70//68 84//81 71//69
f 13//13 77//75 90//87
f 89//86 103//100 90//87
f 80//77 1//1 93//90
f 86//83 100//97 87//84
f 84//81 96//93 97//94
f 13//13 90//87 103//100
f 81//78 93//90 94//91
f 87//84 101//98 88//85
f 85//82 97//94 98//95
f 82//79 94//91 95//92
f 88//85 102//99 89//86
f 85//82 99//96 86//83
f 83//80 95//92 96//93
f 95//92 107//104 108//105
f 101//98 115//112 102//99
f 98//95 112//109 99//96
f 96//93 108//105 109//106
f 102//99 116//113 103//100
f 93//90 1//1 106//103
f 99//96 113//110 100//97
f 97//94 109//106 110//107
f 13//13 103//100 116//113
f 94//91 106//103 107//104
f 100//97 114//111 101//98
f 98//95 110//107 111//108
f 13//13 116//113 129//125
f 107//104 119//115 120//116
f 113//110 127//123 114//111
f 111//108 123//119 124//120
f 108//105 120//116 121//117
f 114//111 128//124 115//112
f 111//108 125//121 112//109
f 109//106 121//117 122//118
f 115//112 129//125 116//113
f 106//103 1//1 119//115
f 112//109 126//122 113//110
f 110//107 122//118 123//119
f 122//118 134//130 135//131
f 128//124 142//138 129//125
f 119//115 1//1 132//128
f 125//121 139//135 126//122
f 123//119 135//131 136//132
f 13//13 129//125 142//138
f 120//116 132//128 133//129
f 126//122 140//136 127//123
f 124//120 136//132 137//133
f 121//117 133//129 134//130
f 127//123 141//137 128//124
f 124//120 138//134 125//121
f 134//130 146//142 147//143
f 140//136 154//150 141//137
f 137//133 151//147 138//134
f 135//131 147//143 148//144
f 141//137 155//151 142//138
f 132//128 1//1 145//141
f 138//134 152//148 139//135
f 136//132 148//144 149//145
f 13//13 142//138 155//151
f 133//129 145//141 146//142
f 139//135 153//149 140//136
f 137//133 149//145 150//146
f 149//145 161//157 162//158
f 13//13 155//151 168//164
f 146//142 158//154 159//155
f 152//148 166//162 153//149
f 150//146 162//158 163//159
f 147//143 159//155 160//156
f 153//149 167//163 154//150
f 150//146 164//160 151//147
f 148//144 160//156 161//157
f 154//150 168//164 155//151
f 145//141 1//1 158//154
f 151//147 165//161 152//148
f 160//156 174//170 161//157
f 168//164 180//176 181//177
f 158//154 1//1 171//167
f 165//161 177//173 178//174
f 161//157 175//171 162//158
f 13//13 168//164 181//177
f 158//154 172//168 159//155
f 166//162 178//174 179//175
f 162//158 176//172 163//159
f 159//155 173//169 160//156
f 167//163 179//175 180//176
f 164//160 176//172 177//173
f 175//171 189//185 176//172
f 172//168 186//182 173//169
f 180//176 192//188 193//189
f 177//173 189//185 190//186
f 173//169 187//183 174//170
f 181//177 193//189 194//190
f 171//167 1//1 184//180
f 178//174 190//186 191//187
f 174//170 188//184 175//171
f 13//13 181//177 194//190
f 171//167 185//181 172//168
f 179//175 191//187 192//188
f 187//183 201//197 188//184
f 13//13 194//190 207//203
f 184//180 198//194 185//181
f 192//188 204//200 205//201
f 188//184 202//198 189//185
f 185//181 199//195 186//182
f 193//189 205//201 206//202
f 190//186 202//198 203//199
f 186//182 200//196 187//183
f 194//190 206//202 207//203
f 184//180 1//1 197//193
f 191//187 203//199 204//200
f 203//199 215//211 216//212
f 199//195 213//209 200//196
f 207//203 219//215 220//216
f 197//193 1//1 210//206
f 204//200 216//212 217//213
f 200//196 214//210 201//197
f 13//13 207//203 220//216
f 197//193 211//207 198//194
f 205//201 217//213 218//214
f 201//197 215//211 202//198
f 198//194 212//208 199//195
f 206//202 218//214 219//215
f 214//210 228//224 215//211
f 211//207 225//221 212//208
f 219//215 231//227 232//228
f 216//212 228//224 229//225
f 212//208 226//222 213//209
f 220//216 232//228 233//229
f 210//206 1//1 223//219
f 217//213 229//225 230//226
f 213//209 227//223 214//210
f 13//13 220//216 233//229
f 210//206 224//220 211//207
f 218//214 230//226 231//227
f 230//226 242//238 243//239
f 226//222 240//236 227//223
f 13//13 233//229 246//242
f 223//219 237//233 224//220
f 231//227 243//239 244//240
f 227//223 241//237 228//224
f 224//220 238//234 225//221
f 232//228 244//240 245//241
f 229//225 241//237 242//238
f 225//221 239//235 226//222
f 233//229 245//241 246//242
f 223//219 1//1 236//232
f 241//237 255//251 242//238
f 239//235 251//247 252//248
f 245//241 259//255 246//242
f 236//232 1//1 249//245
f 242//238 256//252 243//239
f 240//236 252//248 253//249
f 13//13 246//242 259//255
f 237//233 249//245 250//246
f 243//239 257//253 244//240
f 241//237 253//249 254//250
f 238//234 250//246 251//247
f 244//240 258//254 245//241
f 256//252 270//266 257//253
f 254//250 266//262 267//263
f 251//247 263//259 264//260
f 257//253 271//267 258//254
f 254//250 268//264 255//251
f 252//248 264//260 265//261
f 258//254 272//268 259//255
f 249//245 1//1 262//258
f 255//251 269//265 256//252
f 253//249 265//261 266//262
f 13//13 259//255 272//268
f 250//246 262//258 263//259
f 262//258 1//1 275//271
f 268//264 282//278 269//265
f 266//262 278//274 279//275
f 13//13 272//268 285//281
f 263//259 275//271 276//272
f 269//265 283//279 270//266
f 267//263 279//275 280//276
f 264//260 276//272 277//273
f 270//266 284//280 271//267
f 267//263 281//277 268//264
f 265//261 277//273 278//274
f 271//267 285//281 272//268
f 283//279 297//293 284//280
f 280//276 294//290 281//277
f 278//274 290//286 291//287
f 284//280 298//294 285//281
f 275//271 1//1 288//284
f 281//277 295//291 282//278
f 279//275 291//287 292//288
f 13//13 285//281 298//294
f 276//272 288//284 289//285
f 282//278 296//292 283//279
f 280//276 292//288 293//289
f 277//273 289//285 290//286
f 289//285 301//297 302//298
f 295//291 309//305 296//292
f 293//289 305//301 306//302
f 290//286 302//298 303//299
f 296//292 310//306 297//293
f 293//289 307//303 294//290
f 291//287 303//299 304//300
f 297//293 311//307 298//294
f 288//284 1//1 301//297
f 294//290 308//304 295//291
f 292//288 304//300 305//301
f 13//13 298//294 311//307
f 310//306 12//12 311//307
f 301//297 1//1 2//2
f 307//303 9//9 308//304
f 305//301 5//5 6//6
f 13//13 311//307 12//12
f 302//298 2//2 315//311
f 308//304 10//10 309//305
f 306//302 6//6 7//7
f 303//299 315//311 316//312
f 309//305 323//317 310//306
f 306//302 8//8 307//303
f 304//300 316//312 5//5
f 702//683 338//332 701//682
f 696//677 356//349 361//354
f 415//404 319//1 325//319
f 27//13 383//375 370//363
f 697//678 352//345 356//349
f 383//375 365//358 370//363
f 700//681 347//340 406//7
f 703//684 334//328 702//683
f 401//391 347//340 352//345
f 701//682 343//336 700//681
f 695//676 361//354 365//358
f 415//404 329//323 703//684
f 356//349 208//204 196//192
f 325//319 319//1 318//314
f 338//332 261//257 343//336
f 361//354 196//192 144//140
f 365//358 144//140 143//139
f 343//336 260//256 347//340
f 325//319 317//313 329//323
f 370//363 143//139 91//88
f 352//345 260//256 208//204
f 329//323 314//310 334//328
f 27//13 370//363 91//88
f 334//328 313//309 338//332
f 208//204 426//415 425//414
f 317//313 429//418 314//310
f 196//192 425//414 424//413
f 143//139 423//412 422//411
f 27//13 91//88 421//410
f 318//314 430//419 317//313
f 261//257 426//415 260//256
f 318//314 319//1 431//420
f 313//309 427//416 261//257
f 91//88 422//411 421//410
f 144//140 424//413 423//412
f 314//310 428//417 313//309
f 421//410 435//423 434//422
f 430//419 442//430 429//418
f 422//411 436//424 435//423
f 431//420 319//1 444//432
f 431//420 443//431 430//419
f 425//414 439//427 438//426
f 427//416 439//427 426//415
f 27//13 421//410 434//422
f 424//413 438//426 437//425
f 428//417 440//428 427//416
f 429//418 441//429 428//417
f 423//412 437//425 436//424
f 438//426 452//440 451//439
f 442//430 454//442 441//429
f 434//422 448//436 447//435
f 444//432 319//1 457//445
f 437//425 451//439 450//438
f 441//429 453//441 440//428
f 27//13 434//422 447//435
f 444//432 456//444 443//431
f 436//424 450//438 449//437
f 440//428 452//440 439//427
f 443//431 455//443 442//430
f 435//423 449//437 448//436
f 449//437 463//451 462//450
f 453//441 465//82 452//440
f 456//444 468//455 455//443
f 448//436 462//450 461//449
f 451//439 465//82 464//452
f 455//443 467//454 454//442
f 447//435 461//449 460//448
f 457//445 319//1 470//457
f 450//438 464//452 463//451
f 454//442 466//453 453//441
f 27//13 447//435 460//448
f 457//445 469//456 456//444
f 470//457 319//1 483//469
f 464//452 476//462 463//451
f 466//453 480//466 479//465
f 27//13 460//448 473//459
f 469//456 483//469 482//468
f 463//451 475//461 462//450
f 465//82 479//465 478//464
f 468//455 482//468 481//467
f 462//450 474//460 461//449
f 465//82 477//463 464//452
f 467//454 481//467 480//466
f 461//449 473//459 460//448
f 475//461 487//473 474//460
f 478//464 490//476 477//463
f 480//466 494//480 493//479
f 474//460 486//472 473//459
f 483//469 319//1 496//482
f 477//463 489//475 476//462
f 479//465 493//479 492//478
f 27//13 473//459 486//472
f 482//468 496//482 495//481
f 476//462 488//474 475//461
f 478//464 492//478 491//477
f 481//467 495//481 494//480
f 495//481 509//494 508//493
f 489//475 501//486 488//474
f 491//477 505//490 504//489
f 494//480 508//493 507//492
f 488//474 500//485 487//473
f 491//477 503//488 490//476
f 493//479 507//492 506//491
f 487//473 499//484 486//472
f 496//482 319//1 509//494
f 490//476 502//487 489//475
f 492//478 506//491 505//490
f 27//13 486//472 499//484
f 500//485 512//497 499//484
f 509//494 319//1 522//507
f 503//488 515//500 502//487
f 505//490 519//504 518//503
f 27//13 499//484 512//497
f 508//493 522//507 521//506
f 502//487 514//499 501//486
f 504//489 518//503 517//502
f 507//492 521//506 520//505
f 501//486 513//498 500//485
f 504//489 516//501 503//488
f 506//491 520//505 519//504
f 520//505 534//519 533//518
f 514//499 526//511 513//498
f 517//502 529//514 516//501
f 519//504 533//518 532//517
f 513//498 525//510 512//497
f 522//507 319//1 535//520
f 516//501 528//513 515//500
f 518//503 532//517 531//516
f 27//13 512//497 525//510
f 521//506 535//520 534//519
f 515//500 527//512 514//499
f 517//502 531//516 530//515
f 27//13 525//510 538//523
f 534//519 548//532 547//531
f 528//513 540//525 527//512
f 530//515 544//528 543//159
f 533//518 547//531 546//530
f 527//512 539//524 526//511
f 530//515 542//527 529//514
f 532//517 546//530 545//529
f 526//511 538//523 525//510
f 535//520 319//1 548//532
f 529//514 541//526 528//513
f 531//516 545//529 544//528
f 546//530 558//542 545//529
f 538//523 552//536 551//535
f 548//532 319//1 561//545
f 541//526 555//539 554//538
f 545//529 557//541 544//528
f 27//13 538//523 551//535
f 548//532 560//544 547//531
f 540//525 554//538 553//537
f 544//528 556//540 543//159
f 547//531 559//543 546//530
f 539//524 553//537 552//536
f 542//527 556//540 555//539
f 560//544 572//556 559//543
f 552//536 566//550 565//549
f 555//539 569//553 568//552
f 559//543 571//555 558//542
f 551//535 565//549 564//548
f 561//545 319//1 574//558
f 554//538 568//552 567//551
f 558//542 570//554 557//541
f 27//13 551//535 564//548
f 561//545 573//557 560//544
f 553//537 567//551 566//550
f 557//541 569//553 556//540
f 571//555 583//567 570//554
f 27//13 564//548 577//561
f 574//558 586//570 573//557
f 566//550 580//564 579//563
f 570//554 582//566 569//553
f 573//557 585//569 572//556
f 565//549 579//563 578//562
f 568//552 582//566 581//565
f 572//556 584//568 571//555
f 564//548 578//562 577//561
f 574//558 319//1 587//571
f 567//551 581//565 580//564
f 585//569 597//581 584//568
f 577//561 591//575 590//574
f 587//571 319//1 600//584
f 580//564 594//578 593//577
f 584//568 596//580 583//567
f 27//13 577//561 590//574
f 587//571 599//583 586//570
f 579//563 593//577 592//576
f 583//567 595//579 582//566
f 586//570 598//582 585//569
f 578//562 592//576 591//575
f 581//565 595//579 594//578
f 596//580 608//592 595//579
f 599//583 611//595 598//582
f 591//575 605//589 604//588
f 594//578 608//592 607//591
f 598//582 610//594 597//581
f 590//574 604//588 603//587
f 600//584 319//1 613//597
f 593//577 607//591 606//590
f 597//581 609//593 596//580
f 27//13 590//574 603//587
f 600//584 612//596 599//583
f 592//576 606//590 605//589
f 610//594 622//605 609//593
f 27//13 603//587 616//600
f 613//597 625//608 612//596
f 605//589 619//603 618//602
f 609//593 621//237 608//592
f 612//596 624//607 611//595
f 604//588 618//602 617//601
f 607//591 621//237 620//604
f 611//595 623//606 610//594
f 603//587 617//601 616//600
f 613//597 319//1 626//609
f 606//590 620//604 619//603
f 621//237 633//616 620//604
f 623//606 637//620 636//619
f 617//601 629//612 616//600
f 626//609 319//1 639//622
f 620//604 632//615 619//603
f 622//605 636//619 635//618
f 27//13 616//600 629//612
f 625//608 639//622 638//621
f 619//603 631//614 618//602
f 621//237 635//618 634//617
f 624//607 638//621 637//620
f 618//602 630//613 617//601
f 634//617 648//631 647//630
f 637//620 651//634 650//633
f 631//614 643//626 630//613
f 634//617 646//629 633//616
f 636//619 650//633 649//632
f 630//613 642//625 629//612
f 639//622 319//1 652//635
f 633//616 645//628 632//615
f 635//618 649//632 648//631
f 27//13 629//612 642//625
f 638//621 652//635 651//634
f 632//615 644//627 631//614
f 646//629 658//641 645//628
f 648//631 662//645 661//644
f 27//13 642//625 655//638
f 651//634 665//648 664//647
f 645//628 657//640 644//627
f 647//630 661//644 660//643
f 650//633 664//647 663//646
f 644//627 656//639 643//626
f 647//630 659//642 646//629
f 649//632 663//646 662//645
f 643//626 655//638 642//625
f 652//635 319//1 665//648
f 660//643 672//655 659//642
f 662//645 676//659 675//658
f 656//639 668//651 655//638
f 665//648 319//1 678//661
f 659//642 671//654 658//641
f 661//644 675//658 674//657
f 27//13 655//638 668//651
f 664//647 678//661 677//660
f 658//641 670//653 657//640
f 660//643 674//657 673//656
f 663//646 677//660 676//659
f 657//640 669//652 656//639
f 671//654 683//665 670//653
f 673//656 687//669 686//668
f 676//659 690//672 689//671
f 670//653 682//664 669//652
f 673//656 685//667 672//655
f 675//658 689//671 688//670
f 669//652 681//663 668//651
f 678//661 319//1 691//673
f 672//655 684//666 671//654
f 674//657 688//670 687//669
f 27//13 668//651 681//663
f 677//660 691//673 690//672
f 691//673 319//1 415//404
f 685//667 697//678 684//666
f 687//669 701//682 700//681
f 27//13 681//663 383//375
f 690//672 415//404 703//684
f 684//666 696//677 683//665
f 686//668 700//681 406//7
f 689//671 703//684 702//683
f 683//665 695//676 682//664
f 686//668 401//391 685//667
f 688//670 702//683 701//682
f 682//664 383//375 681//663
f 797//773 653//636 654//637
f 433//13 798//774 666//649
f 704//685 628//611 793//769
f 698//679 641//624 694//7
f 796//772 641//624 653//636
f 704//685 392//1 627//610
f 798//774 654//637 666//649
f 793//769 640//623 698//679
f 653//636 588//572 576//560
f 628//611 589//573 640//623
f 627//610 392//1 602//586
f 666//649 575//559 563//547
f 640//623 588//572 641//624
f 627//610 601//585 628//611
f 433//13 666//649 563//547
f 654//637 576//560 575//559
f 602//586 392//1 510//495
f 602//586 511//496 601//585
f 601//585 523//508 589//573
f 589//573 524//509 588//572
f 575//559 536//521 537//522
f 433//13 563//547 549//533
f 563//547 537//522 549//533
f 576//560 524//509 536//521
f 536//521 471//82 459//447
f 510//495 484//470 511//496
f 511//496 472//458 523//508
f 433//13 549//533 446//434
f 549//533 458//446 446//434
f 537//522 459//447 458//446
f 523//508 471//82 524//509
f 510//495 392//1 485//471
f 485//471 392//1 410//399
f 484//470 410//399 411//400
f 433//13 446//434 432//421
f 471//82 412//401 414//403
f 458//446 432//421 446//434
f 472//458 411//400 412//401
f 459//447 420//409 458//446
f 471//82 419//408 459//447
f 410//399 392//1 388//380
f 419//408 707//688 420//409
f 414//403 706//687 419//408
f 414//403 374//367 322//316
f 411//400 388//380 379//371
f 420//409 708//689 432//421
f 433//13 432//421 708//689
f 412//401 379//371 374//367
f 322//316 711//692 710//691
f 707//688 717//698 708//689
f 388//380 392//1 713//694
f 433//13 708//689 717//698
f 374//367 712//693 711//692
f 379//371 713//694 712//693
f 322//316 715//696 706//687
f 706//687 716//697 707//688
f 710//691 720//700 719//159
f 433//13 717//698 726//705
f 713//694 392//1 722//702
f 711//692 721//701 720//700
f 710//691 724//703 715//696
f 715//696 725//704 716//697
f 716//697 726//705 717//698
f 712//693 722//702 721//701
f 726//705 734//713 735//714
f 724//703 728//707 733//712
f 721//701 729//708 720//700
f 722//702 392//1 731//710
f 433//13 726//705 735//714
f 725//704 733//712 734//713
f 720//700 728//707 719//159
f 722//702 730//709 721//701
f 730//709 738//717 729//708
f 731//710 392//1 740//719
f 433//13 735//714 744//723
f 734//713 742//721 743//722
f 729//708 737//716 728//707
f 731//710 739//718 730//709
f 735//714 743//722 744//723
f 733//712 737//716 742//721
f 433//13 744//723 753//731
f 743//722 751//729 752//730
f 738//717 746//725 737//716
f 740//719 748//727 739//718
f 744//723 752//730 753//731
f 742//721 746//725 751//729
f 739//718 747//726 738//717
f 740//719 392//1 749//728
f 749//728 757//734 748//727
f 753//731 761//738 762//739
f 751//729 755//237 760//737
f 748//727 756//733 747//726
f 749//728 392//1 758//735
f 433//13 753//731 762//739
f 752//730 760//737 761//738
f 747//726 755//237 746//725
f 761//738 771//748 762//739
f 755//237 769//746 760//737
f 756//733 766//743 765//742
f 758//735 392//1 767//744
f 433//13 762//739 771//748
f 760//737 770//747 761//738
f 755//237 765//742 764//741
f 757//734 767//744 766//743
f 767//744 392//1 776//753
f 433//13 771//748 780//757
f 769//746 779//756 770//747
f 764//741 774//751 773//750
f 766//743 776//753 775//752
f 770//747 780//757 771//748
f 764//741 778//755 769//746
f 765//742 775//752 774//751
f 778//755 788//765 779//756
f 773//750 783//760 782//759
f 775//752 785//762 784//761
f 779//756 789//766 780//757
f 773//750 787//764 778//755
f 774//751 784//761 783//760
f 776//753 392//1 785//762
f 433//13 780//757 789//766
f 788//765 798//774 789//766
f 782//759 796//772 787//764
f 783//760 793//769 698//679
f 785//762 392//1 704//685
f 433//13 789//766 798//774
f 787//764 797//773 788//765
f 782//759 698//679 694//7
f 784//761 704//685 793//769
f 1139//952 1125//950 1276//1081
f 1273//1078 1104//944 1107//945
f 1143//954 1111//946 1114//947
f 1143//954 1118//948 1142//953
f 1142//953 1121//949 1139//952
f 1128//13 1276//1081 1125//950
f 1148//956 1097//1 1104//944
f 1145//955 1107//945 1111//946
f 1128//13 1125//950 1150//958
f 1118//948 1039//935 1121//949
f 1107//945 1094//942 1091//941
f 1111//946 1091//941 1087//940
f 1121//949 1150//958 1125//950
f 1114//947 1062//938 1118//948
f 1104//944 1097//1 1094//942
f 1114//947 1087//940 1083//939
f 1083//939 1153//961 1062//938
f 1087//940 1156//964 1155//963
f 1083//939 1155//963 1154//962
f 1039//935 1159//967 1150//958
f 1128//13 1150//958 1159//967
f 1091//941 1157//965 1156//964
f 1062//938 1152//960 1039//935
f 1094//942 1097//1 1157//965
f 1157//965 1097//1 1166//974
f 1155//963 1165//973 1164//972
f 1128//13 1159//967 1168//976
f 1153//961 1161//969 1152//960
f 1156//964 1166//974 1165//973
f 1152//960 1168//976 1159//967
f 1154//962 1162//970 1153//961
f 1154//962 1164//972 1163//971
f 1162//970 1172//980 1171//979
f 1165//973 1173//981 1164//972
f 1166//974 1097//1 1175//983
f 1128//13 1168//976 1177//985
f 1161//969 1171//979 1170//978
f 1164//972 1172//980 1163//971
f 1166//974 1174//982 1165//973
f 1168//976 1170//978 1177//985
f 1128//13 1177//985 1186//993
f 1170//978 1180//987 1179//986
f 1173//981 1181//988 1172//980
f 1175//983 1183//990 1174//982
f 1177//985 1179//986 1186//993
f 1171//979 1181//988 1180//987
f 1174//982 1182//989 1173//981
f 1175//983 1097//1 1184//991
f 1182//989 1190//997 1181//988
f 1184//991 1192//999 1183//990
f 1186//993 1188//995 1195//1002
f 1180//987 1190//997 1189//996
f 1183//990 1191//998 1182//989
f 1184//991 1097//1 1193//1000
f 1128//13 1186//993 1195//1002
f 1179//986 1189//996 1188//995
f 1195//1002 1197//1004 1204//1011
f 1189//996 1199//1006 1198//1005
f 1192//999 1200//1007 1191//998
f 1193//1000 1097//1 1202//1009
f 1128//13 1195//1002 1204//1011
f 1188//995 1198//1005 1197//1004
f 1191//998 1199//1006 1190//997
f 1193//1000 1201//1008 1192//999
f 1200//1007 1210//1017 1209//1016
f 1202//1009 1097//1 1211//1018
f 1128//13 1204//1011 1213//1020
f 1198//1005 1206//1013 1197//1004
f 1199//1006 1209//1016 1208//1015
f 1201//1008 1211//1018 1210//1017
f 1197//1004 1213//1020 1204//1011
f 1199//1006 1207//1014 1198//1005
f 1128//13 1213//1020 1222//1029
f 1207//1014 1215//1022 1206//1013
f 1208//1015 1218//1025 1217//1024
f 1210//1017 1220//1027 1219//1026
f 1206//1013 1222//1029 1213//1020
f 1208//1015 1216//1023 1207//1014
f 1209//1016 1219//1026 1218//1025
f 1211//1018 1097//1 1220//1027
f 1219//1026 1229//1035 1228//1034
f 1215//1022 1231//1037 1222//1029
f 1217//1024 1225//1031 1216//1023
f 1218//1025 1228//1034 1227//1033
f 1220//1027 1097//1 1229//1035
f 1128//13 1222//1029 1231//1037
f 1216//1023 1224//1030 1215//1022
f 1217//1024 1227//1033 1226//1032
f 1224//1030 1240//1046 1231//1037
f 1226//1032 1234//1040 1225//1031
f 1227//1033 1237//1043 1236//1042
f 1229//1035 1097//1 1238//1044
f 1128//13 1231//1037 1240//1046
f 1225//1031 1233//1039 1224//1030
f 1226//1032 1236//1042 1235//1041
f 1228//1034 1238//1044 1237//1043
f 1238//1044 1097//1 1247//1053
f 1128//13 1240//1046 1249//1055
f 1233//1039 1243//1049 1242//1048
f 1236//1042 1244//1050 1235//1041
f 1238//1044 1246//1052 1237//1043
f 1240//1046 1242//1048 1249//1055
f 1234//1040 1244//1050 1243//1049
f 1237//1043 1245//1051 1236//1042
f 1242//1048 1252//1058 1251//1057
f 1245//1051 1253//1059 1244//1050
f 1247//1053 1255//1061 1246//1052
f 1249//1055 1251//1057 1258//1064
f 1243//1049 1253//1059 1252//1058
f 1246//1052 1254//1060 1245//1051
f 1247//1053 1097//1 1256//1062
f 1128//13 1249//1055 1258//1064
f 1258//1064 1260//1066 1267//1073
f 1252//1058 1262//1068 1261//1067
f 1255//1061 1263//1069 1254//1060
f 1256//1062 1097//1 1265//1071
f 1128//13 1258//1064 1267//1073
f 1251//1057 1261//1067 1260//1066
f 1254//1060 1262//1068 1253//1059
f 1256//1062 1264//1070 1255//1061
f 1261//1067 1143//954 1142//953
f 1264//1070 1145//955 1263//1069
f 1265//1071 1097//1 1148//956
f 1128//13 1267//1073 1276//1081
f 1260//1066 1142//953 1139//952
f 1263//1069 1143//954 1262//1068
f 1265//1071 1273//1078 1264//1070
f 1267//1073 1139//952 1276//1081
f 1223//13 1386//1186 1382//1182
f 1390//1189 1292//1 1364//1164
f 1427//1224 1373//1173 1388//7
f 1386//1186 1376//1176 1382//1182
f 1390//1189 1367//1167 1427//1224
f 1424//1222 1373//1173 1376//1176
f 1376//1176 1340//1141 1337//1138
f 1364//1164 1346//1147 1367//1167
f 1223//13 1382//1182 1331//1132
f 1382//1182 1337//1138 1331//1132
f 1367//1167 1340//1141 1373//1173
f 1364//1164 1292//1 1349//1150
f 1349//1150 1304//1107 1346//1147
f 1223//13 1331//1132 1319//1121
f 1349//1150 1292//1 1301//1104
f 1346//1147 1310//1113 1340//1141
f 1340//1141 1313//1116 1337//1138
f 1337//1138 1319//1121 1331//1132
f 1313//1116 1266//1072 1319//1121
f 1304//1107 1286//1090 1283//1087
f 1310//1113 1275//1080 1313//1116
f 1223//13 1319//1121 1266//1072
f 1301//1104 1292//1 1286//1090
f 1310//1113 1283//1087 1277//1082
f 1286//1090 1292//1 1393//1191
f 1275//1080 1221//1028 1266//1072
f 1283//1087 1393//1191 1392//1190
f 1277//1082 1392//1190 1146//159
f 1223//13 1266//1072 1221//1028
f 1277//1082 1185//992 1275//1080
f 1392//1190 1395//1193 1146//159
f 1223//13 1221//1028 1397//1195
f 1221//1028 1396//1194 1397//1195
f 1185//992 1395//1193 1396//1194
f 1393//1191 1292//1 1400//1198
f 1393//1191 1399//1197 1392//1190
f 1400//1198 1406//1204 1399//1197
f 1396//1194 1402//1200 1403//1201
f 1223//13 1397//1195 1404//1202
f 1400//1198 1292//1 1407//1205
f 1397//1195 1403//1201 1404//1202
f 1399//1197 1402//1200 1395//1193
f 1407//1205 1292//1 1414//1212
f 1406//1204 1409//1207 1402//1200
f 1403//1201 1411//1209 1404//1202
f 1406//1204 1414//1212 1413//1211
f 1403//1201 1409//1207 1410//1208
f 1223//13 1404//1202 1411//1209
f 1409//1207 1420//1218 1416//1214
f 1410//1208 1418//1216 1411//1209
f 1413//1211 1421//1219 1420//1218
f 1409//1207 1417//1215 1410//1208
f 1223//13 1411//1209 1418//1216
f 1414//1212 1292//1 1421//1219
f 1417//1215 1386//1186 1418//1216
f 1420//1218 1390//1189 1427//1224
f 1416//1214 1424//1222 1417//1215
f 1223//13 1418//1216 1386//1186
f 1421//1219 1292//1 1390//1189
f 1416//1214 1427//1224 1388//7
f 1605//1390 1443//1237 1477//1269
f 1474//1267 1446//1240 1450//1244
f 1608//1392 1453//1247 1457//1251
f 1480//1271 1439//1234 1605//1390
f 1477//1269 1446//1240 1475//7
f 1471//1264 1450//1244 1453//1247
f 1460//13 1608//1392 1457//1251
f 1480//1271 1429//1 1436//1231
f 1450//1244 1415//1213 1394//1192
f 1436//1231 1429//1 1426//1223
f 1460//13 1457//1251 1482//1273
f 1453//1247 1394//1192 1355//1155
f 1436//1231 1423//1221 1439//1234
f 1443//1237 1415//1213 1446//1240
f 1439//1234 1419//1217 1443//1237
f 1457//1251 1355//1155 1482//1273
f 1460//13 1482//1273 1491//1282
f 1426//1223 1429//1 1489//1280
f 1394//1192 1486//1277 1485//1276
f 1423//1221 1487//1278 1419//1217
f 1482//1273 1484//1275 1491//1282
f 1419//1217 1486//1277 1415//1213
f 1426//1223 1488//1279 1423//1221
f 1355//1155 1485//1276 1484//1275
f 1460//13 1491//1282 1500//1290
f 1488//1279 1496//1286 1487//1278
f 1485//1276 1495//82 1494//1285
f 1484//1275 1494//1285 1493//1284
f 1489//1280 1429//1 1498//1288
f 1489//1280 1497//1287 1488//1279
f 1487//1278 1495//82 1486//1277
f 1491//1282 1493//1284 1500//1290
f 1493//1284 1509//1298 1500//1290
f 1495//82 1503//1293 1494//1285
f 1496//1286 1506//1296 1505//1295
f 1498//1288 1429//1 1507//1297
f 1460//13 1500//1290 1509//1298
f 1494//1285 1502//1292 1493//1284
f 1495//82 1505//1295 1504//1294
f 1497//1287 1507//1297 1506//1296
f 1505//1295 1515//1304 1514//1303
f 1507//1297 1429//1 1516//1305
f 1460//13 1509//1298 1518//1307
f 1503//1293 1511//1300 1502//1292
f 1504//1294 1514//1303 1513//1302
f 1506//1296 1516//1305 1515//1304
f 1502//1292 1518//1307 1509//1298
f 1504//1294 1512//1301 1503//1293
f 1460//13 1518//1307 1527//1316
f 1512//1301 1520//1309 1511//1300
f 1513//1302 1523//1312 1522//1311
f 1515//1304 1525//1314 1524//1313
f 1511//1300 1527//1316 1518//1307
f 1513//1302 1521//1310 1512//1301
f 1514//1303 1524//1313 1523//1312
f 1516//1305 1429//1 1525//1314
f 1524//1313 1534//1322 1533//1321
f 1520//1309 1536//1324 1527//1316
f 1522//1311 1530//1319 1521//1310
f 1523//1312 1533//1321 1532//1320
f 1525//1314 1429//1 1534//1322
f 1460//13 1527//1316 1536//1324
f 1521//1310 1529//1318 1520//1309
f 1522//1311 1532//1320 1531//159
f 1536//1324 1538//1326 1545//1333
f 1530//1319 1540//1328 1539//1327
f 1533//1321 1541//1329 1532//1320
f 1534//1322 1429//1 1543//1331
f 1460//13 1536//1324 1545//1333
f 1529//1318 1539//1327 1538//1326
f 1532//1320 1540//1328 1531//159
f 1534//1322 1542//1330 1533//1321
f 1543//1331 1429//1 1552//1340
f 1460//13 1545//1333 1554//1342
f 1538//1326 1548//1336 1547//1335
f 1541//1329 1549//1337 1540//1328
f 1543//1331 1551//1339 1542//1330
f 1545//1333 1547//1335 1554//1342
f 1539//1327 1549//1337 1548//1336
f 1542//1330 1550//1338 1541//1329
f 1547//1335 1557//1345 1556//1344
f 1550//1338 1558//1346 1549//1337
f 1552//1340 1560//1348 1551//1339
f 1554//1342 1556//1344 1563//1351
f 1548//1336 1558//1346 1557//1345
f 1551//1339 1559//1347 1550//1338
f 1552//1340 1429//1 1561//1349
f 1460//13 1554//1342 1563//1351
f 1563//1351 1565//1353 1572//1359
f 1557//1345 1567//237 1566//1354
f 1560//1348 1568//1355 1559//1347
f 1561//1349 1429//1 1570//1357
f 1460//13 1563//1351 1572//1359
f 1556//1344 1566//1354 1565//1353
f 1559//1347 1567//237 1558//1346
f 1561//1349 1569//1356 1560//1348
f 1567//237 1575//1361 1566//1354
f 1568//1355 1578//1364 1577//1363
f 1570//1357 1429//1 1579//1365
f 1460//13 1572//1359 1581//1367
f 1566//1354 1574//1360 1565//1353
f 1567//237 1577//1363 1576//1362
f 1569//1356 1579//1365 1578//1364
f 1565//1353 1581//1367 1572//1359
f 1460//13 1581//1367 1590//1376
f 1575//1361 1583//1369 1574//1360
f 1576//1362 1586//1372 1585//1371
f 1578//1364 1588//1374 1587//1373
f 1574//1360 1590//1376 1581//1367
f 1576//1362 1584//1370 1575//1361
f 1577//1363 1587//1373 1586//1372
f 1579//1365 1429//1 1588//1374
f 1588//1374 1429//1 1597//1383
f 1460//13 1590//1376 1599//1385
f 1584//1370 1592//1378 1583//1369
f 1585//1371 1595//1381 1594//1380
f 1587//1373 1597//1383 1596//1382
f 1583//1369 1599//1385 1590//1376
f 1585//1371 1593//1379 1584//1370
f 1586//1372 1596//1382 1595//1381
f 1593//1379 1471//1264 1592//1378
f 1594//1380 1477//1269 1475//7
f 1596//1382 1480//1271 1605//1390
f 1592//1378 1608//1392 1599//1385
f 1594//1380 1474//1267 1593//1379
f 1595//1381 1605//1390 1477//1269
f 1597//1383 1429//1 1480//1271
f 1460//13 1599//1385 1608//1392
f 1985//1524 1971//1521 2122//1648
f 2119//1646 1950//1511 1953//1513
f 1989//1526 1957//1514 1960//1515
f 1989//1526 1964//1516 1988//1525
f 1988//1525 1967//1518 1985//1524
f 1974//13 2122//1648 1971//1521
f 1994//1528 1943//1 1950//1511
f 1991//1527 1953//1513 1957//1514
f 1974//13 1971//1521 1996//1530
f 1964//1516 1886//1501 1967//1518
f 1953//1513 1941//1508 1937//1507
f 1957//1514 1937//1507 1935//1506
f 1967//1518 1996//1530 1971//1521
f 1960//1515 1908//1503 1964//1516
f 1950//1511 1943//1 1941//1508
f 1960//1515 1935//1506 1929//1505
f 1935//1506 2002//1536 2001//1535
f 1886//1501 2005//1539 1996//1530
f 1937//1507 2003//1537 2002//1536
f 1908//1503 1998//1532 1886//1501
f 1941//1508 1943//1 2003//1537
f 1929//1505 2001//1535 2000//1534
f 1974//13 1996//1530 2005//1539
f 1929//1505 1999//1533 1908//1503
f 2002//1536 2012//1546 2011//1545
f 1974//13 2005//1539 2014//1548
f 1999//1533 2007//1541 1998//1532
f 2001//1535 2011//1545 2010//1544
f 2000//1534 2008//1542 1999//1533
f 1998//1532 2014//1548 2005//1539
f 2003//1537 1943//1 2012//1546
f 2000//1534 2010//1544 2009//1543
f 2011//1545 2019//1553 2010//1544
f 2012//1546 1943//1 2021//1555
f 1974//13 2014//1548 2023//1557
f 2007//1541 2017//1551 2016//1550
f 2010//1544 2018//1552 2009//1543
f 2012//1546 2020//1554 2011//1545
f 2014//1548 2016//1550 2023//1557
f 2008//1542 2018//1552 2017//1551
f 1974//13 2023//1557 2032//1564
f 2016//1550 2026//1559 2025//1558
f 2019//1553 2027//1560 2018//1552
f 2021//1555 2029//1562 2020//1554
f 2023//1557 2025//1558 2032//1564
f 2017//1551 2027//1560 2026//1559
f 2020//1554 2028//1561 2019//1553
f 2021//1555 1943//1 2030//1563
f 2030//1563 2038//1570 2029//1562
f 2032//1564 2034//1566 2041//1573
f 2026//1559 2036//1568 2035//1567
f 2029//1562 2037//1569 2028//1561
f 2030//1563 1943//1 2039//1571
f 1974//13 2032//1564 2041//1573
f 2025//1558 2035//1567 2034//1566
f 2028//1561 2036//1568 2027//1560
f 2041//1573 2043//1575 2050//1582
f 2035//1567 2045//1577 2044//1576
f 2038//1570 2046//1578 2037//1569
f 2039//1571 1943//1 2048//1580
f 1974//13 2041//1573 2050//1582
f 2034//1566 2044//1576 2043//1575
f 2037//1569 2045//1577 2036//1568
f 2039//1571 2047//1579 2038//1570
f 2048//1580 1943//1 2057//1589
f 1974//13 2050//1582 2059//1591
f 2044//1576 2052//1584 2043//1575
f 2045//1577 2055//1587 2054//1586
f 2047//1579 2057//1589 2056//1588
f 2043//1575 2059//1591 2050//1582
f 2045//1577 2053//1585 2044//1576
f 2046//1578 2056//1588 2055//1587
f 2053//1585 2061//1593 2052//1584
f 2054//1586 2064//1596 2063//1595
f 2056//1588 2066//1598 2065//1597
f 2052//1584 2068//1599 2059//1591
f 2054//1586 2062//1594 2053//1585
f 2055//1587 2065//1597 2064//1596
f 2057//1589 1943//1 2066//1598
f 1974//13 2059//1591 2068//1599
f 2061//1593 2077//1607 2068//1599
f 2063//1595 2071//1601 2062//1594
f 2064//1596 2074//1604 2073//1603
f 2066//1598 1943//1 2075//1605
f 1974//13 2068//1599 2077//1607
f 2062//1594 2070//1600 2061//1593
f 2063//1595 2073//1603 2072//1602
f 2065//1597 2075//1605 2074//1604
f 2072//1602 2080//1610 2071//1601
f 2073//1603 2083//1613 2082//1612
f 2075//1605 1943//1 2084//1614
f 1974//13 2077//1607 2086//1616
f 2071//1601 2079//1609 2070//1600
f 2072//1602 2082//1612 2081//1611
f 2074//1604 2084//1614 2083//1613
f 2070//1600 2086//1616 2077//1607
f 1974//13 2086//1616 2095//1625
f 2079//1609 2089//1619 2088//1618
f 2082//1612 2090//1620 2081//1611
f 2084//1614 2092//1622 2083//1613
f 2086//1616 2088//1618 2095//1625
f 2080//1610 2090//1620 2089//1619
f 2083//1613 2091//1621 2082//1612
f 2084//1614 1943//1 2093//1623
f 2091//1621 2099//1629 2090//1620
f 2093//1623 2101//1631 2092//1622
f 2095//1625 2097//1627 2104//1634
f 2089//1619 2099//1629 2098//1628
f 2092//1622 2100//1630 2091//1621
f 2093//1623 1943//1 2102//1632
f 1974//13 2095//1625 2104//1634
f 2088//1618 2098//1628 2097//1627
f 2104//1634 2106//1635 2113//1641
f 2098//1628 2108//1637 2107//1636
f 2101//1631 2109//1638 2100//1630
f 2102//1632 1943//1 2111//1640
f 1974//13 2104//1634 2113//1641
f 2097//1627 2107//1636 2106//1635
f 2100//1630 2108//1637 2099//1629
f 2102//1632 2110//1639 2101//1631
f 2110//1639 1991//1527 2109//1638
f 2111//1640 1943//1 1994//1528
f 1974//13 2113//1641 2122//1648
f 2106//1635 1988//1525 1985//1524
f 2109//1638 1989//1526 2108//1637
f 2111//1640 2119//1646 2110//1639
f 2113//1641 1985//1524 2122//1648
f 2107//1636 1989//1526 1988//1525
f 2236//1189 2138//1 2210//1164
f 2273//1224 2219//1173 2234//7
f 2270//1222 2219//1173 2222//1176
f 2069//13 2232//1186 2228//1182
f 2236//1189 2213//1167 2273//1224
f 2232//1186 2222//1176 2228//1182
f 2069//13 2228//1182 2177//1132
f 2222//1176 2186//1141 2183//1138
f 2210//1164 2192//1147 2213//1167
f 2228//1182 2183//1138 2177//1132
f 2213//1167 2186//1141 2219//1173
f 2210//1164 2138//1 2195//1150
f 2192//1147 2156//1113 2186//1141
f 2069//13 2177//1132 2165//1121
f 2195//1150 2138//1 2147//1104
f 2186//1141 2159//1116 2183//1138
f 2195//1150 2150//1107 2192//1147
f 2183//1138 2165//1121 2177//1132
f 2150//1107 2132//1090 2129//1087
f 2159//1116 2112//1072 2165//1121
f 2156//1113 2121//1080 2159//1116
f 2069//13 2165//1121 2112//1072
f 2147//1104 2138//1 2132//1090
f 2156//1113 2129//1087 2123//1082
f 2121//1080 2067//1028 2112//1072
f 2129//1087 2239//1191 2238//1190
f 2123//1082 2238//1190 1992//159
f 2069//13 2112//1072 2067//1028
f 2123//1082 2031//992 2121//1080
f 2132//1090 2138//1 2239//1191
f 2238//1190 2241//1193 1992//159
f 2069//13 2067//1028 2243//1195
f 2067//1028 2242//1194 2243//1195
f 2239//1191 2138//1 2246//1198
f 2239//1191 2245//1197 2238//1190
f 2031//992 2241//1193 2242//1194
f 2242//1194 2248//1200 2249//1201
f 2246//1198 2252//1729 2245//1197
f 2246//1198 2138//1 2253//1205
f 2243//1195 2249//1201 2250//1202
f 2069//13 2243//1195 2250//1202
f 2245//1197 2248//1200 2241//1193
f 2252//1729 2255//1207 2248//1200
f 2249//1201 2257//1209 2250//1202
f 2253//1205 2259//1211 2252//1729
f 2249//1201 2255//1207 2256//1208
f 2069//13 2250//1202 2257//1209
f 2253//1205 2138//1 2260//1212
f 2256//1208 2264//1216 2257//1209
f 2259//1211 2267//1219 2266//1218
f 2255//1207 2263//1215 2256//1208
f 2069//13 2257//1209 2264//1216
f 2260//1212 2138//1 2267//1219
f 2255//1207 2266//1218 2262//1214
f 2266//1218 2236//1189 2273//1224
f 2262//1214 2270//1222 2263//1215
f 2069//13 2264//1216 2232//1186
f 2267//1219 2138//1 2236//1189
f 2262//1214 2273//1224 2234//7
f 2263//1215 2232//1186 2264//1216
f 2454//1392 2299//1247 2303//1251
f 2326//1271 2285//1234 2451//1390
f 2323//1269 2292//1240 2321//7
f 2320//1267 2292//1240 2296//1244
f 2317//1264 2296//1244 2299//1247
f 2306//13 2454//1392 2303//1251
f 2326//1271 2275//1 2282//1231
f 2451//1390 2289//1237 2323//1269
f 2282//1231 2275//1 2272//1223
f 2306//13 2303//1251 2328//1273
f 2299//1247 2240//1192 2201//1155
f 2282//1231 2269//1221 2285//1234
f 2289//1237 2261//1213 2292//1240
f 2285//1234 2265//1217 2289//1237
f 2303//1251 2201//1155 2328//1273
f 2296//1244 2261//1213 2240//1192
f 2272//1223 2275//1 2335//1280
f 2306//13 2328//1273 2337//1282
f 2240//1192 2332//1277 2331//1276
f 2269//1221 2333//1278 2265//1217
f 2265//1217 2332//1277 2261//1213
f 2328//1273 2330//1275 2337//1282
f 2272//1223 2334//1279 2269//1221
f 2201//1155 2331//1276 2330//1275
f 2334//1279 2342//1286 2333//1278
f 2333//1278 2341//82 2332//1277
f 2331//1276 2341//82 2340//1285
f 2306//13 2337//1282 2346//1290
f 2330//1275 2340//1285 2339//1284
f 2335//1280 2343//1287 2334//1279
f 2335//1280 2275//1 2344//1288
f 2337//1282 2339//1284 2346//1290
f 2339//1284 2355//1298 2346//1290
f 2341//82 2349//1293 2340//1285
f 2342//1286 2352//1296 2351//1295
f 2344//1288 2275//1 2353//1297
f 2306//13 2346//1290 2355//1298
f 2340//1285 2348//1292 2339//1284
f 2341//82 2351//1295 2350//1294
f 2343//1287 2353//1297 2352//1296
f 2353//1297 2275//1 2362//1305
f 2306//13 2355//1298 2364//1307
f 2349//1293 2357//1300 2348//1292
f 2350//1294 2360//1303 2359//1302
f 2352//1296 2362//1305 2361//1304
f 2348//1292 2364//1307 2355//1298
f 2350//1294 2358//1301 2349//1293
f 2351//1295 2361//1304 2360//1303
f 2360//1303 2370//1313 2369//1312
f 2362//1305 2275//1 2371//1314
f 2306//13 2364//1307 2373//1316
f 2358//1301 2366//1309 2357//1300
f 2359//1302 2369//1312 2368//1311
f 2361//1304 2371//1314 2370//1313
f 2357//1300 2373//1316 2364//1307
f 2359//1302 2367//1310 2358//1301
f 2306//13 2373//1316 2382//1324
f 2367//1310 2375//1318 2366//1309
f 2368//1311 2378//1320 2377//159
f 2370//1313 2380//1322 2379//1321
f 2366//1309 2382//1324 2373//1316
f 2368//1311 2376//1319 2367//1310
f 2369//1312 2379//1321 2378//1320
f 2371//1314 2275//1 2380//1322
f 2380//1322 2388//1330 2379//1321
f 2382//1324 2384//1326 2391//1333
f 2376//1319 2386//1328 2385//1327
f 2379//1321 2387//1329 2378//1320
f 2380//1322 2275//1 2389//1331
f 2306//13 2382//1324 2391//1333
f 2375//1318 2385//1327 2384//1326
f 2378//1320 2386//1328 2377//159
f 2391//1333 2393//1335 2400//1342
f 2385//1327 2395//1337 2394//1336
f 2388//1330 2396//1338 2387//1329
f 2389//1331 2275//1 2398//1340
f 2306//13 2391//1333 2400//1342
f 2384//1326 2394//1336 2393//1335
f 2387//1329 2395//1337 2386//1328
f 2389//1331 2397//1339 2388//1330
f 2398//1340 2275//1 2407//1349
f 2306//13 2400//1342 2409//1351
f 2393//1335 2403//1345 2402//1344
f 2396//1338 2404//1346 2395//1337
f 2398//1340 2406//1348 2397//1339
f 2400//1342 2402//1344 2409//1351
f 2394//1336 2404//1346 2403//1345
f 2397//1339 2405//1347 2396//1338
f 2402//1344 2412//1354 2411//1353
f 2405//1347 2413//237 2404//1346
f 2407//1349 2415//1356 2406//1348
f 2409//1351 2411//1353 2418//1359
f 2403//1345 2413//237 2412//1354
f 2406//1348 2414//1355 2405//1347
f 2407//1349 2275//1 2416//1357
f 2306//13 2409//1351 2418//1359
f 2411//1353 2427//1367 2418//1359
f 2413//237 2421//1361 2412//1354
f 2414//1355 2424//1364 2423//1363
f 2416//1357 2275//1 2425//1365
f 2306//13 2418//1359 2427//1367
f 2412//1354 2420//1360 2411//1353
f 2413//237 2423//1363 2422//1362
f 2415//1356 2425//1365 2424//1364
f 2422//1362 2430//1370 2421//1361
f 2423//1363 2433//1373 2432//1372
f 2425//1365 2275//1 2434//1374
f 2306//13 2427//1367 2436//1376
f 2421//1361 2429//1369 2420//1360
f 2422//1362 2432//1372 2431//1371
f 2424//1364 2434//1374 2433//1373
f 2420//1360 2436//1376 2427//1367
f 2306//13 2436//1376 2445//1385
f 2430//1370 2438//1378 2429//1369
f 2431//1371 2441//1381 2440//1380
f 2433//1373 2443//1383 2442//1382
f 2429//1369 2445//1385 2436//1376
f 2431//1371 2439//1379 2430//1370
f 2432//1372 2442//1382 2441//1381
f 2434//1374 2275//1 2443//1383
f 2440//1380 2323//1269 2321//7
f 2442//1382 2326//1271 2451//1390
f 2438//1378 2454//1392 2445//1385
f 2440//1380 2320//1267 2439//1379
f 2441//1381 2451//1390 2323//1269
f 2443//1383 2275//1 2326//1271
f 2306//13 2445//1385 2454//1392
f 2439//1379 2317//1264 2438//1378
f 2//2 15//15 16//16
f 10//10 9//9 22//22
f 6//6 19//19 20//20
f 315//311 16//16 17//17
f 323//317 10//10 23//23
f 8//8 7//7 20//20
f 316//312 17//17 18//18
f 12//12 323//317 24//24
f 9//9 8//8 21//21
f 5//5 18//18 19//19
f 21//21 20//20 33//31
f 17//17 30//28 31//29
f 25//25 24//24 37//35
f 22//22 21//21 34//32
f 18//18 31//29 32//30
f 15//15 28//26 29//27
f 23//23 22//22 35//33
f 19//19 32//30 33//31
f 16//16 29//27 30//28
f 24//24 23//23 36//34
f 36//34 35//33 48//46
f 32//30 45//43 46//44
f 29//27 42//40 43//41
f 37//35 36//34 49//47
f 34//32 33//31 46//44
f 30//28 43//41 44//42
f 38//36 37//35 50//48
f 35//33 34//32 47//45
f 31//29 44//42 45//43
f 28//26 41//39 42//40
f 48//46 47//45 60//58
f 44//42 57//55 58//56
f 41//39 54//52 55//53
f 49//47 48//46 61//59
f 45//43 58//56 59//57
f 42//40 55//53 56//54
f 50//48 49//47 62//60
f 47//45 46//44 59//57
f 43//41 56//54 57//55
f 51//49 50//48 63//61
f 63//61 62//60 75//73
f 60//58 59//57 72//70
f 56//54 69//67 70//68
f 64//62 63//61 76//74
f 61//59 60//58 73//71
f 57//55 70//68 71//69
f 54//52 67//65 68//66
f 62//60 61//59 74//72
f 58//56 71//69 72//70
f 55//53 68//66 69//67
f 67//65 80//77 81//78
f 75//73 74//72 87//84
f 71//69 84//81 85//82
f 68//66 81//78 82//79
f 76//74 75//73 88//85
f 73//71 72//70 85//82
f 69//67 82//79 83//80
f 77//75 76//74 89//86
f 74//72 73//71 86//83
f 70//68 83//80 84//81
f 89//86 102//99 103//100
f 86//83 99//96 100//97
f 84//81 83//80 96//93
f 81//78 80//77 93//90
f 87//84 100//97 101//98
f 85//82 84//81 97//94
f 82//79 81//78 94//91
f 88//85 101//98 102//99
f 85//82 98//95 99//96
f 83//80 82//79 95//92
f 95//92 94//91 107//104
f 101//98 114//111 115//112
f 98//95 111//108 112//109
f 96//93 95//92 108//105
f 102//99 115//112 116//113
f 99//96 112//109 113//110
f 97//94 96//93 109//106
f 94//91 93//90 106//103
f 100//97 113//110 114//111
f 98//95 97//94 110//107
f 107//104 106//103 119//115
f 113//110 126//122 127//123
f 111//108 110//107 123//119
f 108//105 107//104 120//116
f 114//111 127//123 128//124
f 111//108 124//120 125//121
f 109//106 108//105 121//117
f 115//112 128//124 129//125
f 112//109 125//121 126//122
f 110//107 109//106 122//118
f 122//118 121//117 134//130
f 128//124 141//137 142//138
f 125//121 138//134 139//135
f 123//119 122//118 135//131
f 120//116 119//115 132//128
f 126//122 139//135 140//136
f 124//120 123//119 136//132
f 121//117 120//116 133//129
f 127//123 140//136 141//137
f 124//120 137//133 138//134
f 134//130 133//129 146//142
f 140//136 153//149 154//150
f 137//133 150//146 151//147
f 135//131 134//130 147//143
f 141//137 154//150 155//151
f 138//134 151//147 152//148
f 136//132 135//131 148//144
f 133//129 132//128 145//141
f 139//135 152//148 153//149
f 137//133 136//132 149//145
f 149//145 148//144 161//157
f 146//142 145//141 158//154
f 152//148 165//161 166//162
f 150//146 149//145 162//158
f 147//143 146//142 159//155
f 153//149 166//162 167//163
f 150//146 163//159 164//160
f 148//144 147//143 160//156
f 154//150 167//163 168//164
f 151//147 164//160 165//161
f 160//156 173//169 174//170
f 168//164 167//163 180//176
f 165//161 164//160 177//173
f 161//157 174//170 175//171
f 158//154 171//167 172//168
f 166//162 165//161 178//174
f 162//158 175//171 176//172
f 159//155 172//168 173//169
f 167//163 166//162 179//175
f 164//160 163//159 176//172
f 175//171 188//184 189//185
f 172//168 185//181 186//182
f 180//176 179//175 192//188
f 177//173 176//172 189//185
f 173//169 186//182 187//183
f 181//177 180//176 193//189
f 178//174 177//173 190//186
f 174//170 187//183 188//184
f 171//167 184//180 185//181
f 179//175 178//174 191//187
f 187//183 200//196 201//197
f 184//180 197//193 198//194
f 192//188 191//187 204//200
f 188//184 201//197 202//198
f 185//181 198//194 199//195
f 193//189 192//188 205//201
f 190//186 189//185 202//198
f 186//182 199//195 200//196
f 194//190 193//189 206//202
f 191//187 190//186 203//199
f 203//199 202//198 215//211
f 199//195 212//208 213//209
f 207//203 206//202 219//215
f 204//200 203//199 216//212
f 200//196 213//209 214//210
f 197//193 210//206 211//207
f 205//201 204//200 217//213
f 201//197 214//210 215//211
f 198//194 211//207 212//208
f 206//202 205//201 218//214
f 214//210 227//223 228//224
f 211//207 224//220 225//221
f 219//215 218//214 231//227
f 216//212 215//211 228//224
f 212//208 225//221 226//222
f 220//216 219//215 232//228
f 217//213 216//212 229//225
f 213//209 226//222 227//223
f 210//206 223//219 224//220
f 218//214 217//213 230//226
f 230//226 229//225 242//238
f 226//222 239//235 240//236
f 223//219 236//232 237//233
f 231//227 230//226 243//239
f 227//223 240//236 241//237
f 224//220 237//233 238//234
f 232//228 231//227 244//240
f 229//225 228//224 241//237
f 225//221 238//234 239//235
f 233//229 232//228 245//241
f 241//237 254//250 255//251
f 239//235 238//234 251//247
f 245//241 258//254 259//255
f 242//238 255//251 256//252
f 240//236 239//235 252//248
f 237//233 236//232 249//245
f 243//239 256//252 257//253
f 241//237 240//236 253//249
f 238//234 237//233 250//246
f 244//240 257//253 258//254
f 256//252 269//265 270//266
f 254//250 253//249 266//262
f 251//247 250//246 263//259
f 257//253 270//266 271//267
f 254//250 267//263 268//264
f 252//248 251//247 264//260
f 258//254 271//267 272//268
f 255//251 268//264 269//265
f 253//249 252//248 265//261
f 250//246 249//245 262//258
f 268//264 281//277 282//278
f 266//262 265//261 278//274
f 263//259 262//258 275//271
f 269//265 282//278 283//279
f 267//263 266//262 279//275
f 264//260 263//259 276//272
f 270//266 283//279 284//280
f 267//263 280//276 281//277
f 265//261 264//260 277//273
f 271//267 284//280 285//281
f 283//279 296//292 297//293
f 280//276 293//289 294//290
f 278//274 277//273 290//286
f 284//280 297//293 298//294
f 281//277 294//290 295//291
f 279//275 278//274 291//287
f 276//272 275//271 288//284
f 282//278 295//291 296//292
f 280//276 279//275 292//288
f 277//273 276//272 289//285
f 289//285 288//284 301//297
f 295//291 308//304 309//305
f 293//289 292//288 305//301
f 290//286 289//285 302//298
f 296//292 309//305 310//306
f 293//289 306//302 307//303
f 291//287 290//286 303//299
f 297//293 310//306 311//307
f 294//290 307//303 308//304
f 292//288 291//287 304//300
f 310//306 323//317 12//12
f 307//303 8//8 9//9
f 305//301 304//300 5//5
f 302//298 301//297 2//2
f 308//304 9//9 10//10
f 306//302 305//301 6//6
f 303//299 302//298 315//311
f 309//305 10//10 323//317
f 306//302 7//7 8//8
f 304//300 303//299 316//312
f 702//683 334//328 338//332
f 696//677 697//678 356//349
f 697//678 401//391 352//345
f 383//375 695//676 365//358
f 700//681 343//336 347//340
f 703//684 329//323 334//328
f 401//391 406//7 347//340
f 701//682 338//332 343//336
f 695//676 696//677 361//354
f 415//404 325//319 329//323
f 356//349 352//345 208//204
f 338//332 313//309 261//257
f 361//354 356//349 196//192
f 365//358 361//354 144//140
f 343//336 261//257 260//256
f 325//319 318//314 317//313
f 370//363 365//358 143//139
f 352//345 347//340 260//256
f 329//323 317//313 314//310
f 334//328 314//310 313//309
f 208//204 260//256 426//415
f 317//313 430//419 429//418
f 196//192 208//204 425//414
f 143//139 144//140 423//412
f 318//314 431//420 430//419
f 261//257 427//416 426//415
f 313//309 428//417 427//416
f 91//88 143//139 422//411
f 144//140 196//192 424//413
f 314//310 429//418 428//417
f 421//410 422//411 435//423
f 430//419 443//431 442//430
f 422//411 423//412 436//424
f 431//420 444//432 443//431
f 425//414 426//415 439//427
f 427//416 440//428 439//427
f 424//413 425//414 438//426
f 428//417 441//429 440//428
f 429//418 442//430 441//429
f 423//412 424//413 437//425
f 438//426 439//427 452//440
f 442//430 455//443 454//442
f 434//422 435//423 448//436
f 437//425 438//426 451//439
f 441//429 454//442 453//441
f 444//432 457//445 456//444
f 436//424 437//425 450//438
f 440//428 453//441 452//440
f 443//431 456//444 455//443
f 435//423 436//424 449//437
f 449//437 450//438 463//451
f 453//441 466//453 465//82
f 456//444 469//456 468//455
f 448//436 449//437 462//450
f 451//439 452//440 465//82
f 455//443 468//455 467//454
f 447//435 448//436 461//449
f 450//438 451//439 464//452
f 454//442 467//454 466//453
f 457//445 470//457 469//456
f 464//452 477//463 476//462
f 466//453 467//454 480//466
f 469//456 470//457 483//469
f 463//451 476//462 475//461
f 465//82 466//453 479//465
f 468//455 469//456 482//468
f 462//450 475//461 474//460
f 465//82 478//464 477//463
f 467//454 468//455 481//467
f 461//449 474//460 473//459
f 475//461 488//474 487//473
f 478//464 491//477 490//476
f 480//466 481//467 494//480
f 474//460 487//473 486//472
f 477//463 490//476 489//475
f 479//465 480//466 493//479
f 482//468 483//469 496//482
f 476//462 489//475 488//474
f 478//464 479//465 492//478
f 481//467 482//468 495//481
f 495//481 496//482 509//494
f 489//475 502//487 501//486
f 491//477 492//478 505//490
f 494//480 495//481 508//493
f 488//474 501//486 500//485
f 491//477 504//489 503//488
f 493//479 494//480 507//492
f 487//473 500//485 499//484
f 490//476 503//488 502//487
f 492//478 493//479 506//491
f 500//485 513//498 512//497
f 503//488 516//501 515//500
f 505//490 506//491 519//504
f 508//493 509//494 522//507
f 502//487 515//500 514//499
f 504//489 505//490 518//503
f 507//492 508//493 521//506
f 501//486 514//499 513//498
f 504//489 517//502 516//501
f 506//491 507//492 520//505
f 520//505 521//506 534//519
f 514//499 527//512 526//511
f 517//502 530//515 529//514
f 519//504 520//505 533//518
f 513//498 526//511 525//510
f 516//501 529//514 528//513
f 518//503 519//504 532//517
f 521//506 522//507 535//520
f 515//500 528//513 527//512
f 517//502 518//503 531//516
f 534//519 535//520 548//532
f 528//513 541//526 540//525
f 530//515 531//516 544//528
f 533//518 534//519 547//531
f 527//512 540//525 539//524
f 530//515 543//159 542//527
f 532//517 533//518 546//530
f 526//511 539//524 538//523
f 529//514 542//527 541//526
f 531//516 532//517 545//529
f 546//530 559//543 558//542
f 538//523 539//524 552//536
f 541//526 542//527 555//539
f 545//529 558//542 557//541
f 548//532 561//545 560//544
f 540//525 541//526 554//538
f 544//528 557//541 556//540
f 547//531 560//544 559//543
f 539//524 540//525 553//537
f 542//527 543//159 556//540
f 560//544 573//557 572//556
f 552//536 553//537 566//550
f 555//539 556//540 569//553
f 559//543 572//556 571//555
f 551//535 552//536 565//549
f 554//538 555//539 568//552
f 558//542 571//555 570//554
f 561//545 574//558 573//557
f 553//537 554//538 567//551
f 557//541 570//554 569//553
f 571//555 584//568 583//567
f 574//558 587//571 586//570
f 566//550 567//551 580//564
f 570//554 583//567 582//566
f 573//557 586//570 585//569
f 565//549 566//550 579//563
f 568//552 569//553 582//566
f 572//556 585//569 584//568
f 564//548 565//549 578//562
f 567//551 568//552 581//565
f 585//569 598//582 597//581
f 577//561 578//562 591//575
f 580//564 581//565 594//578
f 584//568 597//581 596//580
f 587//571 600//584 599//583
f 579//563 580//564 593//577
f 583//567 596//580 595//579
f 586//570 599//583 598//582
f 578//562 579//563 592//576
f 581//565 582//566 595//579
f 596//580 609//593 608//592
f 599//583 612//596 611//595
f 591//575 592//576 605//589
f 594//578 595//579 608//592
f 598//582 611//595 610//594
f 590//574 591//575 604//588
f 593//577 594//578 607//591
f 597//581 610//594 609//593
f 600//584 613//597 612//596
f 592//576 593//577 606//590
f 610//594 623//606 622//605
f 613//597 626//609 625//608
f 605//589 606//590 619//603
f 609//593 622//605 621//237
f 612//596 625//608 624//607
f 604//588 605//589 618//602
f 607//591 608//592 621//237
f 611//595 624//607 623//606
f 603//587 604//588 617//601
f 606//590 607//591 620//604
f 621//237 634//617 633//616
f 623//606 624//607 637//620
f 617//601 630//613 629//612
f 620//604 633//616 632//615
f 622//605 623//606 636//619
f 625//608 626//609 639//622
f 619//603 632//615 631//614
f 621//237 622//605 635//618
f 624//607 625//608 638//621
f 618//602 631//614 630//613
f 634//617 635//618 648//631
f 637//620 638//621 651//634
f 631//614 644//627 643//626
f 634//617 647//630 646//629
f 636//619 637//620 650//633
f 630//613 643//626 642//625
f 633//616 646//629 645//628
f 635//618 636//619 649//632
f 638//621 639//622 652//635
f 632//615 645//628 644//627
f 646//629 659//642 658//641
f 648//631 649//632 662//645
f 651//634 652//635 665//648
f 645//628 658//641 657//640
f 647//630 648//631 661//644
f 650//633 651//634 664//647
f 644//627 657//640 656//639
f 647//630 660//643 659//642
f 649//632 650//633 663//646
f 643//626 656//639 655//638
f 660//643 673//656 672//655
f 662//645 663//646 676//659
f 656//639 669//652 668//651
f 659//642 672//655 671//654
f 661//644 662//645 675//658
f 664//647 665//648 678//661
f 658//641 671//654 670//653
f 660//643 661//644 674//657
f 663//646 664//647 677//660
f 657//640 670//653 669//652
f 671//654 684//666 683//665
f 673//656 674//657 687//669
f 676//659 677//660 690//672
f 670//653 683//665 682//664
f 673//656 686//668 685//667
f 675//658 676//659 689//671
f 669//652 682//664 681//663
f 672//655 685//667 684//666
f 674//657 675//658 688//670
f 677//660 678//661 691//673
f 685//667 401//391 697//678
f 687//669 688//670 701//682
f 690//672 691//673 415//404
f 684//666 697//678 696//677
f 686//668 687//669 700//681
f 689//671 690//672 703//684
f 683//665 696//677 695//676
f 686//668 406//7 401//391
f 688//670 689//671 702//683
f 682//664 695//676 383//375
f 797//773 796//772 653//636
f 704//685 627//610 628//611
f 698//679 640//623 641//624
f 796//772 694//7 641//624
f 798//774 797//773 654//637
f 793//769 628//611 640//623
f 653//636 641//624 588//572
f 628//611 601//585 589//573
f 666//649 654//637 575//559
f 640//623 589//573 588//572
f 627//610 602//586 601//585
f 654//637 653//636 576//560
f 602//586 510//495 511//496
f 601//585 511//496 523//508
f 589//573 523//508 524//509
f 575//559 576//560 536//521
f 563//547 575//559 537//522
f 576//560 588//572 524//509
f 536//521 524//509 471//82
f 510//495 485//471 484//470
f 511//496 484//470 472//458
f 549//533 537//522 458//446
f 537//522 536//521 459//447
f 523//508 472//458 471//82
f 484//470 485//471 410//399
f 471//82 472//458 412//401
f 458//446 420//409 432//421
f 472//458 484//470 411//400
f 459//447 419//408 420//409
f 471//82 414//403 419//408
f 419//408 706//687 707//688
f 414//403 322//316 706//687
f 414//403 412//401 374//367
f 411//400 410//399 388//380
f 420//409 707//688 708//689
f 412//401 411//400 379//371
f 322//316 374//367 711//692
f 707//688 716//697 717//698
f 374//367 379//371 712//693
f 379//371 388//380 713//694
f 322//316 710//691 715//696
f 706//687 715//696 716//697
f 710//691 711//692 720//700
f 711//692 712//693 721//701
f 710//691 719//159 724//703
f 715//696 724//703 725//704
f 716//697 725//704 726//705
f 712//693 713//694 722//702
f 726//705 725//704 734//713
f 724//703 719//159 728//707
f 721//701 730//709 729//708
f 725//704 724//703 733//712
f 720//700 729//708 728//707
f 722//702 731//710 730//709
f 730//709 739//718 738//717
f 734//713 733//712 742//721
f 729//708 738//717 737//716
f 731//710 740//719 739//718
f 735//714 734//713 743//722
f 733//712 728//707 737//716
f 743//722 742//721 751//729
f 738//717 747//726 746//725
f 740//719 749//728 748//727
f 744//723 743//722 752//730
f 742//721 737//716 746//725
f 739//718 748//727 747//726
f 749//728 758//735 757//734
f 753//731 752//730 761//738
f 751//729 746//725 755//237
f 748//727 757//734 756//733
f 752//730 751//729 760//737
f 747//726 756//733 755//237
f 761//738 770//747 771//748
f 755//237 764//741 769//746
f 756//733 757//734 766//743
f 760//737 769//746 770//747
f 755//237 756//733 765//742
f 757//734 758//735 767//744
f 769//746 778//755 779//756
f 764//741 765//742 774//751
f 766//743 767//744 776//753
f 770//747 779//756 780//757
f 764//741 773//750 778//755
f 765//742 766//743 775//752
f 778//755 787//764 788//765
f 773//750 774//751 783//760
f 775//752 776//753 785//762
f 779//756 788//765 789//766
f 773//750 782//759 787//764
f 774//751 775//752 784//761
f 788//765 797//773 798//774
f 782//759 694//7 796//772
f 783//760 784//761 793//769
f 787//764 796//772 797//773
f 782//759 783//760 698//679
f 784//761 785//762 704//685
f 1139//952 1121//949 1125//950
f 1273//1078 1148//956 1104//944
f 1143//954 1145//955 1111//946
f 1143//954 1114//947 1118//948
f 1142//953 1118//948 1121//949
f 1145//955 1273//1078 1107//945
f 1118//948 1062//938 1039//935
f 1107//945 1104//944 1094//942
f 1111//946 1107//945 1091//941
f 1121//949 1039//935 1150//958
f 1114//947 1083//939 1062//938
f 1114//947 1111//946 1087//940
f 1083//939 1154//962 1153//961
f 1087//940 1091//941 1156//964
f 1083//939 1087//940 1155//963
f 1039//935 1152//960 1159//967
f 1091//941 1094//942 1157//965
f 1062//938 1153//961 1152//960
f 1155//963 1156//964 1165//973
f 1153//961 1162//970 1161//969
f 1156//964 1157//965 1166//974
f 1152//960 1161//969 1168//976
f 1154//962 1163//971 1162//970
f 1154//962 1155//963 1164//972
f 1162//970 1163//971 1172//980
f 1165//973 1174//982 1173//981
f 1161//969 1162//970 1171//979
f 1164//972 1173//981 1172//980
f 1166//974 1175//983 1174//982
f 1168//976 1161//969 1170//978
f 1170//978 1171//979 1180//987
f 1173//981 1182//989 1181//988
f 1175//983 1184//991 1183//990
f 1177//985 1170//978 1179//986
f 1171//979 1172//980 1181//988
f 1174//982 1183//990 1182//989
f 1182//989 1191//998 1190//997
f 1184//991 1193//1000 1192//999
f 1186//993 1179//986 1188//995
f 1180//987 1181//988 1190//997
f 1183//990 1192//999 1191//998
f 1179//986 1180//987 1189//996
f 1195//1002 1188//995 1197//1004
f 1189//996 1190//997 1199//1006
f 1192//999 1201//1008 1200//1007
f 1188//995 1189//996 1198//1005
f 1191//998 1200//1007 1199//1006
f 1193//1000 1202//1009 1201//1008
f 1200//1007 1201//1008 1210//1017
f 1198//1005 1207//1014 1206//1013
f 1199//1006 1200//1007 1209//1016
f 1201//1008 1202//1009 1211//1018
f 1197//1004 1206//1013 1213//1020
f 1199//1006 1208//1015 1207//1014
f 1207//1014 1216//1023 1215//1022
f 1208//1015 1209//1016 1218//1025
f 1210//1017 1211//1018 1220//1027
f 1206//1013 1215//1022 1222//1029
f 1208//1015 1217//1024 1216//1023
f 1209//1016 1210//1017 1219//1026
f 1219//1026 1220//1027 1229//1035
f 1215//1022 1224//1030 1231//1037
f 1217//1024 1226//1032 1225//1031
f 1218//1025 1219//1026 1228//1034
f 1216//1023 1225//1031 1224//1030
f 1217//1024 1218//1025 1227//1033
f 1224//1030 1233//1039 1240//1046
f 1226//1032 1235//1041 1234//1040
f 1227//1033 1228//1034 1237//1043
f 1225//1031 1234//1040 1233//1039
f 1226//1032 1227//1033 1236//1042
f 1228//1034 1229//1035 1238//1044
f 1233//1039 1234//1040 1243//1049
f 1236//1042 1245//1051 1244//1050
f 1238//1044 1247//1053 1246//1052
f 1240//1046 1233//1039 1242//1048
f 1234//1040 1235//1041 1244//1050
f 1237//1043 1246//1052 1245//1051
f 1242//1048 1243//1049 1252//1058
f 1245//1051 1254//1060 1253//1059
f 1247//1053 1256//1062 1255//1061
f 1249//1055 1242//1048 1251//1057
f 1243//1049 1244//1050 1253//1059
f 1246//1052 1255//1061 1254//1060
f 1258//1064 1251//1057 1260//1066
f 1252//1058 1253//1059 1262//1068
f 1255//1061 1264//1070 1263//1069
f 1251//1057 1252//1058 1261//1067
f 1254//1060 1263//1069 1262//1068
f 1256//1062 1265//1071 1264//1070
f 1261//1067 1262//1068 1143//954
f 1264//1070 1273//1078 1145//955
f 1260//1066 1261//1067 1142//953
f 1263//1069 1145//955 1143//954
f 1265//1071 1148//956 1273//1078
f 1267//1073 1260//1066 1139//952
f 1427//1224 1367//1167 1373//1173
f 1386//1186 1424//1222 1376//1176
f 1390//1189 1364//1164 1367//1167
f 1424//1222 1388//7 1373//1173
f 1376//1176 1373//1173 1340//1141
f 1364//1164 1349//1150 1346//1147
f 1382//1182 1376//1176 1337//1138
f 1367//1167 1346//1147 1340//1141
f 1349//1150 1301//1104 1304//1107
f 1346//1147 1304//1107 1310//1113
f 1340//1141 1310//1113 1313//1116
f 1337//1138 1313//1116 1319//1121
f 1313//1116 1275//1080 1266//1072
f 1304//1107 1301//1104 1286//1090
f 1310//1113 1277//1082 1275//1080
f 1310//1113 1304//1107 1283//1087
f 1275//1080 1185//992 1221//1028
f 1283//1087 1286//1090 1393//1191
f 1277//1082 1283//1087 1392//1190
f 1277//1082 1146//159 1185//992
f 1392//1190 1399//1197 1395//1193
f 1221//1028 1185//992 1396//1194
f 1185//992 1146//159 1395//1193
f 1393//1191 1400//1198 1399//1197
f 1400//1198 1407//1205 1406//1204
f 1396//1194 1395//1193 1402//1200
f 1397//1195 1396//1194 1403//1201
f 1399//1197 1406//1204 1402//1200
f 1406//1204 1413//1211 1409//1207
f 1403//1201 1410//1208 1411//1209
f 1406//1204 1407//1205 1414//1212
f 1403//1201 1402//1200 1409//1207
f 1409//1207 1413//1211 1420//1218
f 1410//1208 1417//1215 1418//1216
f 1413//1211 1414//1212 1421//1219
f 1409//1207 1416//1214 1417//1215
f 1417//1215 1424//1222 1386//1186
f 1420//1218 1421//1219 1390//1189
f 1416//1214 1388//7 1424//1222
f 1416//1214 1420//1218 1427//1224
f 1605//1390 1439//1234 1443//1237
f 1474//1267 1475//7 1446//1240
f 1608//1392 1471//1264 1453//1247
f 1480//1271 1436//1231 1439//1234
f 1477//1269 1443//1237 1446//1240
f 1471//1264 1474//1267 1450//1244
f 1450//1244 1446//1240 1415//1213
f 1453//1247 1450//1244 1394//1192
f 1436//1231 1426//1223 1423//1221
f 1443//1237 1419//1217 1415//1213
f 1439//1234 1423//1221 1419//1217
f 1457//1251 1453//1247 1355//1155
f 1394//1192 1415//1213 1486//1277
f 1423//1221 1488//1279 1487//1278
f 1482//1273 1355//1155 1484//1275
f 1419//1217 1487//1278 1486//1277
f 1426//1223 1489//1280 1488//1279
f 1355//1155 1394//1192 1485//1276
f 1488//1279 1497//1287 1496//1286
f 1485//1276 1486//1277 1495//82
f 1484//1275 1485//1276 1494//1285
f 1489//1280 1498//1288 1497//1287
f 1487//1278 1496//1286 1495//82
f 1491//1282 1484//1275 1493//1284
f 1493//1284 1502//1292 1509//1298
f 1495//82 1504//1294 1503//1293
f 1496//1286 1497//1287 1506//1296
f 1494//1285 1503//1293 1502//1292
f 1495//82 1496//1286 1505//1295
f 1497//1287 1498//1288 1507//1297
f 1505//1295 1506//1296 1515//1304
f 1503//1293 1512//1301 1511//1300
f 1504//1294 1505//1295 1514//1303
f 1506//1296 1507//1297 1516//1305
f 1502//1292 1511//1300 1518//1307
f 1504//1294 1513//1302 1512//1301
f 1512//1301 1521//1310 1520//1309
f 1513//1302 1514//1303 1523//1312
f 1515//1304 1516//1305 1525//1314
f 1511//1300 1520//1309 1527//1316
f 1513//1302 1522//1311 1521//1310
f 1514//1303 1515//1304 1524//1313
f 1524//1313 1525//1314 1534//1322
f 1520//1309 1529//1318 1536//1324
f 1522//1311 1531//159 1530//1319
f 1523//1312 1524//1313 1533//1321
f 1521//1310 1530//1319 1529//1318
f 1522//1311 1523//1312 1532//1320
f 1536//1324 1529//1318 1538//1326
f 1530//1319 1531//159 1540//1328
f 1533//1321 1542//1330 1541//1329
f 1529//1318 1530//1319 1539//1327
f 1532//1320 1541//1329 1540//1328
f 1534//1322 1543//1331 1542//1330
f 1538//1326 1539//1327 1548//1336
f 1541//1329 1550//1338 1549//1337
f 1543//1331 1552//1340 1551//1339
f 1545//1333 1538//1326 1547//1335
f 1539//1327 1540//1328 1549//1337
f 1542//1330 1551//1339 1550//1338
f 1547//1335 1548//1336 1557//1345
f 1550//1338 1559//1347 1558//1346
f 1552//1340 1561//1349 1560//1348
f 1554//1342 1547//1335 1556//1344
f 1548//1336 1549//1337 1558//1346
f 1551//1339 1560//1348 1559//1347
f 1563//1351 1556//1344 1565//1353
f 1557//1345 1558//1346 1567//237
f 1560//1348 1569//1356 1568//1355
f 1556//1344 1557//1345 1566//1354
f 1559//1347 1568//1355 1567//237
f 1561//1349 1570//1357 1569//1356
f 1567//237 1576//1362 1575//1361
f 1568//1355 1569//1356 1578//1364
f 1566//1354 1575//1361 1574//1360
f 1567//237 1568//1355 1577//1363
f 1569//1356 1570//1357 1579//1365
f 1565//1353 1574//1360 1581//1367
f 1575//1361 1584//1370 1583//1369
f 1576//1362 1577//1363 1586//1372
f 1578//1364 1579//1365 1588//1374
f 1574//1360 1583//1369 1590//1376
f 1576//1362 1585//1371 1584//1370
f 1577//1363 1578//1364 1587//1373
f 1584//1370 1593//1379 1592//1378
f 1585//1371 1586//1372 1595//1381
f 1587//1373 1588//1374 1597//1383
f 1583//1369 1592//1378 1599//1385
f 1585//1371 1594//1380 1593//1379
f 1586//1372 1587//1373 1596//1382
f 1593//1379 1474//1267 1471//1264
f 1594//1380 1595//1381 1477//1269
f 1596//1382 1597//1383 1480//1271
f 1592//1378 1471//1264 1608//1392
f 1594//1380 1475//7 1474//1267
f 1595//1381 1596//1382 1605//1390
f 1985//1524 1967//1518 1971//1521
f 2119//1646 1994//1528 1950//1511
f 1989//1526 1991//1527 1957//1514
f 1989//1526 1960//1515 1964//1516
f 1988//1525 1964//1516 1967//1518
f 1991//1527 2119//1646 1953//1513
f 1964//1516 1908//1503 1886//1501
f 1953//1513 1950//1511 1941//1508
f 1957//1514 1953//1513 1937//1507
f 1967//1518 1886//1501 1996//1530
f 1960//1515 1929//1505 1908//1503
f 1960//1515 1957//1514 1935//1506
f 1935//1506 1937//1507 2002//1536
f 1886//1501 1998//1532 2005//1539
f 1937//1507 1941//1508 2003//1537
f 1908//1503 1999//1533 1998//1532
f 1929//1505 1935//1506 2001//1535
f 1929//1505 2000//1534 1999//1533
f 2002//1536 2003//1537 2012//1546
f 1999//1533 2008//1542 2007//1541
f 2001//1535 2002//1536 2011//1545
f 2000//1534 2009//1543 2008//1542
f 1998//1532 2007//1541 2014//1548
f 2000//1534 2001//1535 2010//1544
f 2011//1545 2020//1554 2019//1553
f 2007//1541 2008//1542 2017//1551
f 2010//1544 2019//1553 2018//1552
f 2012//1546 2021//1555 2020//1554
f 2014//1548 2007//1541 2016//1550
f 2008//1542 2009//1543 2018//1552
f 2016//1550 2017//1551 2026//1559
f 2019//1553 2028//1561 2027//1560
f 2021//1555 2030//1563 2029//1562
f 2023//1557 2016//1550 2025//1558
f 2017//1551 2018//1552 2027//1560
f 2020//1554 2029//1562 2028//1561
f 2030//1563 2039//1571 2038//1570
f 2032//1564 2025//1558 2034//1566
f 2026//1559 2027//1560 2036//1568
f 2029//1562 2038//1570 2037//1569
f 2025//1558 2026//1559 2035//1567
f 2028//1561 2037//1569 2036//1568
f 2041//1573 2034//1566 2043//1575
f 2035//1567 2036//1568 2045//1577
f 2038//1570 2047//1579 2046//1578
f 2034//1566 2035//1567 2044//1576
f 2037//1569 2046//1578 2045//1577
f 2039//1571 2048//1580 2047//1579
f 2044//1576 2053//1585 2052//1584
f 2045//1577 2046//1578 2055//1587
f 2047//1579 2048//1580 2057//1589
f 2043//1575 2052//1584 2059//1591
f 2045//1577 2054//1586 2053//1585
f 2046//1578 2047//1579 2056//1588
f 2053//1585 2062//1594 2061//1593
f 2054//1586 2055//1587 2064//1596
f 2056//1588 2057//1589 2066//1598
f 2052//1584 2061//1593 2068//1599
f 2054//1586 2063//1595 2062//1594
f 2055//1587 2056//1588 2065//1597
f 2061//1593 2070//1600 2077//1607
f 2063//1595 2072//1602 2071//1601
f 2064//1596 2065//1597 2074//1604
f 2062//1594 2071//1601 2070//1600
f 2063//1595 2064//1596 2073//1603
f 2065//1597 2066//1598 2075//1605
f 2072//1602 2081//1611 2080//1610
f 2073//1603 2074//1604 2083//1613
f 2071//1601 2080//1610 2079//1609
f 2072//1602 2073//1603 2082//1612
f 2074//1604 2075//1605 2084//1614
f 2070//1600 2079//1609 2086//1616
f 2079//1609 2080//1610 2089//1619
f 2082//1612 2091//1621 2090//1620
f 2084//1614 2093//1623 2092//1622
f 2086//1616 2079//1609 2088//1618
f 2080//1610 2081//1611 2090//1620
f 2083//1613 2092//1622 2091//1621
f 2091//1621 2100//1630 2099//1629
f 2093//1623 2102//1632 2101//1631
f 2095//1625 2088//1618 2097//1627
f 2089//1619 2090//1620 2099//1629
f 2092//1622 2101//1631 2100//1630
f 2088//1618 2089//1619 2098//1628
f 2104//1634 2097//1627 2106//1635
f 2098//1628 2099//1629 2108//1637
f 2101//1631 2110//1639 2109//1638
f 2097//1627 2098//1628 2107//1636
f 2100//1630 2109//1638 2108//1637
f 2102//1632 2111//1640 2110//1639
f 2110//1639 2119//1646 1991//1527
f 2106//1635 2107//1636 1988//1525
f 2109//1638 1991//1527 1989//1526
f 2111//1640 1994//1528 2119//1646
f 2113//1641 2106//1635 1985//1524
f 2107//1636 2108//1637 1989//1526
f 2273//1224 2213//1167 2219//1173
f 2270//1222 2234//7 2219//1173
f 2236//1189 2210//1164 2213//1167
f 2232//1186 2270//1222 2222//1176
f 2222//1176 2219//1173 2186//1141
f 2210//1164 2195//1150 2192//1147
f 2228//1182 2222//1176 2183//1138
f 2213//1167 2192//1147 2186//1141
f 2192//1147 2150//1107 2156//1113
f 2186//1141 2156//1113 2159//1116
f 2195//1150 2147//1104 2150//1107
f 2183//1138 2159//1116 2165//1121
f 2150//1107 2147//1104 2132//1090
f 2159//1116 2121//1080 2112//1072
f 2156//1113 2123//1082 2121//1080
f 2156//1113 2150//1107 2129//1087
f 2121//1080 2031//992 2067//1028
f 2129//1087 2132//1090 2239//1191
f 2123//1082 2129//1087 2238//1190
f 2123//1082 1992//159 2031//992
f 2238//1190 2245//1197 2241//1193
f 2067//1028 2031//992 2242//1194
f 2239//1191 2246//1198 2245//1197
f 2031//992 1992//159 2241//1193
f 2242//1194 2241//1193 2248//1200
f 2246//1198 2253//1205 2252//1729
f 2243//1195 2242//1194 2249//1201
f 2245//1197 2252//1729 2248//1200
f 2252//1729 2259//1211 2255//1207
f 2249//1201 2256//1208 2257//1209
f 2253//1205 2260//1212 2259//1211
f 2249//1201 2248//1200 2255//1207
f 2256//1208 2263//1215 2264//1216
f 2259//1211 2260//1212 2267//1219
f 2255//1207 2262//1214 2263//1215
f 2255//1207 2259//1211 2266//1218
f 2266//1218 2267//1219 2236//1189
f 2262//1214 2234//7 2270//1222
f 2262//1214 2266//1218 2273//1224
f 2263//1215 2270//1222 2232//1186
f 2454//1392 2317//1264 2299//1247
f 2326//1271 2282//1231 2285//1234
f 2323//1269 2289//1237 2292//1240
f 2320//1267 2321//7 2292//1240
f 2317//1264 2320//1267 2296//1244
f 2451//1390 2285//1234 2289//1237
f 2299//1247 2296//1244 2240//1192
f 2282//1231 2272//1223 2269//1221
f 2289//1237 2265//1217 2261//1213
f 2285//1234 2269//1221 2265//1217
f 2303//1251 2299//1247 2201//1155
f 2296//1244 2292//1240 2261//1213
f 2240//1192 2261//1213 2332//1277
f 2269//1221 2334//1279 2333//1278
f 2265//1217 2333//1278 2332//1277
f 2328//1273 2201//1155 2330//1275
f 2272//1223 2335//1280 2334//1279
f 2201//1155 2240//1192 2331//1276
f 2334//1279 2343//1287 2342//1286
f 2333//1278 2342//1286 2341//82
f 2331//1276 2332//1277 2341//82
f 2330//1275 2331//1276 2340//1285
f 2335//1280 2344//1288 2343//1287
f 2337//1282 2330//1275 2339//1284
f 2339//1284 2348//1292 2355//1298
f 2341//82 2350//1294 2349//1293
f 2342//1286 2343//1287 2352//1296
f 2340//1285 2349//1293 2348//1292
f 2341//82 2342//1286 2351//1295
f 2343//1287 2344//1288 2353//1297
f 2349//1293 2358//1301 2357//1300
f 2350//1294 2351//1295 2360//1303
f 2352//1296 2353//1297 2362//1305
f 2348//1292 2357//1300 2364//1307
f 2350//1294 2359//1302 2358//1301
f 2351//1295 2352//1296 2361//1304
f 2360//1303 2361//1304 2370//1313
f 2358//1301 2367//1310 2366//1309
f 2359//1302 2360//1303 2369//1312
f 2361//1304 2362//1305 2371//1314
f 2357//1300 2366//1309 2373//1316
f 2359//1302 2368//1311 2367//1310
f 2367//1310 2376//1319 2375//1318
f 2368//1311 2369//1312 2378//1320
f 2370//1313 2371//1314 2380//1322
f 2366//1309 2375//1318 2382//1324
f 2368//1311 2377//159 2376//1319
f 2369//1312 2370//1313 2379//1321
f 2380//1322 2389//1331 2388//1330
f 2382//1324 2375//1318 2384//1326
f 2376//1319 2377//159 2386//1328
f 2379//1321 2388//1330 2387//1329
f 2375//1318 2376//1319 2385//1327
f 2378//1320 2387//1329 2386//1328
f 2391//1333 2384//1326 2393//1335
f 2385//1327 2386//1328 2395//1337
f 2388//1330 2397//1339 2396//1338
f 2384//1326 2385//1327 2394//1336
f 2387//1329 2396//1338 2395//1337
f 2389//1331 2398//1340 2397//1339
f 2393//1335 2394//1336 2403//1345
f 2396//1338 2405//1347 2404//1346
f 2398//1340 2407//1349 2406//1348
f 2400//1342 2393//1335 2402//1344
f 2394//1336 2395//1337 2404//1346
f 2397//1339 2406//1348 2405//1347
f 2402//1344 2403//1345 2412//1354
f 2405//1347 2414//1355 2413//237
f 2407//1349 2416//1357 2415//1356
f 2409//1351 2402//1344 2411//1353
f 2403//1345 2404//1346 2413//237
f 2406//1348 2415//1356 2414//1355
f 2411//1353 2420//1360 2427//1367
f 2413//237 2422//1362 2421//1361
f 2414//1355 2415//1356 2424//1364
f 2412//1354 2421//1361 2420//1360
f 2413//237 2414//1355 2423//1363
f 2415//1356 2416//1357 2425//1365
f 2422//1362 2431//1371 2430//1370
f 2423//1363 2424//1364 2433//1373
f 2421//1361 2430//1370 2429//1369
f 2422//1362 2423//1363 2432//1372
f 2424//1364 2425//1365 2434//1374
f 2420//1360 2429//1369 2436//1376
f 2430//1370 2439//1379 2438//1378
f 2431//1371 2432//1372 2441//1381
f 2433//1373 2434//1374 2443//1383
f 2429//1369 2438//1378 2445//1385
f 2431//1371 2440//1380 2439//1379
f 2432//1372 2433//1373 2442//1382
f 2440//1380 2441//1381 2323//1269
f 2442//1382 2443//1383 2326//1271
f 2438//1378 2317//1264 2454//1392
f 2440//1380 2321//7 2320//1267
f 2441//1381 2442//1382 2451//1390
f 2439//1379 2320//1267 2317//1264
usemtl Mouse_light
f 324//318 26//1 273//269
f 321//315 287//283 320//7
f 417//406 299//295 300//296
f 79//13 418//407 312//308
f 324//318 274//270 413//402
f 413//402 286//282 321//315
f 416//405 287//283 299//295
f 418//407 300//296 312//308
f 312//308 221//217 209//205
f 299//295 234//230 222//218
f 274//270 235//231 286//282
f 273//269 26//1 248//244
f 300//296 222//218 221//217
f 286//282 234//230 287//283
f 273//269 247//243 274//270
f 79//13 312//308 209//205
f 248//244 26//1 156//152
f 221//217 182//178 183//179
f 79//13 209//205 195//191
f 209//205 183//179 195//191
f 222//218 170//166 182//178
f 247//243 169//165 235//231
f 235//231 170//166 234//230
f 248//244 157//153 247//243
f 156//152 130//126 157//153
f 157//153 118//114 169//165
f 169//165 117//82 170//166
f 195//191 104//101 92//89
f 183//179 105//102 104//101
f 79//13 195//191 92//89
f 156//152 26//1 131//127
f 182//178 117//82 105//102
f 118//114 40//38 52//50
f 104//101 78//76 92//89
f 117//82 52//50 53//51
f 79//13 92//89 78//76
f 105//102 66//64 104//101
f 117//82 65//63 105//102
f 131//127 26//1 39//37
f 130//126 39//37 40//38
f 66//64 328//322 78//76
f 53//51 326//320 65//63
f 53//51 4//4 3//3
f 40//38 14//14 11//11
f 79//13 78//76 328//322
f 65//63 327//321 66//64
f 52//50 11//11 4//4
f 39//37 26//1 14//14
f 14//14 26//1 333//327
f 326//320 336//330 327//321
f 79//13 328//322 337//331
f 327//321 337//331 328//322
f 3//3 335//329 326//320
f 4//4 332//326 331//325
f 3//3 331//325 330//324
f 11//11 333//327 332//326
f 331//325 341//334 340//333
f 330//324 340//333 339//159
f 336//330 346//339 337//331
f 332//326 342//335 341//334
f 335//329 345//338 336//330
f 330//324 344//337 335//329
f 79//13 337//331 346//339
f 333//327 26//1 342//335
f 346//339 354//347 355//348
f 344//337 348//341 353//346
f 341//334 349//342 340//333
f 342//335 26//1 351//344
f 79//13 346//339 355//348
f 345//338 353//346 354//347
f 340//333 348//341 339//159
f 342//335 350//343 341//334
f 350//343 358//351 349//342
f 351//344 26//1 360//353
f 79//13 355//348 364//357
f 354//347 362//355 363//356
f 349//342 357//350 348//341
f 351//344 359//352 350//343
f 355//348 363//356 364//357
f 353//346 357//350 362//355
f 79//13 364//357 373//366
f 363//356 371//364 372//365
f 358//351 366//359 357//350
f 360//353 368//361 359//352
f 364//357 372//365 373//366
f 362//355 366//359 371//364
f 359//352 367//360 358//351
f 360//353 26//1 369//362
f 369//362 377//369 368//361
f 373//366 381//373 382//374
f 371//364 375//237 380//372
f 368//361 376//368 367//360
f 369//362 26//1 378//370
f 79//13 373//366 382//374
f 372//365 380//372 381//373
f 367//360 375//237 366//359
f 381//373 391//383 382//374
f 375//237 389//381 380//372
f 376//368 386//378 385//377
f 378//370 26//1 387//379
f 79//13 382//374 391//383
f 380//372 390//382 381//373
f 375//237 385//377 384//376
f 377//369 387//379 386//378
f 387//379 26//1 396//387
f 79//13 391//383 400//390
f 389//381 399//389 390//382
f 384//376 394//385 393//384
f 386//378 396//387 395//386
f 390//382 400//390 391//383
f 384//376 398//388 389//381
f 385//377 395//386 394//385
f 398//388 408//397 399//389
f 393//384 403//393 402//392
f 395//386 405//395 404//394
f 399//389 409//398 400//390
f 393//384 407//396 398//388
f 394//385 404//394 403//393
f 396//387 26//1 405//395
f 79//13 400//390 409//398
f 408//397 418//407 409//398
f 402//392 416//405 407//396
f 403//393 413//402 321//315
f 405//395 26//1 324//318
f 79//13 409//398 418//407
f 407//396 417//406 408//397
f 402//392 321//315 320//7
f 404//394 324//318 413//402
f 321//315 286//282 287//283
f 417//406 416//405 299//295
f 324//318 273//269 274//270
f 413//402 274//270 286//282
f 416//405 320//7 287//283
f 418//407 417//406 300//296
f 312//308 300//296 221//217
f 299//295 287//283 234//230
f 274//270 247//243 235//231
f 300//296 299//295 222//218
f 286//282 235//231 234//230
f 273//269 248//244 247//243
f 221//217 222//218 182//178
f 209//205 221//217 183//179
f 222//218 234//230 170//166
f 247//243 157//153 169//165
f 235//231 169//165 170//166
f 248//244 156//152 157//153
f 156//152 131//127 130//126
f 157//153 130//126 118//114
f 169//165 118//114 117//82
f 195//191 183//179 104//101
f 183//179 182//178 105//102
f 182//178 170//166 117//82
f 118//114 130//126 40//38
f 104//101 66//64 78//76
f 117//82 118//114 52//50
f 105//102 65//63 66//64
f 117//82 53//51 65//63
f 130//126 131//127 39//37
f 66//64 327//321 328//322
f 53//51 3//3 326//320
f 53//51 52//50 4//4
f 40//38 39//37 14//14
f 65//63 326//320 327//321
f 52//50 40//38 11//11
f 326//320 335//329 336//330
f 327//321 336//330 337//331
f 3//3 330//324 335//329
f 4//4 11//11 332//326
f 3//3 4//4 331//325
f 11//11 14//14 333//327
f 331//325 332//326 341//334
f 330//324 331//325 340//333
f 336//330 345//338 346//339
f 332//326 333//327 342//335
f 335//329 344//337 345//338
f 330//324 339//159 344//337
f 346//339 345//338 354//347
f 344//337 339//159 348//341
f 341//334 350//343 349//342
f 345//338 344//337 353//346
f 340//333 349//342 348//341
f 342//335 351//344 350//343
f 350//343 359//352 358//351
f 354//347 353//346 362//355
f 349//342 358//351 357//350
f 351//344 360//353 359//352
f 355//348 354//347 363//356
f 353//346 348//341 357//350
f 363//356 362//355 371//364
f 358//351 367//360 366//359
f 360//353 369//362 368//361
f 364//357 363//356 372//365
f 362//355 357//350 366//359
f 359//352 368//361 367//360
f 369//362 378//370 377//369
f 373//366 372//365 381//373
f 371//364 366//359 375//237
f 368//361 377//369 376//368
f 372//365 371//364 380//372
f 367//360 376//368 375//237
f 381//373 390//382 391//383
f 375//237 384//376 389//381
f 376//368 377//369 386//378
f 380//372 389//381 390//382
f 375//237 376//368 385//377
f 377//369 378//370 387//379
f 389//381 398//388 399//389
f 384//376 385//377 394//385
f 386//378 387//379 396//387
f 390//382 399//389 400//390
f 384//376 393//384 398//388
f 385//377 386//378 395//386
f 398//388 407//396 408//397
f 393//384 394//385 403//393
f 395//386 396//387 405//395
f 399//389 408//397 409//398
f 393//384 402//392 407//396
f 394//385 395//386 404//394
f 408//397 417//406 418//407
f 402//392 320//7 416//405
f 403//393 404//394 413//402
f 407//396 416//405 417//406
f 402//392 403//393 321//315
f 404//394 405//395 324//318
usemtl Mouse_pink
f 1270//1076 1250//1056 1269//1075
f 1178//13 1268//1074 1257//1063
f 1384//1184 1135//1 1230//1036
f 1274//1079 1230//1036 1232//1038
f 1271//954 1239//1045 1241//1047
f 1271//954 1248//1054 1270//1076
f 1269//1075 1257//1063 1268//1074
f 1272//1077 1232//1038 1239//1045
f 1250//1056 1187//994 1257//1063
f 1241//1047 1196//1003 1248//1054
f 1239//1045 1212//1019 1205//1012
f 1230//1036 1135//1 1214//1021
f 1178//13 1257//1063 1187//994
f 1248//1054 1194//1001 1250//1056
f 1241//1047 1205//1012 1203//1010
f 1232//1038 1214//1021 1212//1019
f 1196//1003 1169//977 1194//1001
f 1178//13 1187//994 1176//984
f 1203//1010 1167//975 1196//1003
f 1205//1012 1151//959 1158//966
f 1194//1001 1176//984 1187//994
f 1212//1019 1149//957 1151//959
f 1203//1010 1158//966 1160//968
f 1214//1021 1135//1 1149//957
f 1160//968 1278//1083 1279//971
f 1151//959 1132//951 1100//943
f 1160//968 1280//1084 1167//975
f 1169//977 1282//1086 1176//984
f 1149//957 1135//1 1132//951
f 1158//966 1100//943 1278//1083
f 1178//13 1176//984 1282//1086
f 1167//975 1281//1085 1169//977
f 1278//1083 1288//1092 1279//971
f 1132//951 1284//1088 1100//943
f 1178//13 1282//1086 1291//1095
f 1100//943 1287//1091 1278//1083
f 1132//951 1135//1 1285//1089
f 1282//1086 1290//1094 1291//1095
f 1280//1084 1288//1092 1289//1093
f 1281//1085 1289//1093 1290//1094
f 1289//1093 1297//1100 1298//1101
f 1285//1089 1135//1 1294//1097
f 1284//1088 1296//1099 1287//1091
f 1290//1094 1298//1101 1299//1102
f 1285//1089 1293//1096 1284//1088
f 1178//13 1291//1095 1300//1103
f 1287//1091 1297//1100 1288//1092
f 1291//1095 1299//1102 1300//1103
f 1293//1096 1305//1108 1296//1099
f 1178//13 1300//1103 1309//1112
f 1299//1102 1307//1110 1308//1111
f 1294//1097 1302//1105 1293//1096
f 1296//1099 1306//1109 1297//1100
f 1300//1103 1308//1111 1309//1112
f 1298//1101 1306//1109 1307//1110
f 1294//1097 1135//1 1303//1106
f 1303//1106 1311//1114 1302//1105
f 1305//1108 1315//1006 1306//1109
f 1309//1112 1317//1119 1318//1120
f 1307//1110 1315//1006 1316//1118
f 1303//1106 1135//1 1312//1115
f 1302//1105 1314//1117 1305//1108
f 1178//13 1309//1112 1318//1120
f 1308//1111 1316//1118 1317//1119
f 1315//1006 1323//1125 1324//1126
f 1317//1119 1327//1129 1318//1120
f 1315//1006 1325//1127 1316//1118
f 1312//1115 1135//1 1321//1123
f 1314//1117 1320//1122 1323//1125
f 1178//13 1318//1120 1327//1129
f 1316//1118 1326//1128 1317//1119
f 1311//1114 1321//1123 1320//1122
f 1321//1123 1135//1 1330//1131
f 1323//1125 1329//1130 1332//1133
f 1178//13 1327//1129 1336//1137
f 1325//1127 1335//1136 1326//1128
f 1320//1122 1330//1131 1329//1130
f 1324//1126 1332//1133 1333//1134
f 1326//1128 1336//1137 1327//1129
f 1324//1126 1334//1135 1325//1127
f 1178//13 1336//1137 1345//1146
f 1334//1135 1344//1145 1335//1136
f 1329//1130 1339//1140 1338//1139
f 1333//1134 1341//1142 1342//1143
f 1335//1136 1345//1146 1336//1137
f 1333//1134 1343//1144 1334//1135
f 1330//1131 1135//1 1339//1140
f 1332//1133 1338//1139 1341//1142
f 1338//1139 1348//1149 1347//1148
f 1342//1143 1350//1151 1351//1041
f 1344//1145 1354//1154 1345//1146
f 1342//1143 1352//1152 1343//1144
f 1339//1140 1135//1 1348//1149
f 1341//1142 1347//1148 1350//1151
f 1178//13 1345//1146 1354//1154
f 1343//1144 1353//1153 1344//1145
f 1354//1154 1362//1162 1363//1163
f 1352//1152 1360//1160 1361//1161
f 1348//1149 1135//1 1357//1157
f 1347//1148 1359//1159 1350//1151
f 1178//13 1354//1154 1363//1163
f 1353//1153 1361//1161 1362//1162
f 1348//1149 1356//1156 1347//1148
f 1350//1151 1360//1160 1351//1041
f 1357//1157 1135//1 1366//1166
f 1356//1156 1368//1168 1359//1159
f 1178//13 1363//1163 1372//1172
f 1362//1162 1370//1170 1371//1171
f 1357//1157 1365//1165 1356//1156
f 1359//1159 1369//1169 1360//1160
f 1363//1163 1371//1171 1372//1172
f 1361//1161 1369//1169 1370//1170
f 1371//1171 1379//1179 1380//1180
f 1366//1166 1374//1174 1365//1165
f 1368//1168 1378//1178 1369//1169
f 1372//1172 1380//1180 1381//1181
f 1370//1170 1378//1178 1379//1179
f 1366//1166 1135//1 1375//1175
f 1365//1165 1377//1177 1368//1168
f 1178//13 1372//1172 1381//1181
f 1375//1175 1274//1079 1374//1174
f 1377//1177 1271//954 1378//1178
f 1381//1181 1269//1075 1268//1074
f 1379//1179 1271//954 1270//1076
f 1375//1175 1135//1 1384//1184
f 1374//1174 1272//1077 1377//1177
f 1178//13 1381//1181 1268//1074
f 1380//1180 1270//1076 1269//1075
f 1479//1270 1405//1203 1425//7
f 1422//1220 1408//1206 1412//1210
f 1428//1225 1401//1199 1479//1270
f 1476//1268 1405//1203 1408//1206
f 1328//13 1422//1220 1412//1210
f 1428//1225 1391//1 1398//1196
f 1398//1196 1391//1 1389//1188
f 1328//13 1412//1210 1358//1158
f 1408//1206 1385//1185 1383//1183
f 1398//1196 1387//1187 1401//1199
f 1412//1210 1383//1183 1358//1158
f 1401//1199 1385//1185 1405//1203
f 1387//1187 1259//1065 1385//1185
f 1389//1188 1391//1 1431//1227
f 1389//1188 1430//1226 1387//1187
f 1383//1183 1322//1124 1358//1158
f 1328//13 1358//1158 1322//1124
f 1385//1185 1295//1098 1383//1183
f 1259//1065 1434//1229 1295//1098
f 1259//1065 1437//1232 1433//1228
f 1295//1098 1435//1230 1322//1124
f 1430//1226 1438//1233 1437//1232
f 1431//1227 1391//1 1438//1233
f 1328//13 1322//1124 1435//1230
f 1328//13 1435//1230 1442//1236
f 1434//1229 1442//1236 1435//1230
f 1437//1232 1445//1239 1444//1238
f 1433//1228 1441//1235 1434//1229
f 1433//1228 1444//1238 1440//159
f 1438//1233 1391//1 1445//1239
f 1445//1239 1391//1 1452//1246
f 1444//1238 1447//1241 1440//159
f 1442//1236 1448//1242 1449//1243
f 1445//1239 1451//1245 1444//1238
f 1441//1235 1447//1241 1448//1242
f 1328//13 1442//1236 1449//1243
f 1452//1246 1391//1 1459//1253
f 1451//1245 1454//1248 1447//1241
f 1449//1243 1455//1249 1456//1250
f 1452//1246 1458//1252 1451//1245
f 1448//1242 1454//1248 1455//1249
f 1328//13 1449//1243 1456//1250
f 1459//1253 1391//1 1466//1259
f 1458//1252 1461//1254 1454//1248
f 1455//1249 1463//1256 1456//1250
f 1459//1253 1465//1258 1458//1252
f 1455//1249 1461//1254 1462//1255
f 1328//13 1456//1250 1463//1256
f 1461//1254 1472//1265 1468//1261
f 1462//1255 1470//1263 1463//1256
f 1465//1258 1473//1266 1472//1265
f 1461//1254 1469//1262 1462//1255
f 1328//13 1463//1256 1470//1263
f 1466//1259 1391//1 1473//1266
f 1469//1262 1422//1220 1470//1263
f 1472//1265 1428//1225 1479//1270
f 1468//1261 1476//1268 1469//1262
f 1328//13 1470//1263 1422//1220
f 1473//1266 1391//1 1428//1225
f 1468//1261 1479//1270 1425//7
f 1602//1388 1591//1377 1598//1384
f 1607//1391 1582//1368 1645//1428
f 1645//1428 1589//1375 1604//7
f 1642//1425 1589//1375 1591//1377
f 1478//13 1602//1388 1598//1384
f 1607//1391 1508//1 1580//1366
f 1478//13 1598//1384 1546//1334
f 1591//1377 1555//1343 1553//1341
f 1580//1366 1562//1350 1582//1368
f 1598//1384 1553//1341 1546//1334
f 1582//1368 1555//1343 1589//1375
f 1580//1366 1508//1 1564//1352
f 1553//1341 1526//1315 1528//1317
f 1478//13 1546//1334 1535//1323
f 1562//1350 1526//1315 1555//1343
f 1564//1352 1508//1 1517//1306
f 1564//1352 1519//1308 1562//1350
f 1553//1341 1535//1323 1546//1334
f 1478//13 1535//1323 1483//1274
f 1526//1315 1499//1289 1492//1283
f 1526//1315 1490//1281 1528//1317
f 1528//1317 1483//1274 1535//1323
f 1519//1308 1501//1291 1499//1289
f 1517//1306 1508//1 1501//1291
f 1492//1283 1464//1257 1490//1281
f 1499//1289 1611//1395 1610//1394
f 1501//1291 1508//1 1611//1395
f 1478//13 1483//1274 1467//1260
f 1490//1281 1467//1260 1483//1274
f 1492//1283 1610//1394 1432//159
f 1464//1257 1613//1397 1614//1398
f 1478//13 1467//1260 1615//1399
f 1611//1395 1617//1400 1610//1394
f 1610//1394 1613//1397 1432//159
f 1467//1260 1614//1398 1615//1399
f 1611//1395 1508//1 1618//1401
f 1614//1398 1620//1403 1621//1404
f 1617//1400 1620//1403 1613//1397
f 1478//13 1615//1399 1622//1405
f 1618//1401 1624//1407 1617//1400
f 1615//1399 1621//1404 1622//1405
f 1618//1401 1508//1 1625//1408
f 1625//1408 1631//1414 1624//1407
f 1620//1403 1628//1411 1621//1404
f 1478//13 1622//1405 1629//1412
f 1625//1408 1508//1 1632//1415
f 1624//1407 1627//1410 1620//1403
f 1621//1404 1629//1412 1622//1405
f 1627//1410 1635//1418 1628//1411
f 1478//13 1629//1412 1636//1419
f 1632//1415 1508//1 1639//1422
f 1627//1410 1638//1421 1634//1417
f 1628//1411 1636//1419 1629//1412
f 1631//1414 1639//1422 1638//1421
f 1478//13 1636//1419 1602//1388
f 1639//1422 1508//1 1607//1391
f 1634//1417 1645//1428 1604//7
f 1635//1418 1602//1388 1636//1419
f 1638//1421 1607//1391 1645//1428
f 1634//1417 1642//1425 1635//1418
f 2024//13 2114//1642 2103//1633
f 2230//1728 1981//1 2076//1606
f 2118//1645 2078//1608 2085//1615
f 2117//1526 2085//1615 2087//1617
f 2116//1644 2096//1626 2115//1643
f 2115//1643 2103//1633 2114//1642
f 2120//1647 2076//1606 2078//1608
f 2117//1526 2094//1624 2116//1644
f 2096//1626 2033//1565 2103//1633
f 2087//1617 2042//1574 2094//1624
f 2085//1615 2058//1590 2051//1583
f 2076//1606 1981//1 2060//1592
f 2024//13 2103//1633 2033//1565
f 2094//1624 2040//1572 2096//1626
f 2087//1617 2051//1583 2049//1581
f 2078//1608 2060//1592 2058//1590
f 2024//13 2033//1565 2022//1556
f 2049//1581 2013//1547 2042//1574
f 2051//1583 1997//1531 2004//1538
f 2040//1572 2022//1556 2033//1565
f 2058//1590 1995//1529 1997//1531
f 2060//1592 1981//1 1995//1529
f 2049//1581 2004//1538 2006//1540
f 2042//1574 2015//1549 2040//1572
f 2006//1540 2124//1649 2125//1543
f 1997//1531 1978//1522 1946//1509
f 2006//1540 2126//1650 2013//1547
f 2015//1549 2128//1652 2022//1556
f 1995//1529 1981//1 1978//1522
f 2004//1538 1946//1509 2124//1649
f 2024//13 2022//1556 2128//1652
f 2013//1547 2127//1651 2015//1549
f 2124//1649 2134//1656 2125//1543
f 2024//13 2128//1652 2137//1659
f 1946//1509 2133//1655 2124//1649
f 1978//1522 1981//1 2131//1654
f 1978//1522 2130//1653 1946//1509
f 2128//1652 2136//1658 2137//1659
f 2126//1650 2134//1656 2135//1657
f 2127//1651 2135//1657 2136//1658
f 2131//1654 1981//1 2140//1661
f 2130//1653 2142//1662 2133//1655
f 2136//1658 2144//1664 2145//1665
f 2131//1654 2139//1660 2130//1653
f 2135//1657 2143//1663 2144//1664
f 2024//13 2137//1659 2146//1666
f 2133//1655 2143//1663 2134//1656
f 2137//1659 2145//1665 2146//1666
f 2024//13 2146//1666 2155//1673
f 2145//1665 2153//1671 2154//1672
f 2140//1661 2148//1667 2139//1660
f 2142//1662 2152//1670 2143//1663
f 2146//1666 2154//1672 2155//1673
f 2144//1664 2152//1670 2153//1671
f 2140//1661 1981//1 2149//1668
f 2139//1660 2151//1669 2142//1662
f 2149//1668 2157//1674 2148//1667
f 2151//1669 2161//1577 2152//1670
f 2155//1673 2163//1678 2164//1679
f 2153//1671 2161//1577 2162//1677
f 2149//1668 1981//1 2158//1675
f 2148//1667 2160//1676 2151//1669
f 2024//13 2155//1673 2164//1679
f 2154//1672 2162//1677 2163//1678
f 2163//1678 2173//1686 2164//1679
f 2161//1577 2171//1684 2162//1677
f 2158//1675 1981//1 2167//1681
f 2160//1676 2166//1680 2169//1682
f 2024//13 2164//1679 2173//1686
f 2162//1677 2172//1685 2163//1678
f 2157//1674 2167//1681 2166//1680
f 2161//1577 2169//1682 2170//1683
f 2167//1681 1981//1 2176//1688
f 2169//1682 2175//1687 2178//1689
f 2024//13 2173//1686 2182//1693
f 2171//1684 2181//1692 2172//1685
f 2166//1680 2176//1688 2175//1687
f 2170//1683 2178//1689 2179//1690
f 2172//1685 2182//1693 2173//1686
f 2170//1683 2180//1691 2171//1684
f 2180//1691 2190//1699 2181//1692
f 2175//1687 2185//1695 2184//1694
f 2179//1690 2187//1696 2188//1697
f 2181//1692 2191//1700 2182//1693
f 2179//1690 2189//1698 2180//1691
f 2176//1688 1981//1 2185//1695
f 2178//1689 2184//1694 2187//1696
f 2024//13 2182//1693 2191//1700
f 2184//1694 2194//1702 2193//1701
f 2188//1697 2196//1703 2197//1611
f 2190//1699 2200//1706 2191//1700
f 2188//1697 2198//1704 2189//1698
f 2185//1695 1981//1 2194//1702
f 2187//1696 2193//1701 2196//1703
f 2024//13 2191//1700 2200//1706
f 2189//1698 2199//1705 2190//1699
f 2198//1704 2206//1710 2207//1711
f 2194//1702 1981//1 2203//1708
f 2193//1701 2205//1709 2196//1703
f 2024//13 2200//1706 2209//1713
f 2199//1705 2207//1711 2208//1712
f 2194//1702 2202//1707 2193//1701
f 2196//1703 2206//1710 2197//1611
f 2200//1706 2208//1712 2209//1713
f 2202//1707 2214//1716 2205//1709
f 2024//13 2209//1713 2218//1720
f 2208//1712 2216//1718 2217//1719
f 2203//1708 2211//1714 2202//1707
f 2205//1709 2215//1717 2206//1710
f 2209//1713 2217//1719 2218//1720
f 2207//1711 2215//1717 2216//1718
f 2203//1708 1981//1 2212//1715
f 2212//1715 2220//1721 2211//1714
f 2214//1716 2224//1724 2215//1717
f 2218//1720 2226//1726 2227//1727
f 2216//1718 2224//1724 2225//1725
f 2212//1715 1981//1 2221//1722
f 2211//1714 2223//1723 2214//1716
f 2024//13 2218//1720 2227//1727
f 2217//1719 2225//1725 2226//1726
f 2223//1723 2117//1526 2224//1724
f 2227//1727 2115//1643 2114//1642
f 2225//1725 2117//1526 2116//1644
f 2221//1722 1981//1 2230//1728
f 2220//1721 2118//1645 2223//1723
f 2024//13 2227//1727 2114//1642
f 2226//1726 2116//1644 2115//1643
f 2221//1722 2120//1647 2220//1721
f 2274//1225 2247//1199 2325//1270
f 2322//1268 2251//1203 2254//1206
f 2268//1220 2254//1206 2258//1210
f 2174//13 2268//1220 2258//1210
f 2274//1225 2237//1 2244//1196
f 2325//1270 2251//1203 2271//7
f 2174//13 2258//1210 2204//1158
f 2254//1206 2231//1185 2229//1183
f 2244//1196 2233//1187 2247//1199
f 2258//1210 2229//1183 2204//1158
f 2247//1199 2231//1185 2251//1203
f 2244//1196 2237//1 2235//1188
f 2235//1188 2237//1 2277//1227
f 2235//1188 2276//1226 2233//1187
f 2229//1183 2168//1124 2204//1158
f 2174//13 2204//1158 2168//1124
f 2231//1185 2141//1098 2229//1183
f 2233//1187 2105//1065 2231//1185
f 2276//1226 2284//1233 2283//1232
f 2105//1065 2283//1232 2279//1228
f 2277//1227 2237//1 2284//1233
f 2174//13 2168//1124 2281//1230
f 2141//1098 2281//1230 2168//1124
f 2105//1065 2280//1229 2141//1098
f 2283//1232 2291//1239 2290//1238
f 2279//1228 2287//1235 2280//1229
f 2279//1228 2290//1238 2286//159
f 2284//1233 2237//1 2291//1239
f 2280//1229 2288//1236 2281//1230
f 2174//13 2281//1230 2288//1236
f 2291//1239 2237//1 2298//1246
f 2290//1238 2293//1241 2286//159
f 2288//1236 2294//1242 2295//1243
f 2291//1239 2297//1245 2290//1238
f 2287//1235 2293//1241 2294//1242
f 2174//13 2288//1236 2295//1243
f 2298//1246 2237//1 2305//1253
f 2297//1245 2300//1248 2293//1241
f 2295//1243 2301//1249 2302//1250
f 2298//1246 2304//1252 2297//1245
f 2294//1242 2300//1248 2301//1249
f 2174//13 2295//1243 2302//1250
f 2304//1252 2307//1254 2300//1248
f 2301//1249 2309//1256 2302//1250
f 2304//1252 2312//1259 2311//1258
f 2301//1249 2307//1254 2308//1255
f 2174//13 2302//1250 2309//1256
f 2305//1253 2237//1 2312//1259
f 2308//1255 2316//1263 2309//1256
f 2311//1258 2319//1266 2318//1265
f 2307//1254 2315//1262 2308//1255
f 2174//13 2309//1256 2316//1263
f 2312//1259 2237//1 2319//1266
f 2307//1254 2318//1265 2314//1261
f 2318//1265 2274//1225 2325//1270
f 2314//1261 2322//1268 2315//1262
f 2174//13 2316//1263 2268//1220
f 2319//1266 2237//1 2274//1225
f 2314//1261 2325//1270 2271//7
f 2315//1262 2268//1220 2316//1263
f 2453//1391 2428//1368 2491//1428
f 2488//1425 2435//1375 2437//1377
f 2448//1388 2437//1377 2444//1384
f 2324//13 2448//1388 2444//1384
f 2453//1391 2354//1 2426//1366
f 2491//1428 2435//1375 2450//7
f 2324//13 2444//1384 2392//1334
f 2437//1377 2401//1343 2399//1341
f 2426//1366 2408//1350 2428//1368
f 2444//1384 2399//1341 2392//1334
f 2428//1368 2401//1343 2435//1375
f 2426//1366 2354//1 2410//1352
f 2324//13 2392//1334 2381//1323
f 2408//1350 2372//1315 2401//1343
f 2410//1352 2354//1 2363//1306
f 2399//1341 2381//1323 2392//1334
f 2410//1352 2365//1308 2408//1350
f 2399//1341 2372//1315 2374//1317
f 2363//1306 2354//1 2347//1291
f 2372//1315 2345//1289 2338//1283
f 2372//1315 2336//1281 2374//1317
f 2324//13 2381//1323 2329//1274
f 2365//1308 2347//1291 2345//1289
f 2374//1317 2329//1274 2381//1323
f 2336//1281 2313//1260 2329//1274
f 2338//1283 2456//1394 2278//159
f 2345//1289 2457//1395 2456//1394
f 2347//1291 2354//1 2457//1395
f 2324//13 2329//1274 2313//1260
f 2338//1283 2310//1257 2336//1281
f 2324//13 2313//1260 2461//1399
f 2457//1395 2463//1400 2456//1394
f 2456//1394 2459//1397 2278//159
f 2313//1260 2460//1398 2461//1399
f 2310//1257 2459//1397 2460//1398
f 2457//1395 2354//1 2464//1401
f 2463//1400 2466//1403 2459//1397
f 2464//1401 2354//1 2471//1408
f 2460//1398 2466//1403 2467//1404
f 2324//13 2461//1399 2468//1405
f 2464//1401 2470//1407 2463//1400
f 2461//1399 2467//1404 2468//1405
f 2467//1404 2473//1410 2474//1411
f 2324//13 2468//1405 2475//1412
f 2471//1408 2354//1 2478//1415
f 2470//1407 2473//1410 2466//1403
f 2467//1404 2475//1412 2468//1405
f 2471//1408 2477//1414 2470//1407
f 2324//13 2475//1412 2482//1419
f 2478//1415 2354//1 2485//1422
f 2473//1410 2484//1421 2480//1417
f 2474//1411 2482//1419 2475//1412
f 2477//1414 2485//1422 2484//1421
f 2473//1410 2481//1418 2474//1411
f 2485//1422 2354//1 2453//1391
f 2480//1417 2491//1428 2450//7
f 2481//1418 2448//1388 2482//1419
f 2484//1421 2453//1391 2491//1428
f 2480//1417 2488//1425 2481//1418
f 2324//13 2482//1419 2448//1388
f 2824//1790 2840//1797 2841//1798
f 2840//1797 2817//1788 2838//1796
f 2838//1796 2813//1787 2837//1795
f 2837//1795 2810//1786 2835//1794
f 2835//1794 2806//1784 2834//1793
f 2834//1793 2803//1783 2831//1792
f 2831//1792 2799//1782 2827//1791
f 2799//1782 2841//1798 2827//1791
f 2796//1781 2820//1789 2824//1790
f 2792//1780 2817//1788 2820//1789
f 2789//1779 2813//1787 2817//1788
f 2787//1778 2810//1786 2813//1787
f 2810//1786 2781//1776 2806//1784
f 2806//1784 2775//1775 2803//1783
f 2803//1783 2754//1774 2799//1782
f 2799//1782 2796//1781 2824//1790
f 2796//1781 2842//1799 2792//1780
f 2792//1780 2843//1800 2789//1779
f 2789//1779 2844//1801 2787//1778
f 2787//1778 2845//1802 2783//1777
f 2845//1802 2781//1776 2783//1777
f 2846//1803 2775//1775 2781//1776
f 2847//1804 2754//1774 2775//1775
f 2848//1805 2796//1781 2754//1774
f 2732//1772 2850//1807 2842//1799
f 2850//1807 2843//1800 2842//1799
f 2851//1808 2844//1801 2843//1800
f 2852//1809 2845//1802 2844//1801
f 2853//1810 2846//1803 2845//1802
f 2846//1803 2855//1812 2847//1804
f 2847//1804 2856//1813 2848//1805
f 2848//1805 2849//1806 2732//1772
f 2840//1797 2837//1795 2834//1793
f 2856//1813 2854//1811 2852//1809
f 2863//13 2862//1387 2869//1358
f 2860//7 2868//1332 2925//1470
f 2924//1469 2865//1272 2866//1299
f 2925//1470 2869//1358 2862//1387
f 2860//7 2866//1299 2867//1325
f 2858//1396 2857//1 2865//1272
f 2867//1325 2874//1434 2868//1332
f 2865//1272 2872//1773 2866//1299
f 2868//1332 2875//1435 2869//1358
f 2867//1325 2872//1773 2873//1433
f 2865//1272 2857//1 2871//1486
f 2863//13 2869//1358 2875//1435
f 2871//1486 2879//1438 2872//1773
f 2874//1434 2882//1730 2875//1435
f 2873//1433 2879//1438 2880//1386
f 2871//1486 2857//1 2878//1485
f 2863//13 2875//1435 2882//1730
f 2873//1433 2881//1389 2874//1434
f 2882//1730 2888//1443 2889//1444
f 2880//1386 2886//1441 2887//1442
f 2878//1485 2857//1 2885//1440
f 2863//13 2882//1730 2889//1444
f 2880//1386 2888//1443 2881//1389
f 2878//1485 2886//1441 2879//1438
f 2889//1444 2895//1447 2896//1448
f 2887//1442 2893//1446 2894//159
f 2885//1440 2857//1 2892//1445
f 2863//13 2889//1444 2896//1448
f 2887//1442 2895//1447 2888//1443
f 2885//1440 2893//1446 2886//1441
f 2895//1447 2902//1453 2896//1448
f 2893//1446 2900//1451 2894//159
f 2892//1445 2857//1 2898//1449
f 2863//13 2896//1448 2902//1453
f 2895//1447 2900//1451 2901//1452
f 2893//1446 2898//1449 2899//1450
f 2901//1452 2909//1520 2902//1453
f 2899//1450 2907//1456 2900//1451
f 2898//1449 2857//1 2905//1815
f 2863//13 2902//1453 2909//1520
f 2901//1452 2907//1456 2908//1457
f 2899//1450 2905//1815 2906//1455
f 2906//1455 2914//1461 2907//1456
f 2905//1815 2857//1 2912//1459
f 2863//13 2909//1520 2916//1463
f 2908//1457 2914//1461 2915//1462
f 2905//1815 2913//1476 2906//1455
f 2908//1457 2916//1463 2909//1520
f 2912//1459 2857//1 2917//1464
f 2863//13 2916//1463 2921//1468
f 2914//1461 2920//1467 2915//1462
f 2912//1459 2918//1465 2913//1476
f 2916//1463 2920//1467 2921//1468
f 2913//1476 2919//1466 2914//1461
f 2863//13 2921//1468 2862//1387
f 2919//1466 2925//1470 2920//1467
f 2918//1465 2858//1396 2924//1469
f 2920//1467 2862//1387 2921//1468
f 2918//1465 2860//7 2919//1466
f 2917//1464 2857//1 2858//1396
f 2959//1470 2904//1325 2910//1332
f 2870//13 2922//1387 2911//1358
f 2926//1396 2891//1 2897//1272
f 2922//1387 2910//1332 2911//1358
f 2926//1396 2903//1299 2960//1469
f 2960//1469 2904//1325 2923//7
f 2910//1332 2876//1435 2911//1358
f 2903//1299 2883//1433 2904//1325
f 2897//1272 2891//1 2890//1431
f 2870//13 2911//1358 2876//1435
f 2904//1325 2877//1439 2910//1332
f 2897//1272 2884//1432 2903//1299
f 2890//1431 2927//1744 2884//1432
f 2883//1433 2861//1389 2877//1439
f 2870//13 2876//1435 2864//1814
f 2884//1432 2859//1386 2883//1433
f 2890//1431 2891//1 2928//1485
f 2877//1439 2864//1814 2876//1435
f 2870//13 2864//1814 2931//1444
f 2859//1386 2930//1443 2861//1389
f 2928//1485 2932//1441 2927//1744
f 2861//1389 2931//1444 2864//1814
f 2928//1485 2891//1 2933//1440
f 2859//1386 2932//1441 2929//1442
f 2933//1440 2891//1 2938//1445
f 2870//13 2931//1444 2936//1448
f 2933//1440 2937//1446 2932//1441
f 2929//1442 2935//1447 2930//1443
f 2931//1444 2935//1447 2936//1448
f 2929//1442 2937//1446 2934//159
f 2937//1446 2943//1449 2942//1450
f 2935//1447 2939//1451 2940//1452
f 2870//13 2936//1448 2941//1453
f 2938//1445 2891//1 2943//1449
f 2937//1446 2939//1451 2934//159
f 2935//1447 2941//1453 2936//1448
f 2942//1450 2948//1454 2947//1455
f 2939//1451 2945//1519 2940//1452
f 2870//13 2941//1453 2946//1458
f 2943//1449 2891//1 2948//1454
f 2942//1450 2944//1456 2939//1451
f 2941//1453 2945//1519 2946//1458
f 2944//1456 2950//1474 2945//1519
f 2870//13 2946//1458 2951//1463
f 2948//1454 2891//1 2953//1459
f 2947//1455 2949//1461 2944//1456
f 2945//1519 2951//1463 2946//1458
f 2948//1454 2952//1476 2947//1455
f 2870//13 2951//1463 2956//1468
f 2953//1459 2891//1 2958//1464
f 2952//1476 2954//1466 2949//1461
f 2950//1474 2956//1468 2951//1463
f 2952//1476 2958//1464 2957//1465
f 2950//1474 2954//1466 2955//1467
f 2958//1464 2891//1 2926//1396
f 2954//1466 2960//1469 2923//7
f 2955//1467 2922//1387 2956//1468
f 2957//1465 2926//1396 2960//1469
f 2954//1466 2959//1470 2955//1467
f 2870//13 2956//1468 2922//1387
f 1270//1076 1248//1054 1250//1056
f 1274//1079 1384//1184 1230//1036
f 1271//954 1272//1077 1239//1045
f 1271//954 1241//1047 1248//1054
f 1269//1075 1250//1056 1257//1063
f 1272//1077 1274//1079 1232//1038
f 1250//1056 1194//1001 1187//994
f 1241//1047 1203//1010 1196//1003
f 1239//1045 1232//1038 1212//1019
f 1248//1054 1196//1003 1194//1001
f 1241//1047 1239//1045 1205//1012
f 1232//1038 1230//1036 1214//1021
f 1196//1003 1167//975 1169//977
f 1203//1010 1160//968 1167//975
f 1205//1012 1212//1019 1151//959
f 1194//1001 1169//977 1176//984
f 1212//1019 1214//1021 1149//957
f 1203//1010 1205//1012 1158//966
f 1160//968 1158//966 1278//1083
f 1151//959 1149//957 1132//951
f 1160//968 1279//971 1280//1084
f 1169//977 1281//1085 1282//1086
f 1158//966 1151//959 1100//943
f 1167//975 1280//1084 1281//1085
f 1278//1083 1287//1091 1288//1092
f 1132//951 1285//1089 1284//1088
f 1100//943 1284//1088 1287//1091
f 1282//1086 1281//1085 1290//1094
f 1280//1084 1279//971 1288//1092
f 1281//1085 1280//1084 1289//1093
f 1289//1093 1288//1092 1297//1100
f 1284//1088 1293//1096 1296//1099
f 1290//1094 1289//1093 1298//1101
f 1285//1089 1294//1097 1293//1096
f 1287//1091 1296//1099 1297//1100
f 1291//1095 1290//1094 1299//1102
f 1293//1096 1302//1105 1305//1108
f 1299//1102 1298//1101 1307//1110
f 1294//1097 1303//1106 1302//1105
f 1296//1099 1305//1108 1306//1109
f 1300//1103 1299//1102 1308//1111
f 1298//1101 1297//1100 1306//1109
f 1303//1106 1312//1115 1311//1114
f 1305//1108 1314//1117 1315//1006
f 1309//1112 1308//1111 1317//1119
f 1307//1110 1306//1109 1315//1006
f 1302//1105 1311//1114 1314//1117
f 1308//1111 1307//1110 1316//1118
f 1315//1006 1314//1117 1323//1125
f 1317//1119 1326//1128 1327//1129
f 1315//1006 1324//1126 1325//1127
f 1314//1117 1311//1114 1320//1122
f 1316//1118 1325//1127 1326//1128
f 1311//1114 1312//1115 1321//1123
f 1323//1125 1320//1122 1329//1130
f 1325//1127 1334//1135 1335//1136
f 1320//1122 1321//1123 1330//1131
f 1324//1126 1323//1125 1332//1133
f 1326//1128 1335//1136 1336//1137
f 1324//1126 1333//1134 1334//1135
f 1334//1135 1343//1144 1344//1145
f 1329//1130 1330//1131 1339//1140
f 1333//1134 1332//1133 1341//1142
f 1335//1136 1344//1145 1345//1146
f 1333//1134 1342//1143 1343//1144
f 1332//1133 1329//1130 1338//1139
f 1338//1139 1339//1140 1348//1149
f 1342//1143 1341//1142 1350//1151
f 1344//1145 1353//1153 1354//1154
f 1342//1143 1351//1041 1352//1152
f 1341//1142 1338//1139 1347//1148
f 1343//1144 1352//1152 1353//1153
f 1354//1154 1353//1153 1362//1162
f 1352//1152 1351//1041 1360//1160
f 1347//1148 1356//1156 1359//1159
f 1353//1153 1352//1152 1361//1161
f 1348//1149 1357//1157 1356//1156
f 1350//1151 1359//1159 1360//1160
f 1356//1156 1365//1165 1368//1168
f 1362//1162 1361//1161 1370//1170
f 1357//1157 1366//1166 1365//1165
f 1359//1159 1368//1168 1369//1169
f 1363//1163 1362//1162 1371//1171
f 1361//1161 1360//1160 1369//1169
f 1371//1171 1370//1170 1379//1179
f 1366//1166 1375//1175 1374//1174
f 1368//1168 1377//1177 1378//1178
f 1372//1172 1371//1171 1380//1180
f 1370//1170 1369//1169 1378//1178
f 1365//1165 1374//1174 1377//1177
f 1375//1175 1384//1184 1274//1079
f 1377//1177 1272//1077 1271//954
f 1381//1181 1380//1180 1269//1075
f 1379//1179 1378//1178 1271//954
f 1374//1174 1274//1079 1272//1077
f 1380//1180 1379//1179 1270//1076
f 1479//1270 1401//1199 1405//1203
f 1422//1220 1476//1268 1408//1206
f 1428//1225 1398//1196 1401//1199
f 1476//1268 1425//7 1405//1203
f 1408//1206 1405//1203 1385//1185
f 1398//1196 1389//1188 1387//1187
f 1412//1210 1408//1206 1383//1183
f 1401//1199 1387//1187 1385//1185
f 1387//1187 1430//1226 1259//1065
f 1389//1188 1431//1227 1430//1226
f 1383//1183 1295//1098 1322//1124
f 1385//1185 1259//1065 1295//1098
f 1259//1065 1433//1228 1434//1229
f 1259//1065 1430//1226 1437//1232
f 1295//1098 1434//1229 1435//1230
f 1430//1226 1431//1227 1438//1233
f 1434//1229 1441//1235 1442//1236
f 1437//1232 1438//1233 1445//1239
f 1433//1228 1440//159 1441//1235
f 1433//1228 1437//1232 1444//1238
f 1444//1238 1451//1245 1447//1241
f 1442//1236 1441//1235 1448//1242
f 1445//1239 1452//1246 1451//1245
f 1441//1235 1440//159 1447//1241
f 1451//1245 1458//1252 1454//1248
f 1449//1243 1448//1242 1455//1249
f 1452//1246 1459//1253 1458//1252
f 1448//1242 1447//1241 1454//1248
f 1458//1252 1465//1258 1461//1254
f 1455//1249 1462//1255 1463//1256
f 1459//1253 1466//1259 1465//1258
f 1455//1249 1454//1248 1461//1254
f 1461//1254 1465//1258 1472//1265
f 1462//1255 1469//1262 1470//1263
f 1465//1258 1466//1259 1473//1266
f 1461//1254 1468//1261 1469//1262
f 1469//1262 1476//1268 1422//1220
f 1472//1265 1473//1266 1428//1225
f 1468//1261 1425//7 1476//1268
f 1468//1261 1472//1265 1479//1270
f 1602//1388 1642//1425 1591//1377
f 1607//1391 1580//1366 1582//1368
f 1645//1428 1582//1368 1589//1375
f 1642//1425 1604//7 1589//1375
f 1591//1377 1589//1375 1555//1343
f 1580//1366 1564//1352 1562//1350
f 1598//1384 1591//1377 1553//1341
f 1582//1368 1562//1350 1555//1343
f 1553//1341 1555//1343 1526//1315
f 1562//1350 1519//1308 1526//1315
f 1564//1352 1517//1306 1519//1308
f 1553//1341 1528//1317 1535//1323
f 1526//1315 1519//1308 1499//1289
f 1526//1315 1492//1283 1490//1281
f 1528//1317 1490//1281 1483//1274
f 1519//1308 1517//1306 1501//1291
f 1492//1283 1432//159 1464//1257
f 1499//1289 1501//1291 1611//1395
f 1490//1281 1464//1257 1467//1260
f 1492//1283 1499//1289 1610//1394
f 1464//1257 1432//159 1613//1397
f 1611//1395 1618//1401 1617//1400
f 1610//1394 1617//1400 1613//1397
f 1467//1260 1464//1257 1614//1398
f 1614//1398 1613//1397 1620//1403
f 1617//1400 1624//1407 1620//1403
f 1618//1401 1625//1408 1624//1407
f 1615//1399 1614//1398 1621//1404
f 1625//1408 1632//1415 1631//1414
f 1620//1403 1627//1410 1628//1411
f 1624//1407 1631//1414 1627//1410
f 1621//1404 1628//1411 1629//1412
f 1627//1410 1634//1417 1635//1418
f 1627//1410 1631//1414 1638//1421
f 1628//1411 1635//1418 1636//1419
f 1631//1414 1632//1415 1639//1422
f 1634//1417 1638//1421 1645//1428
f 1635//1418 1642//1425 1602//1388
f 1638//1421 1639//1422 1607//1391
f 1634//1417 1604//7 1642//1425
f 2118//1645 2120//1647 2078//1608
f 2117//1526 2118//1645 2085//1615
f 2116//1644 2094//1624 2096//1626
f 2115//1643 2096//1626 2103//1633
f 2120//1647 2230//1728 2076//1606
f 2117//1526 2087//1617 2094//1624
f 2096//1626 2040//1572 2033//1565
f 2087//1617 2049//1581 2042//1574
f 2085//1615 2078//1608 2058//1590
f 2094//1624 2042//1574 2040//1572
f 2087//1617 2085//1615 2051//1583
f 2078//1608 2076//1606 2060//1592
f 2049//1581 2006//1540 2013//1547
f 2051//1583 2058//1590 1997//1531
f 2040//1572 2015//1549 2022//1556
f 2058//1590 2060//1592 1995//1529
f 2049//1581 2051//1583 2004//1538
f 2042//1574 2013//1547 2015//1549
f 2006//1540 2004//1538 2124//1649
f 1997//1531 1995//1529 1978//1522
f 2006//1540 2125//1543 2126//1650
f 2015//1549 2127//1651 2128//1652
f 2004//1538 1997//1531 1946//1509
f 2013//1547 2126//1650 2127//1651
f 2124//1649 2133//1655 2134//1656
f 1946//1509 2130//1653 2133//1655
f 1978//1522 2131//1654 2130//1653
f 2128//1652 2127//1651 2136//1658
f 2126//1650 2125//1543 2134//1656
f 2127//1651 2126//1650 2135//1657
f 2130//1653 2139//1660 2142//1662
f 2136//1658 2135//1657 2144//1664
f 2131//1654 2140//1661 2139//1660
f 2135//1657 2134//1656 2143//1663
f 2133//1655 2142//1662 2143//1663
f 2137//1659 2136//1658 2145//1665
f 2145//1665 2144//1664 2153//1671
f 2140//1661 2149//1668 2148//1667
f 2142//1662 2151//1669 2152//1670
f 2146//1666 2145//1665 2154//1672
f 2144//1664 2143//1663 2152//1670
f 2139//1660 2148//1667 2151//1669
f 2149//1668 2158//1675 2157//1674
f 2151//1669 2160//1676 2161//1577
f 2155//1673 2154//1672 2163//1678
f 2153//1671 2152//1670 2161//1577
f 2148//1667 2157//1674 2160//1676
f 2154//1672 2153//1671 2162//1677
f 2163//1678 2172//1685 2173//1686
f 2161//1577 2170//1683 2171//1684
f 2160//1676 2157//1674 2166//1680
f 2162//1677 2171//1684 2172//1685
f 2157//1674 2158//1675 2167//1681
f 2161//1577 2160//1676 2169//1682
f 2169//1682 2166//1680 2175//1687
f 2171//1684 2180//1691 2181//1692
f 2166//1680 2167//1681 2176//1688
f 2170//1683 2169//1682 2178//1689
f 2172//1685 2181//1692 2182//1693
f 2170//1683 2179//1690 2180//1691
f 2180//1691 2189//1698 2190//1699
f 2175//1687 2176//1688 2185//1695
f 2179//1690 2178//1689 2187//1696
f 2181//1692 2190//1699 2191//1700
f 2179//1690 2188//1697 2189//1698
f 2178//1689 2175//1687 2184//1694
f 2184//1694 2185//1695 2194//1702
f 2188//1697 2187//1696 2196//1703
f 2190//1699 2199//1705 2200//1706
f 2188//1697 2197//1611 2198//1704
f 2187//1696 2184//1694 2193//1701
f 2189//1698 2198//1704 2199//1705
f 2198//1704 2197//1611 2206//1710
f 2193//1701 2202//1707 2205//1709
f 2199//1705 2198//1704 2207//1711
f 2194//1702 2203//1708 2202//1707
f 2196//1703 2205//1709 2206//1710
f 2200//1706 2199//1705 2208//1712
f 2202//1707 2211//1714 2214//1716
f 2208//1712 2207//1711 2216//1718
f 2203//1708 2212//1715 2211//1714
f 2205//1709 2214//1716 2215//1717
f 2209//1713 2208//1712 2217//1719
f 2207//1711 2206//1710 2215//1717
f 2212//1715 2221//1722 2220//1721
f 2214//1716 2223//1723 2224//1724
f 2218//1720 2217//1719 2226//1726
f 2216//1718 2215//1717 2224//1724
f 2211//1714 2220//1721 2223//1723
f 2217//1719 2216//1718 2225//1725
f 2223//1723 2118//1645 2117//1526
f 2227//1727 2226//1726 2115//1643
f 2225//1725 2224//1724 2117//1526
f 2220//1721 2120//1647 2118//1645
f 2226//1726 2225//1725 2116//1644
f 2221//1722 2230//1728 2120//1647
f 2274//1225 2244//1196 2247//1199
f 2322//1268 2271//7 2251//1203
f 2268//1220 2322//1268 2254//1206
f 2325//1270 2247//1199 2251//1203
f 2254//1206 2251//1203 2231//1185
f 2244//1196 2235//1188 2233//1187
f 2258//1210 2254//1206 2229//1183
f 2247//1199 2233//1187 2231//1185
f 2235//1188 2277//1227 2276//1226
f 2229//1183 2141//1098 2168//1124
f 2231//1185 2105//1065 2141//1098
f 2233//1187 2276//1226 2105//1065
f 2276//1226 2277//1227 2284//1233
f 2105//1065 2276//1226 2283//1232
f 2141//1098 2280//1229 2281//1230
f 2105//1065 2279//1228 2280//1229
f 2283//1232 2284//1233 2291//1239
f 2279//1228 2286//159 2287//1235
f 2279//1228 2283//1232 2290//1238
f 2280//1229 2287//1235 2288//1236
f 2290//1238 2297//1245 2293//1241
f 2288//1236 2287//1235 2294//1242
f 2291//1239 2298//1246 2297//1245
f 2287//1235 2286//159 2293//1241
f 2297//1245 2304//1252 2300//1248
f 2295//1243 2294//1242 2301//1249
f 2298//1246 2305//1253 2304//1252
f 2294//1242 2293//1241 2300//1248
f 2304//1252 2311//1258 2307//1254
f 2301//1249 2308//1255 2309//1256
f 2304//1252 2305//1253 2312//1259
f 2301//1249 2300//1248 2307//1254
f 2308//1255 2315//1262 2316//1263
f 2311//1258 2312//1259 2319//1266
f 2307//1254 2314//1261 2315//1262
f 2307//1254 2311//1258 2318//1265
f 2318//1265 2319//1266 2274//1225
f 2314//1261 2271//7 2322//1268
f 2314//1261 2318//1265 2325//1270
f 2315//1262 2322//1268 2268//1220
f 2453//1391 2426//1366 2428//1368
f 2488//1425 2450//7 2435//1375
f 2448//1388 2488//1425 2437//1377
f 2491//1428 2428//1368 2435//1375
f 2437//1377 2435//1375 2401//1343
f 2426//1366 2410//1352 2408//1350
f 2444//1384 2437//1377 2399//1341
f 2428//1368 2408//1350 2401//1343
f 2408//1350 2365//1308 2372//1315
f 2399//1341 2374//1317 2381//1323
f 2410//1352 2363//1306 2365//1308
f 2399//1341 2401//1343 2372//1315
f 2372//1315 2365//1308 2345//1289
f 2372//1315 2338//1283 2336//1281
f 2365//1308 2363//1306 2347//1291
f 2374//1317 2336//1281 2329//1274
f 2336//1281 2310//1257 2313//1260
f 2338//1283 2345//1289 2456//1394
f 2345//1289 2347//1291 2457//1395
f 2338//1283 2278//159 2310//1257
f 2457//1395 2464//1401 2463//1400
f 2456//1394 2463//1400 2459//1397
f 2313//1260 2310//1257 2460//1398
f 2310//1257 2278//159 2459//1397
f 2463//1400 2470//1407 2466//1403
f 2460//1398 2459//1397 2466//1403
f 2464//1401 2471//1408 2470//1407
f 2461//1399 2460//1398 2467//1404
f 2467//1404 2466//1403 2473//1410
f 2470//1407 2477//1414 2473//1410
f 2467//1404 2474//1411 2475//1412
f 2471//1408 2478//1415 2477//1414
f 2473//1410 2477//1414 2484//1421
f 2474//1411 2481//1418 2482//1419
f 2477//1414 2478//1415 2485//1422
f 2473//1410 2480//1417 2481//1418
f 2480//1417 2484//1421 2491//1428
f 2481//1418 2488//1425 2448//1388
f 2484//1421 2485//1422 2453//1391
f 2480//1417 2450//7 2488//1425
f 2824//1790 2820//1789 2840//1797
f 2840//1797 2820//1789 2817//1788
f 2838//1796 2817//1788 2813//1787
f 2837//1795 2813//1787 2810//1786
f 2835//1794 2810//1786 2806//1784
f 2834//1793 2806//1784 2803//1783
f 2831//1792 2803//1783 2799//1782
f 2799//1782 2824//1790 2841//1798
f 2796//1781 2792//1780 2820//1789
f 2792//1780 2789//1779 2817//1788
f 2789//1779 2787//1778 2813//1787
f 2787//1778 2783//1777 2810//1786
f 2810//1786 2783//1777 2781//1776
f 2806//1784 2781//1776 2775//1775
f 2803//1783 2775//1775 2754//1774
f 2799//1782 2754//1774 2796//1781
f 2796//1781 2732//1772 2842//1799
f 2792//1780 2842//1799 2843//1800
f 2789//1779 2843//1800 2844//1801
f 2787//1778 2844//1801 2845//1802
f 2845//1802 2846//1803 2781//1776
f 2846//1803 2847//1804 2775//1775
f 2847//1804 2848//1805 2754//1774
f 2848//1805 2732//1772 2796//1781
f 2732//1772 2849//1806 2850//1807
f 2850//1807 2851//1808 2843//1800
f 2851//1808 2852//1809 2844//1801
f 2852//1809 2853//1810 2845//1802
f 2853//1810 2854//1811 2846//1803
f 2846//1803 2854//1811 2855//1812
f 2847//1804 2855//1812 2856//1813
f 2848//1805 2856//1813 2849//1806
f 2827//1791 2841//1798 2840//1797
f 2840//1797 2838//1796 2837//1795
f 2837//1795 2835//1794 2834//1793
f 2834//1793 2831//1792 2827//1791
f 2827//1791 2840//1797 2834//1793
f 2850//1807 2849//1806 2856//1813
f 2856//1813 2855//1812 2854//1811
f 2854//1811 2853//1810 2852//1809
f 2852//1809 2851//1808 2850//1807
f 2850//1807 2856//1813 2852//1809
f 2860//7 2867//1325 2868//1332
f 2924//1469 2858//1396 2865//1272
f 2925//1470 2868//1332 2869//1358
f 2860//7 2924//1469 2866//1299
f 2867//1325 2873//1433 2874//1434
f 2865//1272 2871//1486 2872//1773
f 2868//1332 2874//1434 2875//1435
f 2867//1325 2866//1299 2872//1773
f 2871//1486 2878//1485 2879//1438
f 2874//1434 2881//1389 2882//1730
f 2873//1433 2872//1773 2879//1438
f 2873//1433 2880//1386 2881//1389
f 2882//1730 2881//1389 2888//1443
f 2880//1386 2879//1438 2886//1441
f 2880//1386 2887//1442 2888//1443
f 2878//1485 2885//1440 2886//1441
f 2889//1444 2888//1443 2895//1447
f 2887//1442 2886//1441 2893//1446
f 2887//1442 2894//159 2895//1447
f 2885//1440 2892//1445 2893//1446
f 2895//1447 2901//1452 2902//1453
f 2893//1446 2899//1450 2900//1451
f 2895//1447 2894//159 2900//1451
f 2893//1446 2892//1445 2898//1449
f 2901//1452 2908//1457 2909//1520
f 2899//1450 2906//1455 2907//1456
f 2901//1452 2900//1451 2907//1456
f 2899//1450 2898//1449 2905//1815
f 2906//1455 2913//1476 2914//1461
f 2908//1457 2907//1456 2914//1461
f 2905//1815 2912//1459 2913//1476
f 2908//1457 2915//1462 2916//1463
f 2914//1461 2919//1466 2920//1467
f 2912//1459 2917//1464 2918//1465
f 2916//1463 2915//1462 2920//1467
f 2913//1476 2918//1465 2919//1466
f 2919//1466 2860//7 2925//1470
f 2918//1465 2917//1464 2858//1396
f 2920//1467 2925//1470 2862//1387
f 2918//1465 2924//1469 2860//7
f 2959//1470 2923//7 2904//1325
f 2922//1387 2959//1470 2910//1332
f 2926//1396 2897//1272 2903//1299
f 2960//1469 2903//1299 2904//1325
f 2910//1332 2877//1439 2876//1435
f 2903//1299 2884//1432 2883//1433
f 2904//1325 2883//1433 2877//1439
f 2897//1272 2890//1431 2884//1432
f 2890//1431 2928//1485 2927//1744
f 2883//1433 2859//1386 2861//1389
f 2884//1432 2927//1744 2859//1386
f 2877//1439 2861//1389 2864//1814
f 2859//1386 2929//1442 2930//1443
f 2928//1485 2933//1440 2932//1441
f 2861//1389 2930//1443 2931//1444
f 2859//1386 2927//1744 2932//1441
f 2933//1440 2938//1445 2937//1446
f 2929//1442 2934//159 2935//1447
f 2931//1444 2930//1443 2935//1447
f 2929//1442 2932//1441 2937//1446
f 2937//1446 2938//1445 2943//1449
f 2935//1447 2934//159 2939//1451
f 2937//1446 2942//1450 2939//1451
f 2935//1447 2940//1452 2941//1453
f 2942//1450 2943//1449 2948//1454
f 2939//1451 2944//1456 2945//1519
f 2942//1450 2947//1455 2944//1456
f 2941//1453 2940//1452 2945//1519
f 2944//1456 2949//1461 2950//1474
f 2947//1455 2952//1476 2949//1461
f 2945//1519 2950//1474 2951//1463
f 2948//1454 2953//1459 2952//1476
f 2952//1476 2957//1465 2954//1466
f 2950//1474 2955//1467 2956//1468
f 2952//1476 2953//1459 2958//1464
f 2950//1474 2949//1461 2954//1466
f 2954//1466 2957//1465 2960//1469
f 2955//1467 2959//1470 2922//1387
f 2957//1465 2958//1464 2926//1396
f 2954//1466 2923//7 2959//1470
usemtl Mouse_nose
f 835//805 759//736 763//740
f 832//804 777//754 790//767
f 498//13 790//767 777//754
f 795//771 680//1 759//736
f 792//7 763//740 768//745
f 792//7 772//749 832//804
f 498//13 777//754 727//706
f 768//745 732//711 772//749
f 763//740 745//724 741//720
f 772//749 727//706 777//754
f 768//745 741//720 736//715
f 759//736 680//1 745//724
f 736//715 709//690 732//711
f 498//13 727//706 714//695
f 741//720 705//686 736//715
f 745//724 680//1 693//675
f 732//711 714//695 727//706
f 745//724 699//680 741//720
f 714//695 614//598 562//546
f 693//675 680//1 679//662
f 699//680 615//599 705//686
f 498//13 714//695 562//546
f 709//690 615//599 614//598
f 693//675 667//650 699//680
f 562//546 445//433 497//483
f 679//662 800//775 667//650
f 614//598 397//159 445//433
f 679//662 680//1 801//776
f 498//13 562//546 497//483
f 667//650 397//159 615//599
f 800//775 808//782 807//781
f 397//159 804//778 445//433
f 801//776 680//1 808//782
f 445//433 805//779 497//483
f 397//159 807//781 803//777
f 498//13 497//483 805//779
f 807//781 815//789 814//788
f 498//13 805//779 812//786
f 804//778 812//786 805//779
f 803//777 811//785 804//778
f 803//777 814//788 810//784
f 808//782 680//1 815//789
f 811//785 819//793 812//786
f 814//788 822//796 821//795
f 810//784 818//792 811//785
f 498//13 812//786 819//793
f 815//789 680//1 822//796
f 814//788 817//791 810//784
f 822//796 828//800 821//795
f 818//792 824//797 825//798
f 498//13 819//793 826//799
f 822//796 680//1 829//801
f 821//795 824//797 817//791
f 819//793 825//798 826//799
f 829//801 835//805 828//800
f 825//798 792//7 832//804
f 498//13 826//799 790//767
f 829//801 680//1 795//771
f 828//800 792//7 824//797
f 826//799 832//804 790//767
f 835//805 795//771 759//736
f 832//804 772//749 777//754
f 792//7 835//805 763//740
f 792//7 768//745 772//749
f 768//745 736//715 732//711
f 763//740 759//736 745//724
f 772//749 732//711 727//706
f 768//745 763//740 741//720
f 736//715 705//686 709//690
f 741//720 699//680 705//686
f 732//711 709//690 714//695
f 745//724 693//675 699//680
f 714//695 709//690 614//598
f 699//680 667//650 615//599
f 709//690 705//686 615//599
f 693//675 679//662 667//650
f 562//546 614//598 445//433
f 679//662 801//776 800//775
f 614//598 615//599 397//159
f 667//650 800//775 397//159
f 800//775 801//776 808//782
f 397//159 803//777 804//778
f 445//433 804//778 805//779
f 397//159 800//775 807//781
f 807//781 808//782 815//789
f 804//778 811//785 812//786
f 803//777 810//784 811//785
f 803//777 807//781 814//788
f 811//785 818//792 819//793
f 814//788 815//789 822//796
f 810//784 817//791 818//792
f 814//788 821//795 817//791
f 822//796 829//801 828//800
f 818//792 817//791 824//797
f 821//795 828//800 824//797
f 819//793 818//792 825//798
f 829//801 795//771 835//805
f 825//798 824//797 792//7
f 828//800 835//805 792//7
f 826//799 825//798 832//804
usemtl Mouse_white
f 887//843 806//780 809//783
f 833//7 816//790 884//841
f 884//841 820//794 830//802
f 723//13 830//802 820//794
f 836//806 799//1 806//780
f 833//7 809//783 813//787
f 723//13 820//794 754//732
f 813//787 781//758 816//790
f 809//783 794//770 791//768
f 816//790 754//732 820//794
f 813//787 791//768 786//763
f 806//780 799//1 794//770
f 794//770 799//1 839//808
f 781//758 718//699 754//732
f 794//770 838//807 791//768
f 723//13 754//732 718//699
f 786//763 692//674 781//758
f 791//768 550//534 786//763
f 718//699 842//810 843//811
f 839//808 799//1 846//813
f 692//674 841//809 842//810
f 723//13 718//699 843//811
f 838//807 841//809 550//534
f 839//808 845//812 838//807
f 723//13 843//811 850//815
f 846//813 852//816 845//812
f 842//810 848//159 849//814
f 843//811 849//814 850//815
f 846//813 799//1 853//817
f 845//812 848//159 841//809
f 853//817 799//1 860//823
f 848//159 859//822 855//819
f 849//814 857//821 850//815
f 852//816 860//823 859//822
f 848//159 856//820 849//814
f 723//13 850//815 857//821
f 855//819 866//827 862//824
f 856//820 864//826 857//821
f 859//822 867//828 866//827
f 855//819 863//825 856//820
f 723//13 857//821 864//826
f 860//823 799//1 867//828
f 863//825 871//831 864//826
f 867//828 873//832 866//827
f 862//824 870//830 863//825
f 723//13 864//826 871//831
f 867//828 799//1 874//833
f 866//827 869//829 862//824
f 874//833 880//838 873//832
f 870//830 876//835 877//836
f 723//13 871//831 878//837
f 874//833 799//1 881//839
f 873//832 876//835 869//829
f 871//831 877//836 878//837
f 881//839 887//843 880//838
f 877//836 833//7 884//841
f 723//13 878//837 830//802
f 881//839 799//1 836//806
f 880//838 833//7 876//835
f 878//837 884//841 830//802
f 939//843 858//780 861//783
f 885//7 868//790 936//841
f 936//841 872//794 882//802
f 827//13 882//802 872//794
f 888//806 851//1 858//780
f 885//7 861//783 865//787
f 827//13 872//794 834//732
f 865//787 837//758 868//790
f 861//783 847//770 844//768
f 868//790 834//732 872//794
f 865//787 844//768 840//763
f 858//780 851//1 847//770
f 847//770 851//1 891//808
f 837//758 823//699 834//732
f 847//770 890//807 844//768
f 840//763 802//674 837//758
f 827//13 834//732 823//699
f 844//768 750//534 840//763
f 802//674 893//809 894//810
f 891//808 897//812 890//807
f 891//808 851//1 898//813
f 823//699 894//810 895//811
f 890//807 893//809 750//534
f 827//13 823//699 895//811
f 897//812 900//159 893//809
f 898//813 851//1 905//817
f 894//810 900//159 901//814
f 898//813 904//816 897//812
f 895//811 901//814 902//815
f 827//13 895//811 902//815
f 905//817 851//1 912//823
f 900//159 911//822 907//819
f 901//814 909//821 902//815
f 904//816 912//823 911//822
f 900//159 908//820 901//814
f 827//13 902//815 909//821
f 907//819 918//827 914//824
f 908//820 916//851 909//821
f 911//822 919//828 918//827
f 907//819 915//825 908//820
f 827//13 909//821 916//851
f 912//823 851//1 919//828
f 915//825 923//854 916//851
f 919//828 925//832 918//827
f 914//824 922//830 915//825
f 827//13 916//851 923//854
f 919//828 851//1 926//833
f 918//827 921//829 914//824
f 926//833 932//838 925//832
f 922//830 928//835 929//836
f 827//13 923//854 930//837
f 926//833 851//1 933//839
f 925//832 928//835 921//829
f 923//854 929//836 930//837
f 933//839 939//843 932//838
f 929//836 885//7 936//841
f 827//13 930//837 882//802
f 933//839 851//1 888//806
f 932//838 885//7 928//835
f 930//837 936//841 882//802
f 1043//937 962//878 965//881
f 989//7 972//888 1040//936
f 1040//936 976//892 986//900
f 931//13 986//900 976//892
f 992//903 955//1 962//878
f 989//7 965//881 969//885
f 931//13 976//892 938//858
f 969//885 941//860 972//888
f 965//881 951//870 948//867
f 972//888 938//858 976//892
f 969//885 948//867 944//863
f 962//878 955//1 951//870
f 951//870 955//1 995//905
f 941//860 927//856 938//858
f 951//870 994//904 948//867
f 944//863 906//848 941//860
f 931//13 938//858 927//856
f 948//867 883//840 944//863
f 906//848 997//906 998//907
f 995//905 1001//909 994//904
f 931//13 927//856 999//908
f 995//905 955//1 1002//910
f 927//856 998//907 999//908
f 994//904 997//906 883//840
f 999//908 1005//911 1006//912
f 1001//909 1004//159 997//906
f 931//13 999//908 1006//912
f 998//907 1004//159 1005//911
f 1002//910 955//1 1009//914
f 1002//910 1008//913 1001//909
f 1009//914 955//1 1016//919
f 1004//159 1015//918 1011//915
f 1005//911 1013//917 1006//912
f 1008//913 1016//919 1015//918
f 1004//159 1012//916 1005//911
f 931//13 1006//912 1013//917
f 1011//915 1022//923 1018//920
f 1012//916 1020//922 1013//917
f 1015//918 1023//924 1022//923
f 1011//915 1019//921 1012//916
f 931//13 1013//917 1020//922
f 1016//919 955//1 1023//924
f 1019//921 1027//927 1020//922
f 1023//924 1029//928 1022//923
f 1018//920 1026//926 1019//921
f 931//13 1020//922 1027//927
f 1023//924 955//1 1030//929
f 1022//923 1025//925 1018//920
f 1030//929 1036//933 1029//928
f 1026//926 1032//930 1033//931
f 931//13 1027//927 1034//932
f 1030//929 955//1 1037//934
f 1029//928 1032//930 1025//925
f 1027//927 1033//931 1034//932
f 1037//934 1043//937 1036//933
f 1033//931 989//7 1040//936
f 931//13 1034//932 986//900
f 1037//934 955//1 992//903
f 1036//933 989//7 1032//930
f 1034//932 1040//936 986//900
f 1147//937 1066//878 1069//881
f 1093//7 1076//888 1144//936
f 1144//936 1080//892 1090//900
f 1035//13 1090//900 1080//892
f 1096//903 1059//1 1066//878
f 1093//7 1069//881 1073//885
f 1035//13 1080//892 1042//858
f 1073//885 1045//860 1076//888
f 1069//881 1055//870 1052//867
f 1076//888 1042//858 1080//892
f 1073//885 1052//867 1048//863
f 1066//878 1059//1 1055//870
f 1055//870 1059//1 1099//905
f 1045//860 1031//856 1042//858
f 1055//870 1098//904 1052//867
f 1048//863 1010//848 1045//860
f 1035//13 1042//858 1031//856
f 1052//867 987//840 1048//863
f 1010//848 1101//906 1102//907
f 1099//905 1105//909 1098//904
f 1035//13 1031//856 1103//908
f 1099//905 1059//1 1106//910
f 1031//856 1102//907 1103//908
f 1098//904 1101//906 987//840
f 1103//908 1109//911 1110//912
f 1105//909 1108//159 1101//906
f 1035//13 1103//908 1110//912
f 1102//907 1108//159 1109//911
f 1106//910 1059//1 1113//914
f 1106//910 1112//913 1105//909
f 1113//914 1059//1 1120//919
f 1108//159 1119//918 1115//915
f 1109//911 1117//917 1110//912
f 1112//913 1120//919 1119//918
f 1108//159 1116//916 1109//911
f 1035//13 1110//912 1117//917
f 1115//915 1126//923 1122//920
f 1116//916 1124//922 1117//917
f 1119//918 1127//924 1126//923
f 1115//915 1123//921 1116//916
f 1035//13 1117//917 1124//922
f 1120//919 1059//1 1127//924
f 1123//921 1131//927 1124//922
f 1127//924 1133//928 1126//923
f 1122//920 1130//926 1123//921
f 1035//13 1124//922 1131//927
f 1127//924 1059//1 1134//929
f 1126//923 1129//925 1122//920
f 1134//929 1140//933 1133//928
f 1130//926 1136//930 1137//931
f 1035//13 1131//927 1138//932
f 1134//929 1059//1 1141//934
f 1133//928 1136//930 1129//925
f 1131//927 1137//931 1138//932
f 1141//934 1147//937 1140//933
f 1137//931 1093//7 1144//936
f 1035//13 1138//932 1090//900
f 1141//934 1059//1 1096//903
f 1140//933 1093//7 1136//930
f 1138//932 1144//936 1090//900
f 1641//1424 1646//1429 1647//1430
f 1640//1423 1644//1427 1646//1429
f 1644//1427 1633//1416 1643//1426
f 1643//1426 1641//1424 1647//1430
f 1641//1424 1626//1409 1640//1423
f 1640//1423 1623//1406 1637//1420
f 1623//1406 1633//1416 1637//1420
f 1619//1402 1641//1424 1633//1416
f 1646//1429 1643//1426 1647//1430
f 1619//1402 1626//1409 1630//1413
f 1706//1469 1537//1325 1606//7
f 1612//1396 1616//1 1481//1272
f 1573//13 1601//1387 1571//1358
f 1706//1469 1481//1272 1510//1299
f 1708//1470 1571//1358 1601//1387
f 1708//1470 1537//1325 1544//1332
f 1544//1332 1651//1433 1652//1434
f 1481//1272 1650//1432 1510//1299
f 1573//13 1571//1358 1653//1435
f 1544//1332 1653//1435 1571//1358
f 1510//1299 1651//1433 1537//1325
f 1481//1272 1616//1 1649//1431
f 1652//1434 1660//1393 1653//1435
f 1649//1431 1657//1438 1650//1432
f 1573//13 1653//1435 1660//1393
f 1649//1431 1616//1 1656//1437
f 1651//1433 1659//1389 1652//1434
f 1651//1433 1657//1438 1658//1386
f 1657//1438 1665//1442 1658//1386
f 1573//13 1660//1393 1667//1444
f 1659//1389 1667//1444 1660//1393
f 1657//1438 1663//1440 1664//1441
f 1658//1386 1666//1443 1659//1389
f 1656//1437 1616//1 1663//1440
f 1667//1444 1673//1447 1674//1448
f 1664//1441 1670//1445 1671//1446
f 1666//1443 1672//159 1673//1447
f 1573//13 1667//1444 1674//1448
f 1663//1440 1616//1 1670//1445
f 1664//1441 1672//159 1665//1442
f 1671//1446 1677//1449 1678//1450
f 1673//1447 1679//1451 1680//1452
f 1573//13 1674//1448 1681//1453
f 1670//1445 1616//1 1677//1449
f 1671//1446 1679//1451 1672//159
f 1673//1447 1681//1453 1674//1448
f 1677//1449 1685//1455 1678//1450
f 1680//1452 1686//1456 1687//1457
f 1573//13 1681//1453 1688//1458
f 1677//1449 1616//1 1684//1454
f 1678//1450 1686//1456 1679//1451
f 1681//1453 1687//1457 1688//1458
f 1685//1455 1691//1459 1692//1460
f 1687//1457 1693//1461 1694//1462
f 1573//13 1688//1458 1695//1463
f 1684//1454 1616//1 1691//1459
f 1685//1455 1693//1461 1686//1456
f 1687//1457 1695//1463 1688//1458
f 1691//1459 1699//1465 1692//1460
f 1693//1461 1701//1467 1694//1462
f 1573//13 1695//1463 1702//1468
f 1691//1459 1616//1 1698//1464
f 1693//1461 1699//1465 1700//1466
f 1695//1463 1701//1467 1702//1468
f 1700//1466 1708//1470 1701//1467
f 1573//13 1702//1468 1601//1387
f 1698//1464 1616//1 1612//1396
f 1700//1466 1706//1469 1606//7
f 1702//1468 1708//1470 1601//1387
f 1698//1464 1706//1469 1699//1465
f 1710//1396 1675//1 1682//1272
f 1761//1469 1689//1325 1707//7
f 1758//1470 1696//1358 1704//1387
f 1648//13 1704//1387 1696//1358
f 1761//1469 1682//1272 1683//1299
f 1707//7 1690//1332 1758//1470
f 1683//1299 1669//1431 1668//1432
f 1690//1332 1655//1436 1696//1358
f 1689//1325 1668//1432 1662//1433
f 1682//1272 1675//1 1669//1431
f 1648//13 1696//1358 1655//1436
f 1689//1325 1661//1439 1690//1332
f 1662//1433 1603//1389 1661//1439
f 1668//1432 1600//1386 1662//1433
f 1669//1431 1675//1 1713//1437
f 1669//1431 1712//1438 1668//1432
f 1661//1439 1609//1393 1655//1436
f 1648//13 1655//1436 1609//1393
f 1648//13 1609//1393 1717//1444
f 1713//1437 1719//1441 1712//1438
f 1603//1389 1715//1442 1716//1443
f 1712//1438 1715//1442 1600//1386
f 1609//1393 1716//1443 1717//1444
f 1713//1437 1675//1 1720//1440
f 1648//13 1717//1444 1724//1448
f 1719//1441 1722//159 1715//1442
f 1720//1440 1726//1446 1719//1441
f 1717//1444 1723//1447 1724//1448
f 1720//1440 1675//1 1727//1445
f 1715//1442 1723//1447 1716//1443
f 1726//1446 1734//1449 1733//1450
f 1722//159 1730//1452 1723//1447
f 1648//13 1724//1448 1731//1453
f 1727//1445 1675//1 1734//1449
f 1726//1446 1729//1451 1722//159
f 1723//1447 1731//1453 1724//1448
f 1733//1450 1741//1454 1740//1455
f 1729//1451 1737//1457 1730//1452
f 1648//13 1731//1453 1738//1458
f 1734//1449 1675//1 1741//1454
f 1729//1451 1740//1455 1736//1456
f 1730//1452 1738//1458 1731//1453
f 1741//1454 1747//1476 1740//1455
f 1737//1457 1743//1461 1744//1474
f 1648//13 1738//1458 1745//1463
f 1741//1454 1675//1 1748//1459
f 1740//1455 1743//1461 1736//1456
f 1737//1457 1745//1463 1738//1458
f 1747//1476 1755//1464 1754//1465
f 1744//1474 1750//1466 1751//1467
f 1648//13 1745//1463 1752//1468
f 1748//1459 1675//1 1755//1464
f 1747//1476 1750//1466 1743//1461
f 1744//1474 1752//1468 1745//1463
f 1751//1467 1707//7 1758//1470
f 1648//13 1752//1468 1704//1387
f 1755//1464 1675//1 1710//1396
f 1754//1465 1707//7 1750//1466
f 1752//1468 1758//1470 1704//1387
f 1755//1464 1761//1469 1754//1465
f 1757//1480 1762//1483 1763//1484
f 1756//1479 1760//1482 1762//1483
f 1760//1482 1749//1477 1759//1481
f 1759//1481 1757//1480 1763//1484
f 1757//1480 1742//1473 1756//1479
f 1756//1479 1739//1472 1753//1478
f 1739//1472 1749//1477 1753//1478
f 1735//1471 1757//1480 1749//1477
f 1762//1483 1759//1481 1763//1484
f 1735//1471 1742//1473 1746//1475
f 1822//1469 1697//1325 1721//7
f 1822//1469 1654//1272 1676//1299
f 1709//13 1714//1387 1705//1358
f 1728//1396 1732//1 1654//1272
f 1824//1470 1697//1325 1703//1332
f 1824//1470 1705//1358 1714//1387
f 1654//1272 1732//1 1765//1431
f 1703//1332 1767//1433 1768//1434
f 1709//13 1705//1358 1769//1435
f 1654//1272 1766//1432 1676//1299
f 1676//1299 1767//1433 1697//1325
f 1703//1332 1769//1435 1705//1358
f 1768//1434 1776//1393 1769//1435
f 1765//1431 1773//1438 1766//1432
f 1767//1433 1775//1389 1768//1434
f 1765//1431 1732//1 1772//1485
f 1767//1433 1773//1438 1774//1386
f 1709//13 1769//1435 1776//1393
f 1772//1485 1732//1 1779//1440
f 1774//1386 1780//1441 1781//1442
f 1709//13 1776//1393 1783//1444
f 1775//1389 1783//1444 1776//1393
f 1773//1438 1779//1440 1780//1441
f 1775//1389 1781//1442 1782//1443
f 1780//1441 1788//159 1781//1442
f 1783//1444 1789//1447 1790//1448
f 1779//1440 1787//1446 1780//1441
f 1782//1443 1788//159 1789//1447
f 1709//13 1783//1444 1790//1448
f 1779//1440 1732//1 1786//1445
f 1789//1447 1797//1453 1790//1448
f 1787//1446 1793//1449 1794//1450
f 1788//159 1796//1452 1789//1447
f 1709//13 1790//1448 1797//1453
f 1786//1445 1732//1 1793//1449
f 1788//159 1794//1450 1795//1451
f 1793//1449 1801//1455 1794//1450
f 1796//1452 1802//1456 1803//1457
f 1709//13 1797//1453 1804//1458
f 1793//1449 1732//1 1800//1454
f 1794//1450 1802//1456 1795//1451
f 1797//1453 1803//1457 1804//1458
f 1801//1455 1807//1459 1808//1460
f 1803//1457 1809//1461 1810//1462
f 1709//13 1804//1458 1811//1463
f 1800//1454 1732//1 1807//1459
f 1801//1455 1809//1461 1802//1456
f 1803//1457 1811//1463 1804//1458
f 1807//1459 1815//1465 1808//1460
f 1809//1461 1817//1467 1810//1462
f 1709//13 1811//1463 1818//1468
f 1807//1459 1732//1 1814//1464
f 1809//1461 1815//1465 1816//1466
f 1811//1463 1817//1467 1818//1468
f 1814//1464 1822//1469 1815//1465
f 1816//1466 1824//1470 1817//1467
f 1709//13 1818//1468 1714//1387
f 1814//1464 1732//1 1728//1396
f 1816//1466 1822//1469 1721//7
f 1818//1468 1824//1470 1714//1387
f 1877//1469 1798//1272 1799//1299
f 1823//7 1806//1332 1874//1470
f 1874//1470 1812//1358 1820//1387
f 1764//13 1820//1387 1812//1358
f 1826//1396 1791//1 1798//1272
f 1877//1469 1805//1325 1823//7
f 1805//1325 1777//1439 1806//1332
f 1799//1299 1785//1486 1784//1432
f 1806//1332 1771//1436 1812//1358
f 1805//1325 1784//1432 1778//1433
f 1798//1272 1791//1 1785//1486
f 1764//13 1812//1358 1771//1436
f 1778//1433 1718//1389 1777//1439
f 1764//13 1771//1436 1725//1393
f 1784//1432 1711//1386 1778//1433
f 1785//1486 1791//1 1829//1437
f 1785//1486 1828//1438 1784//1432
f 1777//1439 1725//1393 1771//1436
f 1829//1437 1791//1 1836//1440
f 1828//1438 1831//1442 1711//1386
f 1718//1389 1831//1442 1832//1443
f 1829//1437 1835//1441 1828//1438
f 1764//13 1725//1393 1833//1444
f 1725//1393 1832//1443 1833//1444
f 1764//13 1833//1444 1840//1448
f 1835//1441 1843//1445 1842//1446
f 1831//1442 1839//1447 1832//1443
f 1836//1440 1791//1 1843//1445
f 1835//1441 1838//159 1831//1442
f 1833//1444 1839//1447 1840//1448
f 1839//1447 1847//1453 1840//1448
f 1842//1446 1850//1449 1849//1450
f 1838//159 1846//1452 1839//1447
f 1764//13 1840//1448 1847//1453
f 1843//1445 1791//1 1850//1449
f 1842//1446 1845//1451 1838//159
f 1849//1450 1857//1454 1856//1455
f 1845//1451 1853//1457 1846//1452
f 1764//13 1847//1453 1854//1458
f 1850//1449 1791//1 1857//1454
f 1845//1451 1856//1455 1852//1456
f 1846//1452 1854//1458 1847//1453
f 1857//1454 1863//1476 1856//1455
f 1853//1457 1859//1461 1860//1474
f 1764//13 1854//1458 1861//1491
f 1857//1454 1791//1 1864//1459
f 1856//1455 1859//1461 1852//1456
f 1853//1457 1861//1491 1854//1458
f 1863//1476 1871//1464 1870//1465
f 1860//1474 1866//1466 1867//1467
f 1764//13 1861//1491 1868//1468
f 1864//1459 1791//1 1871//1464
f 1863//1476 1866//1466 1859//1461
f 1860//1474 1868//1468 1861//1491
f 1871//1464 1877//1469 1870//1465
f 1866//1466 1874//1470 1867//1467
f 1764//13 1868//1468 1820//1387
f 1871//1464 1791//1 1826//1396
f 1870//1465 1823//7 1866//1466
f 1868//1468 1874//1470 1820//1387
f 1873//1496 1878//1499 1879//1500
f 1872//1495 1876//1498 1878//1499
f 1876//1498 1865//1493 1875//1497
f 1875//1497 1873//1496 1879//1500
f 1873//1496 1858//1490 1872//1495
f 1872//1495 1855//1489 1869//1494
f 1855//1489 1865//1493 1869//1494
f 1851//1488 1873//1496 1865//1493
f 1878//1499 1875//1497 1879//1500
f 1862//1492 1855//1489 1858//1490
f 1837//7 1792//1299 1813//1325
f 1940//1470 1821//1358 1830//1387
f 1938//1469 1770//1272 1792//1299
f 1825//13 1830//1387 1821//1358
f 1844//1396 1848//1 1770//1272
f 1940//1470 1813//1325 1819//1487
f 1819//1487 1885//1435 1821//1358
f 1819//1487 1883//1433 1884//1434
f 1825//13 1821//1358 1885//1435
f 1770//1272 1882//1432 1792//1299
f 1770//1272 1848//1 1881//1431
f 1792//1299 1883//1433 1813//1325
f 1883//1433 1889//1438 1890//1386
f 1884//1434 1892//1393 1885//1435
f 1825//13 1885//1435 1892//1393
f 1883//1433 1891//1389 1884//1434
f 1881//1431 1848//1 1888//1437
f 1881//1431 1889//1438 1882//1432
f 1888//1437 1848//1 1895//1440
f 1825//13 1892//1393 1899//1444
f 1890//1386 1896//1441 1897//1442
f 1891//1389 1899//1444 1892//1393
f 1889//1438 1895//1440 1896//1441
f 1891//1389 1897//1442 1898//1443
f 1895//1440 1848//1 1902//1445
f 1896//1441 1904//159 1897//1442
f 1899//1444 1905//1447 1906//1448
f 1895//1440 1903//1446 1896//1441
f 1898//1443 1904//159 1905//1447
f 1825//13 1899//1444 1906//1448
f 1904//159 1910//1450 1911//1451
f 1905//1447 1913//1453 1906//1448
f 1903//1446 1909//1449 1910//1450
f 1905//1447 1911//1451 1912//1452
f 1825//13 1906//1448 1913//1453
f 1902//1445 1848//1 1909//1449
f 1913//1453 1919//1457 1920//1458
f 1909//1449 1917//1455 1910//1450
f 1912//1452 1918//1456 1919//1457
f 1825//13 1913//1453 1920//1458
f 1909//1449 1848//1 1916//1454
f 1910//1450 1918//1456 1911//1451
f 1917//1455 1923//1459 1924//1460
f 1919//1457 1925//1461 1926//1462
f 1825//13 1920//1458 1927//1463
f 1916//1454 1848//1 1923//1459
f 1917//1455 1925//1461 1918//1456
f 1919//1457 1927//1463 1920//1458
f 1923//1459 1931//1465 1924//1460
f 1925//1461 1933//1467 1926//1462
f 1825//13 1927//1463 1934//1468
f 1923//1459 1848//1 1930//1464
f 1925//1461 1931//1465 1932//1466
f 1927//1463 1933//1467 1934//1468
f 1930//1464 1938//1469 1931//1465
f 1933//1467 1837//7 1940//1470
f 1825//13 1934//1468 1830//1387
f 1930//1464 1848//1 1844//1396
f 1932//1466 1938//1469 1837//7
f 1934//1468 1940//1470 1830//1387
f 1993//1469 1914//1272 1915//1299
f 1939//7 1922//1332 1990//1470
f 1990//1470 1928//1504 1936//1387
f 1880//13 1936//1387 1928//1504
f 1942//1396 1907//1 1914//1272
f 1993//1469 1921//1325 1939//7
f 1880//13 1928//1504 1887//1436
f 1921//1325 1893//1434 1922//1332
f 1915//1299 1901//1502 1900//1432
f 1922//1332 1887//1436 1928//1504
f 1921//1325 1900//1432 1894//1433
f 1914//1272 1907//1 1901//1502
f 1893//1434 1841//1393 1887//1436
f 1901//1502 1944//1438 1900//1432
f 1894//1433 1834//1389 1893//1434
f 1880//13 1887//1436 1841//1393
f 1900//1432 1827//1386 1894//1433
f 1901//1502 1907//1 1945//1437
f 1841//1393 1948//1443 1949//1510
f 1945//1437 1907//1 1952//1512
f 1944//1438 1947//1442 1827//1386
f 1945//1437 1951//1441 1944//1438
f 1834//1389 1947//1442 1948//1443
f 1880//13 1841//1393 1949//1510
f 1952//1512 1907//1 1959//1445
f 1951//1441 1959//1445 1958//1446
f 1949//1510 1955//1447 1956//1448
f 1947//1442 1955//1447 1948//1443
f 1880//13 1949//1510 1956//1448
f 1951//1441 1954//159 1947//1442
f 1958//1446 1961//1451 1954//159
f 1955//1447 1963//1453 1956//1448
f 1958//1446 1966//1517 1965//1450
f 1954//159 1962//1452 1955//1447
f 1880//13 1956//1448 1963//1453
f 1959//1445 1907//1 1966//1517
f 1963//1453 1969//1519 1970//1520
f 1965//1450 1973//1454 1972//1455
f 1961//1451 1969//1519 1962//1452
f 1880//13 1963//1453 1970//1520
f 1966//1517 1907//1 1973//1454
f 1961//1451 1972//1455 1968//1456
f 1973//1454 1979//1476 1972//1455
f 1968//1456 1976//1462 1969//1519
f 1880//13 1970//1520 1977//1463
f 1973//1454 1907//1 1980//1459
f 1972//1455 1975//1461 1968//1456
f 1969//1519 1977//1463 1970//1520
f 1979//1476 1987//1464 1986//1465
f 1976//1462 1982//1466 1983//1467
f 1880//13 1977//1463 1984//1523
f 1980//1459 1907//1 1987//1464
f 1979//1476 1982//1466 1975//1461
f 1977//1463 1983//1467 1984//1523
f 1987//1464 1993//1469 1986//1465
f 1982//1466 1990//1470 1983//1467
f 1880//13 1984//1523 1936//1387
f 1987//1464 1907//1 1942//1396
f 1986//1465 1939//7 1982//1466
f 1984//1523 1990//1470 1936//1387
f 2493//1742 2486//1737 2492//1741
f 2492//1741 2483//1736 2490//1740
f 2483//1736 2489//1739 2490//1740
f 2479//1735 2493//1742 2489//1739
f 2476//1734 2486//1737 2487//1738
f 2472//1733 2483//1736 2486//1737
f 2483//1736 2465//1731 2479//1735
f 2479//1735 2476//1734 2487//1738
f 2492//1741 2489//1739 2493//1742
f 2465//1731 2472//1733 2476//1734
f 2552//1469 2383//1325 2452//7
f 2458//1396 2462//1 2327//1272
f 2419//13 2447//1387 2417//1358
f 2552//1469 2327//1272 2356//1299
f 2554//1470 2417//1358 2447//1387
f 2554//1470 2383//1325 2390//1332
f 2356//1299 2495//1486 2496//1432
f 2390//1332 2499//1435 2417//1358
f 2390//1332 2497//1433 2498//1434
f 2356//1299 2497//1433 2383//1325
f 2419//13 2417//1358 2499//1435
f 2327//1272 2462//1 2495//1486
f 2497//1433 2505//1389 2498//1434
f 2497//1433 2503//1438 2504//1386
f 2495//1486 2462//1 2502//1437
f 2496//1432 2502//1437 2503//1438
f 2419//13 2499//1435 2506//1393
f 2498//1434 2506//1393 2499//1435
f 2505//1389 2513//1444 2506//1393
f 2503//1438 2509//1440 2510//1441
f 2504//1386 2512//1443 2505//1389
f 2419//13 2506//1393 2513//1444
f 2502//1437 2462//1 2509//1440
f 2504//1386 2510//1441 2511//1442
f 2509//1440 2517//1446 2510//1441
f 2511//1442 2519//1447 2512//1443
f 2419//13 2513//1444 2520//1448
f 2509//1440 2462//1 2516//1445
f 2511//1442 2517//1446 2518//159
f 2513//1444 2519//1447 2520//1448
f 2516//1445 2524//1450 2517//1446
f 2518//159 2526//1452 2519//1447
f 2419//13 2520//1448 2527//1453
f 2516//1445 2462//1 2523//1449
f 2518//159 2524//1450 2525//1451
f 2519//1447 2527//1453 2520//1448
f 2523//1449 2531//1455 2524//1450
f 2525//1451 2533//1457 2526//1452
f 2419//13 2527//1453 2534//1458
f 2523//1449 2462//1 2530//1454
f 2524//1450 2532//1456 2525//1451
f 2527//1453 2533//1457 2534//1458
f 2530//1454 2538//1460 2531//1455
f 2533//1457 2539//1461 2540//1462
f 2419//13 2534//1458 2541//1463
f 2530//1454 2462//1 2537//1459
f 2531//1455 2539//1461 2532//1456
f 2533//1457 2541//1463 2534//1458
f 2539//1461 2547//1467 2540//1462
f 2419//13 2541//1463 2548//1468
f 2537//1459 2462//1 2544//1464
f 2539//1461 2545//1465 2546//1466
f 2541//1463 2547//1467 2548//1468
f 2537//1459 2545//1465 2538//1460
f 2419//13 2548//1468 2447//1387
f 2544//1464 2462//1 2458//1396
f 2546//1466 2552//1469 2452//7
f 2548//1468 2554//1470 2447//1387
f 2544//1464 2552//1469 2545//1465
f 2546//1466 2554//1470 2547//1467
f 2607//1469 2528//1272 2529//1299
f 2553//7 2536//1332 2604//1470
f 2494//13 2550//1387 2542//1358
f 2556//1396 2521//1 2528//1272
f 2553//7 2529//1299 2535//1325
f 2604//1470 2542//1358 2550//1387
f 2528//1272 2521//1 2515//1743
f 2542//1358 2507//1439 2501//1435
f 2535//1325 2514//1432 2508//1433
f 2494//13 2542//1358 2501//1435
f 2535//1325 2507//1439 2536//1332
f 2528//1272 2514//1432 2529//1299
f 2508//1433 2449//1389 2507//1439
f 2514//1432 2446//1386 2508//1433
f 2515//1743 2521//1 2559//1485
f 2515//1743 2558//1744 2514//1432
f 2507//1439 2455//1730 2501//1435
f 2494//13 2501//1435 2455//1730
f 2558//1744 2566//1440 2565//1441
f 2494//13 2455//1730 2563//1444
f 2449//1389 2561//1442 2562//1443
f 2558//1744 2561//1442 2446//1386
f 2449//1389 2563//1444 2455//1730
f 2559//1485 2521//1 2566//1440
f 2494//13 2563//1444 2570//1448
f 2566//1440 2572//1446 2565//1441
f 2562//1443 2568//159 2569//1447
f 2565//1441 2568//159 2561//1442
f 2566//1440 2521//1 2573//1445
f 2563//1444 2569//1447 2570//1448
f 2572//1446 2580//1449 2579//1450
f 2569//1447 2575//1451 2576//1452
f 2494//13 2570//1448 2577//1453
f 2573//1445 2521//1 2580//1449
f 2572//1446 2575//1451 2568//159
f 2569//1447 2577//1453 2570//1448
f 2579//1450 2587//1454 2586//1455
f 2575//1451 2583//1457 2576//1452
f 2494//13 2577//1453 2584//1458
f 2580//1449 2521//1 2587//1454
f 2575//1451 2586//1455 2582//1456
f 2576//1452 2584//1458 2577//1453
f 2587//1454 2593//1460 2586//1455
f 2582//1456 2590//1462 2583//1457
f 2494//13 2584//1458 2591//1748
f 2587//1454 2521//1 2594//1750
f 2586//1455 2589//1461 2582//1456
f 2583//1457 2591//1748 2584//1458
f 2590//1462 2596//1466 2597//1467
f 2494//13 2591//1748 2598//1468
f 2594//1750 2521//1 2601//1464
f 2593//1460 2596//1466 2589//1461
f 2590//1462 2598//1468 2591//1748
f 2593//1460 2601//1464 2600//1465
f 2494//13 2598//1468 2550//1387
f 2601//1464 2521//1 2556//1396
f 2600//1465 2553//7 2596//1466
f 2598//1468 2604//1470 2550//1387
f 2601//1464 2607//1469 2600//1465
f 2596//1466 2604//1470 2597//1467
f 2609//1758 2602//1753 2608//1757
f 2608//1757 2599//1752 2606//1756
f 2599//1752 2605//1755 2606//1756
f 2595//1751 2609//1758 2605//1755
f 2592//1749 2602//1753 2603//1754
f 2588//1747 2599//1752 2602//1753
f 2599//1752 2581//1745 2595//1751
f 2595//1751 2592//1749 2603//1754
f 2608//1757 2605//1755 2609//1758
f 2581//1745 2588//1747 2592//1749
f 2668//1469 2543//1325 2567//7
f 2668//1469 2500//1272 2522//1299
f 2555//13 2560//1387 2551//1358
f 2574//1396 2578//1 2500//1272
f 2670//1470 2543//1325 2549//1332
f 2670//1470 2551//1358 2560//1387
f 2549//1332 2613//1433 2614//1434
f 2555//13 2551//1358 2615//1435
f 2522//1299 2611//1486 2612//1432
f 2522//1299 2613//1433 2543//1325
f 2549//1332 2615//1435 2551//1358
f 2500//1272 2578//1 2611//1486
f 2612//1432 2618//1437 2619//1438
f 2613//1433 2621//1389 2614//1434
f 2555//13 2615//1435 2622//1393
f 2614//1434 2622//1393 2615//1435
f 2613//1433 2619//1438 2620//1386
f 2611//1486 2578//1 2618//1437
f 2620//1386 2626//1441 2627//1442
f 2621//1389 2629//1444 2622//1393
f 2555//13 2622//1393 2629//1444
f 2619//1438 2625//1440 2626//1441
f 2620//1386 2628//1443 2621//1389
f 2618//1437 2578//1 2625//1440
f 2629//1444 2635//1447 2636//1448
f 2625//1440 2633//1446 2626//1441
f 2628//1443 2634//159 2635//1447
f 2555//13 2629//1444 2636//1448
f 2625//1440 2578//1 2632//1445
f 2626//1441 2634//159 2627//1442
f 2633//1446 2639//1449 2640//1450
f 2634//159 2642//1452 2635//1447
f 2555//13 2636//1448 2643//1453
f 2632//1445 2578//1 2639//1449
f 2634//159 2640//1450 2641//1451
f 2635//1447 2643//1453 2636//1448
f 2639//1449 2647//1455 2640//1450
f 2641//1451 2649//1457 2642//1452
f 2555//13 2643//1453 2650//1458
f 2639//1449 2578//1 2646//1454
f 2641//1451 2647//1455 2648//1456
f 2643//1453 2649//1457 2650//1458
f 2646//1454 2654//1460 2647//1455
f 2649//1457 2655//1461 2656//1462
f 2555//13 2650//1458 2657//1463
f 2646//1454 2578//1 2653//1459
f 2647//1455 2655//1461 2648//1456
f 2649//1457 2657//1463 2650//1458
f 2653//1459 2661//1465 2654//1460
f 2655//1461 2663//1467 2656//1462
f 2555//13 2657//1463 2664//1468
f 2653//1459 2578//1 2660//1464
f 2655//1461 2661//1465 2662//1466
f 2656//1462 2664//1468 2657//1463
f 2662//1466 2670//1470 2663//1467
f 2555//13 2664//1468 2560//1387
f 2660//1464 2578//1 2574//1396
f 2662//1466 2668//1469 2567//7
f 2664//1468 2670//1470 2560//1387
f 2660//1464 2668//1469 2661//1465
f 2672//1396 2637//1 2644//1272
f 2669//7 2645//1299 2651//1325
f 2720//1470 2658//1358 2666//1387
f 2610//13 2666//1387 2658//1358
f 2723//1469 2644//1272 2645//1299
f 2669//7 2652//1332 2720//1470
f 2644//1272 2630//1432 2645//1299
f 2652//1332 2617//1435 2658//1358
f 2651//1325 2630//1432 2624//1433
f 2644//1272 2637//1 2631//1743
f 2610//13 2658//1358 2617//1435
f 2651//1325 2623//1439 2652//1332
f 2624//1433 2564//1389 2623//1439
f 2630//1432 2557//1386 2624//1433
f 2631//1743 2637//1 2675//1437
f 2631//1743 2674//1438 2630//1432
f 2623//1439 2571//1730 2617//1435
f 2610//13 2617//1435 2571//1730
f 2610//13 2571//1730 2679//1444
f 2674//1438 2677//1442 2557//1386
f 2675//1437 2681//1441 2674//1438
f 2564//1389 2677//1442 2678//1443
f 2564//1389 2679//1444 2571//1730
f 2675//1437 2637//1 2682//1440
f 2679//1444 2685//1447 2686//1448
f 2681//1441 2684//159 2677//1442
f 2682//1440 2637//1 2689//1445
f 2682//1440 2688//1446 2681//1441
f 2678//1443 2684//159 2685//1447
f 2610//13 2679//1444 2686//1448
f 2688//1446 2696//1449 2695//1450
f 2685//1447 2691//1451 2692//1452
f 2610//13 2686//1448 2693//1453
f 2689//1445 2637//1 2696//1449
f 2688//1446 2691//1451 2684//159
f 2685//1447 2693//1453 2686//1448
f 2695//1450 2703//1454 2702//1455
f 2691//1451 2699//1519 2692//1452
f 2610//13 2693//1453 2700//1458
f 2696//1449 2637//1 2703//1454
f 2691//1451 2702//1455 2698//1456
f 2692//1452 2700//1458 2693//1453
f 2703//1454 2709//1460 2702//1455
f 2698//1456 2706//1462 2699//1519
f 2610//13 2700//1458 2707//1762
f 2703//1454 2637//1 2710//1750
f 2702//1455 2705//1461 2698//1456
f 2699//1519 2707//1762 2700//1458
f 2709//1460 2717//1464 2716//1465
f 2706//1462 2712//1466 2713//1467
f 2610//13 2707//1762 2714//1468
f 2710//1750 2637//1 2717//1464
f 2709//1460 2712//1466 2705//1461
f 2706//1462 2714//1468 2707//1762
f 2712//1466 2720//1470 2713//1467
f 2610//13 2714//1468 2666//1387
f 2717//1464 2637//1 2672//1396
f 2716//1465 2669//7 2712//1466
f 2714//1468 2720//1470 2666//1387
f 2717//1464 2723//1469 2716//1465
f 2725//1771 2718//1766 2724//1770
f 2724//1770 2715//1765 2722//1769
f 2715//1765 2721//1768 2722//1769
f 2711//1764 2725//1771 2721//1768
f 2708//1763 2718//1766 2719//1767
f 2704//1761 2715//1765 2718//1766
f 2715//1765 2697//1759 2711//1764
f 2711//1764 2708//1763 2719//1767
f 2724//1770 2721//1768 2725//1771
f 2708//1763 2701//1760 2704//1761
f 2784//1469 2659//1325 2683//7
f 2784//1469 2616//1272 2638//1299
f 2671//13 2676//1387 2667//1358
f 2690//1396 2694//1 2616//1272
f 2786//1470 2659//1325 2665//1332
f 2786//1470 2667//1358 2676//1387
f 2616//1272 2694//1 2727//1486
f 2671//13 2667//1358 2731//1435
f 2638//1299 2727//1486 2728//1432
f 2665//1332 2729//1433 2730//1434
f 2638//1299 2729//1433 2659//1325
f 2665//1332 2731//1435 2667//1358
f 2730//1434 2738//1393 2731//1435
f 2728//1432 2734//1437 2735//1438
f 2729//1433 2737//1389 2730//1434
f 2727//1486 2694//1 2734//1437
f 2729//1433 2735//1438 2736//1386
f 2671//13 2731//1435 2738//1393
f 2734//1437 2694//1 2741//1440
f 2736//1386 2742//1441 2743//1442
f 2737//1389 2745//1444 2738//1393
f 2735//1438 2741//1440 2742//1441
f 2671//13 2738//1393 2745//1444
f 2736//1386 2744//1443 2737//1389
f 2742//1441 2750//159 2743//1442
f 2745//1444 2751//1447 2752//1448
f 2741//1440 2749//1446 2742//1441
f 2743//1442 2751//1447 2744//1443
f 2671//13 2745//1444 2752//1448
f 2741//1440 2694//1 2748//1445
f 2751//1447 2759//1453 2752//1448
f 2749//1446 2755//1449 2756//1450
f 2750//159 2758//1452 2751//1447
f 2671//13 2752//1448 2759//1453
f 2748//1445 2694//1 2755//1449
f 2750//159 2756//1450 2757//1451
f 2755//1449 2763//1455 2756//1450
f 2757//1451 2765//1457 2758//1452
f 2671//13 2759//1453 2766//1458
f 2755//1449 2694//1 2762//1454
f 2757//1451 2763//1455 2764//1456
f 2759//1453 2765//1457 2766//1458
f 2762//1454 2770//1460 2763//1455
f 2765//1457 2771//1461 2772//1462
f 2671//13 2766//1458 2773//1748
f 2762//1454 2694//1 2769//1459
f 2763//1455 2771//1461 2764//1456
f 2765//1457 2773//1748 2766//1458
f 2769//1459 2777//1465 2770//1460
f 2771//1461 2779//1467 2772//1462
f 2671//13 2773//1748 2780//1468
f 2769//1459 2694//1 2776//1464
f 2771//1461 2777//1465 2778//1466
f 2772//1462 2780//1468 2773//1748
f 2776//1464 2784//1469 2777//1465
f 2778//1466 2786//1470 2779//1467
f 2671//13 2780//1468 2676//1387
f 2776//1464 2694//1 2690//1396
f 2778//1466 2784//1469 2683//7
f 2780//1468 2786//1470 2676//1387
f 2839//1469 2760//1272 2761//1299
f 2785//7 2768//1332 2836//1470
f 2836//1470 2774//1504 2782//1387
f 2726//13 2782//1387 2774//1504
f 2788//1396 2753//1 2760//1272
f 2839//1469 2767//1325 2785//7
f 2767//1325 2739//1434 2768//1332
f 2760//1272 2746//1773 2761//1299
f 2768//1332 2733//1435 2774//1504
f 2767//1325 2746//1773 2740//1433
f 2760//1272 2753//1 2747//1743
f 2726//13 2774//1504 2733//1435
f 2740//1433 2680//1389 2739//1434
f 2726//13 2733//1435 2687//1393
f 2746//1773 2673//1386 2740//1433
f 2747//1743 2753//1 2791//1485
f 2747//1743 2790//1744 2746//1773
f 2739//1434 2687//1393 2733//1435
f 2791//1485 2753//1 2798//1440
f 2790//1744 2793//1442 2673//1386
f 2680//1389 2793//1442 2794//1443
f 2790//1744 2798//1440 2797//1441
f 2726//13 2687//1393 2795//1510
f 2687//1393 2794//1443 2795//1510
f 2726//13 2795//1510 2802//1448
f 2798//1440 2804//1446 2797//1441
f 2793//1442 2801//1447 2794//1443
f 2798//1440 2753//1 2805//1445
f 2797//1441 2800//159 2793//1442
f 2795//1510 2801//1447 2802//1448
f 2801//1447 2809//1785 2802//1448
f 2804//1446 2812//1517 2811//1450
f 2800//159 2808//1452 2801//1447
f 2726//13 2802//1448 2809//1785
f 2805//1445 2753//1 2812//1517
f 2804//1446 2807//1451 2800//159
f 2811//1450 2819//1454 2818//1455
f 2807//1451 2815//1457 2808//1452
f 2726//13 2809//1785 2816//1458
f 2812//1517 2753//1 2819//1454
f 2807//1451 2818//1455 2814//1456
f 2808//1452 2816//1458 2809//1785
f 2819//1454 2825//1476 2818//1455
f 2814//1456 2822//1462 2815//1457
f 2726//13 2816//1458 2823//1748
f 2819//1454 2753//1 2826//1750
f 2818//1455 2821//1461 2814//1456
f 2815//1457 2823//1748 2816//1458
f 2825//1476 2833//1464 2832//1465
f 2822//1462 2828//1466 2829//1467
f 2726//13 2823//1748 2830//1468
f 2826//1750 2753//1 2833//1464
f 2825//1476 2828//1466 2821//1461
f 2822//1462 2830//1468 2823//1748
f 2833//1464 2839//1469 2832//1465
f 2828//1466 2836//1470 2829//1467
f 2726//13 2830//1468 2782//1387
f 2833//1464 2753//1 2788//1396
f 2832//1465 2785//7 2828//1466
f 2830//1468 2836//1470 2782//1387
f 887//843 836//806 806//780
f 833//7 813//787 816//790
f 884//841 816//790 820//794
f 833//7 887//843 809//783
f 813//787 786//763 781//758
f 809//783 806//780 794//770
f 816//790 781//758 754//732
f 813//787 809//783 791//768
f 781//758 692//674 718//699
f 794//770 839//808 838//807
f 786//763 550//534 692//674
f 791//768 838//807 550//534
f 718//699 692//674 842//810
f 692//674 550//534 841//809
f 838//807 845//812 841//809
f 839//808 846//813 845//812
f 846//813 853//817 852//816
f 842//810 841//809 848//159
f 843//811 842//810 849//814
f 845//812 852//816 848//159
f 848//159 852//816 859//822
f 849//814 856//820 857//821
f 852//816 853//817 860//823
f 848//159 855//819 856//820
f 855//819 859//822 866//827
f 856//820 863//825 864//826
f 859//822 860//823 867//828
f 855//819 862//824 863//825
f 863//825 870//830 871//831
f 867//828 874//833 873//832
f 862//824 869//829 870//830
f 866//827 873//832 869//829
f 874//833 881//839 880//838
f 870//830 869//829 876//835
f 873//832 880//838 876//835
f 871//831 870//830 877//836
f 881//839 836//806 887//843
f 877//836 876//835 833//7
f 880//838 887//843 833//7
f 878//837 877//836 884//841
f 939//843 888//806 858//780
f 885//7 865//787 868//790
f 936//841 868//790 872//794
f 885//7 939//843 861//783
f 865//787 840//763 837//758
f 861//783 858//780 847//770
f 868//790 837//758 834//732
f 865//787 861//783 844//768
f 837//758 802//674 823//699
f 847//770 891//808 890//807
f 840//763 750//534 802//674
f 844//768 890//807 750//534
f 802//674 750//534 893//809
f 891//808 898//813 897//812
f 823//699 802//674 894//810
f 890//807 897//812 893//809
f 897//812 904//816 900//159
f 894//810 893//809 900//159
f 898//813 905//817 904//816
f 895//811 894//810 901//814
f 900//159 904//816 911//822
f 901//814 908//820 909//821
f 904//816 905//817 912//823
f 900//159 907//819 908//820
f 907//819 911//822 918//827
f 908//820 915//825 916//851
f 911//822 912//823 919//828
f 907//819 914//824 915//825
f 915//825 922//830 923//854
f 919//828 926//833 925//832
f 914//824 921//829 922//830
f 918//827 925//832 921//829
f 926//833 933//839 932//838
f 922//830 921//829 928//835
f 925//832 932//838 928//835
f 923//854 922//830 929//836
f 933//839 888//806 939//843
f 929//836 928//835 885//7
f 932//838 939//843 885//7
f 930//837 929//836 936//841
f 1043//937 992//903 962//878
f 989//7 969//885 972//888
f 1040//936 972//888 976//892
f 989//7 1043//937 965//881
f 969//885 944//863 941//860
f 965//881 962//878 951//870
f 972//888 941//860 938//858
f 969//885 965//881 948//867
f 941//860 906//848 927//856
f 951//870 995//905 994//904
f 944//863 883//840 906//848
f 948//867 994//904 883//840
f 906//848 883//840 997//906
f 995//905 1002//910 1001//909
f 927//856 906//848 998//907
f 994//904 1001//909 997//906
f 999//908 998//907 1005//911
f 1001//909 1008//913 1004//159
f 998//907 997//906 1004//159
f 1002//910 1009//914 1008//913
f 1004//159 1008//913 1015//918
f 1005//911 1012//916 1013//917
f 1008//913 1009//914 1016//919
f 1004//159 1011//915 1012//916
f 1011//915 1015//918 1022//923
f 1012//916 1019//921 1020//922
f 1015//918 1016//919 1023//924
f 1011//915 1018//920 1019//921
f 1019//921 1026//926 1027//927
f 1023//924 1030//929 1029//928
f 1018//920 1025//925 1026//926
f 1022//923 1029//928 1025//925
f 1030//929 1037//934 1036//933
f 1026//926 1025//925 1032//930
f 1029//928 1036//933 1032//930
f 1027//927 1026//926 1033//931
f 1037//934 992//903 1043//937
f 1033//931 1032//930 989//7
f 1036//933 1043//937 989//7
f 1034//932 1033//931 1040//936
f 1147//937 1096//903 1066//878
f 1093//7 1073//885 1076//888
f 1144//936 1076//888 1080//892
f 1093//7 1147//937 1069//881
f 1073//885 1048//863 1045//860
f 1069//881 1066//878 1055//870
f 1076//888 1045//860 1042//858
f 1073//885 1069//881 1052//867
f 1045//860 1010//848 1031//856
f 1055//870 1099//905 1098//904
f 1048//863 987//840 1010//848
f 1052//867 1098//904 987//840
f 1010//848 987//840 1101//906
f 1099//905 1106//910 1105//909
f 1031//856 1010//848 1102//907
f 1098//904 1105//909 1101//906
f 1103//908 1102//907 1109//911
f 1105//909 1112//913 1108//159
f 1102//907 1101//906 1108//159
f 1106//910 1113//914 1112//913
f 1108//159 1112//913 1119//918
f 1109//911 1116//916 1117//917
f 1112//913 1113//914 1120//919
f 1108//159 1115//915 1116//916
f 1115//915 1119//918 1126//923
f 1116//916 1123//921 1124//922
f 1119//918 1120//919 1127//924
f 1115//915 1122//920 1123//921
f 1123//921 1130//926 1131//927
f 1127//924 1134//929 1133//928
f 1122//920 1129//925 1130//926
f 1126//923 1133//928 1129//925
f 1134//929 1141//934 1140//933
f 1130//926 1129//925 1136//930
f 1133//928 1140//933 1136//930
f 1131//927 1130//926 1137//931
f 1141//934 1096//903 1147//937
f 1137//931 1136//930 1093//7
f 1140//933 1147//937 1093//7
f 1138//932 1137//931 1144//936
f 1641//1424 1640//1423 1646//1429
f 1640//1423 1637//1420 1644//1427
f 1644//1427 1637//1420 1633//1416
f 1643//1426 1633//1416 1641//1424
f 1641//1424 1630//1413 1626//1409
f 1640//1423 1626//1409 1623//1406
f 1623//1406 1619//1402 1633//1416
f 1619//1402 1630//1413 1641//1424
f 1646//1429 1644//1427 1643//1426
f 1619//1402 1623//1406 1626//1409
f 1706//1469 1510//1299 1537//1325
f 1706//1469 1612//1396 1481//1272
f 1708//1470 1544//1332 1571//1358
f 1708//1470 1606//7 1537//1325
f 1544//1332 1537//1325 1651//1433
f 1481//1272 1649//1431 1650//1432
f 1544//1332 1652//1434 1653//1435
f 1510//1299 1650//1432 1651//1433
f 1652//1434 1659//1389 1660//1393
f 1649//1431 1656//1437 1657//1438
f 1651//1433 1658//1386 1659//1389
f 1651//1433 1650//1432 1657//1438
f 1657//1438 1664//1441 1665//1442
f 1659//1389 1666//1443 1667//1444
f 1657//1438 1656//1437 1663//1440
f 1658//1386 1665//1442 1666//1443
f 1667//1444 1666//1443 1673//1447
f 1664//1441 1663//1440 1670//1445
f 1666//1443 1665//1442 1672//159
f 1664//1441 1671//1446 1672//159
f 1671//1446 1670//1445 1677//1449
f 1673//1447 1672//159 1679//1451
f 1671//1446 1678//1450 1679//1451
f 1673//1447 1680//1452 1681//1453
f 1677//1449 1684//1454 1685//1455
f 1680//1452 1679//1451 1686//1456
f 1678//1450 1685//1455 1686//1456
f 1681//1453 1680//1452 1687//1457
f 1685//1455 1684//1454 1691//1459
f 1687//1457 1686//1456 1693//1461
f 1685//1455 1692//1460 1693//1461
f 1687//1457 1694//1462 1695//1463
f 1691//1459 1698//1464 1699//1465
f 1693//1461 1700//1466 1701//1467
f 1693//1461 1692//1460 1699//1465
f 1695//1463 1694//1462 1701//1467
f 1700//1466 1606//7 1708//1470
f 1700//1466 1699//1465 1706//1469
f 1702//1468 1701//1467 1708//1470
f 1698//1464 1612//1396 1706//1469
f 1761//1469 1683//1299 1689//1325
f 1758//1470 1690//1332 1696//1358
f 1761//1469 1710//1396 1682//1272
f 1707//7 1689//1325 1690//1332
f 1683//1299 1682//1272 1669//1431
f 1690//1332 1661//1439 1655//1436
f 1689//1325 1683//1299 1668//1432
f 1689//1325 1662//1433 1661//1439
f 1662//1433 1600//1386 1603//1389
f 1668//1432 1712//1438 1600//1386
f 1669//1431 1713//1437 1712//1438
f 1661//1439 1603//1389 1609//1393
f 1713//1437 1720//1440 1719//1441
f 1603//1389 1600//1386 1715//1442
f 1712//1438 1719//1441 1715//1442
f 1609//1393 1603//1389 1716//1443
f 1719//1441 1726//1446 1722//159
f 1720//1440 1727//1445 1726//1446
f 1717//1444 1716//1443 1723//1447
f 1715//1442 1722//159 1723//1447
f 1726//1446 1727//1445 1734//1449
f 1722//159 1729//1451 1730//1452
f 1726//1446 1733//1450 1729//1451
f 1723//1447 1730//1452 1731//1453
f 1733//1450 1734//1449 1741//1454
f 1729//1451 1736//1456 1737//1457
f 1729//1451 1733//1450 1740//1455
f 1730//1452 1737//1457 1738//1458
f 1741//1454 1748//1459 1747//1476
f 1737//1457 1736//1456 1743//1461
f 1740//1455 1747//1476 1743//1461
f 1737//1457 1744//1474 1745//1463
f 1747//1476 1748//1459 1755//1464
f 1744//1474 1743//1461 1750//1466
f 1747//1476 1754//1465 1750//1466
f 1744//1474 1751//1467 1752//1468
f 1751//1467 1750//1466 1707//7
f 1754//1465 1761//1469 1707//7
f 1752//1468 1751//1467 1758//1470
f 1755//1464 1710//1396 1761//1469
f 1757//1480 1756//1479 1762//1483
f 1756//1479 1753//1478 1760//1482
f 1760//1482 1753//1478 1749//1477
f 1759//1481 1749//1477 1757//1480
f 1757//1480 1746//1475 1742//1473
f 1756//1479 1742//1473 1739//1472
f 1739//1472 1735//1471 1749//1477
f 1735//1471 1746//1475 1757//1480
f 1762//1483 1760//1482 1759//1481
f 1735//1471 1739//1472 1742//1473
f 1822//1469 1676//1299 1697//1325
f 1822//1469 1728//1396 1654//1272
f 1824//1470 1721//7 1697//1325
f 1824//1470 1703//1332 1705//1358
f 1703//1332 1697//1325 1767//1433
f 1654//1272 1765//1431 1766//1432
f 1676//1299 1766//1432 1767//1433
f 1703//1332 1768//1434 1769//1435
f 1768//1434 1775//1389 1776//1393
f 1765//1431 1772//1485 1773//1438
f 1767//1433 1774//1386 1775//1389
f 1767//1433 1766//1432 1773//1438
f 1774//1386 1773//1438 1780//1441
f 1775//1389 1782//1443 1783//1444
f 1773//1438 1772//1485 1779//1440
f 1775//1389 1774//1386 1781//1442
f 1780//1441 1787//1446 1788//159
f 1783//1444 1782//1443 1789//1447
f 1779//1440 1786//1445 1787//1446
f 1782//1443 1781//1442 1788//159
f 1789//1447 1796//1452 1797//1453
f 1787//1446 1786//1445 1793//1449
f 1788//159 1795//1451 1796//1452
f 1788//159 1787//1446 1794//1450
f 1793//1449 1800//1454 1801//1455
f 1796//1452 1795//1451 1802//1456
f 1794//1450 1801//1455 1802//1456
f 1797//1453 1796//1452 1803//1457
f 1801//1455 1800//1454 1807//1459
f 1803//1457 1802//1456 1809//1461
f 1801//1455 1808//1460 1809//1461
f 1803//1457 1810//1462 1811//1463
f 1807//1459 1814//1464 1815//1465
f 1809//1461 1816//1466 1817//1467
f 1809//1461 1808//1460 1815//1465
f 1811//1463 1810//1462 1817//1467
f 1814//1464 1728//1396 1822//1469
f 1816//1466 1721//7 1824//1470
f 1816//1466 1815//1465 1822//1469
f 1818//1468 1817//1467 1824//1470
f 1877//1469 1826//1396 1798//1272
f 1823//7 1805//1325 1806//1332
f 1874//1470 1806//1332 1812//1358
f 1877//1469 1799//1299 1805//1325
f 1805//1325 1778//1433 1777//1439
f 1799//1299 1798//1272 1785//1486
f 1806//1332 1777//1439 1771//1436
f 1805//1325 1799//1299 1784//1432
f 1778//1433 1711//1386 1718//1389
f 1784//1432 1828//1438 1711//1386
f 1785//1486 1829//1437 1828//1438
f 1777//1439 1718//1389 1725//1393
f 1828//1438 1835//1441 1831//1442
f 1718//1389 1711//1386 1831//1442
f 1829//1437 1836//1440 1835//1441
f 1725//1393 1718//1389 1832//1443
f 1835//1441 1836//1440 1843//1445
f 1831//1442 1838//159 1839//1447
f 1835//1441 1842//1446 1838//159
f 1833//1444 1832//1443 1839//1447
f 1839//1447 1846//1452 1847//1453
f 1842//1446 1843//1445 1850//1449
f 1838//159 1845//1451 1846//1452
f 1842//1446 1849//1450 1845//1451
f 1849//1450 1850//1449 1857//1454
f 1845//1451 1852//1456 1853//1457
f 1845//1451 1849//1450 1856//1455
f 1846//1452 1853//1457 1854//1458
f 1857//1454 1864//1459 1863//1476
f 1853//1457 1852//1456 1859//1461
f 1856//1455 1863//1476 1859//1461
f 1853//1457 1860//1474 1861//1491
f 1863//1476 1864//1459 1871//1464
f 1860//1474 1859//1461 1866//1466
f 1863//1476 1870//1465 1866//1466
f 1860//1474 1867//1467 1868//1468
f 1871//1464 1826//1396 1877//1469
f 1866//1466 1823//7 1874//1470
f 1870//1465 1877//1469 1823//7
f 1868//1468 1867//1467 1874//1470
f 1873//1496 1872//1495 1878//1499
f 1872//1495 1869//1494 1876//1498
f 1876//1498 1869//1494 1865//1493
f 1875//1497 1865//1493 1873//1496
f 1873//1496 1862//1492 1858//1490
f 1872//1495 1858//1490 1855//1489
f 1855//1489 1851//1488 1865//1493
f 1851//1488 1862//1492 1873//1496
f 1878//1499 1876//1498 1875//1497
f 1862//1492 1851//1488 1855//1489
f 1837//7 1938//1469 1792//1299
f 1940//1470 1819//1487 1821//1358
f 1938//1469 1844//1396 1770//1272
f 1940//1470 1837//7 1813//1325
f 1819//1487 1884//1434 1885//1435
f 1819//1487 1813//1325 1883//1433
f 1770//1272 1881//1431 1882//1432
f 1792//1299 1882//1432 1883//1433
f 1883//1433 1882//1432 1889//1438
f 1884//1434 1891//1389 1892//1393
f 1883//1433 1890//1386 1891//1389
f 1881//1431 1888//1437 1889//1438
f 1890//1386 1889//1438 1896//1441
f 1891//1389 1898//1443 1899//1444
f 1889//1438 1888//1437 1895//1440
f 1891//1389 1890//1386 1897//1442
f 1896//1441 1903//1446 1904//159
f 1899//1444 1898//1443 1905//1447
f 1895//1440 1902//1445 1903//1446
f 1898//1443 1897//1442 1904//159
f 1904//159 1903//1446 1910//1450
f 1905//1447 1912//1452 1913//1453
f 1903//1446 1902//1445 1909//1449
f 1905//1447 1904//159 1911//1451
f 1913//1453 1912//1452 1919//1457
f 1909//1449 1916//1454 1917//1455
f 1912//1452 1911//1451 1918//1456
f 1910//1450 1917//1455 1918//1456
f 1917//1455 1916//1454 1923//1459
f 1919//1457 1918//1456 1925//1461
f 1917//1455 1924//1460 1925//1461
f 1919//1457 1926//1462 1927//1463
f 1923//1459 1930//1464 1931//1465
f 1925//1461 1932//1466 1933//1467
f 1925//1461 1924//1460 1931//1465
f 1927//1463 1926//1462 1933//1467
f 1930//1464 1844//1396 1938//1469
f 1933//1467 1932//1466 1837//7
f 1932//1466 1931//1465 1938//1469
f 1934//1468 1933//1467 1940//1470
f 1993//1469 1942//1396 1914//1272
f 1939//7 1921//1325 1922//1332
f 1990//1470 1922//1332 1928//1504
f 1993//1469 1915//1299 1921//1325
f 1921//1325 1894//1433 1893//1434
f 1915//1299 1914//1272 1901//1502
f 1922//1332 1893//1434 1887//1436
f 1921//1325 1915//1299 1900//1432
f 1893//1434 1834//1389 1841//1393
f 1901//1502 1945//1437 1944//1438
f 1894//1433 1827//1386 1834//1389
f 1900//1432 1944//1438 1827//1386
f 1841//1393 1834//1389 1948//1443
f 1944//1438 1951//1441 1947//1442
f 1945//1437 1952//1512 1951//1441
f 1834//1389 1827//1386 1947//1442
f 1951//1441 1952//1512 1959//1445
f 1949//1510 1948//1443 1955//1447
f 1947//1442 1954//159 1955//1447
f 1951//1441 1958//1446 1954//159
f 1958//1446 1965//1450 1961//1451
f 1955//1447 1962//1452 1963//1453
f 1958//1446 1959//1445 1966//1517
f 1954//159 1961//1451 1962//1452
f 1963//1453 1962//1452 1969//1519
f 1965//1450 1966//1517 1973//1454
f 1961//1451 1968//1456 1969//1519
f 1961//1451 1965//1450 1972//1455
f 1973//1454 1980//1459 1979//1476
f 1968//1456 1975//1461 1976//1462
f 1972//1455 1979//1476 1975//1461
f 1969//1519 1976//1462 1977//1463
f 1979//1476 1980//1459 1987//1464
f 1976//1462 1975//1461 1982//1466
f 1979//1476 1986//1465 1982//1466
f 1977//1463 1976//1462 1983//1467
f 1987//1464 1942//1396 1993//1469
f 1982//1466 1939//7 1990//1470
f 1986//1465 1993//1469 1939//7
f 1984//1523 1983//1467 1990//1470
f 2493//1742 2487//1738 2486//1737
f 2492//1741 2486//1737 2483//1736
f 2483//1736 2479//1735 2489//1739
f 2479//1735 2487//1738 2493//1742
f 2476//1734 2472//1733 2486//1737
f 2472//1733 2469//1732 2483//1736
f 2483//1736 2469//1732 2465//1731
f 2479//1735 2465//1731 2476//1734
f 2492//1741 2490//1740 2489//1739
f 2465//1731 2469//1732 2472//1733
f 2552//1469 2356//1299 2383//1325
f 2552//1469 2458//1396 2327//1272
f 2554//1470 2390//1332 2417//1358
f 2554//1470 2452//7 2383//1325
f 2356//1299 2327//1272 2495//1486
f 2390//1332 2498//1434 2499//1435
f 2390//1332 2383//1325 2497//1433
f 2356//1299 2496//1432 2497//1433
f 2497//1433 2504//1386 2505//1389
f 2497//1433 2496//1432 2503//1438
f 2496//1432 2495//1486 2502//1437
f 2498//1434 2505//1389 2506//1393
f 2505//1389 2512//1443 2513//1444
f 2503//1438 2502//1437 2509//1440
f 2504//1386 2511//1442 2512//1443
f 2504//1386 2503//1438 2510//1441
f 2509//1440 2516//1445 2517//1446
f 2511//1442 2518//159 2519//1447
f 2511//1442 2510//1441 2517//1446
f 2513//1444 2512//1443 2519//1447
f 2516//1445 2523//1449 2524//1450
f 2518//159 2525//1451 2526//1452
f 2518//159 2517//1446 2524//1450
f 2519//1447 2526//1452 2527//1453
f 2523//1449 2530//1454 2531//1455
f 2525//1451 2532//1456 2533//1457
f 2524//1450 2531//1455 2532//1456
f 2527//1453 2526//1452 2533//1457
f 2530//1454 2537//1459 2538//1460
f 2533//1457 2532//1456 2539//1461
f 2531//1455 2538//1460 2539//1461
f 2533//1457 2540//1462 2541//1463
f 2539//1461 2546//1466 2547//1467
f 2539//1461 2538//1460 2545//1465
f 2541//1463 2540//1462 2547//1467
f 2537//1459 2544//1464 2545//1465
f 2546//1466 2545//1465 2552//1469
f 2548//1468 2547//1467 2554//1470
f 2544//1464 2458//1396 2552//1469
f 2546//1466 2452//7 2554//1470
f 2607//1469 2556//1396 2528//1272
f 2553//7 2535//1325 2536//1332
f 2553//7 2607//1469 2529//1299
f 2604//1470 2536//1332 2542//1358
f 2542//1358 2536//1332 2507//1439
f 2535//1325 2529//1299 2514//1432
f 2535//1325 2508//1433 2507//1439
f 2528//1272 2515//1743 2514//1432
f 2508//1433 2446//1386 2449//1389
f 2514//1432 2558//1744 2446//1386
f 2515//1743 2559//1485 2558//1744
f 2507//1439 2449//1389 2455//1730
f 2558//1744 2559//1485 2566//1440
f 2449//1389 2446//1386 2561//1442
f 2558//1744 2565//1441 2561//1442
f 2449//1389 2562//1443 2563//1444
f 2566//1440 2573//1445 2572//1446
f 2562//1443 2561//1442 2568//159
f 2565//1441 2572//1446 2568//159
f 2563//1444 2562//1443 2569//1447
f 2572//1446 2573//1445 2580//1449
f 2569//1447 2568//159 2575//1451
f 2572//1446 2579//1450 2575//1451
f 2569//1447 2576//1452 2577//1453
f 2579//1450 2580//1449 2587//1454
f 2575//1451 2582//1456 2583//1457
f 2575//1451 2579//1450 2586//1455
f 2576//1452 2583//1457 2584//1458
f 2587//1454 2594//1750 2593//1460
f 2582//1456 2589//1461 2590//1462
f 2586//1455 2593//1460 2589//1461
f 2583//1457 2590//1462 2591//1748
f 2590//1462 2589//1461 2596//1466
f 2593//1460 2600//1465 2596//1466
f 2590//1462 2597//1467 2598//1468
f 2593//1460 2594//1750 2601//1464
f 2600//1465 2607//1469 2553//7
f 2598//1468 2597//1467 2604//1470
f 2601//1464 2556//1396 2607//1469
f 2596//1466 2553//7 2604//1470
f 2609//1758 2603//1754 2602//1753
f 2608//1757 2602//1753 2599//1752
f 2599//1752 2595//1751 2605//1755
f 2595//1751 2603//1754 2609//1758
f 2592//1749 2588//1747 2602//1753
f 2588//1747 2585//1746 2599//1752
f 2599//1752 2585//1746 2581//1745
f 2595//1751 2581//1745 2592//1749
f 2608//1757 2606//1756 2605//1755
f 2581//1745 2585//1746 2588//1747
f 2668//1469 2522//1299 2543//1325
f 2668//1469 2574//1396 2500//1272
f 2670//1470 2567//7 2543//1325
f 2670//1470 2549//1332 2551//1358
f 2549//1332 2543//1325 2613//1433
f 2522//1299 2500//1272 2611//1486
f 2522//1299 2612//1432 2613//1433
f 2549//1332 2614//1434 2615//1435
f 2612//1432 2611//1486 2618//1437
f 2613//1433 2620//1386 2621//1389
f 2614//1434 2621//1389 2622//1393
f 2613//1433 2612//1432 2619//1438
f 2620//1386 2619//1438 2626//1441
f 2621//1389 2628//1443 2629//1444
f 2619//1438 2618//1437 2625//1440
f 2620//1386 2627//1442 2628//1443
f 2629//1444 2628//1443 2635//1447
f 2625//1440 2632//1445 2633//1446
f 2628//1443 2627//1442 2634//159
f 2626//1441 2633//1446 2634//159
f 2633//1446 2632//1445 2639//1449
f 2634//159 2641//1451 2642//1452
f 2634//159 2633//1446 2640//1450
f 2635//1447 2642//1452 2643//1453
f 2639//1449 2646//1454 2647//1455
f 2641//1451 2648//1456 2649//1457
f 2641//1451 2640//1450 2647//1455
f 2643//1453 2642//1452 2649//1457
f 2646//1454 2653//1459 2654//1460
f 2649//1457 2648//1456 2655//1461
f 2647//1455 2654//1460 2655//1461
f 2649//1457 2656//1462 2657//1463
f 2653//1459 2660//1464 2661//1465
f 2655//1461 2662//1466 2663//1467
f 2655//1461 2654//1460 2661//1465
f 2656//1462 2663//1467 2664//1468
f 2662//1466 2567//7 2670//1470
f 2662//1466 2661//1465 2668//1469
f 2664//1468 2663//1467 2670//1470
f 2660//1464 2574//1396 2668//1469
f 2669//7 2723//1469 2645//1299
f 2720//1470 2652//1332 2658//1358
f 2723//1469 2672//1396 2644//1272
f 2669//7 2651//1325 2652//1332
f 2644//1272 2631//1743 2630//1432
f 2652//1332 2623//1439 2617//1435
f 2651//1325 2645//1299 2630//1432
f 2651//1325 2624//1433 2623//1439
f 2624//1433 2557//1386 2564//1389
f 2630//1432 2674//1438 2557//1386
f 2631//1743 2675//1437 2674//1438
f 2623//1439 2564//1389 2571//1730
f 2674//1438 2681//1441 2677//1442
f 2675//1437 2682//1440 2681//1441
f 2564//1389 2557//1386 2677//1442
f 2564//1389 2678//1443 2679//1444
f 2679//1444 2678//1443 2685//1447
f 2681//1441 2688//1446 2684//159
f 2682//1440 2689//1445 2688//1446
f 2678//1443 2677//1442 2684//159
f 2688//1446 2689//1445 2696//1449
f 2685//1447 2684//159 2691//1451
f 2688//1446 2695//1450 2691//1451
f 2685//1447 2692//1452 2693//1453
f 2695//1450 2696//1449 2703//1454
f 2691//1451 2698//1456 2699//1519
f 2691//1451 2695//1450 2702//1455
f 2692//1452 2699//1519 2700//1458
f 2703//1454 2710//1750 2709//1460
f 2698//1456 2705//1461 2706//1462
f 2702//1455 2709//1460 2705//1461
f 2699//1519 2706//1462 2707//1762
f 2709//1460 2710//1750 2717//1464
f 2706//1462 2705//1461 2712//1466
f 2709//1460 2716//1465 2712//1466
f 2706//1462 2713//1467 2714//1468
f 2712//1466 2669//7 2720//1470
f 2716//1465 2723//1469 2669//7
f 2714//1468 2713//1467 2720//1470
f 2717//1464 2672//1396 2723//1469
f 2725//1771 2719//1767 2718//1766
f 2724//1770 2718//1766 2715//1765
f 2715//1765 2711//1764 2721//1768
f 2711//1764 2719//1767 2725//1771
f 2708//1763 2704//1761 2718//1766
f 2704//1761 2701//1760 2715//1765
f 2715//1765 2701//1760 2697//1759
f 2711//1764 2697//1759 2708//1763
f 2724//1770 2722//1769 2721//1768
f 2708//1763 2697//1759 2701//1760
f 2784//1469 2638//1299 2659//1325
f 2784//1469 2690//1396 2616//1272
f 2786//1470 2683//7 2659//1325
f 2786//1470 2665//1332 2667//1358
f 2638//1299 2616//1272 2727//1486
f 2665//1332 2659//1325 2729//1433
f 2638//1299 2728//1432 2729//1433
f 2665//1332 2730//1434 2731//1435
f 2730//1434 2737//1389 2738//1393
f 2728//1432 2727//1486 2734//1437
f 2729//1433 2736//1386 2737//1389
f 2729//1433 2728//1432 2735//1438
f 2736//1386 2735//1438 2742//1441
f 2737//1389 2744//1443 2745//1444
f 2735//1438 2734//1437 2741//1440
f 2736//1386 2743//1442 2744//1443
f 2742//1441 2749//1446 2750//159
f 2745//1444 2744//1443 2751//1447
f 2741//1440 2748//1445 2749//1446
f 2743//1442 2750//159 2751//1447
f 2751//1447 2758//1452 2759//1453
f 2749//1446 2748//1445 2755//1449
f 2750//159 2757//1451 2758//1452
f 2750//159 2749//1446 2756//1450
f 2755//1449 2762//1454 2763//1455
f 2757//1451 2764//1456 2765//1457
f 2757//1451 2756//1450 2763//1455
f 2759//1453 2758//1452 2765//1457
f 2762//1454 2769//1459 2770//1460
f 2765//1457 2764//1456 2771//1461
f 2763//1455 2770//1460 2771//1461
f 2765//1457 2772//1462 2773//1748
f 2769//1459 2776//1464 2777//1465
f 2771//1461 2778//1466 2779//1467
f 2771//1461 2770//1460 2777//1465
f 2772//1462 2779//1467 2780//1468
f 2776//1464 2690//1396 2784//1469
f 2778//1466 2683//7 2786//1470
f 2778//1466 2777//1465 2784//1469
f 2780//1468 2779//1467 2786//1470
f 2839//1469 2788//1396 2760//1272
f 2785//7 2767//1325 2768//1332
f 2836//1470 2768//1332 2774//1504
f 2839//1469 2761//1299 2767//1325
f 2767//1325 2740//1433 2739//1434
f 2760//1272 2747//1743 2746//1773
f 2768//1332 2739//1434 2733//1435
f 2767//1325 2761//1299 2746//1773
f 2740//1433 2673//1386 2680//1389
f 2746//1773 2790//1744 2673//1386
f 2747//1743 2791//1485 2790//1744
f 2739//1434 2680//1389 2687//1393
f 2790//1744 2797//1441 2793//1442
f 2680//1389 2673//1386 2793//1442
f 2790//1744 2791//1485 2798//1440
f 2687//1393 2680//1389 2794//1443
f 2798//1440 2805//1445 2804//1446
f 2793//1442 2800//159 2801//1447
f 2797//1441 2804//1446 2800//159
f 2795//1510 2794//1443 2801//1447
f 2801//1447 2808//1452 2809//1785
f 2804//1446 2805//1445 2812//1517
f 2800//159 2807//1451 2808//1452
f 2804//1446 2811//1450 2807//1451
f 2811//1450 2812//1517 2819//1454
f 2807//1451 2814//1456 2815//1457
f 2807//1451 2811//1450 2818//1455
f 2808//1452 2815//1457 2816//1458
f 2819//1454 2826//1750 2825//1476
f 2814//1456 2821//1461 2822//1462
f 2818//1455 2825//1476 2821//1461
f 2815//1457 2822//1462 2823//1748
f 2825//1476 2826//1750 2833//1464
f 2822//1462 2821//1461 2828//1466
f 2825//1476 2832//1465 2828//1466
f 2822//1462 2829//1467 2830//1468
f 2833//1464 2788//1396 2839//1469
f 2828//1466 2785//7 2836//1470
f 2832//1465 2839//1469 2785//7
f 2830//1468 2829//1467 2836//1470
usemtl Mouse_black
f 991//902 910//849 913//850
f 937//7 920//853 988//901
f 988//901 924//855 934//857
f 879//13 934//857 924//855
f 940//859 903//1 910//849
f 937//7 913//850 917//852
f 879//13 924//855 886//842
f 917//852 889//844 920//853
f 913//850 899//847 896//846
f 920//853 886//842 924//855
f 917//852 896//846 892//845
f 910//849 903//1 899//847
f 899//847 903//1 943//862
f 889//844 875//834 886//842
f 896//846 943//862 942//861
f 892//845 854//818 889//844
f 879//13 886//842 875//834
f 892//845 942//861 831//803
f 854//818 945//864 946//865
f 879//13 875//834 947//866
f 943//862 949//868 942//861
f 943//862 903//1 950//869
f 875//834 946//865 947//866
f 942//861 945//864 831//803
f 947//866 953//871 954//872
f 879//13 947//866 954//872
f 946//865 952//159 953//871
f 950//869 903//1 957//874
f 949//868 952//159 945//864
f 950//869 956//873 949//868
f 957//874 903//1 964//880
f 952//159 963//879 959//875
f 953//871 961//877 954//872
f 956//873 964//880 963//879
f 952//159 960//876 953//871
f 879//13 954//872 961//877
f 959//875 970//886 966//882
f 960//876 968//884 961//877
f 963//879 971//887 970//886
f 959//875 967//883 960//876
f 879//13 961//877 968//884
f 964//880 903//1 971//887
f 967//883 975//891 968//884
f 970//886 978//894 977//893
f 966//882 974//890 967//883
f 879//13 968//884 975//891
f 971//887 903//1 978//894
f 970//886 973//889 966//882
f 978//894 984//898 977//893
f 974//890 980//895 981//896
f 879//13 975//891 982//897
f 978//894 903//1 985//899
f 977//893 980//895 973//889
f 975//891 981//896 982//897
f 985//899 991//902 984//898
f 981//896 937//7 988//901
f 879//13 982//897 934//857
f 985//899 903//1 940//859
f 984//898 937//7 980//895
f 982//897 988//901 934//857
f 1095//902 1014//849 1017//850
f 1041//7 1024//853 1092//901
f 1092//901 1028//855 1038//857
f 983//13 1038//857 1028//855
f 1044//859 1007//1 1014//849
f 1041//7 1017//850 1021//852
f 983//13 1028//855 990//842
f 1021//852 993//844 1024//853
f 1017//850 1003//847 1000//846
f 1024//853 990//842 1028//855
f 1021//852 1000//846 996//845
f 1014//849 1007//1 1003//847
f 1003//847 1007//1 1047//862
f 993//844 979//834 990//842
f 1000//846 1047//862 1046//861
f 993//844 935//803 958//818
f 983//13 990//842 979//834
f 1000//846 935//803 996//845
f 958//818 1049//864 1050//865
f 983//13 979//834 1051//866
f 1047//862 1053//868 1046//861
f 1047//862 1007//1 1054//869
f 979//834 1050//865 1051//866
f 1046//861 1049//864 935//803
f 1051//866 1057//871 1058//872
f 1053//868 1056//159 1049//864
f 983//13 1051//866 1058//872
f 1050//865 1056//159 1057//871
f 1054//869 1007//1 1061//874
f 1054//869 1060//873 1053//868
f 1061//874 1007//1 1068//880
f 1056//159 1067//879 1063//875
f 1057//871 1065//877 1058//872
f 1060//873 1068//880 1067//879
f 1056//159 1064//876 1057//871
f 983//13 1058//872 1065//877
f 1063//875 1074//886 1070//882
f 1064//876 1072//884 1065//877
f 1067//879 1075//887 1074//886
f 1063//875 1071//883 1064//876
f 983//13 1065//877 1072//884
f 1068//880 1007//1 1075//887
f 1071//883 1079//891 1072//884
f 1074//886 1082//894 1081//893
f 1070//882 1078//890 1071//883
f 983//13 1072//884 1079//891
f 1075//887 1007//1 1082//894
f 1070//882 1081//893 1077//889
f 1082//894 1088//898 1081//893
f 1078//890 1084//895 1085//896
f 983//13 1079//891 1086//897
f 1082//894 1007//1 1089//899
f 1081//893 1084//895 1077//889
f 1079//891 1085//896 1086//897
f 1089//899 1095//902 1088//898
f 1085//896 1041//7 1092//901
f 983//13 1086//897 1038//857
f 1089//899 1007//1 1044//859
f 1088//898 1041//7 1084//895
f 1086//897 1092//901 1038//857
f 991//902 940//859 910//849
f 937//7 917//852 920//853
f 988//901 920//853 924//855
f 937//7 991//902 913//850
f 917//852 892//845 889//844
f 913//850 910//849 899//847
f 920//853 889//844 886//842
f 917//852 913//850 896//846
f 889//844 854//818 875//834
f 896//846 899//847 943//862
f 892//845 831//803 854//818
f 892//845 896//846 942//861
f 854//818 831//803 945//864
f 943//862 950//869 949//868
f 875//834 854//818 946//865
f 942//861 949//868 945//864
f 947//866 946//865 953//871
f 946//865 945//864 952//159
f 949//868 956//873 952//159
f 950//869 957//874 956//873
f 952//159 956//873 963//879
f 953//871 960//876 961//877
f 956//873 957//874 964//880
f 952//159 959//875 960//876
f 959//875 963//879 970//886
f 960//876 967//883 968//884
f 963//879 964//880 971//887
f 959//875 966//882 967//883
f 967//883 974//890 975//891
f 970//886 971//887 978//894
f 966//882 973//889 974//890
f 970//886 977//893 973//889
f 978//894 985//899 984//898
f 974//890 973//889 980//895
f 977//893 984//898 980//895
f 975//891 974//890 981//896
f 985//899 940//859 991//902
f 981//896 980//895 937//7
f 984//898 991//902 937//7
f 982//897 981//896 988//901
f 1095//902 1044//859 1014//849
f 1041//7 1021//852 1024//853
f 1092//901 1024//853 1028//855
f 1041//7 1095//902 1017//850
f 1021//852 996//845 993//844
f 1017//850 1014//849 1003//847
f 1024//853 993//844 990//842
f 1021//852 1017//850 1000//846
f 993//844 958//818 979//834
f 1000//846 1003//847 1047//862
f 993//844 996//845 935//803
f 1000//846 1046//861 935//803
f 958//818 935//803 1049//864
f 1047//862 1054//869 1053//868
f 979//834 958//818 1050//865
f 1046//861 1053//868 1049//864
f 1051//866 1050//865 1057//871
f 1053//868 1060//873 1056//159
f 1050//865 1049//864 1056//159
f 1054//869 1061//874 1060//873
f 1056//159 1060//873 1067//879
f 1057//871 1064//876 1065//877
f 1060//873 1061//874 1068//880
f 1056//159 1063//875 1064//876
f 1063//875 1067//879 1074//886
f 1064//876 1071//883 1072//884
f 1067//879 1068//880 1075//887
f 1063//875 1070//882 1071//883
f 1071//883 1078//890 1079//891
f 1074//886 1075//887 1082//894
f 1070//882 1077//889 1078//890
f 1070//882 1074//886 1081//893
f 1082//894 1089//899 1088//898
f 1078//890 1077//889 1084//895
f 1081//893 1088//898 1084//895
f 1079//891 1078//890 1085//896
f 1089//899 1044//859 1095//902
f 1085//896 1084//895 1041//7
f 1088//898 1095//902 1041//7
f 1086//897 1085//896 1092//901
