# Blender 5.2.1 LTS
# www.blender.org
mtllib Squirrel.mtl
o Squirrel
v 0.000000 3.600000 0.200000
v 0.000000 3.542074 -0.110583
v 0.530330 1.700000 -0.005025
v 0.489961 2.197489 -0.042703
v 0.000000 2.750000 -0.839230
v 0.000000 2.339992 -0.959111
v 0.000000 1.900000 -1.000000
v 0.000000 1.460008 -0.959111
v 0.000000 1.050000 -0.839230
v 0.000000 0.697918 -0.648528
v 0.375000 2.619239 -0.150000
v 0.000000 0.257926 -0.110583
v 0.000000 0.200000 0.200000
v 0.202948 2.901043 -0.310581
v 0.073686 3.542074 -0.100000
v 0.142350 3.372243 -0.379556
v 0.201314 3.102082 -0.619615
v 0.246558 2.750000 -0.803820
v 0.275000 2.339992 -0.919615
v 0.284701 1.900000 -0.959111
v 0.275000 1.460008 -0.919615
v 0.246558 1.050000 -0.803820
v 0.201314 0.697918 -0.619615
v 0.142350 0.427757 -0.379556
v 0.073686 0.257926 -0.100000
v 0.000000 3.000000 -0.500000
v 0.000000 2.850000 -0.500000
v 0.142350 3.542074 -0.068973
v 0.275000 3.372243 -0.319615
v 0.388909 3.102082 -0.534847
v 0.476314 2.750000 -0.700000
v 0.531259 2.339992 -0.803820
v 0.550000 1.900000 -0.839230
v 0.531259 1.460008 -0.803820
v 0.476314 1.050000 -0.700000
v 0.388909 0.697918 -0.534847
v 0.275000 0.427757 -0.319615
v 0.142350 0.257926 -0.068973
v 0.265165 2.901043 -0.397487
v 0.489961 2.619239 -0.310581
v 0.201314 3.542074 -0.019615
v 0.388909 3.372243 -0.224264
v 0.550000 3.102082 -0.400000
v 0.673610 2.750000 -0.534847
v 0.751314 2.339992 -0.619615
v 0.777817 1.900000 -0.648528
v 0.751314 1.460008 -0.619615
v 0.673610 1.050000 -0.534847
v 0.550000 0.697918 -0.400000
v 0.388909 0.427757 -0.224264
v 0.201314 0.257926 -0.019615
v 0.640165 2.197489 -0.252513
v 0.692910 1.700000 -0.232121
v 0.246558 3.542074 0.044709
v 0.476314 3.372243 -0.100000
v 0.673610 3.102082 -0.224264
v 0.825000 2.750000 -0.319615
v 0.920168 2.339992 -0.379555
v 0.952628 1.900000 -0.400000
v 0.920168 1.460008 -0.379555
v 0.825000 1.050000 -0.319615
v 0.673610 0.697918 -0.224264
v 0.476314 0.427757 -0.100000
v 0.246558 0.257926 0.044709
v 0.640165 1.202512 -0.252513
v 0.489961 0.780761 -0.310581
v 0.275000 3.542074 0.119615
v 0.531259 3.372243 0.044709
v 0.751314 3.102082 -0.019615
v 0.920168 2.750000 -0.068973
v 1.026314 2.339992 -0.100000
v 1.062518 1.900000 -0.110583
v 1.026314 1.460008 -0.100000
v 0.920168 1.050000 -0.068973
v 0.751314 0.697918 -0.019615
v 0.531259 0.427757 0.044709
v 0.275000 0.257926 0.119615
v 0.265165 0.498957 -0.397487
v 0.000000 0.400000 -0.500000
v 0.284701 3.542074 0.200000
v 0.550000 3.372243 0.200000
v 0.777817 3.102082 0.200000
v 0.952628 2.750000 0.200000
v 1.062518 2.339992 0.200000
v 1.100000 1.900000 0.200000
v 1.062518 1.460008 0.200000
v 0.952628 1.050000 0.200000
v 0.777817 0.697918 0.200000
v 0.550000 0.427757 0.200000
v 0.284701 0.257926 0.200000
v 0.122939 2.878963 -0.712937
v 0.287013 0.498957 -0.500000
v 0.275000 3.542074 0.280385
v 0.531259 3.372243 0.355291
v 0.751314 3.102082 0.419615
v 0.920168 2.750000 0.468973
v 1.026314 2.339992 0.500000
v 1.062518 1.900000 0.510583
v 1.026314 1.460008 0.500000
v 0.920168 1.050000 0.468973
v 0.751314 0.697918 0.419615
v 0.531259 0.427757 0.355291
v 0.275000 0.257926 0.280385
v 0.530330 0.780761 -0.500000
v 0.692910 1.202512 -0.500000
v 0.246558 3.542074 0.355291
v 0.476314 3.372243 0.500000
v 0.673609 3.102082 0.624264
v 0.825000 2.750000 0.719615
v 0.920168 2.339992 0.779555
v 0.952628 1.900000 0.800000
v 0.920168 1.460008 0.779555
v 0.825000 1.050000 0.719615
v 0.673609 0.697918 0.624264
v 0.476314 0.427757 0.500000
v 0.246558 0.257926 0.355291
v 0.750000 1.700000 -0.500000
v 0.692910 2.197489 -0.500000
v 0.201314 3.542074 0.419615
v 0.388909 3.372243 0.624264
v 0.550000 3.102082 0.800000
v 0.673610 2.750000 0.934847
v 0.751314 2.339992 1.019615
v 0.777817 1.900000 1.048528
v 0.751314 1.460008 1.019615
v 0.673610 1.050000 0.934847
v 0.550000 0.697918 0.800000
v 0.388909 0.427757 0.624264
v 0.201314 0.257926 0.419615
v 0.530330 2.619239 -0.500000
v 0.287013 2.901043 -0.500000
v 0.142350 3.542074 0.468973
v 0.275000 3.372243 0.719615
v 0.388909 3.102082 0.934847
v 0.476314 2.750000 1.100000
v 0.531259 2.339992 1.203820
v 0.550000 1.900000 1.239230
v 0.531259 1.460008 1.203820
v 0.476314 1.050000 1.100000
v 0.388909 0.697918 0.934847
v 0.275000 0.427757 0.719615
v 0.142350 0.257926 0.468973
v 0.237500 2.963878 -0.911362
v 0.335876 3.098959 -1.081754
v 0.073686 3.542074 0.500000
v 0.142350 3.372243 0.779555
v 0.201314 3.102082 1.019615
v 0.246558 2.750000 1.203820
v 0.275000 2.339992 1.319615
v 0.284701 1.900000 1.359111
v 0.275000 1.460008 1.319615
v 0.246558 1.050000 1.203820
v 0.201314 0.697918 1.019615
v 0.142350 0.427757 0.779555
v 0.073686 0.257926 0.500000
v 0.265165 2.901043 -0.602513
v 0.489961 2.619239 -0.689419
v 0.000000 3.542074 0.510583
v -0.000000 3.372243 0.800000
v 0.000000 3.102082 1.048528
v -0.000000 2.750000 1.239230
v -0.000000 2.339992 1.359111
v -0.000000 1.900000 1.400000
v -0.000000 1.460008 1.359111
v -0.000000 1.050000 1.239230
v 0.000000 0.697918 1.048528
v -0.000000 0.427757 0.800000
v 0.000000 0.257926 0.510583
v 0.640165 2.197489 -0.747487
v 0.692910 1.700000 -0.767878
v -0.073686 3.542074 0.500000
v -0.142350 3.372243 0.779555
v -0.201314 3.102082 1.019615
v -0.246558 2.750000 1.203820
v -0.275000 2.339992 1.319615
v -0.284701 1.900000 1.359111
v -0.275000 1.460008 1.319615
v -0.246558 1.050000 1.203820
v -0.201314 0.697918 1.019615
v -0.142350 0.427757 0.779555
v -0.073686 0.257926 0.500000
v 0.640165 1.202512 -0.747487
v 0.489961 0.780761 -0.689419
v -0.142350 3.542074 0.468973
v -0.275000 3.372243 0.719615
v -0.388909 3.102082 0.934847
v -0.476314 2.750000 1.100000
v -0.531259 2.339992 1.203820
v -0.550000 1.900000 1.239230
v -0.531259 1.460008 1.203820
v -0.476314 1.050000 1.100000
v -0.388909 0.697918 0.934847
v -0.275000 0.427757 0.719615
v -0.142350 0.257926 0.468973
v 0.265165 0.498957 -0.602513
v 0.411362 3.275000 -1.212500
v -0.201314 3.542074 0.419615
v -0.388909 3.372243 0.624264
v -0.550000 3.102082 0.800000
v -0.673610 2.750000 0.934847
v -0.751314 2.339992 1.019615
v -0.777817 1.900000 1.048528
v -0.751314 1.460008 1.019615
v -0.673610 1.050000 0.934847
v -0.550000 0.697918 0.800000
v -0.388909 0.427757 0.624264
v -0.201314 0.257926 0.419615
v 0.458815 3.480004 -1.294690
v 0.202949 0.498957 -0.689419
v -0.246558 3.542074 0.355291
v -0.476314 3.372243 0.500000
v -0.673609 3.102082 0.624264
v -0.825000 2.750000 0.719615
v -0.920168 2.339992 0.779555
v -0.952628 1.900000 0.800000
v -0.920168 1.460008 0.779555
v -0.825000 1.050000 0.719615
v -0.673609 0.697918 0.624264
v -0.476314 0.427757 0.500000
v -0.246558 0.257926 0.355291
v 0.375000 0.780761 -0.850000
v 0.489961 1.202512 -0.957297
v -0.275000 3.542074 0.280385
v -0.531259 3.372243 0.355291
v -0.751314 3.102082 0.419615
v -0.920168 2.750000 0.468973
v -1.026314 2.339992 0.500000
v -1.062518 1.900000 0.510583
v -1.026314 1.460008 0.500000
v -0.920168 1.050000 0.468973
v -0.751314 0.697918 0.419615
v -0.531259 0.427757 0.355291
v -0.275000 0.257926 0.280385
v 0.530330 1.700000 -0.994975
v 0.489961 2.197489 -0.957297
v -0.284701 3.542074 0.200000
v -0.550000 3.372243 0.200000
v -0.777817 3.102082 0.200000
v -0.952628 2.750000 0.200000
v -1.062518 2.339992 0.200000
v -1.099999 1.900000 0.200000
v -1.062518 1.460008 0.200000
v -0.952628 1.050000 0.200000
v -0.777817 0.697918 0.200000
v -0.550000 0.427757 0.200000
v -0.284701 0.257926 0.200000
v 0.375000 2.619239 -0.850000
v 0.202949 2.901043 -0.689419
v -0.275000 3.542074 0.119615
v -0.531259 3.372243 0.044709
v -0.751314 3.102082 -0.019615
v -0.920168 2.750000 -0.068973
v -1.026314 2.339992 -0.100000
v -1.062518 1.900000 -0.110583
v -1.026314 1.460008 -0.100000
v -0.920168 1.050000 -0.068973
v -0.751314 0.697918 -0.019615
v -0.531259 0.427757 0.044709
v -0.275000 0.257926 0.119615
v 0.475000 3.700000 -1.322724
v 0.458815 3.919996 -1.294690
v -0.246558 3.542074 0.044709
v -0.476314 3.372243 -0.100000
v -0.673609 3.102082 -0.224264
v -0.825000 2.750000 -0.319615
v -0.920168 2.339992 -0.379556
v -0.952627 1.900000 -0.400000
v -0.920168 1.460008 -0.379556
v -0.825000 1.050000 -0.319615
v -0.673609 0.697918 -0.224264
v -0.476314 0.427757 -0.100000
v -0.246558 0.257926 0.044709
v 0.109835 2.901043 -0.747487
v 0.202949 2.619239 -0.957297
v -0.201314 3.542074 -0.019615
v -0.388908 3.372243 -0.224264
v -0.550000 3.102082 -0.400000
v -0.673609 2.750000 -0.534847
v -0.751314 2.339992 -0.619615
v -0.777817 1.900000 -0.648528
v -0.751314 1.460008 -0.619615
v -0.673609 1.050000 -0.534847
v -0.550000 0.697918 -0.400000
v -0.388908 0.427757 -0.224264
v -0.201314 0.257926 -0.019615
v 0.265165 2.197489 -1.097487
v 0.287013 1.700000 -1.146716
v -0.142350 3.542074 -0.068973
v -0.275000 3.372243 -0.319615
v -0.388908 3.102082 -0.534846
v -0.476314 2.750000 -0.700000
v -0.531259 2.339992 -0.803820
v -0.550000 1.900000 -0.839230
v -0.531259 1.460008 -0.803820
v -0.476314 1.050000 -0.700000
v -0.388908 0.697918 -0.534846
v -0.275000 0.427757 -0.319615
v -0.142350 0.257926 -0.068973
v 0.265165 1.202512 -1.097487
v 0.202949 0.780761 -0.957297
v -0.073686 3.542074 -0.100000
v -0.142350 3.372243 -0.379555
v -0.201314 3.102082 -0.619615
v -0.246558 2.750000 -0.803819
v -0.275000 2.339992 -0.919615
v -0.284701 1.900000 -0.959110
v -0.275000 1.460008 -0.919615
v -0.246558 1.050000 -0.803819
v -0.201314 0.697918 -0.619615
v -0.142350 0.427757 -0.379555
v -0.073686 0.257926 -0.100000
v 0.109835 0.498957 -0.747487
v 0.411362 4.125000 -1.212500
v 0.335876 4.301041 -1.081754
v 0.000000 3.372243 -0.400000
v 0.000000 3.102082 -0.648527
v 0.237500 4.436121 -0.911362
v 0.122939 4.521037 -0.712937
v 0.000000 4.550000 -0.500000
v 0.000000 1.700000 -1.200000
v 0.000000 2.197489 -1.146716
v 0.353553 3.450000 -0.946446
v 0.000000 0.427757 -0.400000
v 0.000000 2.901043 -0.767878
v 0.063638 4.521037 -0.737500
v 0.489961 1.202512 -0.042703
v 0.375000 0.780761 -0.150000
v 0.202948 0.498957 -0.310581
v 0.122939 4.436121 -0.958815
v 0.287012 1.700000 0.146716
v 0.265165 2.197489 0.097487
v 0.202948 2.619239 -0.042703
v 0.109835 2.901043 -0.252513
v 0.173862 4.301041 -1.148862
v 0.265165 1.202512 0.097487
v 0.202948 0.780761 -0.042703
v 0.109835 0.498957 -0.252513
v 0.212937 4.125000 -1.294690
v -0.000000 1.700000 0.200000
v -0.000000 2.197489 0.146716
v -0.000000 2.619239 -0.005025
v -0.000000 2.901043 -0.232122
v 0.237500 3.919996 -1.386362
v -0.000000 1.202512 0.146716
v -0.000000 0.780761 -0.005025
v -0.000000 0.498957 -0.232122
v 0.245878 3.700000 -1.417629
v -0.287013 1.700000 0.146716
v -0.265165 2.197489 0.097487
v -0.202949 2.619239 -0.042703
v -0.109835 2.901043 -0.252513
v 0.237500 3.480004 -1.386362
v -0.265165 1.202512 0.097487
v -0.202949 0.780761 -0.042703
v -0.109835 0.498957 -0.252513
v 0.212937 3.275000 -1.294690
v -0.530330 1.700000 -0.005025
v -0.489961 2.197489 -0.042703
v -0.375000 2.619239 -0.150000
v -0.202949 2.901043 -0.310581
v 0.173862 3.098959 -1.148862
v -0.489961 1.202512 -0.042703
v -0.375000 0.780761 -0.150000
v -0.202949 0.498957 -0.310581
v 0.122939 2.963878 -0.958815
v -0.692910 1.700000 -0.232122
v -0.640165 2.197489 -0.252513
v -0.489961 2.619239 -0.310582
v -0.265165 2.901043 -0.397487
v 0.063638 2.878963 -0.737500
v -0.640165 1.202512 -0.252513
v -0.489961 0.780761 -0.310582
v -0.265165 0.498957 -0.397487
v 0.326641 3.603073 -0.973359
v -0.750000 1.700000 -0.500000
v -0.692910 2.197489 -0.500000
v -0.530330 2.619239 -0.500000
v -0.287013 2.901043 -0.500000
v 0.250000 3.732843 -1.050000
v -0.692910 1.202512 -0.500000
v -0.530330 0.780761 -0.500000
v -0.287013 0.498957 -0.500000
v 0.000000 2.878963 -0.745878
v -0.692909 1.700000 -0.767879
v -0.640165 2.197489 -0.747488
v -0.489961 2.619239 -0.689419
v -0.265165 2.901043 -0.602513
v 0.135299 3.819552 -1.164701
v -0.640165 1.202512 -0.747488
v -0.489961 0.780761 -0.689419
v -0.265165 0.498957 -0.602513
v 0.000000 3.850000 -1.300000
v -0.530330 1.700000 -0.994975
v -0.489961 2.197489 -0.957297
v -0.375000 2.619239 -0.850000
v -0.202948 2.901043 -0.689419
v 0.000000 3.550000 -1.660000
v -0.489961 1.202512 -0.957297
v -0.375000 0.780761 -0.850000
v -0.202948 0.498957 -0.689419
v 0.000000 3.480004 -1.417629
v -0.287012 1.700000 -1.146716
v -0.265165 2.197489 -1.097487
v -0.202948 2.619239 -0.957297
v -0.109835 2.901043 -0.747487
v 0.000000 3.700000 -1.450000
v -0.265165 1.202512 -1.097487
v -0.202948 0.780761 -0.957297
v -0.109835 0.498957 -0.747487
v 0.176777 3.819552 -1.226777
v 0.326641 3.732843 -1.164701
v 0.426777 3.603073 -1.123223
v 0.000000 2.619239 -0.994975
v 0.461940 3.450000 -1.108658
v 0.000000 4.521037 -0.745878
v 0.000000 1.202512 -1.146716
v 0.000000 0.780761 -0.994975
v 0.000000 0.498957 -0.767878
v 0.426777 3.296927 -1.123223
v 0.326641 3.167157 -1.164701
v 0.173862 2.878963 -0.673862
v 0.335876 2.963878 -0.835876
v 0.475000 3.098959 -0.975000
v 0.581754 3.275000 -1.081754
v 0.648862 3.480004 -1.148862
v 0.671751 3.700000 -1.171751
v 0.648862 3.919996 -1.148862
v 0.581754 4.125000 -1.081754
v 0.475000 4.301041 -0.975000
v 0.335876 4.436121 -0.835876
v 0.173862 4.521037 -0.673862
v 0.176777 3.080448 -1.226777
v 0.000000 3.050000 -1.300000
v 0.212937 2.878963 -0.622939
v 0.411362 2.963878 -0.737500
v 0.581754 3.098959 -0.835876
v 0.712500 3.275000 -0.911362
v 0.794690 3.480004 -0.958815
v 0.822724 3.700000 -0.975000
v 0.794690 3.919996 -0.958815
v 0.712500 4.125000 -0.911362
v 0.581754 4.301041 -0.835876
v 0.411362 4.436121 -0.737500
v 0.212937 4.521037 -0.622939
v 0.000000 3.490000 -1.676077
v 0.191342 3.080448 -1.300000
v 0.237500 2.878963 -0.563638
v 0.458815 2.963878 -0.622939
v 0.648862 3.098959 -0.673862
v 0.794690 3.275000 -0.712937
v 0.886362 3.480004 -0.737500
v 0.917629 3.700000 -0.745878
v 0.886362 3.919996 -0.737500
v 0.794690 4.125000 -0.712937
v 0.648862 4.301041 -0.673862
v 0.458815 4.436121 -0.622939
v 0.237500 4.521037 -0.563638
v 0.353553 3.167157 -1.300000
v 0.461940 3.296927 -1.300000
v 0.245878 2.878963 -0.500000
v 0.475000 2.963878 -0.500000
v 0.671751 3.098959 -0.500000
v 0.822724 3.275000 -0.500000
v 0.917630 3.480004 -0.500000
v 0.950000 3.700000 -0.500000
v 0.917630 3.919996 -0.500000
v 0.822724 4.125000 -0.500000
v 0.671751 4.301041 -0.500000
v 0.475000 4.436121 -0.500000
v 0.245878 4.521037 -0.500000
v 0.500000 3.450000 -1.300000
v 0.461940 3.603073 -1.300000
v 0.237500 2.878963 -0.436362
v 0.458815 2.963878 -0.377061
v 0.648862 3.098959 -0.326138
v 0.794690 3.275000 -0.287063
v 0.886362 3.480004 -0.262500
v 0.917629 3.700000 -0.254122
v 0.886362 3.919996 -0.262500
v 0.794690 4.125000 -0.287063
v 0.648862 4.301041 -0.326138
v 0.458815 4.436121 -0.377061
v 0.237500 4.521037 -0.436362
v 0.353553 3.732843 -1.300000
v 0.191342 3.819552 -1.300000
v 0.212937 2.878963 -0.377061
v 0.411362 2.963878 -0.262500
v 0.581754 3.098959 -0.164124
v 0.712500 3.275000 -0.088638
v 0.794690 3.480004 -0.041185
v 0.822724 3.700000 -0.025000
v 0.794690 3.919996 -0.041185
v 0.712500 4.125000 -0.088638
v 0.581754 4.301041 -0.164124
v 0.411362 4.436121 -0.262500
v 0.212937 4.521037 -0.377061
v 0.000000 3.446077 -1.720000
v 0.000000 3.430000 -1.780000
v 0.173862 2.878963 -0.326138
v 0.335876 2.963878 -0.164124
v 0.475000 3.098959 -0.025000
v 0.581754 3.275000 0.081754
v 0.648862 3.480004 0.148862
v 0.671751 3.700000 0.171751
v 0.648862 3.919996 0.148862
v 0.581754 4.125000 0.081754
v 0.475000 4.301041 -0.025000
v 0.335876 4.436121 -0.164124
v 0.173862 4.521037 -0.326138
v 0.176777 3.819552 -1.373223
v 0.326641 3.732843 -1.435299
v 0.122939 2.878963 -0.287063
v 0.237500 2.963878 -0.088638
v 0.335876 3.098959 0.081754
v 0.411362 3.275000 0.212500
v 0.458815 3.480004 0.294690
v 0.475000 3.700000 0.322724
v 0.458815 3.919996 0.294690
v 0.411362 4.125000 0.212500
v 0.335876 4.301041 0.081754
v 0.237500 4.436121 -0.088638
v 0.122939 4.521037 -0.287063
v 0.426777 3.603073 -1.476777
v 0.461940 3.450000 -1.491342
v 0.063638 2.878963 -0.262500
v 0.122939 2.963878 -0.041185
v 0.173862 3.098959 0.148862
v 0.212937 3.275000 0.294690
v 0.237500 3.480004 0.386362
v 0.245878 3.700000 0.417629
v 0.237500 3.919996 0.386362
v 0.212937 4.125000 0.294690
v 0.173862 4.301041 0.148862
v 0.122939 4.436121 -0.041185
v 0.063638 4.521037 -0.262500
v 0.426777 3.296927 -1.476777
v 0.326641 3.167157 -1.435299
v 0.000000 2.878963 -0.254122
v -0.000000 2.963878 -0.025000
v 0.000000 3.098959 0.171751
v -0.000000 3.275000 0.322724
v -0.000000 3.480004 0.417630
v -0.000000 3.700000 0.450000
v -0.000000 3.919996 0.417630
v -0.000000 4.125000 0.322724
v 0.000000 4.301041 0.171751
v -0.000000 4.436121 -0.025000
v 0.000000 4.521037 -0.254122
v 0.176777 3.080448 -1.373223
v -0.288320 3.950000 -1.209543
v -0.063638 2.878963 -0.262500
v -0.122939 2.963878 -0.041185
v -0.173862 3.098959 0.148862
v -0.212937 3.275000 0.294690
v -0.237500 3.480004 0.386362
v -0.245878 3.700000 0.417629
v -0.237500 3.919996 0.386362
v -0.212937 4.125000 0.294690
v -0.173862 4.301041 0.148862
v -0.122939 4.436121 -0.041185
v -0.063638 4.521037 -0.262500
v 0.044084 3.446077 -1.731459
v 0.135299 3.080448 -1.435299
v -0.122939 2.878963 -0.287063
v -0.237500 2.963878 -0.088638
v -0.335876 3.098959 0.081753
v -0.411362 3.275000 0.212500
v -0.458815 3.480004 0.294690
v -0.475000 3.700000 0.322724
v -0.458815 3.919996 0.294690
v -0.411362 4.125000 0.212500
v -0.335876 4.301041 0.081753
v -0.237500 4.436121 -0.088638
v -0.122939 4.521037 -0.287063
v 0.250000 3.167157 -1.550000
v 0.326641 3.296927 -1.626641
v -0.173862 2.878963 -0.326138
v -0.335876 2.963878 -0.164124
v -0.475000 3.098959 -0.025000
v -0.581754 3.275000 0.081754
v -0.648862 3.480004 0.148862
v -0.671751 3.700000 0.171751
v -0.648862 3.919996 0.148862
v -0.581754 4.125000 0.081754
v -0.475000 4.301041 -0.025000
v -0.335876 4.436121 -0.164124
v -0.173862 4.521037 -0.326138
v 0.353553 3.450000 -1.653553
v 0.326641 3.603073 -1.626641
v -0.212937 2.878963 -0.377061
v -0.411362 2.963878 -0.262500
v -0.581753 3.098959 -0.164124
v -0.712500 3.275000 -0.088638
v -0.794690 3.480004 -0.041185
v -0.822724 3.700000 -0.025000
v -0.794690 3.919996 -0.041185
v -0.712500 4.125000 -0.088638
v -0.581753 4.301041 -0.164124
v -0.411362 4.436121 -0.262500
v -0.212937 4.521037 -0.377061
v 0.250000 3.732843 -1.550000
v 0.135299 3.819552 -1.435299
v -0.237500 2.878963 -0.436362
v -0.458815 2.963878 -0.377061
v -0.648862 3.098959 -0.326138
v -0.794690 3.275000 -0.287063
v -0.886362 3.480004 -0.262500
v -0.917629 3.700000 -0.254122
v -0.886362 3.919996 -0.262500
v -0.794690 4.125000 -0.287063
v -0.648862 4.301041 -0.326138
v -0.458815 4.436121 -0.377061
v -0.237500 4.521037 -0.436362
v 0.076356 3.490000 -1.695925
v 0.088168 3.550000 -1.682918
v -0.245878 2.878963 -0.500000
v -0.475000 2.963878 -0.500000
v -0.671751 3.098959 -0.500000
v -0.822724 3.275000 -0.500000
v -0.917630 3.480004 -0.500000
v -0.949999 3.700000 -0.500000
v -0.917630 3.919996 -0.500000
v -0.822724 4.125000 -0.500000
v -0.671751 4.301041 -0.500000
v -0.475000 4.436121 -0.500000
v -0.245878 4.521037 -0.500000
v 0.073223 3.819552 -1.476777
v 0.135299 3.732843 -1.626641
v -0.237500 2.878963 -0.563638
v -0.458814 2.963878 -0.622939
v -0.648862 3.098959 -0.673862
v -0.794690 3.275000 -0.712937
v -0.886362 3.480004 -0.737500
v -0.917629 3.700000 -0.745878
v -0.886362 3.919996 -0.737500
v -0.794690 4.125000 -0.712937
v -0.648862 4.301041 -0.673862
v -0.458814 4.436121 -0.622939
v -0.237500 4.521037 -0.563638
v 0.176777 3.603073 -1.726777
v 0.191342 3.450000 -1.761940
v -0.212937 2.878963 -0.622939
v -0.411362 2.963878 -0.737500
v -0.581753 3.098959 -0.835875
v -0.712500 3.275000 -0.911362
v -0.794690 3.480004 -0.958815
v -0.822724 3.700000 -0.975000
v -0.794690 3.919996 -0.958815
v -0.712500 4.125000 -0.911362
v -0.581753 4.301041 -0.835875
v -0.411362 4.436121 -0.737500
v -0.212937 4.521037 -0.622939
v 0.176777 3.296927 -1.726777
v 0.135299 3.167157 -1.626641
v -0.173862 2.878963 -0.673862
v -0.335875 2.963878 -0.835876
v -0.475000 3.098959 -0.975000
v -0.581754 3.275000 -1.081754
v -0.648862 3.480004 -1.148862
v -0.671751 3.700000 -1.171751
v -0.648862 3.919996 -1.148862
v -0.581754 4.125000 -1.081754
v -0.475000 4.301041 -0.975000
v -0.335875 4.436121 -0.835876
v -0.173862 4.521037 -0.673862
v 0.073223 3.080448 -1.476777
v 0.076356 3.610000 -1.695925
v -0.122939 2.878963 -0.712937
v -0.237500 2.963878 -0.911362
v -0.335875 3.098959 -1.081753
v -0.411362 3.275000 -1.212500
v -0.458815 3.480004 -1.294690
v -0.475000 3.700000 -1.322724
v -0.458815 3.919996 -1.294690
v -0.411362 4.125000 -1.212500
v -0.335875 4.301041 -1.081753
v -0.237500 4.436121 -0.911362
v -0.122939 4.521037 -0.712937
v 0.044084 3.653923 -1.731459
v 0.000000 3.670000 -1.780000
v -0.063638 2.878963 -0.737500
v -0.122939 2.963878 -0.958815
v -0.173862 3.098959 -1.148862
v -0.212937 3.275000 -1.294690
v -0.237500 3.480004 -1.386362
v -0.245878 3.700000 -1.417629
v -0.237500 3.919996 -1.386362
v -0.212937 4.125000 -1.294690
v -0.173862 4.301041 -1.148862
v -0.122939 4.436121 -0.958815
v -0.063638 4.521037 -0.737500
v -0.309981 3.840000 -1.214511
v 0.071329 3.653923 -1.761459
v 0.000000 3.450000 -1.800000
v 0.000000 2.963878 -0.975000
v 0.000000 3.098959 -1.171751
v 0.000000 3.275000 -1.322724
v 0.000000 3.603073 -1.761940
v 0.123546 3.610000 -1.747886
v 0.000000 3.919996 -1.417629
v 0.000000 4.125000 -1.322724
v 0.000000 4.301041 -1.171751
v 0.000000 4.436121 -0.975000
v 0.000000 3.819552 -1.491342
v 0.142659 3.550000 -1.742918
v 0.326641 3.296927 -0.973359
v 0.250000 3.167157 -1.050000
v 0.135299 3.080448 -1.164701
v 0.123546 3.490000 -1.747886
v 0.191342 3.450000 -0.838060
v 0.176777 3.603073 -0.873223
v 0.135299 3.732843 -0.973359
v 0.073223 3.819552 -1.123223
v 0.071329 3.446077 -1.761459
v 0.176777 3.296927 -0.873223
v 0.135299 3.167157 -0.973359
v 0.073223 3.080448 -1.123223
v -0.369160 3.759475 -1.228084
v -0.000000 3.450000 -0.800000
v -0.000000 3.603073 -0.838060
v -0.000000 3.732843 -0.946447
v -0.000000 3.819552 -1.108658
v -0.450000 3.730000 -1.246625
v -0.000000 3.296927 -0.838060
v -0.000000 3.167157 -0.946447
v -0.000000 3.080448 -1.108658
v 0.071329 3.446077 -1.798541
v -0.191342 3.450000 -0.838060
v -0.176777 3.603073 -0.873223
v -0.135299 3.732843 -0.973359
v -0.073223 3.819552 -1.123223
v 0.123546 3.490000 -1.812114
v -0.176777 3.296927 -0.873223
v -0.135299 3.167157 -0.973359
v -0.073223 3.080448 -1.123223
v 0.142658 3.550000 -1.817082
v -0.353554 3.450000 -0.946447
v -0.326641 3.603073 -0.973359
v -0.250000 3.732843 -1.050000
v -0.135299 3.819552 -1.164701
v 0.123546 3.610000 -1.812114
v -0.326641 3.296927 -0.973359
v -0.250000 3.167157 -1.050000
v -0.135299 3.080448 -1.164701
v 0.071329 3.653923 -1.798541
v -0.461940 3.450000 -1.108658
v -0.426777 3.603073 -1.123223
v -0.326641 3.732843 -1.164701
v -0.176777 3.819552 -1.226777
v -0.298562 4.049000 -1.331500
v -0.426777 3.296927 -1.123223
v -0.326641 3.167157 -1.164701
v -0.176777 3.080448 -1.226777
v -0.369160 3.759475 -1.265166
v -0.500000 3.450000 -1.300000
v -0.461940 3.603073 -1.300000
v -0.353553 3.732843 -1.300000
v -0.191342 3.819552 -1.300000
v 0.044084 3.653923 -1.828541
v -0.461940 3.296927 -1.300000
v -0.353553 3.167157 -1.300000
v -0.191342 3.080448 -1.300000
v 0.076356 3.610000 -1.864075
v -0.461940 3.450000 -1.491342
v -0.426777 3.603073 -1.476777
v -0.326641 3.732843 -1.435299
v -0.176777 3.819552 -1.373223
v 0.088168 3.550000 -1.877082
v -0.426777 3.296927 -1.476777
v -0.326641 3.167157 -1.435299
v -0.176777 3.080448 -1.373223
v 0.076356 3.490000 -1.864075
v -0.353553 3.450000 -1.653553
v -0.326641 3.603073 -1.626641
v -0.250000 3.732843 -1.550000
v -0.135299 3.819552 -1.435299
v 0.044084 3.446077 -1.828541
v -0.326641 3.296927 -1.626641
v -0.250000 3.167157 -1.550000
v -0.135299 3.080448 -1.435299
v -0.309981 3.840000 -1.278739
v -0.191341 3.450000 -1.761940
v -0.176776 3.603073 -1.726777
v -0.135299 3.732843 -1.626641
v -0.073223 3.819552 -1.476777
v -0.288320 3.950000 -1.283707
v -0.176776 3.296927 -1.726777
v -0.135299 3.167157 -1.626641
v -0.073223 3.080448 -1.476777
v 0.000000 3.446077 -1.840000
v -0.309981 4.060000 -1.278739
v 0.000000 3.550000 -1.900000
v 0.000000 3.732843 -1.653553
v -0.369160 4.140526 -1.265166
v 0.000000 3.653923 -1.840000
v 0.000000 3.296927 -1.761940
v 0.000000 3.167157 -1.653553
v 0.000000 3.080448 -1.491342
v -0.450000 4.170000 -1.246625
v 0.000000 3.610000 -1.676077
v 0.000000 3.653923 -1.720000
v -0.306793 4.007200 -1.332991
v -0.088168 3.550000 -1.682918
v -0.076356 3.490000 -1.695925
v -0.044084 3.446077 -1.731459
v -0.400038 4.140526 -1.295166
v -0.076356 3.610000 -1.695925
v -0.044084 3.653923 -1.731459
v -0.363464 4.060000 -1.330700
v -0.142659 3.550000 -1.742918
v -0.123546 3.490000 -1.747886
v -0.071329 3.446077 -1.761459
v -0.350076 3.950000 -1.343707
v -0.123546 3.610000 -1.747886
v -0.071329 3.653923 -1.761459
v -0.363464 3.840000 -1.330700
v -0.142659 3.550000 -1.817082
v -0.123546 3.490000 -1.812114
v -0.071329 3.446077 -1.798541
v -0.400038 3.759475 -1.295166
v -0.123546 3.610000 -1.812114
v -0.071329 3.653923 -1.798541
v -0.329281 3.976600 -1.337062
v -0.088168 3.550000 -1.877082
v -0.076356 3.490000 -1.864075
v -0.044084 3.446077 -1.828541
v -0.360000 3.965400 -1.342625
v -0.076356 3.610000 -1.864075
v -0.044084 3.653923 -1.828541
v -0.450000 3.759475 -1.306625
v 0.611680 3.950000 -1.209543
v -0.000000 3.490000 -1.883923
v -0.450000 3.950000 -1.366625
v -0.329281 3.976600 -1.348187
v -0.000000 3.610000 -1.883923
v -0.450000 4.140526 -1.306625
v -0.306793 4.007200 -1.352259
v -0.309981 4.060000 -1.214511
v -0.369160 4.140526 -1.228084
v -0.298562 4.049000 -1.353749
v -0.350076 3.950000 -1.149543
v -0.363464 3.840000 -1.162549
v -0.400038 3.759475 -1.198084
v -0.306793 4.090800 -1.352259
v -0.363464 4.060000 -1.162549
v -0.400038 4.140526 -1.198084
v -0.329281 4.121399 -1.348187
v -0.450000 3.950000 -1.126625
v -0.450000 3.840000 -1.142702
v -0.450000 3.759475 -1.186625
v -0.360000 4.132600 -1.342625
v -0.450000 4.060000 -1.142702
v -0.450000 4.140526 -1.186625
v 0.590019 3.840000 -1.214511
v -0.549923 3.950000 -1.149543
v -0.536536 3.840000 -1.162549
v -0.499962 3.759475 -1.198084
v -0.341015 4.121399 -1.357187
v -0.536536 4.060000 -1.162549
v -0.499962 4.140526 -1.198084
v -0.327116 4.090800 -1.367847
v -0.611680 3.950000 -1.209543
v -0.590019 3.840000 -1.214511
v -0.530840 3.759475 -1.228084
v -0.322029 4.049000 -1.371749
v -0.590019 4.060000 -1.214511
v -0.530840 4.140526 -1.228084
v -0.327116 4.007200 -1.367847
v -0.611680 3.950000 -1.283707
v -0.590019 3.840000 -1.278739
v -0.530840 3.759475 -1.265166
v -0.341015 3.976600 -1.357187
v -0.590019 4.060000 -1.278739
v -0.530840 4.140526 -1.265166
v 0.530840 3.759475 -1.228084
v -0.549924 3.950000 -1.343707
v -0.536536 3.840000 -1.330700
v -0.499962 3.759475 -1.295166
v 0.450000 3.730000 -1.246625
v -0.536536 4.060000 -1.330700
v -0.499962 4.140526 -1.295166
v -0.360000 3.976600 -1.360625
v 0.421438 4.049000 -1.331500
v -0.450000 3.840000 -1.350548
v -0.360000 4.049000 -1.378625
v 0.530840 3.759475 -1.265166
v -0.450000 4.060000 -1.350548
v -0.360000 4.121399 -1.360625
v 0.590019 3.840000 -1.278739
v -0.306793 4.090800 -1.332991
v -0.329281 4.121399 -1.337062
v 0.611680 3.950000 -1.283707
v -0.322029 4.049000 -1.313500
v -0.327116 4.007200 -1.317402
v -0.341015 3.976600 -1.328063
v 0.590019 4.060000 -1.278739
v -0.327116 4.090800 -1.317402
v -0.341015 4.121399 -1.328063
v 0.530840 4.140526 -1.265166
v -0.360000 4.049000 -1.306625
v -0.360000 4.007200 -1.311448
v -0.360000 3.976600 -1.324625
v 0.450000 4.170000 -1.246625
v -0.360000 4.090800 -1.311448
v -0.360000 4.121399 -1.324625
v 0.413207 4.007200 -1.332991
v -0.397971 4.049000 -1.313500
v -0.392884 4.007200 -1.317402
v -0.378985 3.976600 -1.328063
v 0.499962 4.140526 -1.295166
v -0.392884 4.090800 -1.317402
v -0.378985 4.121399 -1.328063
v 0.536536 4.060000 -1.330700
v -0.421438 4.049000 -1.331500
v -0.413207 4.007200 -1.332991
v -0.390719 3.976600 -1.337062
v 0.549923 3.950000 -1.343707
v -0.413207 4.090800 -1.332991
v -0.390719 4.121399 -1.337062
v 0.536536 3.840000 -1.330700
v -0.421438 4.049000 -1.353749
v -0.413207 4.007200 -1.352259
v -0.390719 3.976600 -1.348187
v 0.499962 3.759475 -1.295166
v -0.413207 4.090800 -1.352259
v -0.390719 4.121399 -1.348187
v 0.390719 3.976600 -1.337062
v -0.397971 4.049000 -1.371749
v -0.392884 4.007200 -1.367847
v -0.378985 3.976600 -1.357187
v 0.360000 3.965400 -1.342625
v -0.392884 4.090800 -1.367847
v -0.378985 4.121399 -1.357187
v 0.450000 3.759475 -1.306625
v -0.540768 3.400000 -1.119098
v -0.360000 4.007200 -1.373802
v 0.450000 3.950000 -1.366625
v 0.390719 3.976600 -1.348187
v -0.360000 4.090800 -1.373802
v 0.450000 4.140526 -1.306625
v 0.413207 4.007200 -1.352259
v 0.590019 4.060000 -1.214511
v 0.530840 4.140526 -1.228084
v 0.421438 4.049000 -1.353749
v 0.549923 3.950000 -1.149543
v 0.536536 3.840000 -1.162549
v 0.499962 3.759475 -1.198084
v 0.413207 4.090800 -1.352259
v 0.536536 4.060000 -1.162549
v 0.499962 4.140526 -1.198084
v 0.390719 4.121399 -1.348187
v 0.450000 3.950000 -1.126625
v 0.450000 3.840000 -1.142702
v 0.450000 3.759475 -1.186625
v 0.360000 4.132600 -1.342625
v 0.450000 4.060000 -1.142702
v 0.450000 4.140526 -1.186625
v -0.568799 3.310000 -1.123238
v 0.350076 3.950000 -1.149543
v 0.363464 3.840000 -1.162549
v 0.400038 3.759475 -1.198084
v 0.378985 4.121399 -1.357187
v 0.363464 4.060000 -1.162549
v 0.400038 4.140526 -1.198084
v 0.392884 4.090800 -1.367847
v 0.288320 3.950000 -1.209543
v 0.309981 3.840000 -1.214511
v 0.369160 3.759475 -1.228084
v 0.397971 4.049000 -1.371749
v 0.309981 4.060000 -1.214511
v 0.369160 4.140526 -1.228084
v 0.392884 4.007200 -1.367847
v 0.288320 3.950000 -1.283707
v 0.309981 3.840000 -1.278739
v 0.369160 3.759475 -1.265166
v 0.378985 3.976600 -1.357187
v 0.309981 4.060000 -1.278739
v 0.369160 4.140526 -1.265166
v -0.645384 3.244116 -1.134549
v 0.350076 3.950000 -1.343707
v 0.363464 3.840000 -1.330700
v 0.400038 3.759475 -1.295166
v -0.750000 3.220000 -1.150000
v 0.363464 4.060000 -1.330700
v 0.400038 4.140526 -1.295166
v 0.360000 3.976600 -1.360625
v -0.439570 4.196447 -0.155182
v 0.450000 3.840000 -1.350548
v 0.360000 4.049000 -1.378625
v -0.645384 3.244116 -1.165451
v 0.450000 4.060000 -1.350548
v 0.360000 4.121399 -1.360625
v -0.568799 3.310000 -1.176762
v 0.413207 4.090800 -1.332991
v 0.390719 4.121399 -1.337062
v -0.540768 3.400000 -1.180902
v 0.397971 4.049000 -1.313500
v 0.392884 4.007200 -1.317402
v 0.378985 3.976600 -1.328063
v -0.568799 3.490000 -1.176762
v 0.392884 4.090800 -1.317402
v 0.378985 4.121399 -1.328063
v -0.645384 3.555885 -1.165451
v 0.360000 4.049000 -1.306625
v 0.360000 4.007200 -1.311448
v 0.360000 3.976600 -1.324625
v -0.750000 3.580000 -1.150000
v 0.360000 4.090800 -1.311448
v 0.360000 4.121399 -1.324625
v -0.384257 4.358658 -0.172098
v 0.322029 4.049000 -1.313500
v 0.327116 4.007200 -1.317402
v 0.341015 3.976600 -1.328063
v -0.685344 3.555885 -1.190451
v 0.327116 4.090800 -1.317402
v 0.341015 4.121399 -1.328063
v -0.638012 3.490000 -1.220063
v 0.298562 4.049000 -1.331500
v 0.306793 4.007200 -1.332991
v 0.329281 3.976600 -1.337062
v -0.620687 3.400000 -1.230902
v 0.306793 4.090800 -1.332991
v 0.329281 4.121399 -1.337062
v -0.638012 3.310000 -1.220063
v 0.298562 4.049000 -1.353749
v 0.306793 4.007200 -1.352259
v 0.329281 3.976600 -1.348187
v -0.685344 3.244116 -1.190451
v 0.306793 4.090800 -1.352259
v 0.329281 4.121399 -1.348187
v -0.364833 4.550000 -0.178038
v 0.322029 4.049000 -1.371749
v 0.327116 4.007200 -1.367847
v 0.341015 3.976600 -1.357187
v -0.384257 4.741342 -0.172098
v 0.327116 4.090800 -1.367847
v 0.341015 4.121399 -1.357187
v -0.750000 3.244116 -1.200000
v -0.439570 4.903553 -0.155182
v 0.360000 4.007200 -1.373802
v -0.750000 3.400000 -1.250000
v -0.522352 5.011940 -0.129864
v 0.360000 4.090800 -1.373802
v -0.750000 3.555885 -1.200000
v -0.620000 5.050000 -0.100000
v -0.568799 3.490000 -1.123238
v -0.645384 3.555885 -1.134549
v -0.645882 4.500000 -0.183407
v -0.620687 3.400000 -1.069098
v -0.638012 3.310000 -1.079937
v -0.685344 3.244116 -1.109549
v -0.556433 5.011940 -0.156172
v -0.638012 3.490000 -1.079937
v -0.685344 3.555885 -1.109549
v -0.502543 4.903553 -0.203793
v -0.750000 3.400000 -1.050000
v -0.750000 3.310000 -1.063397
v -0.750000 3.244116 -1.100000
v -0.466535 4.741342 -0.235612
v -0.750000 3.490000 -1.063397
v -0.750000 3.555885 -1.100000
v -0.453890 4.550000 -0.246785
v -0.879313 3.400000 -1.069098
v -0.861988 3.310000 -1.079937
v -0.814656 3.244116 -1.109549
v -0.466535 4.358658 -0.235612
v -0.861988 3.490000 -1.079937
v -0.814656 3.555885 -1.109549
v -0.502543 4.196447 -0.203793
v -0.959232 3.400000 -1.119098
v -0.931201 3.310000 -1.123238
v -0.854616 3.244116 -1.134549
v -0.556433 4.088060 -0.156172
v -0.931201 3.490000 -1.123238
v -0.854616 3.555885 -1.134549
v -0.620000 4.050000 -0.100000
v -0.959232 3.400000 -1.180902
v -0.931201 3.310000 -1.176762
v -0.854616 3.244116 -1.165451
v -0.642414 4.330000 -0.196348
v -0.931201 3.490000 -1.176762
v -0.854616 3.555885 -1.165451
v -0.632941 4.205551 -0.231704
v -0.879313 3.400000 -1.230902
v -0.861988 3.310000 -1.220063
v -0.814656 3.244116 -1.190451
v -0.583397 4.196447 -0.236603
v -0.861988 3.490000 -1.220063
v -0.814656 3.555885 -1.190451
v -0.572176 4.358658 -0.278480
v -0.568236 4.550000 -0.293185
v -0.750000 3.310000 -1.236603
v -0.572176 4.741342 -0.278480
v -0.620000 4.160000 -0.280000
v -0.750000 3.490000 -1.236603
v -0.600191 5.011940 -0.173929
v -0.615333 5.050000 -0.048521
v -0.522352 4.088060 -0.129864
v -0.573694 4.205551 -0.225714
v -0.404066 4.196447 -0.098169
v -0.337869 4.358658 -0.097608
v -0.314623 4.550000 -0.097411
v -0.337869 4.741342 -0.097608
v -0.404066 4.903553 -0.098169
v -0.503137 5.011940 -0.099009
v -0.539795 4.330000 -0.185975
v -0.503137 4.088060 -0.099009
v -0.527387 4.500000 -0.171429
v -0.401436 4.196447 -0.041436
v -0.334432 4.358658 -0.023482
v -0.310904 4.550000 -0.017178
v -0.334432 4.741342 -0.023482
v -0.401436 4.903553 -0.041436
v -0.501714 5.011940 -0.068305
v -0.539795 4.670000 -0.185975
v -0.501714 4.088060 -0.068305
v -0.573694 4.794449 -0.225714
v -0.432080 4.196447 0.006382
v -0.374471 4.358658 0.038994
v -0.354241 4.550000 0.050446
v -0.374471 4.741342 0.038994
v -0.432080 4.903553 0.006382
v -0.518299 5.011940 -0.042427
v -0.620000 4.840000 -0.280000
v -0.518299 4.088060 -0.042427
v -0.626676 4.930000 -0.055418
v -0.491334 4.196447 0.038004
v -0.451890 4.358658 0.080310
v -0.438039 4.550000 0.095167
v -0.451890 4.741342 0.080310
v -0.491334 4.903553 0.038004
v -0.550366 5.011940 -0.025313
v -0.532134 4.794449 -0.240460
v -0.550366 4.088060 -0.025313
v -0.467812 4.670000 -0.211516
v -0.570176 4.196447 0.048616
v -0.554901 4.358658 0.094176
v -0.549538 4.550000 0.110174
v -0.554901 4.741342 0.094176
v -0.570176 4.903553 0.048616
v -0.593035 5.011940 -0.019570
v -0.444268 4.500000 -0.200921
v -0.593035 4.088060 -0.019570
v -0.467812 4.330000 -0.211516
v -0.656603 4.196447 0.036603
v -0.667824 4.358658 0.078480
v -0.671764 4.550000 0.093185
v -0.667824 4.741342 0.078480
v -0.656603 4.903553 0.036603
v -0.639809 5.011940 -0.026071
v -0.532134 4.205551 -0.240460
v -0.639809 4.088060 -0.026071
v -0.657667 4.842154 -0.074260
v -0.737457 4.196447 0.003793
v -0.773465 4.358658 0.035612
v -0.786110 4.550000 0.046785
v -0.773465 4.741342 0.035612
v -0.737457 4.903553 0.003793
v -0.683567 5.011940 -0.043828
v -0.700000 4.810000 -0.100000
v -0.683567 4.088060 -0.043828
v -0.524136 4.205551 -0.270309
v -0.800430 4.196447 -0.044819
v -0.855743 4.358658 -0.027902
v -0.875167 4.550000 -0.021962
v -0.855743 4.741342 -0.027902
v -0.800430 4.903553 -0.044819
v -0.717648 5.011940 -0.070136
v -0.453959 4.330000 -0.263215
v -0.717648 4.088060 -0.070136
v -0.428272 4.500000 -0.260618
v -0.835934 4.196447 -0.101831
v -0.902131 4.358658 -0.102392
v -0.925377 4.550000 -0.102589
v -0.902131 4.741342 -0.102392
v -0.835934 4.903553 -0.101831
v -0.736863 5.011940 -0.100991
v -0.453959 4.670000 -0.263215
v -0.736863 4.088060 -0.100991
v -0.524136 4.794449 -0.270309
v -0.838564 4.196447 -0.158564
v -0.905568 4.358658 -0.176518
v -0.929096 4.550000 -0.182822
v -0.905568 4.741342 -0.176518
v -0.838564 4.903553 -0.158564
v -0.738286 5.011940 -0.131695
v -0.610000 1.902956 -1.222337
v -0.738286 4.088060 -0.131695
v -0.650468 4.842154 -0.101124
v -0.807920 4.196447 -0.206382
v -0.865529 4.358658 -0.238994
v -0.885758 4.550000 -0.250446
v -0.865529 4.741342 -0.238994
v -0.807920 4.903553 -0.206382
v -0.721701 5.011940 -0.157573
v -0.552755 4.794449 -0.303860
v -0.721701 4.088060 -0.157573
v -0.503528 4.670000 -0.321326
v -0.748666 4.196447 -0.238004
v -0.788110 4.358658 -0.280310
v -0.801961 4.550000 -0.295167
v -0.788110 4.741342 -0.280310
v -0.748666 4.903553 -0.238004
v -0.689634 5.011940 -0.174687
v -0.485510 4.500000 -0.327719
v -0.689634 4.088060 -0.174687
v -0.503528 4.330000 -0.321326
v -0.669824 4.196447 -0.248616
v -0.685099 4.358658 -0.294176
v -0.690462 4.550000 -0.310174
v -0.685099 4.741342 -0.294176
v -0.669824 4.903553 -0.248616
v -0.646965 5.011940 -0.180430
v -0.552755 4.205551 -0.303860
v -0.646965 4.088060 -0.180430
v -0.614209 4.930000 -0.101947
v -0.600937 5.050000 -0.102249
v -0.607059 4.205551 -0.328296
v -0.614209 5.170000 -0.101947
v -0.594118 4.500000 -0.376593
v -0.583397 4.903553 -0.236602
v -0.650468 5.257846 -0.101124
v -0.607059 4.794449 -0.328296
v -0.600191 4.088060 -0.173929
v -0.700000 5.290000 -0.100000
v -0.642414 4.670000 -0.196348
v -0.632941 4.794449 -0.231704
v -0.567081 2.147327 -1.182329
v -0.754490 4.500000 -0.232281
v -0.736472 4.330000 -0.238674
v -0.687245 4.205551 -0.256140
v -0.662190 5.257846 -0.127559
v -0.736472 4.670000 -0.238674
v -0.687245 4.794449 -0.256140
v -0.634511 5.170000 -0.147733
v -0.811728 4.500000 -0.299382
v -0.786041 4.330000 -0.296785
v -0.715864 4.205551 -0.289691
v -0.624379 5.050000 -0.155118
v -0.786041 4.670000 -0.296785
v -0.715864 4.794449 -0.289691
v -0.634511 4.930000 -0.147733
v -0.795732 4.500000 -0.359079
v -0.772188 4.330000 -0.348484
v -0.707866 4.205551 -0.319540
v -0.662190 4.842154 -0.127559
v -0.772188 4.670000 -0.348484
v -0.707866 4.794449 -0.319540
v -0.552010 2.422553 -1.099339
v -0.712613 4.500000 -0.388571
v -0.700205 4.330000 -0.374025
v -0.666306 4.205551 -0.334286
v -0.567081 2.686734 -0.986001
v -0.700205 4.670000 -0.374025
v -0.666306 4.794449 -0.334286
v -0.688353 4.842154 -0.143467
v -0.610000 2.899650 -0.859570
v -0.597586 4.330000 -0.363652
v -0.676706 5.050000 -0.186933
v -0.674233 3.028887 -0.739295
v -0.597586 4.670000 -0.363652
v -0.688353 5.257846 -0.143467
v -0.750000 3.054770 -0.643485
v -0.626676 5.170000 -0.055418
v -0.657667 5.257846 -0.074260
v -0.380000 2.650000 -1.150000
v -0.662069 5.050000 -0.014456
v -0.667151 4.930000 -0.025917
v -0.681035 4.842154 -0.057228
v -0.708995 3.037399 -0.762680
v -0.667151 5.170000 -0.025917
v -0.681035 5.257846 -0.057228
v -0.674233 2.915378 -0.902782
v -0.723294 5.050000 -0.013067
v -0.720173 4.930000 -0.024714
v -0.711647 4.842154 -0.056533
v -0.651005 2.707283 -1.042459
v -0.720173 5.170000 -0.024714
v -0.711647 5.257846 -0.056533
v -0.642849 2.444796 -1.160449
v -0.775621 5.050000 -0.044882
v -0.765489 4.930000 -0.052267
v -0.737810 4.842154 -0.072441
v -0.651005 2.167876 -1.238787
v -0.765489 5.170000 -0.052267
v -0.737810 5.257846 -0.072441
v -0.674233 1.918683 -1.265549
v -0.799063 5.050000 -0.097751
v -0.785791 4.930000 -0.098053
v -0.749532 4.842154 -0.098876
v -0.708995 1.735155 -1.236658
v -0.785791 5.170000 -0.098053
v -0.749532 5.257846 -0.098876
v -0.750000 1.645230 -1.156515
v -0.784667 5.050000 -0.151479
v -0.773324 4.930000 -0.144582
v -0.742333 4.842154 -0.125740
v -0.380000 2.560000 -1.176795
v -0.773324 5.170000 -0.144582
v -0.742333 5.257846 -0.125740
v -0.380000 2.494116 -1.250000
v -0.737931 5.050000 -0.185544
v -0.732849 4.930000 -0.174083
v -0.718965 4.842154 -0.142772
v -0.750000 1.924206 -1.280722
v -0.732849 5.170000 -0.174083
v -0.718965 5.257846 -0.142772
v -0.750000 2.175092 -1.258613
v -0.750000 2.452606 -1.181908
v -0.679827 4.930000 -0.175286
v -0.750000 2.714499 -1.062285
v -0.380000 2.470000 -1.350000
v -0.679827 5.170000 -0.175286
v -0.750000 3.040388 -0.770892
v -0.725000 0.505025 -0.250000
v -0.674233 1.726643 -1.213273
v -0.315344 2.494116 -1.269098
v -0.567081 1.879418 -1.157667
v -0.511005 2.116573 -1.097834
v -0.491314 2.389266 -1.007881
v -0.511005 2.655980 -0.901505
v -0.567081 2.876112 -0.794900
v -0.651005 3.016148 -0.704295
v -0.268012 2.560000 -1.209874
v -0.651005 1.713904 -1.178273
v -0.250687 2.650000 -1.188197
v -0.552010 1.851653 -1.081383
v -0.491314 2.080296 -0.998164
v -0.470000 2.350000 -0.900000
v -0.491314 2.619704 -0.801836
v -0.552010 2.848347 -0.718616
v -0.642849 3.001122 -0.663011
v -0.268012 2.740000 -1.209874
v -0.642849 1.698878 -1.136989
v -0.315344 2.805885 -1.269098
v -0.567081 1.823888 -1.005100
v -0.511005 2.044019 -0.898495
v -0.491314 2.310734 -0.792118
v -0.511005 2.583427 -0.702166
v -0.567081 2.820582 -0.642333
v -0.651005 2.986096 -0.621727
v -0.380000 2.830000 -1.350000
v -0.651005 1.683851 -1.095705
v -0.640695 0.732122 -0.387953
v -0.610000 1.800350 -0.940430
v -0.567081 2.013266 -0.813999
v -0.552010 2.277447 -0.700661
v -0.567081 2.552673 -0.617671
v -0.610000 2.797044 -0.577663
v -0.674233 2.973357 -0.586727
v -0.275384 2.805885 -1.319098
v -0.674233 1.671113 -1.060705
v -0.198799 2.740000 -1.296477
v -0.674233 1.784622 -0.897218
v -0.651005 1.992717 -0.757541
v -0.642849 2.255204 -0.639551
v -0.651005 2.532124 -0.561213
v -0.674233 2.781317 -0.534451
v -0.708995 2.964845 -0.563341
v -0.170768 2.650000 -1.288197
v -0.708995 1.662601 -1.037320
v -0.198799 2.560000 -1.296477
v -0.750000 1.779099 -0.882045
v -0.750000 1.985501 -0.737715
v -0.750000 2.247394 -0.618092
v -0.750000 2.524908 -0.541387
v -0.750000 2.775794 -0.519278
v -0.750000 2.961856 -0.555130
v -0.275384 2.494116 -1.319098
v -0.750000 1.659612 -1.029108
v -0.611091 1.000000 -0.436396
v -0.825768 1.784622 -0.897218
v -0.848995 1.992717 -0.757541
v -0.857151 2.255204 -0.639551
v -0.848995 2.532124 -0.561213
v -0.825768 2.781317 -0.534451
v -0.791005 2.964845 -0.563341
v -0.640695 1.267878 -0.387953
v -0.791005 1.662601 -1.037320
v -0.275384 2.494116 -1.380902
v -0.890000 1.800350 -0.940430
v -0.932919 2.013266 -0.813999
v -0.947990 2.277447 -0.700661
v -0.932919 2.552673 -0.617671
v -0.890000 2.797044 -0.577663
v -0.825768 2.973357 -0.586727
v -0.198799 2.560000 -1.403523
v -0.825768 1.671113 -1.060705
v -0.170768 2.650000 -1.411803
v -0.932919 1.823888 -1.005100
v -0.988995 2.044020 -0.898495
v -1.008686 2.310734 -0.792119
v -0.988995 2.583427 -0.702167
v -0.932919 2.820582 -0.642333
v -0.848995 2.986096 -0.621727
v -0.198799 2.740000 -1.403523
v -0.848995 1.683851 -1.095705
v -0.275384 2.805885 -1.380902
v -0.947990 1.851653 -1.081384
v -1.008686 2.080296 -0.998164
v -1.030000 2.350000 -0.900000
v -1.008686 2.619704 -0.801836
v -0.947990 2.848347 -0.718616
v -0.857151 3.001122 -0.663011
v -0.725000 1.494975 -0.250000
v -0.857151 1.698878 -1.136989
v -0.851171 1.646716 -0.043538
v -0.932919 1.879418 -1.157667
v -0.988995 2.116573 -1.097834
v -1.008686 2.389266 -1.007882
v -0.988995 2.655980 -0.901505
v -0.932919 2.876112 -0.794900
v -0.848995 3.016148 -0.704295
v -0.315344 2.805885 -1.430902
v -0.848995 1.713904 -1.178273
v -0.268012 2.740000 -1.490126
v -0.890000 1.902956 -1.222337
v -0.932919 2.147327 -1.182329
v -0.947990 2.422553 -1.099339
v -0.932919 2.686734 -0.986001
v -0.890000 2.899650 -0.859570
v -0.825767 3.028887 -0.739295
v -0.250687 2.650000 -1.511803
v -0.825767 1.726643 -1.213273
v -0.268012 2.560000 -1.490126
v -0.825767 1.918683 -1.265549
v -0.848995 2.167876 -1.238787
v -0.857151 2.444796 -1.160449
v -0.848995 2.707283 -1.042459
v -0.825767 2.915378 -0.902782
v -0.791005 3.037399 -0.762680
v -0.315344 2.494116 -1.430902
v -0.791005 1.735155 -1.236659
v -1.000000 1.700000 0.200000
v -0.652513 0.238995 -0.700000
v -0.380000 2.494116 -1.450000
v -0.919454 1.646716 -0.118198
v -0.380000 2.650000 -1.550000
v -0.750000 2.920901 -0.917955
v -0.851171 1.494975 -0.387953
v -0.380000 2.805885 -1.450000
v -0.750000 1.738143 -1.244870
v -0.805546 1.267878 -0.568198
v -0.380000 2.740000 -1.176795
v -0.380000 2.805885 -1.250000
v -0.789524 1.000000 -0.631492
v -0.509313 2.650000 -1.188197
v -0.491988 2.560000 -1.209874
v -0.444656 2.494116 -1.269098
v -0.805546 0.732122 -0.568198
v -0.491988 2.740000 -1.209874
v -0.444656 2.805885 -1.269098
v -0.851171 0.505025 -0.387953
v -0.589232 2.650000 -1.288197
v -0.561201 2.560000 -1.296477
v -0.484616 2.494116 -1.319098
v -0.919454 0.353284 -0.118198
v -0.561201 2.740000 -1.296477
v -0.484616 2.805885 -1.319098
v -1.000000 0.300000 0.200000
v -0.589232 2.650000 -1.411803
v -0.561201 2.560000 -1.403523
v -0.484616 2.494116 -1.380902
v -0.766061 0.269343 -0.700000
v -0.561201 2.740000 -1.403523
v -0.484616 2.805885 -1.380902
v -0.900000 0.280000 -0.700000
v -0.509313 2.650000 -1.511803
v -0.491988 2.560000 -1.490126
v -0.444656 2.494116 -1.430902
v -1.000000 0.505025 -0.436396
v -0.491988 2.740000 -1.490126
v -0.444656 2.805885 -1.430902
v -1.000000 0.732122 -0.631492
v -1.000000 1.000000 -0.700000
v -0.380000 2.560000 -1.523205
v -1.000000 1.267878 -0.631492
v 0.959232 3.400000 -1.119098
v -0.380000 2.740000 -1.523205
v -1.000000 1.646716 -0.144415
v -0.776256 0.269343 -0.802513
v -0.851171 0.353284 -0.043538
v -0.671351 0.238995 -0.889419
v -0.640695 0.505025 -0.043538
v -0.530546 0.732122 -0.118198
v -0.491866 1.000000 -0.144415
v -0.530546 1.267878 -0.118198
v -0.640695 1.494975 -0.043538
v -0.805546 1.646716 0.068198
v -0.601256 0.193576 -0.947487
v -0.805546 0.353284 0.068198
v -0.576642 0.140000 -0.967878
v -0.611091 0.505025 0.200000
v -0.491866 0.732122 0.200000
v -0.450000 1.000000 0.200000
v -0.491866 1.267878 0.200000
v -0.611091 1.494975 0.200000
v -0.789524 1.646716 0.200000
v -0.601256 0.086424 -0.947487
v -0.789524 0.353284 0.200000
v -0.671351 0.041005 -0.889419
v -0.640695 0.505025 0.443538
v -0.530546 0.732122 0.518198
v -0.491866 1.000000 0.544415
v -0.530546 1.267878 0.518198
v -0.640695 1.494975 0.443538
v -0.805546 1.646716 0.331802
v -0.776256 0.010657 -0.802513
v -0.805546 0.353284 0.331802
v -0.900000 0.000000 -0.700000
v -0.725000 0.505025 0.650000
v -0.640695 0.732122 0.787953
v -0.611091 1.000000 0.836396
v -0.640695 1.267878 0.787953
v -0.725000 1.494975 0.650000
v -0.851171 1.646716 0.443538
v 0.931201 3.310000 -1.123238
v -0.851171 0.353284 0.443538
v -0.805291 0.010657 -0.889419
v -0.851171 0.505025 0.787953
v -0.805546 0.732122 0.968198
v -0.789524 1.000000 1.031492
v -0.805546 1.267878 0.968198
v -0.851171 1.494975 0.787953
v -0.919454 1.646716 0.518198
v -0.725000 0.041005 -1.050000
v -0.919454 0.353284 0.518198
v -0.671351 0.086424 -1.157297
v -1.000000 0.505025 0.836396
v -1.000000 0.732122 1.031492
v -1.000000 1.000000 1.100000
v -1.000000 1.267878 1.031492
v -1.000000 1.494975 0.836396
v -1.000000 1.646716 0.544415
v -0.652513 0.140000 -1.194975
v -1.000000 0.353284 0.544415
v -0.671351 0.193576 -1.157297
v -1.148829 0.505025 0.787953
v -1.194454 0.732122 0.968198
v -1.210476 1.000000 1.031491
v -1.194454 1.267878 0.968198
v -1.148829 1.494975 0.787953
v -1.080546 1.646716 0.518198
v -0.725000 0.238995 -1.050000
v -1.080546 0.353284 0.518198
v -0.805291 0.269343 -0.889419
v -1.275000 0.505025 0.650000
v -1.359305 0.732122 0.787953
v -1.388909 1.000000 0.836396
v -1.359305 1.267878 0.787953
v -1.275000 1.494975 0.650000
v -1.148829 1.646716 0.443538
v 0.854616 3.244116 -1.134549
v -1.148829 0.353284 0.443538
v 0.931201 3.490000 -1.123238
v -1.359305 0.505025 0.443538
v -1.469454 0.732122 0.518198
v -1.508134 1.000000 0.544415
v -1.469454 1.267878 0.518198
v -1.359305 1.494975 0.443538
v -1.194454 1.646716 0.331802
v -0.848744 0.269343 -0.947487
v -1.194454 0.353284 0.331802
v -0.805291 0.238995 -1.157297
v -1.388909 0.505025 0.200000
v -1.508134 0.732122 0.200000
v -1.550000 1.000000 0.200000
v -1.508134 1.267878 0.200000
v -1.388909 1.494975 0.200000
v -1.210476 1.646716 0.200000
v -0.776256 0.193576 -1.297487
v -1.210476 0.353284 0.200000
v -0.766061 0.140000 -1.346716
v -1.359305 0.505025 -0.043538
v -1.469454 0.732122 -0.118198
v -1.508134 1.000000 -0.144416
v -1.469454 1.267878 -0.118198
v -1.359305 1.494975 -0.043538
v -1.194454 1.646716 0.068198
v -0.776256 0.086424 -1.297487
v -1.194454 0.353284 0.068198
v -0.805291 0.041005 -1.157297
v -1.275000 0.505025 -0.250000
v -1.359305 0.732122 -0.387954
v -1.388909 1.000000 -0.436396
v -1.359305 1.267878 -0.387954
v -1.275000 1.494975 -0.250000
v -1.148829 1.646716 -0.043538
v -0.848744 0.010657 -0.947487
v -1.148829 0.353284 -0.043538
v 0.854616 3.555885 -1.134549
v -1.148829 0.505025 -0.387953
v -1.194454 0.732122 -0.568198
v -1.210476 1.000000 -0.631492
v -1.194454 1.267878 -0.568198
v -1.148829 1.494975 -0.387953
v -1.080546 1.646716 -0.118198
v 0.750000 3.220000 -1.150000
v -1.080546 0.353284 -0.118198
v -0.900000 0.010657 -0.967878
v -0.900000 0.041005 -1.194975
v -0.900000 0.086424 -1.346716
v -0.900000 0.140000 -1.400000
v -0.900000 0.193576 -1.346716
v -1.000000 1.494975 -0.436396
v -0.900000 0.238995 -1.194975
v 0.748666 4.196447 -0.238004
v -1.000000 0.353284 -0.144415
v 0.854616 3.555885 -1.165451
v -0.576642 0.193576 -0.700000
v -0.550000 0.140000 -0.700000
v -0.576642 0.086424 -0.700000
v -0.652513 0.041005 -0.700000
v -0.766061 0.010657 -0.700000
v 0.931201 3.490000 -1.176762
v -0.671351 0.238995 -0.510581
v -0.776256 0.269343 -0.597487
v 0.854616 3.244116 -1.165451
v -0.601256 0.193576 -0.452513
v -0.576642 0.140000 -0.432121
v -0.601256 0.086424 -0.452513
v -0.671351 0.041005 -0.510581
v -0.776256 0.010657 -0.597487
v 0.931201 3.310000 -1.176762
v -0.725000 0.238995 -0.350000
v -0.805291 0.269343 -0.510581
v 0.959232 3.400000 -1.180902
v -0.671351 0.193576 -0.242703
v -0.652513 0.140000 -0.205025
v -0.671351 0.086424 -0.242703
v -0.725000 0.041005 -0.350000
v -0.805291 0.010657 -0.510581
v 0.750000 3.580000 -1.150000
v -0.805291 0.238995 -0.242703
v -0.848744 0.269343 -0.452513
v 0.788110 4.358658 -0.280310
v -0.776256 0.193576 -0.102513
v -0.766061 0.140000 -0.053284
v -0.776256 0.086424 -0.102513
v -0.805291 0.041005 -0.242703
v -0.848744 0.010657 -0.452513
v 0.879313 3.400000 -1.230902
v -0.900000 0.238995 -0.205025
v -0.900000 0.269343 -0.432122
v 0.861988 3.310000 -1.220063
v -0.900000 0.193576 -0.053284
v -0.900000 0.140000 0.000000
v -0.900000 0.086424 -0.053284
v -0.900000 0.041005 -0.205025
v -0.900000 0.010657 -0.432122
v 0.814656 3.244116 -1.190451
v -0.994709 0.238995 -0.242703
v -0.951256 0.269343 -0.452513
v 0.861988 3.490000 -1.220063
v -1.023744 0.193576 -0.102513
v -1.033939 0.140000 -0.053284
v -1.023744 0.086424 -0.102513
v -0.994709 0.041005 -0.242703
v -0.951256 0.010657 -0.452513
v 0.814656 3.555885 -1.190451
v -1.075000 0.238995 -0.350000
v -0.994709 0.269343 -0.510581
v 0.801962 4.550000 -0.295167
v -1.128649 0.193576 -0.242703
v -1.147487 0.140000 -0.205025
v -1.128649 0.086424 -0.242703
v -1.075000 0.041005 -0.350000
v -0.994709 0.010657 -0.510581
v 0.788110 4.741342 -0.280310
v -1.128649 0.238995 -0.510582
v -1.023744 0.269343 -0.597487
v -0.760000 0.120000 -1.570000
v -1.198744 0.193576 -0.452513
v -1.223358 0.140000 -0.432122
v -1.198744 0.086424 -0.452513
v -1.128649 0.041005 -0.510582
v -1.023744 0.010657 -0.597487
v -0.712447 0.135451 -1.350000
v -1.147487 0.238995 -0.700000
v -1.033939 0.269343 -0.700000
v 0.750000 3.555885 -1.200000
v -1.223358 0.193576 -0.700000
v -1.250000 0.140000 -0.700000
v -1.223358 0.086424 -0.700000
v -1.147487 0.041005 -0.700000
v -1.033939 0.010657 -0.700000
v -0.730611 0.079549 -1.350000
v -1.128648 0.238995 -0.889419
v -1.023744 0.269343 -0.802513
v 0.748666 4.903553 -0.238004
v -1.198744 0.193576 -0.947488
v -1.223358 0.140000 -0.967879
v -1.198744 0.086424 -0.947488
v -1.128648 0.041005 -0.889419
v -1.023744 0.010657 -0.802513
v -0.789389 0.079549 -1.350000
v -1.075000 0.238995 -1.050000
v -0.994709 0.269343 -0.889419
v -1.040000 0.120000 -1.570000
v -1.128648 0.193576 -1.157297
v -1.147487 0.140000 -1.194975
v -1.128648 0.086424 -1.157297
v -1.075000 0.041005 -1.050000
v -0.994709 0.010657 -0.889419
v -0.992447 0.135451 -1.350000
v -0.994709 0.238995 -1.157297
v -0.951256 0.269343 -0.947487
v 0.750000 3.244116 -1.200000
v -1.023744 0.193576 -1.297487
v -1.033939 0.140000 -1.346716
v -1.023744 0.086424 -1.297487
v -0.994709 0.041005 -1.157297
v -0.951256 0.010657 -0.947487
v -1.010611 0.079549 -1.350000
v -0.760000 0.170000 -1.350000
v -0.900000 0.269343 -0.967878
v -1.069389 0.079549 -1.350000
v 0.689634 5.011940 -0.174687
v -1.087553 0.135451 -1.350000
v -0.807553 0.135451 -1.350000
v -1.040000 0.170000 -1.350000
v 0.750000 3.400000 -1.250000
v 0.620000 5.050000 -0.100000
v 0.645882 4.500000 -0.183407
v 0.879313 3.400000 -1.069098
v 0.861988 3.310000 -1.079937
v 0.814656 3.244116 -1.109549
v 0.861988 3.490000 -1.079937
v 0.814656 3.555885 -1.109549
v 0.646965 5.011940 -0.180430
v 0.669824 4.903553 -0.248616
v 0.750000 3.400000 -1.050000
v 0.750000 3.310000 -1.063397
v 0.750000 3.244116 -1.100000
v 0.750000 3.490000 -1.063397
v 0.750000 3.555885 -1.100000
v 0.685099 4.741342 -0.294176
v 0.690462 4.550000 -0.310174
v 0.620687 3.400000 -1.069098
v 0.638012 3.310000 -1.079937
v 0.685344 3.244116 -1.109549
v 0.638012 3.490000 -1.079937
v 0.685344 3.555885 -1.109549
v 0.685099 4.358658 -0.294176
v 0.669824 4.196447 -0.248616
v 0.540768 3.400000 -1.119098
v 0.568799 3.310000 -1.123238
v 0.645384 3.244116 -1.134549
v 0.568799 3.490000 -1.123238
v 0.645384 3.555885 -1.134549
v 0.646965 4.088060 -0.180430
v 0.620000 4.050000 -0.100000
v 0.540768 3.400000 -1.180902
v 0.568799 3.310000 -1.176762
v 0.645384 3.244116 -1.165451
v 0.568799 3.490000 -1.176762
v 0.645384 3.555885 -1.165451
v 0.642414 4.330000 -0.196348
v 0.632941 4.205551 -0.231704
v 0.620687 3.400000 -1.230902
v 0.638012 3.310000 -1.220063
v 0.685344 3.244116 -1.190451
v 0.638012 3.490000 -1.220063
v 0.685344 3.555885 -1.190451
v 0.583397 4.196447 -0.236603
v 0.572176 4.358658 -0.278480
v 0.568236 4.550000 -0.293185
v 0.750000 3.310000 -1.236603
v 0.572176 4.741342 -0.278480
v 0.750000 3.490000 -1.236603
v 0.620000 4.160000 -0.280000
v 0.600191 5.011940 -0.173929
v 0.799063 5.050000 -0.097751
v 0.689634 4.088060 -0.174687
v 0.687245 4.205551 -0.256140
v 0.807920 4.196447 -0.206382
v 0.865529 4.358658 -0.238994
v 0.885759 4.550000 -0.250446
v 0.865529 4.741342 -0.238994
v 0.807920 4.903553 -0.206382
v 0.721701 5.011940 -0.157573
v 0.736472 4.330000 -0.238674
v 0.721701 4.088060 -0.157573
v 0.754490 4.500000 -0.232281
v 0.838564 4.196447 -0.158564
v 0.905568 4.358658 -0.176518
v 0.929096 4.550000 -0.182822
v 0.905568 4.741342 -0.176518
v 0.838564 4.903553 -0.158564
v 0.738286 5.011940 -0.131695
v 0.736472 4.670000 -0.238674
v 0.738286 4.088060 -0.131695
v 0.687245 4.794449 -0.256140
v 0.835934 4.196447 -0.101831
v 0.902131 4.358658 -0.102392
v 0.925377 4.550000 -0.102589
v 0.902131 4.741342 -0.102392
v 0.835934 4.903553 -0.101831
v 0.736863 5.011940 -0.100991
v 0.620000 4.840000 -0.280000
v 0.736863 4.088060 -0.100991
v 0.785791 4.930000 -0.098053
v 0.800430 4.196447 -0.044818
v 0.855743 4.358658 -0.027902
v 0.875167 4.550000 -0.021961
v 0.855743 4.741342 -0.027902
v 0.800430 4.903553 -0.044818
v 0.717648 5.011940 -0.070136
v 0.715864 4.794449 -0.289691
v 0.717648 4.088060 -0.070136
v 0.786041 4.670000 -0.296785
v 0.737457 4.196447 0.003793
v 0.773465 4.358658 0.035612
v 0.786109 4.550000 0.046785
v 0.773465 4.741342 0.035612
v 0.737457 4.903553 0.003793
v 0.683567 5.011940 -0.043828
v 0.811728 4.500000 -0.299382
v 0.683567 4.088060 -0.043828
v 0.786041 4.330000 -0.296785
v 0.656602 4.196447 0.036603
v 0.667823 4.358658 0.078480
v 0.671764 4.550000 0.093185
v 0.667823 4.741342 0.078480
v 0.656602 4.903553 0.036603
v 0.639809 5.011940 -0.026071
v 0.715864 4.205551 -0.289691
v 0.639809 4.088060 -0.026071
v 0.749532 4.842154 -0.098876
v 0.570175 4.196447 0.048616
v 0.554901 4.358658 0.094176
v 0.549537 4.550000 0.110174
v 0.554901 4.741342 0.094176
v 0.570175 4.903553 0.048616
v 0.593035 5.011940 -0.019570
v 0.700000 4.810000 -0.100000
v 0.593035 4.088060 -0.019570
v 0.707866 4.205551 -0.319540
v 0.491334 4.196447 0.038004
v 0.451889 4.358658 0.080310
v 0.438038 4.550000 0.095167
v 0.451889 4.741342 0.080310
v 0.491334 4.903553 0.038004
v 0.550366 5.011940 -0.025313
v 0.772188 4.330000 -0.348484
v 0.550366 4.088060 -0.025313
v 0.795732 4.500000 -0.359079
v 0.432080 4.196447 0.006382
v 0.374471 4.358658 0.038994
v 0.354241 4.550000 0.050446
v 0.374471 4.741342 0.038994
v 0.432080 4.903553 0.006382
v 0.518299 5.011940 -0.042427
v 0.772188 4.670000 -0.348484
v 0.518299 4.088060 -0.042427
v 0.707866 4.794449 -0.319540
v 0.401436 4.196447 -0.041436
v 0.334432 4.358658 -0.023482
v 0.310904 4.550000 -0.017178
v 0.334432 4.741342 -0.023482
v 0.401436 4.903553 -0.041436
v 0.501714 5.011940 -0.068305
v 0.890000 1.902956 -1.222337
v 0.501714 4.088060 -0.068305
v 0.742333 4.842154 -0.125740
v 0.404066 4.196447 -0.098169
v 0.337869 4.358658 -0.097608
v 0.314623 4.550000 -0.097411
v 0.337869 4.741342 -0.097608
v 0.404066 4.903553 -0.098169
v 0.503137 5.011940 -0.099009
v 0.666306 4.794449 -0.334286
v 0.503137 4.088060 -0.099009
v 0.700205 4.670000 -0.374025
v 0.439570 4.196447 -0.155182
v 0.384257 4.358658 -0.172098
v 0.364834 4.550000 -0.178039
v 0.384257 4.741342 -0.172098
v 0.439570 4.903553 -0.155182
v 0.522352 5.011940 -0.129864
v 0.712613 4.500000 -0.388571
v 0.522352 4.088060 -0.129864
v 0.700205 4.330000 -0.374025
v 0.502543 4.196447 -0.203793
v 0.466535 4.358658 -0.235612
v 0.453891 4.550000 -0.246785
v 0.466535 4.741342 -0.235612
v 0.502543 4.903553 -0.203793
v 0.556433 5.011940 -0.156172
v 0.666306 4.205551 -0.334286
v 0.556433 4.088060 -0.156172
v 0.773324 4.930000 -0.144582
v 0.784667 5.050000 -0.151479
v 0.607059 4.205551 -0.328296
v 0.773324 5.170000 -0.144582
v 0.594118 4.500000 -0.376593
v 0.583398 4.903553 -0.236603
v 0.742333 5.257846 -0.125740
v 0.607059 4.794449 -0.328296
v 0.600191 4.088060 -0.173929
v 0.700000 5.290000 -0.100000
v 0.642414 4.670000 -0.196348
v 0.632941 4.794449 -0.231704
v 0.932919 2.147327 -1.182329
v 0.527387 4.500000 -0.171429
v 0.539795 4.330000 -0.185975
v 0.573694 4.205551 -0.225714
v 0.718965 5.257846 -0.142772
v 0.539795 4.670000 -0.185975
v 0.573694 4.794449 -0.225714
v 0.732849 5.170000 -0.174083
v 0.444268 4.500000 -0.200921
v 0.467812 4.330000 -0.211516
v 0.532134 4.205551 -0.240460
v 0.737931 5.050000 -0.185544
v 0.467812 4.670000 -0.211516
v 0.532134 4.794449 -0.240460
v 0.732849 4.930000 -0.174083
v 0.428272 4.500000 -0.260618
v 0.453959 4.330000 -0.263215
v 0.524136 4.205551 -0.270309
v 0.718965 4.842154 -0.142772
v 0.453959 4.670000 -0.263215
v 0.524136 4.794449 -0.270309
v 0.947990 2.422553 -1.099339
v 0.485510 4.500000 -0.327719
v 0.503528 4.330000 -0.321326
v 0.552755 4.205551 -0.303860
v 0.932919 2.686734 -0.986001
v 0.503528 4.670000 -0.321326
v 0.552755 4.794449 -0.303860
v 0.688353 4.842154 -0.143467
v 0.890000 2.899650 -0.859570
v 0.597586 4.330000 -0.363652
v 0.676706 5.050000 -0.186933
v 0.825767 3.028887 -0.739295
v 0.597586 4.670000 -0.363652
v 0.688353 5.257846 -0.143467
v 0.750000 3.054770 -0.643485
v 0.785791 5.170000 -0.098053
v 0.749532 5.257846 -0.098876
v 0.380000 2.650000 -1.150000
v 0.775621 5.050000 -0.044882
v 0.765489 4.930000 -0.052267
v 0.737810 4.842154 -0.072441
v 0.791005 3.037399 -0.762680
v 0.765489 5.170000 -0.052267
v 0.737810 5.257846 -0.072441
v 0.825767 2.915378 -0.902782
v 0.723294 5.050000 -0.013067
v 0.720173 4.930000 -0.024714
v 0.711647 4.842154 -0.056533
v 0.848995 2.707283 -1.042459
v 0.720173 5.170000 -0.024714
v 0.711647 5.257846 -0.056533
v 0.857151 2.444796 -1.160449
v 0.662069 5.050000 -0.014456
v 0.667151 4.930000 -0.025917
v 0.681035 4.842154 -0.057228
v 0.848995 2.167876 -1.238787
v 0.667151 5.170000 -0.025917
v 0.681035 5.257846 -0.057228
v 0.825767 1.918683 -1.265549
v 0.615333 5.050000 -0.048521
v 0.626676 4.930000 -0.055418
v 0.657667 4.842154 -0.074260
v 0.791005 1.735155 -1.236658
v 0.626676 5.170000 -0.055418
v 0.657667 5.257846 -0.074260
v 0.750000 1.645230 -1.156515
v 0.600937 5.050000 -0.102249
v 0.614209 4.930000 -0.101947
v 0.650468 4.842154 -0.101124
v 0.380000 2.560000 -1.176795
v 0.614209 5.170000 -0.101947
v 0.650468 5.257846 -0.101124
v 0.380000 2.494116 -1.250000
v 0.624379 5.050000 -0.155118
v 0.634511 4.930000 -0.147733
v 0.662190 4.842154 -0.127559
v 0.750000 1.924206 -1.280722
v 0.634511 5.170000 -0.147733
v 0.662190 5.257846 -0.127559
v 0.750000 2.175092 -1.258613
v 0.750000 2.452606 -1.181908
v 0.679827 4.930000 -0.175286
v 0.750000 2.714499 -1.062285
v 0.380000 2.470000 -1.350000
v 0.679827 5.170000 -0.175286
v 0.750000 3.040388 -0.770892
v 1.275000 0.505025 -0.250000
v 0.825767 1.726643 -1.213273
v 0.444656 2.494116 -1.269098
v 0.932919 1.879418 -1.157667
v 0.988995 2.116573 -1.097834
v 1.008686 2.389266 -1.007881
v 0.988995 2.655980 -0.901505
v 0.932919 2.876112 -0.794900
v 0.848995 3.016148 -0.704295
v 0.491988 2.560000 -1.209874
v 0.848995 1.713904 -1.178273
v 0.509313 2.650000 -1.188197
v 0.947990 1.851653 -1.081383
v 1.008686 2.080296 -0.998164
v 1.030000 2.350000 -0.900000
v 1.008686 2.619704 -0.801836
v 0.947990 2.848347 -0.718616
v 0.857151 3.001122 -0.663011
v 0.491988 2.740000 -1.209874
v 0.857151 1.698878 -1.136989
v 0.444656 2.805885 -1.269098
v 0.932919 1.823888 -1.005100
v 0.988995 2.044019 -0.898495
v 1.008686 2.310734 -0.792118
v 0.988995 2.583427 -0.702166
v 0.932919 2.820582 -0.642333
v 0.848995 2.986096 -0.621727
v 0.380000 2.830000 -1.350000
v 0.848995 1.683851 -1.095705
v 1.359305 0.732122 -0.387953
v 0.890000 1.800350 -0.940430
v 0.932919 2.013266 -0.813999
v 0.947990 2.277447 -0.700661
v 0.932919 2.552673 -0.617671
v 0.890000 2.797044 -0.577663
v 0.825767 2.973357 -0.586727
v 0.484616 2.805885 -1.319098
v 0.825767 1.671113 -1.060705
v 0.561201 2.740000 -1.296477
v 0.825767 1.784622 -0.897218
v 0.848995 1.992717 -0.757541
v 0.857151 2.255204 -0.639551
v 0.848995 2.532124 -0.561213
v 0.825767 2.781317 -0.534451
v 0.791005 2.964845 -0.563341
v 0.589232 2.650000 -1.288197
v 0.791005 1.662601 -1.037320
v 0.561201 2.560000 -1.296477
v 0.750000 1.779099 -0.882045
v 0.750000 1.985501 -0.737715
v 0.750000 2.247394 -0.618092
v 0.750000 2.524908 -0.541387
v 0.750000 2.775794 -0.519278
v 0.750000 2.961856 -0.555130
v 0.484616 2.494116 -1.319098
v 0.750000 1.659612 -1.029108
v 1.388909 1.000000 -0.436396
v 0.674232 1.784622 -0.897218
v 0.651005 1.992717 -0.757541
v 0.642849 2.255204 -0.639551
v 0.651005 2.532124 -0.561213
v 0.674232 2.781317 -0.534451
v 0.708995 2.964845 -0.563341
v 1.359305 1.267878 -0.387953
v 0.708995 1.662601 -1.037320
v 0.484616 2.494116 -1.380902
v 0.610000 1.800350 -0.940430
v 0.567081 2.013266 -0.813999
v 0.552010 2.277447 -0.700661
v 0.567081 2.552673 -0.617671
v 0.610000 2.797044 -0.577663
v 0.674232 2.973357 -0.586727
v 0.561201 2.560000 -1.403523
v 0.674232 1.671113 -1.060705
v 0.589232 2.650000 -1.411803
v 0.567081 1.823888 -1.005100
v 0.511005 2.044020 -0.898495
v 0.491314 2.310734 -0.792119
v 0.511005 2.583427 -0.702167
v 0.567081 2.820582 -0.642333
v 0.651005 2.986096 -0.621727
v 0.561201 2.740000 -1.403523
v 0.651005 1.683851 -1.095705
v 0.484616 2.805885 -1.380902
v 0.552010 1.851653 -1.081384
v 0.491314 2.080296 -0.998164
v 0.470000 2.350000 -0.900000
v 0.491314 2.619704 -0.801836
v 0.552010 2.848347 -0.718616
v 0.642849 3.001122 -0.663011
v 1.275000 1.494975 -0.250000
v 0.642849 1.698878 -1.136989
v 1.148829 1.646716 -0.043538
v 0.567081 1.879418 -1.157667
v 0.511005 2.116573 -1.097834
v 0.491314 2.389266 -1.007882
v 0.511005 2.655980 -0.901505
v 0.567081 2.876112 -0.794900
v 0.651005 3.016148 -0.704295
v 0.444656 2.805885 -1.430902
v 0.651005 1.713904 -1.178273
v 0.491988 2.740000 -1.490126
v 0.610000 1.902956 -1.222337
v 0.567081 2.147327 -1.182329
v 0.552010 2.422553 -1.099339
v 0.567081 2.686734 -0.986001
v 0.610000 2.899650 -0.859570
v 0.674233 3.028887 -0.739295
v 0.509313 2.650000 -1.511803
v 0.674233 1.726643 -1.213273
v 0.491988 2.560000 -1.490126
v 0.674233 1.918683 -1.265549
v 0.651005 2.167876 -1.238787
v 0.642849 2.444796 -1.160449
v 0.651005 2.707283 -1.042459
v 0.674233 2.915378 -0.902782
v 0.708995 3.037399 -0.762680
v 0.444656 2.494116 -1.430902
v 0.708995 1.735155 -1.236659
v 1.000000 1.700000 0.200000
v 1.147487 0.238995 -0.700000
v 0.380000 2.494116 -1.450000
v 1.080546 1.646716 -0.118198
v 0.380000 2.650000 -1.550000
v 0.750000 2.920901 -0.917955
v 1.148829 1.494975 -0.387953
v 0.380000 2.805885 -1.450000
v 0.750000 1.738143 -1.244870
v 1.194454 1.267878 -0.568198
v 0.380000 2.740000 -1.176795
v 0.380000 2.805885 -1.250000
v 1.210476 1.000000 -0.631492
v 0.250687 2.650000 -1.188197
v 0.268012 2.560000 -1.209874
v 0.315344 2.494116 -1.269098
v 1.194454 0.732122 -0.568198
v 0.268012 2.740000 -1.209874
v 0.315344 2.805885 -1.269098
v 1.148829 0.505025 -0.387953
v 0.170768 2.650000 -1.288197
v 0.198799 2.560000 -1.296477
v 0.275384 2.494116 -1.319098
v 1.080546 0.353284 -0.118198
v 0.198799 2.740000 -1.296477
v 0.275384 2.805885 -1.319098
v 1.000000 0.300000 0.200000
v 0.170768 2.650000 -1.411803
v 0.198799 2.560000 -1.403523
v 0.275384 2.494116 -1.380902
v 1.033939 0.269343 -0.700000
v 0.198799 2.740000 -1.403523
v 0.275384 2.805885 -1.380902
v 0.900000 0.280000 -0.700000
v 0.250687 2.650000 -1.511803
v 0.268012 2.560000 -1.490126
v 0.315344 2.494116 -1.430902
v 1.000000 0.505025 -0.436396
v 0.268012 2.740000 -1.490126
v 0.315344 2.805885 -1.430902
v 1.000000 0.732122 -0.631492
v 1.000000 1.000000 -0.700000
v 0.380000 2.560000 -1.523205
v 1.000000 1.267878 -0.631492
v 0.000000 2.050000 -1.500000
v 0.380000 2.740000 -1.523205
v 1.000000 1.646716 -0.144415
v 1.023744 0.269343 -0.802513
v 1.148829 0.353284 -0.043538
v 1.128649 0.238995 -0.889419
v 1.359305 0.505025 -0.043538
v 1.469454 0.732122 -0.118198
v 1.508134 1.000000 -0.144415
v 1.469454 1.267878 -0.118198
v 1.359305 1.494975 -0.043538
v 1.194454 1.646716 0.068198
v 1.198744 0.193576 -0.947487
v 1.194454 0.353284 0.068198
v 1.223358 0.140000 -0.967878
v 1.388909 0.505025 0.200000
v 1.508134 0.732122 0.200000
v 1.550000 1.000000 0.200000
v 1.508134 1.267878 0.200000
v 1.388909 1.494975 0.200000
v 1.210476 1.646716 0.200000
v 1.198744 0.086424 -0.947487
v 1.210476 0.353284 0.200000
v 1.128649 0.041005 -0.889419
v 1.359305 0.505025 0.443538
v 1.469454 0.732122 0.518198
v 1.508134 1.000000 0.544415
v 1.469454 1.267878 0.518198
v 1.359305 1.494975 0.443538
v 1.194454 1.646716 0.331802
v 1.023744 0.010657 -0.802513
v 1.194454 0.353284 0.331802
v 0.900000 0.000000 -0.700000
v 1.275000 0.505025 0.650000
v 1.359305 0.732122 0.787953
v 1.388909 1.000000 0.836396
v 1.359305 1.267878 0.787953
v 1.275000 1.494975 0.650000
v 1.148829 1.646716 0.443538
v 0.102827 2.084254 -1.602827
v 1.148829 0.353284 0.443538
v 0.994709 0.010657 -0.889419
v 1.148829 0.505025 0.787953
v 1.194454 0.732122 0.968198
v 1.210476 1.000000 1.031492
v 1.194454 1.267878 0.968198
v 1.148829 1.494975 0.787953
v 1.080546 1.646716 0.518198
v 1.075000 0.041005 -1.050000
v 1.080546 0.353284 0.518198
v 1.128649 0.086424 -1.157297
v 1.000000 0.505025 0.836396
v 1.000000 0.732122 1.031492
v 1.000000 1.000000 1.100000
v 1.000000 1.267878 1.031492
v 1.000000 1.494975 0.836396
v 1.000000 1.646716 0.544415
v 1.147487 0.140000 -1.194975
v 1.000000 0.353284 0.544415
v 1.128649 0.193576 -1.157297
v 0.851171 0.505025 0.787953
v 0.805546 0.732122 0.968198
v 0.789524 1.000000 1.031491
v 0.805546 1.267878 0.968198
v 0.851171 1.494975 0.787953
v 0.919454 1.646716 0.518198
v 1.075000 0.238995 -1.050000
v 0.919454 0.353284 0.518198
v 0.994709 0.269343 -0.889419
v 0.725000 0.505025 0.650000
v 0.640695 0.732122 0.787953
v 0.611091 1.000000 0.836396
v 0.640695 1.267878 0.787953
v 0.725000 1.494975 0.650000
v 0.851171 1.646716 0.443538
v 0.190000 2.181802 -1.690000
v 0.851171 0.353284 0.443538
v 0.102827 2.915746 -1.602827
v 0.640695 0.505025 0.443538
v 0.530546 0.732122 0.518198
v 0.491866 1.000000 0.544415
v 0.530546 1.267878 0.518198
v 0.640695 1.494975 0.443538
v 0.805546 1.646716 0.331802
v 0.951256 0.269343 -0.947487
v 0.805546 0.353284 0.331802
v 0.994709 0.238995 -1.157297
v 0.611091 0.505025 0.200000
v 0.491866 0.732122 0.200000
v 0.450000 1.000000 0.200000
v 0.491866 1.267878 0.200000
v 0.611091 1.494975 0.200000
v 0.789524 1.646716 0.200000
v 1.023744 0.193576 -1.297487
v 0.789524 0.353284 0.200000
v 1.033939 0.140000 -1.346716
v 0.640695 0.505025 -0.043538
v 0.530546 0.732122 -0.118198
v 0.491866 1.000000 -0.144416
v 0.530546 1.267878 -0.118198
v 0.640695 1.494975 -0.043538
v 0.805546 1.646716 0.068198
v 1.023744 0.086424 -1.297487
v 0.805546 0.353284 0.068198
v 0.994709 0.041005 -1.157297
v 0.725000 0.505025 -0.250000
v 0.640695 0.732122 -0.387954
v 0.611091 1.000000 -0.436396
v 0.640695 1.267878 -0.387954
v 0.725000 1.494975 -0.250000
v 0.851171 1.646716 -0.043538
v 0.951256 0.010657 -0.947487
v 0.851171 0.353284 -0.043538
v 0.190000 2.818198 -1.690000
v 0.851171 0.505025 -0.387953
v 0.805546 0.732122 -0.568198
v 0.789524 1.000000 -0.631492
v 0.805546 1.267878 -0.568198
v 0.851171 1.494975 -0.387953
v 0.919454 1.646716 -0.118198
v 0.248247 2.327792 -1.748247
v 0.919454 0.353284 -0.118198
v 0.900000 0.010657 -0.967878
v 0.900000 0.041005 -1.194975
v 0.900000 0.086424 -1.346716
v 0.900000 0.140000 -1.400000
v 0.900000 0.193576 -1.346716
v 1.000000 1.494975 -0.436396
v 0.900000 0.238995 -1.194975
v 0.268701 2.500000 -1.768701
v 1.000000 0.353284 -0.144415
v 0.248247 2.672208 -1.748247
v 1.223358 0.193576 -0.700000
v 1.250000 0.140000 -0.700000
v 1.223358 0.086424 -0.700000
v 1.147487 0.041005 -0.700000
v 1.033939 0.010657 -0.700000
v 0.000000 2.950000 -1.500000
v 1.128648 0.238995 -0.510581
v 1.023744 0.269343 -0.597487
v 0.296985 3.021421 -1.500000
v 1.198744 0.193576 -0.452513
v 1.223358 0.140000 -0.432121
v 1.198744 0.086424 -0.452513
v 1.128648 0.041005 -0.510581
v 1.023744 0.010657 -0.597487
v 0.134350 2.672208 -1.824350
v 1.075000 0.238995 -0.350000
v 0.994709 0.269343 -0.510581
v 0.145420 2.500000 -1.851074
v 1.128648 0.193576 -0.242703
v 1.147487 0.140000 -0.205025
v 1.128648 0.086424 -0.242703
v 1.075000 0.041005 -0.350000
v 0.994709 0.010657 -0.510581
v 0.134350 2.327792 -1.824350
v 0.994709 0.238995 -0.242703
v 0.951256 0.269343 -0.452513
v 0.102827 2.818198 -1.748247
v 1.023744 0.193576 -0.102513
v 1.033939 0.140000 -0.053284
v 1.023744 0.086424 -0.102513
v 0.994709 0.041005 -0.242703
v 0.951256 0.010657 -0.452513
v 0.055650 2.915746 -1.634350
v 0.900000 0.238995 -0.205025
v 0.900000 0.269343 -0.432122
v 0.102827 2.181802 -1.748247
v 0.900000 0.193576 -0.053284
v 0.900000 0.140000 0.000000
v 0.900000 0.086424 -0.053284
v 0.900000 0.041005 -0.205025
v 0.900000 0.010657 -0.432122
v 0.055650 2.084254 -1.634350
v 0.805291 0.238995 -0.242703
v 0.848744 0.269343 -0.452513
v 0.160727 3.064776 -1.500000
v 0.776256 0.193576 -0.102513
v 0.766061 0.140000 -0.053284
v 0.776256 0.086424 -0.102513
v 0.805291 0.041005 -0.242703
v 0.848744 0.010657 -0.452513
v 0.000000 3.080000 -1.500000
v 0.725000 0.238995 -0.350000
v 0.805291 0.269343 -0.510581
v 0.000000 3.100000 -1.440000
v 0.671351 0.193576 -0.242703
v 0.652512 0.140000 -0.205025
v 0.671351 0.086424 -0.242703
v 0.725000 0.041005 -0.350000
v 0.805291 0.010657 -0.510581
v 0.148492 3.064776 -1.561508
v 0.671351 0.238995 -0.510582
v 0.776256 0.269343 -0.597487
v 1.040000 0.120000 -1.570000
v 0.601256 0.193576 -0.452513
v 0.576642 0.140000 -0.432122
v 0.601256 0.086424 -0.452513
v 0.671351 0.041005 -0.510582
v 0.776256 0.010657 -0.597487
v 1.087553 0.135451 -1.350000
v 0.652513 0.238995 -0.700000
v 0.766061 0.269343 -0.700000
v 0.274378 3.021421 -1.613651
v 0.576642 0.193576 -0.700000
v 0.550000 0.140000 -0.700000
v 0.576642 0.086424 -0.700000
v 0.652513 0.041005 -0.700000
v 0.766061 0.010657 -0.700000
v 1.069389 0.079549 -1.350000
v 0.671352 0.238995 -0.889419
v 0.776256 0.269343 -0.802513
v 0.000000 2.818198 -1.768701
v 0.601256 0.193576 -0.947488
v 0.576642 0.140000 -0.967879
v 0.601256 0.086424 -0.947488
v 0.671352 0.041005 -0.889419
v 0.776256 0.010657 -0.802513
v 1.010611 0.079549 -1.350000
v 0.725000 0.238995 -1.050000
v 0.805291 0.269343 -0.889419
v 0.760000 0.120000 -1.570000
v 0.671352 0.193576 -1.157297
v 0.652513 0.140000 -1.194975
v 0.671352 0.086424 -1.157297
v 0.725000 0.041005 -1.050000
v 0.805291 0.010657 -0.889419
v 0.807553 0.135451 -1.350000
v 0.805291 0.238995 -1.157297
v 0.848744 0.269343 -0.947487
v 0.000000 2.327792 -1.851074
v 0.776256 0.193576 -1.297487
v 0.766061 0.140000 -1.346716
v 0.776256 0.086424 -1.297487
v 0.805291 0.041005 -1.157297
v 0.848744 0.010657 -0.947487
v 0.789389 0.079549 -1.350000
v 1.040000 0.170000 -1.350000
v 0.900000 0.269343 -0.967878
v 0.730611 0.079549 -1.350000
v 0.000000 2.500000 -1.880000
v 0.712447 0.135451 -1.350000
v 0.992447 0.135451 -1.350000
v 0.760000 0.170000 -1.350000
v 0.000000 2.672208 -1.851074
v 0.358492 2.956537 -1.648492
v 0.388029 2.880000 -1.660727
v 0.134350 2.084254 -1.555650
v 0.248247 2.181802 -1.602827
v 0.134350 2.915746 -1.555650
v 0.248247 2.818198 -1.602827
v 0.324350 2.327792 -1.634350
v 0.351074 2.500000 -1.645420
v 0.324350 2.672208 -1.634350
v 0.358492 2.803463 -1.648492
v 0.274378 2.738579 -1.613651
v 0.145420 2.084254 -1.500000
v 0.268701 2.181802 -1.500000
v 0.145420 2.915746 -1.500000
v 0.268701 2.818198 -1.500000
v 0.351074 2.327792 -1.500000
v 0.380000 2.500000 -1.500000
v 0.351074 2.672208 -1.500000
v 0.148492 2.695224 -1.561508
v 0.000000 2.680000 -1.500000
v 0.134350 2.084254 -1.444350
v 0.248247 2.181802 -1.397173
v 0.134350 2.915746 -1.444350
v 0.248247 2.818198 -1.397173
v 0.324350 2.327792 -1.365650
v 0.351074 2.500000 -1.354580
v 0.324350 2.672208 -1.365650
v 0.000000 3.040000 -1.448038
v 0.113651 2.695224 -1.613651
v 0.102827 2.084254 -1.397173
v 0.190000 2.181802 -1.310000
v 0.102827 2.915746 -1.397173
v 0.190000 2.818198 -1.310000
v 0.248247 2.327792 -1.251753
v 0.268701 2.500000 -1.231299
v 0.248247 2.672208 -1.251753
v 0.210000 2.738579 -1.710000
v 0.274378 2.803463 -1.774378
v 0.055650 2.084254 -1.365650
v 0.102827 2.181802 -1.251753
v 0.055650 2.915746 -1.365650
v 0.102827 2.818198 -1.251753
v 0.134350 2.327792 -1.175650
v 0.145420 2.500000 -1.148926
v 0.134350 2.672208 -1.175650
v 0.296985 2.880000 -1.796985
v 0.274378 2.956537 -1.774378
v -0.000000 2.084254 -1.354580
v -0.000000 2.181802 -1.231300
v -0.000000 2.915746 -1.354580
v -0.000000 2.818198 -1.231300
v -0.000000 2.327792 -1.148926
v -0.000000 2.500000 -1.120000
v -0.000000 2.672208 -1.148926
v 0.210000 3.021421 -1.710000
v 0.113651 3.064776 -1.613651
v -0.055650 2.084254 -1.365650
v -0.102827 2.181802 -1.251753
v -0.055650 2.915746 -1.365650
v -0.102827 2.818198 -1.251753
v -0.134350 2.327792 -1.175650
v -0.145420 2.500000 -1.148926
v -0.134350 2.672208 -1.175650
v 0.000000 2.996077 -1.470000
v 0.000000 2.980000 -1.500000
v -0.102827 2.084254 -1.397173
v -0.190000 2.181802 -1.310000
v -0.102827 2.915746 -1.397173
v -0.190000 2.818198 -1.310000
v -0.248247 2.327792 -1.251753
v -0.268701 2.500000 -1.231300
v -0.248247 2.672208 -1.251753
v 0.061508 3.064776 -1.648492
v 0.113651 3.021421 -1.774378
v -0.134350 2.084254 -1.444350
v -0.248247 2.181802 -1.397173
v -0.134350 2.915746 -1.444350
v -0.248247 2.818198 -1.397173
v -0.324350 2.327792 -1.365650
v -0.351074 2.500000 -1.354581
v -0.324350 2.672208 -1.365650
v 0.148492 2.956537 -1.858492
v 0.160727 2.880000 -1.888029
v -0.145420 2.084254 -1.500000
v -0.268701 2.181802 -1.500000
v -0.145420 2.915746 -1.500000
v -0.268701 2.818198 -1.500000
v -0.351074 2.327792 -1.500000
v -0.380000 2.500000 -1.500000
v -0.351074 2.672208 -1.500000
v 0.148492 2.803463 -1.858492
v 0.113651 2.738579 -1.774378
v -0.134350 2.084254 -1.555650
v -0.248247 2.181802 -1.602827
v -0.134350 2.915746 -1.555650
v -0.248247 2.818198 -1.602827
v -0.324350 2.327792 -1.634350
v -0.351074 2.500000 -1.645420
v -0.324350 2.672208 -1.634350
v 0.061508 2.695224 -1.648492
v -0.740000 1.058984 1.078516
v -0.102827 2.084254 -1.602827
v -0.190000 2.181802 -1.690000
v -0.102827 2.915746 -1.602827
v -0.190000 2.818198 -1.690000
v -0.248247 2.327792 -1.748247
v -0.268700 2.500000 -1.768701
v -0.248247 2.672208 -1.748247
v 0.017634 2.996077 -1.475729
v 0.000000 2.695224 -1.660727
v -0.055650 2.084254 -1.634350
v -0.102827 2.181802 -1.748247
v -0.055650 2.915746 -1.634350
v -0.102827 2.818198 -1.748247
v -0.134350 2.327792 -1.824350
v -0.145419 2.500000 -1.851074
v -0.134350 2.672208 -1.824350
v 0.000000 2.738579 -1.796985
v 0.000000 2.803463 -1.888029
v 0.000000 2.084254 -1.645420
v 0.000000 2.181802 -1.768700
v 0.000000 2.915746 -1.645420
v 0.000000 2.880000 -1.920000
v 0.000000 2.956537 -1.888029
v 0.000000 3.021421 -1.796985
v 0.030542 3.040000 -1.457962
v 0.035267 3.100000 -1.451459
v 0.388029 2.956537 -1.500000
v 0.420000 2.880000 -1.500000
v 0.388029 2.803463 -1.500000
v 0.296985 2.738579 -1.500000
v 0.160727 2.695224 -1.500000
v 0.030542 3.160000 -1.457962
v 0.274378 3.021421 -1.386349
v 0.148492 3.064776 -1.438492
v 0.017634 3.203923 -1.475729
v 0.358492 2.956537 -1.351508
v 0.388029 2.880000 -1.339273
v 0.358492 2.803463 -1.351508
v 0.274378 2.738579 -1.386349
v 0.148492 2.695224 -1.438492
v 0.000000 3.220000 -1.500000
v 0.210000 3.021421 -1.290000
v 0.113651 3.064776 -1.386349
v -0.683671 0.830130 1.245308
v 0.274378 2.956537 -1.225622
v 0.296985 2.880000 -1.203015
v 0.274378 2.803463 -1.225622
v 0.210000 2.738579 -1.290000
v 0.113651 2.695224 -1.386349
v 0.028532 3.203923 -1.490729
v 0.113651 3.021421 -1.225622
v 0.061508 3.064776 -1.351508
v 0.049418 3.160000 -1.483943
v 0.148492 2.956537 -1.141508
v 0.160727 2.880000 -1.111971
v 0.148492 2.803463 -1.141508
v 0.113651 2.738579 -1.225622
v 0.061508 2.695224 -1.351508
v 0.057063 3.100000 -1.481459
v -0.000000 3.021421 -1.203015
v -0.000000 3.064776 -1.339273
v 0.049418 3.040000 -1.483943
v -0.000000 2.956537 -1.111971
v -0.000000 2.880000 -1.080000
v -0.000000 2.803463 -1.111971
v -0.000000 2.738579 -1.203015
v -0.000000 2.695224 -1.339273
v 0.028532 2.996077 -1.490729
v -0.113651 3.021421 -1.225622
v -0.061508 3.064776 -1.351508
v -0.523259 0.636116 1.386708
v -0.148493 2.956537 -1.141508
v -0.160727 2.880000 -1.111971
v -0.148493 2.803463 -1.141508
v -0.113651 2.738579 -1.225622
v -0.061508 2.695224 -1.351508
v -0.283186 0.506480 1.481188
v -0.210000 3.021421 -1.290000
v -0.113651 3.064776 -1.386349
v 0.028532 2.996077 -1.509271
v -0.274378 2.956537 -1.225622
v -0.296985 2.880000 -1.203015
v -0.274378 2.803463 -1.225622
v -0.210000 2.738579 -1.290000
v -0.113651 2.695224 -1.386349
v 0.049418 3.040000 -1.516057
v -0.274378 3.021421 -1.386349
v -0.148492 3.064776 -1.438493
v 0.057063 3.100000 -1.518541
v -0.358492 2.956537 -1.351508
v -0.388029 2.880000 -1.339273
v -0.358492 2.803463 -1.351508
v -0.274378 2.738579 -1.386349
v -0.148492 2.695224 -1.438493
v 0.049418 3.160000 -1.516057
v -0.296985 3.021421 -1.500000
v -0.160727 3.064776 -1.500000
v 0.028532 3.203923 -1.509271
v -0.388029 2.956537 -1.500000
v -0.420000 2.880000 -1.500000
v -0.388029 2.803463 -1.500000
v -0.296985 2.738579 -1.500000
v -0.160727 2.695224 -1.500000
v 0.000000 0.460958 1.514365
v -0.274378 3.021421 -1.613651
v -0.148492 3.064776 -1.561508
v 0.283186 0.506480 1.481188
v -0.358492 2.956537 -1.648493
v -0.388029 2.880000 -1.660727
v -0.358492 2.803463 -1.648493
v -0.274378 2.738579 -1.613651
v -0.148492 2.695224 -1.561508
v 0.017634 3.203923 -1.524271
v -0.210000 3.021421 -1.710000
v -0.113651 3.064776 -1.613651
v 0.030542 3.160000 -1.542038
v -0.274378 2.956537 -1.774378
v -0.296985 2.880000 -1.796985
v -0.274378 2.803463 -1.774378
v -0.210000 2.738579 -1.710000
v -0.113651 2.695224 -1.613651
v 0.035267 3.100000 -1.548541
v -0.113651 3.021421 -1.774378
v -0.061507 3.064776 -1.648492
v 0.030542 3.040000 -1.542038
v -0.148492 2.956537 -1.858492
v -0.160727 2.880000 -1.888029
v -0.148492 2.803463 -1.858492
v -0.113651 2.738579 -1.774378
v -0.061507 2.695224 -1.648492
v 0.017634 2.996077 -1.524271
v 0.523259 0.636116 1.386708
v 0.000000 3.064776 -1.660727
v 0.683671 0.830130 1.245308
v 0.000000 2.996077 -1.530000
v 0.740000 1.058984 1.078516
v 0.000000 3.100000 -1.560000
v -0.665193 1.220294 0.834506
v 0.000000 3.203923 -1.530000
v -0.509117 1.407051 0.694206
v 0.000000 3.160000 -1.448038
v 0.000000 3.203923 -1.470000
v -0.275532 1.531837 0.600461
v -0.035267 3.100000 -1.451459
v -0.030542 3.040000 -1.457962
v -0.017634 2.996077 -1.475729
v 0.000000 1.575657 0.567542
v -0.030542 3.160000 -1.457962
v -0.017634 3.203923 -1.475729
v 0.275532 1.531837 0.600461
v -0.057063 3.100000 -1.481459
v -0.049418 3.040000 -1.483943
v -0.028532 2.996077 -1.490729
v 0.509117 1.407051 0.694206
v -0.049418 3.160000 -1.483943
v -0.028532 3.203923 -1.490729
v 0.665193 1.220294 0.834506
v -0.057063 3.100000 -1.518541
v -0.049418 3.040000 -1.516057
v -0.028532 2.996077 -1.509271
v 0.720000 1.000000 1.000000
v -0.049418 3.160000 -1.516057
v -0.028532 3.203923 -1.509271
v 0.665193 0.779706 1.165494
v -0.035267 3.100000 -1.548541
v -0.030542 3.040000 -1.542038
v -0.017634 2.996077 -1.524271
v 0.509117 0.592949 1.305794
v -0.030542 3.160000 -1.542038
v -0.017634 3.203923 -1.524271
v 0.275532 0.468163 1.399539
v -0.000000 0.424343 1.432458
v -0.000000 3.040000 -1.551962
v -0.275532 0.468163 1.399539
v -0.509117 0.592949 1.305794
v -0.000000 3.160000 -1.551962
v -0.665193 0.779706 1.165494
v -0.720000 1.000000 1.000000
v -0.683671 1.287839 0.911723
v -0.523259 1.481853 0.770323
v -0.283186 1.611488 0.675843
v -0.000000 1.657010 0.642666
v 0.283186 1.611488 0.675843
v 0.523259 1.481853 0.770323
v 0.683671 1.287839 0.911723
v 0.760000 1.134375 1.184375
v 0.702148 0.897279 1.352817
v 0.537401 0.696278 1.495616
v 0.290839 0.561974 1.591031
v 0.000000 0.514812 1.624536
v -0.290839 0.561974 1.591031
v -0.537401 0.696278 1.495616
v -0.702148 0.897279 1.352817
v -0.760000 1.134375 1.184375
v -0.702148 1.371472 1.015933
v -0.537401 1.572472 0.873134
v -0.290839 1.706777 0.777719
v -0.000000 1.753938 0.744214
v 0.290839 1.706777 0.777719
v 0.537401 1.572472 0.873134
v 0.702148 1.371472 1.015933
v 0.780000 1.223828 1.310547
v 0.720626 0.981320 1.484582
v 0.551543 0.775732 1.632122
v 0.298493 0.638363 1.730704
v 0.000000 0.590125 1.765322
v -0.298493 0.638363 1.730704
v -0.551543 0.775732 1.632122
v -0.720626 0.981320 1.484582
v -0.780000 1.223828 1.310547
v -0.720626 1.466336 1.136512
v -0.551543 1.671924 0.988972
v -0.298493 1.809293 0.890389
v -0.000000 1.857531 0.855772
v 0.298493 1.809293 0.890389
v 0.551543 1.671924 0.988972
v 0.720626 1.466336 1.136512
v 0.800000 1.325000 1.450000
v 0.739104 1.079197 1.632501
v 0.565685 0.870815 1.787217
v 0.306147 0.731578 1.890596
v 0.000000 0.682685 1.926897
v -0.306147 0.731578 1.890596
v -0.565685 0.870815 1.787217
v -0.739104 1.079197 1.632501
v -0.800000 1.325000 1.450000
v -0.739104 1.570804 1.267499
v -0.565685 1.779186 1.112783
v -0.306147 1.918422 1.009404
v -0.000000 1.967315 0.973103
v 0.306147 1.918422 1.009404
v 0.565685 1.779186 1.112783
v 0.739104 1.570804 1.267499
v 0.820000 1.435547 1.595703
v 0.757581 1.188708 1.789458
v 0.579828 0.979448 1.953716
v 0.313800 0.839624 2.063470
v 0.000000 0.790525 2.102010
v -0.313800 0.839624 2.063470
v -0.579828 0.979448 1.953716
v -0.757581 1.188708 1.789458
v -0.820000 1.435547 1.595703
v -0.757581 1.682386 1.401948
v -0.579828 1.891646 1.237690
v -0.313800 2.031469 1.127936
v -0.000000 2.080569 1.089396
v 0.313800 2.031469 1.127936
v 0.579828 1.891646 1.237690
v 0.757581 1.682386 1.401948
v 0.840000 1.553125 1.740625
v 0.776059 1.308247 1.948873
v 0.593970 1.100649 2.125418
v 0.321454 0.961937 2.243381
v 0.000000 0.913227 2.284804
v -0.321454 0.961937 2.243381
v -0.593970 1.100649 2.125418
v -0.776059 1.308247 1.948873
v -0.840000 1.553125 1.740625
v -0.776059 1.798003 1.532377
v -0.593970 2.005601 1.355833
v -0.321454 2.144313 1.237869
v -0.000000 2.193023 1.196446
v 0.321454 2.144313 1.237869
v 0.593970 2.005601 1.355833
v 0.776059 1.798003 1.532377
v 0.860000 1.675391 1.877734
v 0.794536 1.437003 2.104634
v 0.608112 1.234908 2.296989
v 0.329108 1.099872 2.425517
v 0.000000 1.052454 2.470650
v -0.329108 1.099872 2.425517
v -0.608112 1.234908 2.296989
v -0.794536 1.437003 2.104634
v -0.860000 1.675391 1.877734
v -0.794536 1.913778 1.650835
v -0.608112 2.115874 1.458479
v -0.329108 2.250909 1.329951
v -0.000000 2.298327 1.284818
v 0.329108 2.250909 1.329951
v 0.608112 2.115874 1.458479
v 0.794536 1.913778 1.650835
v 0.880000 1.800000 2.000000
v 0.813014 1.570148 2.246122
v 0.622254 1.375288 2.454774
v 0.336761 1.245087 2.594191
v 0.000000 1.199367 2.643148
v -0.336761 1.245087 2.594191
v -0.622254 1.375288 2.454774
v -0.813014 1.570148 2.246122
v -0.880000 1.800000 2.000000
v -0.813014 2.029852 1.753878
v -0.622254 2.224712 1.545226
v -0.336761 2.354913 1.405809
v -0.000000 2.400633 1.356852
v 0.336761 2.354913 1.405809
v 0.622254 2.224712 1.545226
v 0.813014 2.029852 1.753878
v 0.895000 1.929492 2.115039
v 0.826872 1.704488 2.373265
v 0.632861 1.513739 2.592178
v 0.342502 1.386285 2.738451
v 0.000000 1.341529 2.789816
v -0.342502 1.386285 2.738451
v -0.632861 1.513739 2.592178
v -0.826872 1.704488 2.373265
v -0.895000 1.929492 2.115039
v -0.826872 2.154496 1.856813
v -0.632861 2.345245 1.637900
v -0.342502 2.472700 1.491626
v -0.000000 2.517456 1.440262
v 0.342502 2.472700 1.491626
v 0.632861 2.345245 1.637900
v 0.826872 2.154496 1.856813
v 0.910000 2.067187 2.232812
v 0.840730 1.844576 2.500612
v 0.643467 1.655855 2.727642
v 0.348242 1.529756 2.879338
v 0.000000 1.485476 2.932607
v -0.348242 1.529756 2.879338
v -0.643467 1.655855 2.727642
v -0.840730 1.844576 2.500612
v -0.910000 2.067187 2.232812
v -0.840730 2.289798 1.965013
v -0.643467 2.478519 1.737983
v -0.348242 2.604618 1.586287
v -0.000000 2.648899 1.533018
v 0.348242 2.604618 1.586287
v 0.643467 2.478519 1.737983
v 0.840730 2.289798 1.965013
v 0.925000 2.211914 2.349805
v 0.854589 1.994590 2.629221
v 0.654074 1.810352 2.866099
v 0.353982 1.687247 3.024376
v 0.000000 1.644019 3.079956
v -0.353982 1.687247 3.024376
v -0.654074 1.810352 2.866099
v -0.854589 1.994590 2.629221
v -0.925000 2.211914 2.349805
v -0.854589 2.429238 2.070388
v -0.654074 2.613477 1.833510
v -0.353982 2.736581 1.675234
v -0.000000 2.779809 1.619654
v 0.353982 2.736581 1.675234
v 0.654074 2.613477 1.833510
v 0.854589 2.429238 2.070388
v 0.940000 2.362500 2.462500
v 0.868447 2.153983 2.755622
v 0.664680 1.977210 3.004120
v 0.359722 1.859095 3.170160
v 0.000000 1.817618 3.228466
v -0.359722 1.859095 3.170160
v -0.664680 1.977210 3.004120
v -0.868447 2.153983 2.755622
v -0.940000 2.362500 2.462500
v -0.868447 2.571017 2.169378
v -0.664680 2.747790 1.920881
v -0.359722 2.865905 1.754840
v -0.000000 2.907382 1.696534
v 0.359722 2.865905 1.754840
v 0.664680 2.747790 1.920881
v 0.868447 2.571017 2.169378
v 0.955000 2.517773 2.567383
v 0.882305 2.322561 2.876341
v 0.675287 2.157068 3.138263
v 0.365463 2.046489 3.313274
v 0.000000 2.007659 3.374729
v -0.365463 2.046489 3.313274
v -0.675287 2.157068 3.138263
v -0.882305 2.322561 2.876341
v -0.955000 2.517773 2.567383
v -0.882305 2.712986 2.258425
v -0.675287 2.878479 1.996503
v -0.365463 2.989058 1.821492
v -0.000000 3.027888 1.760036
v 0.365463 2.989058 1.821492
v 0.675287 2.878479 1.996503
v 0.882305 2.712986 2.258425
v 0.970000 2.676563 2.660938
v 0.896163 2.500575 2.987771
v 0.685894 2.351380 3.264847
v 0.371203 2.251691 3.449983
v 0.000000 2.216685 3.514994
v -0.371203 2.251691 3.449983
v -0.685894 2.351380 3.264847
v -0.896163 2.500575 2.987771
v -0.970000 2.676563 2.660938
v -0.896163 2.852550 2.334104
v -0.685894 3.001745 2.057028
v -0.371203 3.101434 1.871892
v -0.000000 3.136440 1.806881
v 0.371203 3.101434 1.871892
v 0.685894 3.001745 2.057028
v 0.896163 2.852550 2.334104
v 0.985000 2.837695 2.739649
v 0.910021 2.688806 3.085941
v 0.696500 2.562584 3.379513
v 0.376943 2.478246 3.575672
v 0.000000 2.448630 3.644554
v -0.376943 2.478246 3.575672
v -0.696500 2.562584 3.379513
v -0.910021 2.688806 3.085941
v -0.985000 2.837695 2.739649
v -0.910021 2.986584 2.393356
v -0.696500 3.112806 2.099784
v -0.376943 3.197145 1.903625
v -0.000000 3.226760 1.834743
v 0.376943 3.197145 1.903625
v 0.696500 3.112806 2.099784
v 0.910021 2.986584 2.393356
v 1.000000 3.000000 2.800000
v 0.923880 2.884804 3.164933
v 0.707107 2.787145 3.474309
v 0.382683 2.721891 3.681027
v 0.000000 2.698977 3.753617
v -0.382683 2.721891 3.681027
v -0.707107 2.787145 3.474309
v -0.923880 2.884804 3.164933
v -1.000000 3.000000 2.800000
v -0.923880 3.115196 2.435066
v -0.707107 3.212855 2.125691
v -0.382683 3.278109 1.918973
v -0.000000 3.301023 1.846383
v 0.382683 3.278109 1.918973
v 0.707107 3.212855 2.125691
v 0.923880 3.115196 2.435066
v 1.010000 3.167480 2.843750
v 0.933118 3.084910 3.221338
v 0.714178 3.014911 3.541441
v 0.386510 2.968138 3.755327
v 0.000000 2.951714 3.830434
v -0.386510 2.968138 3.755327
v -0.714178 3.014911 3.541441
v -0.933118 3.084910 3.221338
v -1.010000 3.167480 2.843750
v -0.933118 3.250051 2.466162
v -0.714178 3.320050 2.146059
v -0.386510 3.366822 1.932173
v -0.000000 3.383247 1.857066
v 0.386510 3.366822 1.932173
v 0.714178 3.320050 2.146059
v 0.933118 3.250051 2.466162
v 1.020000 3.342969 2.875000
v 0.942357 3.288687 3.261544
v 0.721249 3.242670 3.589241
v 0.390337 3.211922 3.808200
v 0.000000 3.201124 3.885089
v -0.390337 3.211922 3.808200
v -0.721249 3.242670 3.589241
v -0.942357 3.288687 3.261544
v -1.020000 3.342969 2.875000
v -0.942357 3.397250 2.488455
v -0.721249 3.443268 2.160759
v -0.390337 3.474016 1.941799
v -0.000000 3.484813 1.864911
v 0.390337 3.474016 1.941799
v 0.721249 3.443268 2.160759
v 0.942357 3.397250 2.488455
v 1.030000 3.523535 2.893750
v 0.951596 3.496474 3.286984
v 0.728320 3.473532 3.620351
v 0.394164 3.458203 3.843100
v 0.000000 3.452820 3.921319
v -0.394164 3.458203 3.843100
v -0.728320 3.473532 3.620351
v -0.951596 3.496474 3.286984
v -1.030000 3.523535 2.893750
v -0.951596 3.550597 2.500516
v -0.728320 3.573539 2.167149
v -0.394164 3.588868 1.944400
v -0.000000 3.594251 1.866180
v 0.394164 3.588868 1.944400
v 0.728320 3.573539 2.167149
v 0.951596 3.550597 2.500516
v 1.040000 3.706250 2.900000
v 0.960835 3.706250 3.297991
v 0.735391 3.706250 3.635391
v 0.397991 3.706250 3.860835
v 0.000000 3.706250 3.940000
v -0.397991 3.706250 3.860835
v -0.735391 3.706250 3.635391
v -0.960835 3.706250 3.297991
v -1.040000 3.706250 2.900000
v -0.960835 3.706250 2.502009
v -0.735391 3.706250 2.164609
v -0.397991 3.706250 1.939165
v -0.000000 3.706250 1.860000
v 0.397991 3.706250 1.939165
v 0.735391 3.706250 2.164609
v 0.960835 3.706250 2.502009
v 1.050000 3.888184 2.893750
v 0.970073 3.916009 3.294603
v 0.742462 3.939598 3.634430
v 0.401818 3.955360 3.861495
v 0.000000 3.960895 3.941229
v -0.401818 3.955360 3.861495
v -0.742462 3.939598 3.634430
v -0.970073 3.916009 3.294603
v -1.050000 3.888184 2.893750
v -0.970073 3.860358 2.492897
v -0.742462 3.836769 2.153070
v -0.401818 3.821007 1.926005
v -0.000000 3.815473 1.846271
v 0.401818 3.821007 1.926005
v 0.742462 3.836769 2.153070
v 0.970073 3.860358 2.492897
v 1.060000 4.066406 2.875000
v 0.979312 4.123805 3.276563
v 0.749533 4.172465 3.616991
v 0.405644 4.204978 3.844459
v 0.000000 4.216396 3.924334
v -0.405644 4.204978 3.844459
v -0.749533 4.172465 3.616991
v -0.979312 4.123805 3.276563
v -1.060000 4.066406 2.875000
v -0.979312 4.009008 2.473437
v -0.749533 3.960348 2.133008
v -0.405644 3.927834 1.905541
v -0.000000 3.916417 1.825665
v 0.405644 3.927834 1.905541
v 0.749533 3.960348 2.133008
v 0.979312 4.009008 2.473437
v 1.070000 4.237988 2.843750
v 0.988551 4.327805 3.243249
v 0.756604 4.403948 3.581928
v 0.409471 4.454825 3.808226
v 0.000000 4.472691 3.887692
v -0.409471 4.454825 3.808226
v -0.756604 4.403948 3.581928
v -0.988551 4.327805 3.243249
v -1.070000 4.237988 2.843750
v -0.988551 4.148171 2.444251
v -0.756604 4.072028 2.105571
v -0.409471 4.021151 1.879273
v -0.000000 4.003285 1.799808
v 0.409471 4.021151 1.879273
v 0.756604 4.072028 2.105571
v 0.988551 4.148171 2.444251
v 1.080000 4.400000 2.800000
v 0.997790 4.528845 3.192701
v 0.763675 4.638075 3.525617
v 0.413298 4.711060 3.748065
v 0.000000 4.736689 3.826178
v -0.413298 4.711060 3.748065
v -0.763675 4.638075 3.525617
v -0.997790 4.528845 3.192701
v -1.080000 4.400000 2.800000
v -0.997790 4.271155 2.407299
v -0.763675 4.161925 2.074383
v -0.413298 4.088941 1.851935
v -0.000000 4.063312 1.773822
v 0.413298 4.088941 1.851935
v 0.763675 4.161925 2.074383
v 0.997790 4.271155 2.407299
v 1.067500 4.555274 2.739649
v 0.986241 4.723464 3.111934
v 0.754836 4.866048 3.427542
v 0.408515 4.961320 3.638425
v 0.000000 4.994775 3.712477
v -0.408515 4.961320 3.638425
v -0.754836 4.866048 3.427542
v -0.986241 4.723464 3.111934
v -1.067500 4.555274 2.739649
v -0.986241 4.387084 2.367363
v -0.754836 4.244499 2.051755
v -0.408515 4.149227 1.840872
v -0.000000 4.115772 1.766820
v 0.408515 4.149227 1.840872
v 0.754836 4.244499 2.051755
v 0.986241 4.387084 2.367363
v 1.055000 4.707812 2.660938
v 0.974693 4.908266 3.011390
v 0.745998 5.078203 3.308489
v 0.403731 5.191751 3.507005
v 0.000000 5.231624 3.576714
v -0.403731 5.191751 3.507005
v -0.745998 5.078203 3.308489
v -0.974693 4.908266 3.011390
v -1.055000 4.707812 2.660938
v -0.974693 4.507359 2.310485
v -0.745998 4.337422 2.013386
v -0.403731 4.223874 1.814870
v -0.000000 4.184001 1.745161
v 0.403731 4.223874 1.814870
v 0.745998 4.337422 2.013386
v 0.974693 4.507359 2.310485
v 1.042500 4.856445 2.567383
v 0.963144 5.080584 2.897414
v 0.737159 5.270600 3.177202
v 0.398947 5.397564 3.364149
v 0.000000 5.442148 3.429797
v -0.398947 5.397564 3.364149
v -0.737159 5.270600 3.177202
v -0.963144 5.080584 2.897414
v -1.042500 4.856445 2.567383
v -0.963144 4.632307 2.237351
v -0.737159 4.442291 1.957564
v -0.398947 4.315326 1.770616
v -0.000000 4.270742 1.704968
v 0.398947 4.315326 1.770616
v 0.737159 4.442291 1.957564
v 0.963144 4.632307 2.237351
v 1.030000 5.000000 2.462500
v 0.951596 5.241393 2.774100
v 0.728320 5.446036 3.038262
v 0.394164 5.582774 3.214770
v 0.000000 5.630790 3.276751
v -0.394164 5.582774 3.214770
v -0.728320 5.446036 3.038262
v -0.951596 5.241393 2.774100
v -1.030000 5.000000 2.462500
v -0.951596 4.758608 2.150899
v -0.728320 4.553965 1.886737
v -0.394164 4.417227 1.710230
v -0.000000 4.369211 1.648249
v 0.394164 4.417227 1.710230
v 0.728320 4.553965 1.886737
v 0.951596 4.758608 2.150899
v 1.017500 5.137305 2.349805
v 0.940047 5.391137 2.645078
v 0.719481 5.606325 2.895399
v 0.389380 5.750109 3.062659
v 0.000000 5.800599 3.121392
v -0.389380 5.750109 3.062659
v -0.719481 5.606325 2.895399
v -0.940047 5.391137 2.645078
v -1.017500 5.137305 2.349805
v -0.940047 4.883473 2.054531
v -0.719481 4.668285 1.804210
v -0.389380 4.524501 1.636951
v -0.000000 4.474010 1.578217
v 0.389380 4.524501 1.636951
v 0.719481 4.668285 1.804210
v 0.940047 4.883473 2.054531
v 1.005000 5.267188 2.232812
v 0.928499 5.529808 2.513785
v 0.710642 5.752446 2.751982
v 0.384597 5.901208 2.911140
v 0.000000 5.953446 2.967030
v -0.384597 5.901208 2.911140
v -0.710642 5.752446 2.751982
v -0.928499 5.529808 2.513785
v -1.005000 5.267188 2.232812
v -0.928499 5.004569 1.951840
v -0.710642 4.781930 1.713643
v -0.384597 4.633168 1.554484
v -0.000000 4.580930 1.498595
v 0.384597 4.633168 1.554484
v 0.710642 4.781930 1.713643
v 0.928499 5.004569 1.951840
v 0.992500 5.388477 2.115039
v 0.916950 5.657046 2.383607
v 0.701803 5.884727 2.611289
v 0.379813 6.036860 2.763420
v 0.000000 6.090281 2.816842
v -0.379813 6.036860 2.763420
v -0.701803 5.884727 2.611289
v -0.916950 5.657046 2.383607
v -0.992500 5.388477 2.115039
v -0.916950 5.119908 1.846471
v -0.701803 4.892226 1.618790
v -0.379813 4.740094 1.466658
v -0.000000 4.686673 1.413236
v 0.379813 4.740094 1.466658
v 0.701803 4.892226 1.618790
v 0.916950 5.119908 1.846471
v 0.980000 5.500000 2.000000
v 0.905402 5.775279 2.254694
v 0.692965 6.008649 2.470612
v 0.375030 6.164582 2.614885
v 0.000000 6.219338 2.665546
v -0.375030 6.164582 2.614885
v -0.692965 6.008649 2.470612
v -0.905402 5.775279 2.254694
v -0.980000 5.500000 2.000000
v -0.905402 5.224721 1.745306
v -0.692965 4.991351 1.529388
v -0.375030 4.835418 1.385115
v -0.000000 4.780662 1.334454
v 0.375030 4.835418 1.385115
v 0.692965 4.991351 1.529388
v 0.905402 5.224721 1.745306
v 0.957500 5.602344 1.883887
v 0.884615 5.884819 2.117276
v 0.677055 6.124290 2.315135
v 0.366419 6.284300 2.447340
v 0.000000 6.340487 2.493763
v -0.366419 6.284300 2.447340
v -0.677055 6.124290 2.315135
v -0.884615 5.884819 2.117276
v -0.957500 5.602344 1.883887
v -0.884615 5.319868 1.650497
v -0.677055 5.080397 1.452639
v -0.366419 4.920387 1.320434
v -0.000000 4.864200 1.274010
v 0.366419 4.920387 1.320434
v 0.677055 5.080397 1.452639
v 0.884615 5.319868 1.650497
v 0.935000 5.696875 1.761719
v 0.863827 5.986012 1.972496
v 0.661145 6.231131 2.151184
v 0.357809 6.394914 2.270580
v 0.000000 6.452427 2.312506
v -0.357809 6.394914 2.270580
v -0.661145 6.231131 2.151184
v -0.863827 5.986012 1.972496
v -0.935000 5.696875 1.761719
v -0.863827 5.407738 1.550942
v -0.661145 5.162620 1.372253
v -0.357809 4.998837 1.252858
v -0.000000 4.941323 1.210932
v 0.357809 4.998837 1.252858
v 0.661145 5.162620 1.372253
v 0.863827 5.407738 1.550942
v 0.912500 5.783594 1.635254
v 0.843040 6.076602 1.825217
v 0.645235 6.325003 1.986259
v 0.349199 6.490978 2.093864
v 0.000000 6.549262 2.131650
v -0.349199 6.490978 2.093864
v -0.645235 6.325003 1.986259
v -0.843040 6.076602 1.825217
v -0.912500 5.783594 1.635254
v -0.843040 5.490585 1.445291
v -0.645235 5.242185 1.284249
v -0.349199 5.076209 1.176644
v -0.000000 5.017926 1.138858
v 0.349199 5.076209 1.176644
v 0.645235 5.242185 1.284249
v 0.843040 5.490585 1.445291
v 0.890000 5.862500 1.506250
v 0.822253 6.157168 1.677046
v 0.629325 6.406975 1.821840
v 0.340588 6.573891 1.918588
v 0.000000 6.632504 1.952562
v -0.340588 6.573891 1.918588
v -0.629325 6.406975 1.821840
v -0.822253 6.157168 1.677046
v -0.890000 5.862500 1.506250
v -0.822253 5.567832 1.335454
v -0.629325 5.318026 1.190660
v -0.340588 5.151110 1.093912
v -0.000000 5.092496 1.059938
v 0.340588 5.151110 1.093912
v 0.629325 5.318026 1.190660
v 0.822253 5.567832 1.335454
v 0.867500 5.933594 1.376465
v 0.801465 6.228174 1.529539
v 0.613415 6.477907 1.659309
v 0.331978 6.644774 1.746019
v 0.000000 6.703370 1.776467
v -0.331978 6.644774 1.746019
v -0.613415 6.477907 1.659309
v -0.801465 6.228174 1.529539
v -0.867500 5.933594 1.376465
v -0.801465 5.639013 1.223391
v -0.613415 5.389280 1.093621
v -0.331978 5.222414 1.006911
v -0.000000 5.163818 0.976463
v 0.331978 5.222414 1.006911
v 0.613415 5.389280 1.093621
v 0.801465 5.639013 1.223391
v 0.845000 5.996874 1.247656
v 0.780678 6.289990 1.384219
v 0.597505 6.538482 1.499992
v 0.323368 6.704519 1.577349
v 0.000000 6.762824 1.604513
v -0.323368 6.704519 1.577349
v -0.597505 6.538482 1.499992
v -0.780678 6.289990 1.384219
v -0.845000 5.996874 1.247656
v -0.780678 5.703758 1.111093
v -0.597505 5.455266 0.995321
v -0.323368 5.289229 0.917964
v -0.000000 5.230925 0.890800
v 0.323368 5.289229 0.917964
v 0.597505 5.455266 0.995321
v 0.780678 5.703758 1.111093
v 0.822500 6.052344 1.121582
v 0.759891 6.340448 1.248341
v 0.581595 6.584692 1.355802
v 0.314757 6.747890 1.427605
v 0.000000 6.805197 1.452819
v -0.314757 6.747890 1.427605
v -0.581595 6.584692 1.355802
v -0.759891 6.340448 1.248341
v -0.822500 6.052344 1.121582
v -0.759891 5.764239 0.994823
v -0.581595 5.519996 0.887362
v -0.314757 5.356798 0.815559
v -0.000000 5.299490 0.790345
v 0.314757 5.356798 0.815559
v 0.581595 5.519996 0.887362
v 0.759891 5.764239 0.994823
v 0.000000 1.720000 1.000000
v 0.000000 1.623538 0.640000
v 0.782244 6.052344 1.375749
v 0.000000 1.000000 0.280000
v 0.677443 5.641094 1.341697
v 0.000000 0.376462 0.640000
v 0.000000 0.280000 1.000000
v 0.391122 5.340038 1.248665
v 0.211603 1.623538 0.708754
v 0.366507 1.360000 0.495547
v 0.423205 1.000000 0.417508
v 0.366507 0.640000 0.495547
v 0.211603 0.376462 0.708754
v 0.000000 5.229844 1.121582
v 0.753410 6.052344 1.121582
v 0.342380 1.623538 0.888754
v 0.593020 1.360000 0.807316
v 0.684761 1.000000 0.777508
v 0.593020 0.640000 0.807316
v 0.342380 0.376462 0.888754
v 0.391122 5.340038 0.994499
v 0.677443 5.641094 0.901468
v 0.342380 1.623538 1.111246
v 0.593020 1.360000 1.192684
v 0.684761 1.000000 1.222492
v 0.593020 0.640000 1.192684
v 0.342380 0.376462 1.111246
v 0.782244 6.052344 0.867416
v 0.677443 6.463594 0.901468
v 0.211603 1.623538 1.291246
v 0.366507 1.360000 1.504453
v 0.423205 1.000000 1.582492
v 0.366507 0.640000 1.504453
v 0.211603 0.376462 1.291246
v 0.391122 6.764650 0.994499
v 0.000000 6.874844 1.121582
v 0.000000 1.623538 1.360000
v 0.000000 1.360000 1.623538
v 0.000000 1.000000 1.720000
v 0.000000 0.640000 1.623538
v 0.000000 0.376462 1.360000
v 0.696060 5.786180 1.010750
v 0.241727 6.764650 0.788874
v -0.211603 1.623538 1.291246
v -0.366507 1.360000 1.504453
v -0.423205 1.000000 1.582492
v -0.366507 0.640000 1.504453
v -0.211603 0.376462 1.291246
v 0.418683 6.463594 0.545315
v 0.483453 6.052344 0.456166
v -0.342380 1.623538 1.111246
v -0.593020 1.360000 1.192684
v -0.684761 1.000000 1.222492
v -0.593020 0.640000 1.192684
v -0.342380 0.376462 1.111246
v 0.418683 5.641094 0.545315
v 0.241727 5.340038 0.788874
v -0.342380 1.623538 0.888754
v -0.593020 1.360000 0.807316
v -0.684761 1.000000 0.777508
v -0.593020 0.640000 0.807316
v -0.342380 0.376462 0.888754
v 0.532741 5.560537 0.916791
v 0.288318 5.409767 0.854010
v -0.211603 1.623538 0.708754
v -0.366507 1.360000 0.495547
v -0.423206 1.000000 0.417508
v -0.366507 0.640000 0.495547
v -0.211603 0.376462 0.708754
v 0.000000 5.340038 0.710332
v -0.000000 5.356824 0.831964
v 0.000000 6.052344 0.299082
v -0.000000 1.360000 0.376462
v -0.288318 5.409767 0.854010
v -0.000000 0.640000 0.376462
v 0.000000 6.764650 0.710332
v -0.532741 5.560537 0.916791
v 0.677443 6.463594 1.341697
v 0.391122 6.764650 1.248665
v -0.696060 5.786180 1.010750
v 0.483453 6.052344 1.786999
v 0.418683 5.641094 1.697850
v 0.241727 5.340038 1.454290
v -0.753410 6.052344 1.121582
v 0.418683 6.463594 1.697850
v 0.241727 6.764650 1.454290
v 0.702610 6.263262 1.364860
v 0.000000 6.052344 1.944082
v 0.000000 5.641094 1.833888
v 0.000000 5.340038 1.532832
v 0.537755 6.489094 1.464221
v 0.000000 6.463594 1.833888
v 0.000000 6.764650 1.532832
v 0.291031 6.639990 1.530611
v -0.483453 6.052344 1.786999
v -0.418683 5.641094 1.697850
v -0.241727 5.340038 1.454290
v -0.000000 6.692978 1.553925
v -0.418683 6.463594 1.697850
v -0.241727 6.764650 1.454290
v -0.291031 6.639990 1.530611
v -0.782244 6.052344 1.375749
v -0.677443 5.641094 1.341697
v -0.391122 5.340038 1.248665
v -0.537755 6.489094 1.464221
v -0.677443 6.463594 1.341697
v -0.391122 6.764650 1.248665
v -0.702610 6.263262 1.364860
v -0.782244 6.052344 0.867416
v -0.677443 5.641094 0.901468
v -0.391122 5.340038 0.994499
v -0.760500 5.996874 1.247656
v -0.677443 6.463594 0.901468
v -0.391122 6.764650 0.994499
v -0.702610 5.730487 1.130453
v -0.483454 6.052344 0.456166
v -0.418683 5.641094 0.545315
v -0.241727 5.340038 0.788874
v -0.537755 5.504655 1.031092
v -0.418683 6.463594 0.545315
v -0.241727 6.764650 0.788874
v -0.291031 5.353759 0.964701
v 0.000000 5.300771 0.941388
v -0.000000 5.641094 0.409276
v 0.291031 5.353759 0.964701
v 0.537755 5.504655 1.031092
v -0.000000 6.463594 0.409276
v 0.702610 5.730487 1.130453
v 0.760500 5.996874 1.247656
v 0.696060 6.318508 1.232414
v 0.532741 6.544150 1.326373
v 0.288318 6.694921 1.389155
v 0.000000 6.747864 1.411201
v -0.288318 6.694921 1.389155
v -0.532741 6.544150 1.326373
v -0.696060 6.318508 1.232414
v -0.745600 6.100000 1.000000
v -0.688845 5.830351 0.906715
v -0.527219 5.601754 0.827631
v -0.285329 5.449011 0.774789
v -0.000000 5.395374 0.756234
v 0.285329 5.449011 0.774789
v 0.527219 5.601754 0.827631
v 0.688845 5.830351 0.906715
v 0.745600 6.100000 1.000000
v 0.688845 6.369648 1.093285
v 0.527219 6.598246 1.172369
v 0.285329 6.750989 1.225211
v 0.000000 6.804626 1.243766
v -0.285329 6.750989 1.225211
v -0.527219 6.598246 1.172369
v -0.688845 6.369648 1.093285
v -0.728775 6.137109 0.876563
v -0.673300 5.866350 0.809708
v -0.515322 5.636812 0.753032
v -0.278890 5.483440 0.715162
v -0.000000 5.429583 0.701863
v 0.278890 5.483440 0.715162
v 0.515322 5.636812 0.753032
v 0.673300 5.866350 0.809708
v 0.728775 6.137109 0.876563
v 0.673300 6.407867 0.943417
v 0.515322 6.637405 1.000093
v 0.278890 6.790778 1.037964
v 0.000000 6.844635 1.051262
v -0.278890 6.790778 1.037964
v -0.515322 6.637405 1.000093
v -0.673300 6.407867 0.943417
v -0.710950 6.162500 0.746875
v -0.656832 5.893794 0.704235
v -0.502718 5.665995 0.668087
v -0.272069 5.513785 0.643934
v -0.000000 5.460336 0.635453
v 0.272069 5.513785 0.643934
v 0.502718 5.665995 0.668087
v 0.656832 5.893794 0.704235
v 0.710950 6.162500 0.746875
v 0.656832 6.431207 0.789514
v 0.502718 6.659006 0.825662
v 0.272069 6.811216 0.849816
v 0.000000 6.864665 0.858297
v -0.272069 6.811216 0.849816
v -0.502718 6.659006 0.825662
v -0.656832 6.431207 0.789514
v -0.692125 6.178515 0.615625
v -0.639440 5.914872 0.590214
v -0.489406 5.691367 0.568672
v -0.264865 5.542025 0.554279
v -0.000000 5.489583 0.549224
v 0.264865 5.542025 0.554279
v 0.489406 5.691367 0.568672
v 0.639440 5.914872 0.590214
v 0.692125 6.178515 0.615625
v 0.639440 6.442159 0.641035
v 0.489406 6.665664 0.662577
v 0.264865 6.815006 0.676971
v 0.000000 6.867448 0.682026
v -0.264865 6.815006 0.676971
v -0.489406 6.665664 0.662577
v -0.639440 6.442159 0.641035
v -0.672300 6.187500 0.487500
v -0.621124 5.930588 0.473766
v -0.475388 5.712790 0.462122
v -0.257278 5.567261 0.454342
v -0.000000 5.516158 0.451610
v 0.257278 5.567261 0.454342
v 0.475388 5.712790 0.462122
v 0.621124 5.930588 0.473766
v 0.672300 6.187500 0.487500
v 0.621124 6.444411 0.501234
v 0.475388 6.662210 0.512878
v 0.257278 6.807738 0.520658
v 0.000000 6.858841 0.523390
v -0.257278 6.807738 0.520658
v -0.475388 6.662210 0.512878
v -0.621124 6.444411 0.501234
v -0.651475 6.191797 0.367188
v -0.601884 5.942582 0.360360
v -0.460662 5.731307 0.354572
v -0.249309 5.590138 0.350704
v -0.000000 5.540566 0.349346
v 0.249309 5.590138 0.350704
v 0.460662 5.731307 0.354572
v 0.601884 5.942582 0.360360
v 0.651475 6.191797 0.367188
v 0.601884 6.441012 0.374015
v 0.460662 6.652287 0.379803
v 0.249309 6.793456 0.383671
v 0.000000 6.843028 0.385029
v -0.249309 6.793456 0.383671
v -0.460662 6.652287 0.379803
v -0.601884 6.441012 0.374015
v -0.629650 6.193749 0.259375
v -0.581721 5.952839 0.254633
v -0.445230 5.748606 0.250612
v -0.240957 5.612142 0.247926
v -0.000000 5.564221 0.246983
v 0.240957 5.612142 0.247926
v 0.445230 5.748606 0.250612
v 0.581721 5.952839 0.254633
v 0.629650 6.193749 0.259375
v 0.581721 6.434659 0.264117
v 0.445230 6.638893 0.268138
v 0.240957 6.775357 0.270824
v 0.000000 6.823277 0.271767
v -0.240957 6.775357 0.270824
v -0.445230 6.638893 0.268138
v -0.581721 6.434659 0.264117
v -0.606825 6.195703 0.168750
v -0.560633 5.963659 0.159650
v -0.429090 5.766943 0.151935
v -0.232222 5.635500 0.146780
v -0.000000 5.589344 0.144970
v 0.232222 5.635500 0.146780
v 0.429090 5.766943 0.151935
v 0.560633 5.963659 0.159650
v 0.606825 6.195703 0.168750
v 0.560633 6.427747 0.177850
v 0.429090 6.624464 0.185565
v 0.232222 6.755906 0.190720
v 0.000000 6.802062 0.192530
v -0.232222 6.755906 0.190720
v -0.429090 6.624464 0.185565
v -0.560633 6.427747 0.177850
v -0.583000 6.200000 0.100000
v -0.538622 5.977330 0.086083
v -0.412243 5.788559 0.074286
v -0.223104 5.662427 0.066402
v -0.000000 5.618135 0.063634
v 0.223104 5.662427 0.066402
v 0.412243 5.788559 0.074286
v 0.538622 5.977330 0.086083
v 0.583000 6.200000 0.100000
v 0.538622 6.422670 0.113917
v 0.412243 6.611440 0.125714
v 0.223104 6.737573 0.133598
v 0.000000 6.781865 0.136366
v -0.223104 6.737573 0.133598
v -0.412243 6.611440 0.125714
v -0.538622 6.422670 0.113917
v 0.000000 6.757374 1.247656
v 0.000000 6.655487 0.867406
v 0.554466 6.200000 0.280157
v 0.000000 5.996874 0.487156
v 0.480182 5.908500 0.256020
v 0.000000 5.338262 0.867406
v 0.000000 5.236374 1.247656
v 0.277233 5.695107 0.190078
v 0.223505 6.655487 0.940028
v 0.387123 6.377124 0.714828
v 0.447011 5.996874 0.632399
v 0.387123 5.616624 0.714828
v 0.223505 5.338262 0.940028
v 0.000000 5.617000 0.100000
v 0.296730 1.317428 1.924036
v 0.361639 6.655487 1.130153
v 0.626378 6.377124 1.044134
v 0.723279 5.996874 1.012649
v 0.626378 5.616624 1.044134
v 0.361639 5.338262 1.130153
v 0.277233 5.695107 0.009922
v 0.480182 5.908500 -0.056020
v 0.361639 6.655487 1.365160
v 0.626378 6.377124 1.451179
v 0.723279 5.996874 1.482664
v 0.626378 5.616624 1.451179
v 0.361639 5.338262 1.365160
v 0.554466 6.200000 -0.080157
v 0.480182 6.491500 -0.056020
v 0.223505 6.655487 1.555285
v 0.387123 6.377124 1.780485
v 0.447011 5.996874 1.862914
v 0.387123 5.616624 1.780485
v 0.223505 5.338262 1.555285
v 0.277233 6.704893 0.009922
v 0.000000 6.783000 0.100000
v 0.000000 6.655487 1.627906
v 0.000000 6.377124 1.906269
v 0.000000 5.996874 2.008157
v 0.000000 5.616624 1.906269
v 0.000000 5.338262 1.627906
v 0.256975 1.122428 1.914994
v 0.171339 6.704893 -0.135828
v -0.223505 6.655487 1.555285
v -0.387123 6.377124 1.780485
v -0.447011 5.996874 1.862914
v -0.387123 5.616624 1.780485
v -0.223505 5.338262 1.555285
v 0.296769 6.491500 -0.308467
v 0.342679 6.200000 -0.371657
v -0.361639 6.655487 1.365160
v -0.626378 6.377124 1.451179
v -0.723279 5.996874 1.482664
v -0.626378 5.616624 1.451179
v -0.361639 5.338262 1.365160
v 0.296769 5.908500 -0.308467
v 0.171339 5.695107 -0.135828
v -0.361639 6.655487 1.130153
v -0.626378 6.377124 1.044134
v -0.723279 5.996874 1.012649
v -0.626378 5.616624 1.044134
v -0.361639 5.338262 1.130153
v 0.148365 0.979678 1.890292
v 0.000000 0.927428 1.856547
v -0.223505 6.655487 0.940028
v -0.387123 6.377124 0.714828
v -0.447011 5.996874 0.632399
v -0.387123 5.616624 0.714828
v -0.223505 5.338262 0.940028
v 0.000000 5.695107 -0.191500
v 0.327163 1.778591 2.554146
v 0.000000 6.200000 -0.483000
v -0.000000 6.377124 0.589044
v 0.148365 0.979678 1.822802
v -0.000000 5.616624 0.589044
v 0.000000 6.704893 -0.191500
v 0.256975 1.122428 1.798099
v 0.480182 6.491500 0.256020
v 0.277233 6.704893 0.190078
v 0.296730 1.317428 1.789058
v 0.342679 6.200000 0.571657
v 0.296769 5.908500 0.508467
v 0.171339 5.695107 0.335828
v 0.256975 1.512428 1.798099
v 0.296769 6.491500 0.508467
v 0.171339 6.704893 0.335828
v 0.148365 1.655178 1.822802
v 0.000000 6.200000 0.683000
v 0.000000 5.908500 0.604893
v 0.000000 5.695107 0.391500
v 0.000000 1.707428 1.856547
v 0.000000 6.491500 0.604893
v 0.000000 6.704893 0.391500
v 0.283332 1.563591 2.544177
v -0.342679 6.200000 0.571657
v -0.296769 5.908500 0.508467
v -0.171339 5.695107 0.335829
v 0.091694 1.655178 1.768202
v -0.296769 6.491500 0.508467
v -0.171339 6.704893 0.335829
v 0.158820 1.512428 1.703529
v -0.554466 6.200000 0.280157
v -0.480182 5.908500 0.256020
v -0.277233 5.695107 0.190078
v 0.183389 1.317428 1.679858
v -0.480182 6.491500 0.256020
v -0.277233 6.704893 0.190078
v 0.158820 1.122428 1.703529
v -0.554466 6.200000 -0.080157
v -0.480182 5.908500 -0.056020
v -0.277233 5.695107 0.009922
v 0.091694 0.979678 1.768202
v -0.480182 6.491500 -0.056020
v -0.277233 6.704893 0.009922
v 0.163582 1.406200 2.516940
v -0.342679 6.200000 -0.371657
v -0.296769 5.908500 -0.308467
v -0.171339 5.695107 -0.135828
v 0.000000 1.348591 2.479734
v -0.296769 6.491500 -0.308467
v -0.171339 6.704893 -0.135828
v 0.000000 0.979678 1.747347
v 0.351891 2.322914 3.077340
v -0.000000 5.908500 -0.404893
v 0.000000 1.317428 1.638147
v 0.163582 1.406200 2.442529
v -0.000000 6.491500 -0.404893
v 0.000000 1.655178 1.747347
v 0.283332 1.563591 2.415292
v 0.256975 1.512428 1.914994
v 0.148365 1.655178 1.890292
v 0.327163 1.778591 2.405323
v 0.183389 1.317428 2.033236
v 0.158820 1.122428 2.009564
v 0.091695 0.979678 1.944892
v 0.283332 1.993591 2.415292
v 0.158820 1.512428 2.009564
v 0.091695 1.655178 1.944892
v 0.163582 2.150981 2.442529
v 0.000000 1.317428 2.074947
v 0.000000 1.122428 2.045687
v 0.000000 0.979678 1.965747
v 0.000000 2.208591 2.479734
v 0.000000 1.512428 2.045687
v 0.000000 1.655178 1.965747
v 0.304746 2.091664 3.066617
v -0.183389 1.317428 2.033236
v -0.158820 1.122428 2.009564
v -0.091694 0.979678 1.944892
v 0.101099 2.150981 2.382329
v -0.158820 1.512428 2.009564
v -0.091694 1.655178 1.944892
v 0.175109 1.993591 2.311023
v -0.296730 1.317428 1.924036
v -0.256975 1.122428 1.914994
v -0.148365 0.979678 1.890292
v 0.202198 1.778591 2.284923
v -0.256975 1.512428 1.914994
v -0.148365 1.655178 1.890292
v 0.175109 1.563591 2.311023
v -0.296730 1.317428 1.789058
v -0.256975 1.122428 1.798099
v -0.148365 0.979678 1.822802
v 0.101099 1.406200 2.382329
v -0.256975 1.512428 1.798099
v -0.148365 1.655178 1.822802
v 0.175945 1.922377 3.037323
v -0.183389 1.317428 1.679857
v -0.158820 1.122428 1.703529
v -0.091695 0.979678 1.768202
v 0.000000 1.860414 2.997305
v -0.158820 1.512428 1.703529
v -0.091695 1.655178 1.768202
v 0.000000 1.406200 2.359334
v 0.374716 2.955895 3.514375
v -0.000000 1.122428 1.667407
v 0.000000 1.778591 2.238935
v 0.175945 1.922377 2.957287
v -0.000000 1.512428 1.667407
v 0.000000 2.150981 2.359334
v 0.304746 2.091664 2.927992
v 0.283332 1.993591 2.544177
v 0.163582 2.150981 2.516940
v 0.351891 2.322914 2.917269
v 0.202198 1.778591 2.674546
v 0.175109 1.563591 2.648446
v 0.101099 1.406200 2.577140
v 0.304746 2.554164 2.927992
v 0.175109 1.993591 2.648446
v 0.101099 2.150981 2.577140
v 0.175945 2.723451 2.957287
v 0.000000 1.778591 2.720534
v 0.000000 1.563591 2.688273
v 0.000000 1.406200 2.600134
v 0.000000 2.785414 2.997305
v 0.000000 1.993591 2.688273
v 0.000000 2.150981 2.600134
v 0.324514 2.709645 3.502957
v -0.202198 1.778591 2.674546
v -0.175109 1.563591 2.648446
v -0.101099 1.406200 2.577140
v 0.108740 2.723451 2.892537
v -0.175109 1.993591 2.648446
v -0.101099 2.150981 2.577140
v 0.188344 2.554164 2.815842
v -0.327163 1.778591 2.554146
v -0.283332 1.563591 2.544177
v -0.163582 1.406200 2.516940
v 0.217481 2.322914 2.787770
v -0.283332 1.993591 2.544177
v -0.163582 2.150981 2.516940
v 0.188344 2.091664 2.815842
v -0.327164 1.778591 2.405323
v -0.283332 1.563591 2.415292
v -0.163582 1.406200 2.442529
v 0.108740 1.922377 2.892537
v -0.283332 1.993591 2.415292
v -0.163582 2.150981 2.442529
v 0.187358 2.529378 3.471762
v -0.202198 1.778591 2.284923
v -0.175109 1.563591 2.311023
v -0.101099 1.406200 2.382329
v 0.000000 2.463395 3.429149
v -0.175109 1.993591 2.311023
v -0.101099 2.150981 2.382329
v 0.000000 1.922377 2.867805
v 0.391835 3.647135 3.703870
v -0.000000 1.563591 2.271195
v 0.000000 2.322914 2.738305
v 0.187358 2.529378 3.386535
v -0.000000 1.993591 2.271195
v 0.000000 2.723451 2.867805
v 0.324514 2.709645 3.355340
v 0.304746 2.554164 3.066617
v 0.175945 2.723451 3.037323
v 0.374716 2.955895 3.343922
v 0.217481 2.322914 3.206840
v 0.188344 2.091664 3.178768
v 0.108740 1.922377 3.102073
v 0.324514 3.202145 3.355340
v 0.188344 2.554164 3.178768
v 0.108740 2.723451 3.102073
v 0.187358 3.382413 3.386535
v 0.000000 2.322914 3.256305
v 0.000000 2.091664 3.221606
v 0.000000 1.922377 3.126805
v 0.000000 3.448395 3.429149
v 0.000000 2.554164 3.221606
v 0.000000 2.723451 3.126805
v 0.339339 3.389635 3.691931
v -0.217481 2.322914 3.206840
v -0.188344 2.091664 3.178768
v -0.108740 1.922377 3.102073
v 0.115794 3.382413 3.317585
v -0.188344 2.554164 3.178768
v -0.108740 2.723451 3.102073
v 0.200561 3.202145 3.235915
v -0.351891 2.322914 3.077340
v -0.304746 2.091664 3.066618
v -0.175945 1.922377 3.037323
v 0.231587 2.955895 3.206022
v -0.304746 2.554164 3.066618
v -0.175945 2.723451 3.037323
v 0.200561 2.709645 3.235915
v -0.351891 2.322914 2.917269
v -0.304746 2.091664 2.927992
v -0.175945 1.922377 2.957287
v 0.115794 2.529378 3.317585
v -0.304746 2.554164 2.927992
v -0.175945 2.723451 2.957287
v 0.195918 3.201132 3.659310
v -0.217481 2.322914 2.787770
v -0.188344 2.091664 2.815842
v -0.108740 1.922377 2.892537
v 0.000000 3.132135 3.614750
v -0.188344 2.554164 2.815842
v -0.108740 2.723451 2.892537
v 0.000000 2.529378 3.291249
v 0.407052 4.366388 3.685331
v -0.000000 2.091664 2.773004
v 0.000000 2.955895 3.153349
v 0.195918 3.201132 3.570190
v -0.000000 2.554164 2.773004
v 0.000000 3.382413 3.291249
v 0.339339 3.389635 3.537569
v 0.324514 3.202145 3.502957
v 0.187358 3.382413 3.471762
v 0.391835 3.647135 3.525630
v 0.231587 2.955895 3.652276
v 0.200561 2.709645 3.622382
v 0.115794 2.529378 3.540712
v 0.339339 3.904635 3.537569
v 0.200561 3.202145 3.622382
v 0.115794 3.382413 3.540712
v 0.195918 4.093138 3.570190
v 0.000000 2.955895 3.704949
v 0.000000 2.709645 3.667999
v 0.000000 2.529378 3.567049
v 0.000000 4.162135 3.614750
v 0.000000 3.202145 3.667999
v 0.000000 3.382413 3.567049
v 0.352518 4.098888 3.672928
v -0.231587 2.955895 3.652276
v -0.200561 2.709645 3.622382
v -0.115794 2.529378 3.540712
v 0.121084 4.093138 3.498090
v -0.200561 3.202145 3.622382
v -0.115794 3.382413 3.540712
v 0.209723 3.904635 3.412688
v -0.374716 2.955895 3.514376
v -0.324514 2.709645 3.502957
v -0.187358 2.529378 3.471762
v 0.242168 3.647135 3.381429
v -0.324514 3.202145 3.502957
v -0.187358 3.382413 3.471762
v 0.209723 3.389635 3.412688
v -0.374716 2.955895 3.343922
v -0.324514 2.709645 3.355340
v -0.187358 2.529378 3.386535
v 0.121084 3.201132 3.498090
v -0.324514 3.202145 3.355340
v -0.187358 3.382413 3.386535
v 0.203526 3.903064 3.639040
v -0.231587 2.955895 3.206022
v -0.200561 2.709645 3.235915
v -0.115794 2.529378 3.317585
v 0.000000 3.831388 3.592750
v -0.200561 3.202145 3.235915
v -0.115794 3.382413 3.317585
v 0.000000 3.201132 3.470550
v 0.396591 4.981545 3.387335
v -0.000000 2.709645 3.190299
v 0.000000 3.647135 3.326350
v 0.203526 3.903064 3.546459
v -0.000000 3.202145 3.190299
v 0.000000 4.093138 3.470550
v 0.352518 4.098888 3.512572
v 0.339339 3.904635 3.691931
v 0.195918 4.093138 3.659310
v 0.407052 4.366388 3.500168
v 0.242168 3.647135 3.848070
v 0.209723 3.389635 3.816811
v 0.121084 3.201132 3.731410
v 0.352518 4.633888 3.512572
v 0.209723 3.904635 3.816811
v 0.121084 4.093138 3.731410
v 0.203526 4.829711 3.546459
v 0.000000 3.647135 3.903150
v 0.000000 3.389635 3.864511
v 0.000000 3.201132 3.758950
v 0.000000 4.901388 3.592750
v 0.000000 3.904635 3.864511
v 0.000000 4.093138 3.758950
v 0.343457 4.720921 3.375250
v -0.242168 3.647135 3.848070
v -0.209723 3.389635 3.816811
v -0.121084 3.201132 3.731410
v 0.125786 4.829711 3.471559
v -0.209723 3.904635 3.816811
v -0.121084 4.093138 3.731410
v 0.217868 4.633888 3.382841
v -0.391835 3.647135 3.703871
v -0.339339 3.389635 3.691931
v -0.195918 3.201132 3.659310
v 0.251572 4.366388 3.350368
v -0.339339 3.904635 3.691931
v -0.195918 4.093138 3.659310
v 0.217868 4.098888 3.382841
v -0.391835 3.647135 3.525630
v -0.339339 3.389635 3.537569
v -0.195918 3.201132 3.570190
v 0.125786 3.903064 3.471559
v -0.339339 3.904635 3.537569
v -0.195918 4.093138 3.570190
v 0.198295 4.530130 3.342233
v -0.242168 3.647135 3.381429
v -0.209723 3.389635 3.412688
v -0.121084 3.201132 3.498090
v 0.000000 4.460296 3.297132
v -0.209723 3.904635 3.412688
v -0.121084 4.093138 3.498090
v 0.000000 3.903064 3.442950
v 0.377569 5.507577 2.895665
v -0.000000 3.389635 3.364988
v 0.000000 4.366388 3.293150
v 0.198295 4.530130 3.252032
v -0.000000 3.904635 3.364988
v 0.000000 4.829711 3.442950
v 0.343457 4.720921 3.219015
v 0.352518 4.633888 3.672928
v 0.203526 4.829711 3.639040
v 0.396591 4.981545 3.206930
v 0.251572 4.366388 3.835131
v 0.217868 4.098888 3.802658
v 0.125786 3.903064 3.713941
v 0.343457 5.242170 3.219015
v 0.217868 4.633888 3.802658
v 0.125786 4.829711 3.713941
v 0.198295 5.432961 3.252032
v 0.000000 4.366388 3.892350
v 0.000000 4.098888 3.852211
v 0.000000 3.903064 3.742550
v 0.000000 5.502795 3.297132
v 0.000000 4.633888 3.852211
v 0.000000 4.829711 3.742550
v 0.326985 5.259452 2.884160
v -0.251572 4.366388 3.835131
v -0.217868 4.098888 3.802658
v -0.125786 3.903064 3.713941
v 0.122553 5.432961 3.179056
v -0.217868 4.633888 3.802658
v -0.125786 4.829711 3.713941
v 0.212268 5.242170 3.092619
v -0.407052 4.366388 3.685331
v -0.352518 4.098888 3.672928
v -0.203526 3.903064 3.639041
v 0.245106 4.981545 3.060980
v -0.352518 4.633888 3.672928
v -0.203526 4.829711 3.639041
v 0.212268 4.720921 3.092619
v -0.407052 4.366388 3.500168
v -0.352518 4.098888 3.512572
v -0.203526 3.903064 3.546459
v 0.122553 4.530130 3.179056
v -0.352518 4.633888 3.512572
v -0.203526 4.829711 3.546459
v 0.188785 5.077812 2.852727
v -0.251572 4.366388 3.350368
v -0.217868 4.098888 3.382841
v -0.125786 3.903064 3.471559
v 0.000000 5.011327 2.809789
v -0.217868 4.633888 3.382841
v -0.125786 4.829711 3.471559
v 0.000000 4.530130 3.151182
v 0.347136 5.893094 2.352958
v -0.000000 4.098888 3.333289
v 0.000000 4.981545 3.005233
v 0.188785 5.077812 2.766851
v -0.000000 4.633888 3.333289
v 0.000000 5.432961 3.151182
v 0.326985 5.259452 2.735419
v 0.343457 5.242170 3.375250
v 0.198295 5.432961 3.342233
v 0.377569 5.507577 2.723913
v 0.245106 4.981545 3.533285
v 0.212268 4.720921 3.501646
v 0.122553 4.530130 3.415209
v 0.326985 5.755702 2.735419
v 0.212268 5.242170 3.501646
v 0.122553 5.432961 3.415209
v 0.188785 5.937342 2.766851
v 0.000000 4.981545 3.589033
v 0.000000 4.720921 3.549925
v 0.000000 4.530130 3.443083
v 0.000000 6.003827 2.809789
v 0.000000 5.242170 3.549925
v 0.000000 5.432961 3.443083
v 0.300628 5.664968 2.342380
v -0.245106 4.981545 3.533285
v -0.212268 4.720921 3.501646
v -0.122553 4.530130 3.415209
v 0.116675 5.937342 2.697376
v -0.212268 5.242170 3.501646
v -0.122553 5.432961 3.415209
v 0.202088 5.755702 2.615084
v -0.396591 4.981545 3.387335
v -0.343457 4.720921 3.375250
v -0.198295 4.530130 3.342234
v 0.233351 5.507577 2.584963
v -0.343457 5.242170 3.375250
v -0.198295 5.432961 3.342234
v 0.202088 5.259452 2.615084
v -0.396591 4.981545 3.206930
v -0.343457 4.720921 3.219015
v -0.198295 4.530130 3.252032
v 0.116675 5.077812 2.697376
v -0.343457 5.242170 3.219015
v -0.198295 5.432961 3.252032
v 0.173568 5.497970 2.313481
v -0.245107 4.981545 3.060980
v -0.212268 4.720921 3.092619
v -0.122553 4.530130 3.179056
v 0.000000 5.436843 2.274004
v -0.212268 5.242170 3.092619
v -0.122553 5.432961 3.179056
v 0.000000 5.077812 2.670839
v -0.000000 4.720921 3.044340
v 0.000000 5.507577 2.531889
v 0.173568 5.497970 2.234527
v -0.000000 5.242170 3.044340
v 0.000000 5.937342 2.670839
v 0.300628 5.664968 2.205628
v 0.326985 5.755702 2.884160
v 0.188785 5.937342 2.852727
v 0.347136 5.893094 2.195050
v 0.233351 5.507577 3.034615
v 0.202088 5.259452 3.004494
v 0.116675 5.077812 2.922202
v 0.300628 6.121219 2.205628
v 0.202088 5.755702 3.004494
v 0.116675 5.937342 2.922202
v 0.173568 6.288218 2.234527
v 0.000000 5.507577 3.087689
v 0.000000 5.259452 3.050458
v 0.000000 5.077812 2.948739
v 0.000000 6.349344 2.274004
v 0.000000 5.755702 3.050458
v 0.000000 5.937342 2.948739
v -0.233351 5.507577 3.034615
v -0.202088 5.259452 3.004494
v -0.116675 5.077812 2.922202
v 0.107271 6.288218 2.170652
v -0.202088 5.755702 3.004494
v -0.116675 5.937342 2.922202
v 0.185798 6.121219 2.094993
v -0.377569 5.507577 2.895665
v -0.326985 5.259452 2.884160
v -0.188785 5.077812 2.852727
v 0.214542 5.893094 2.067300
v -0.326985 5.755702 2.884160
v -0.188785 5.937342 2.852727
v 0.185798 5.664968 2.094993
v -0.377570 5.507577 2.723913
v -0.326985 5.259452 2.735419
v -0.188785 5.077812 2.766851
v 0.107271 5.497970 2.170652
v -0.326985 5.755702 2.735419
v -0.188785 5.937342 2.766851
v -0.233351 5.507577 2.584963
v -0.202088 5.259452 2.615084
v -0.116675 5.077812 2.697376
v -0.202088 5.755702 2.615084
v -0.116675 5.937342 2.697376
v 0.000000 5.497970 2.146254
v -0.000000 5.259452 2.569121
v 0.000000 5.893094 2.018504
v -0.000000 5.755702 2.569121
v 0.000000 6.288218 2.146254
v 0.300628 6.121219 2.342380
v 0.173568 6.288218 2.313481
v 0.214542 5.893094 2.480708
v 0.185798 5.664968 2.453015
v 0.107271 5.497970 2.377356
v 0.185798 6.121219 2.453015
v 0.107271 6.288218 2.377356
v 0.000000 5.893094 2.529504
v 0.000000 5.664968 2.495273
v 0.000000 5.497970 2.401754
v 0.000000 6.121219 2.495273
v 0.000000 6.288218 2.401754
v -0.214542 5.893094 2.480708
v -0.185798 5.664968 2.453015
v -0.107271 5.497970 2.377356
v -0.185798 6.121219 2.453015
v -0.107271 6.288218 2.377356
v -0.347136 5.893094 2.352958
v -0.300628 5.664968 2.342380
v -0.173568 5.497970 2.313481
v -0.300628 6.121219 2.342380
v -0.173568 6.288218 2.313481
v -0.347136 5.893094 2.195050
v -0.300628 5.664968 2.205628
v -0.173568 5.497970 2.234527
v -0.300628 6.121219 2.205628
v -0.173568 6.288218 2.234527
v -0.214542 5.893094 2.067300
v -0.185798 5.664968 2.094993
v -0.107271 5.497970 2.170652
v -0.185798 6.121219 2.094993
v -0.107271 6.288218 2.170652
v -0.000000 5.664968 2.052735
v -0.000000 6.121219 2.052735
vn -0.0000 1.0000 -0.0000
vn -0.0000 0.9316 -0.3635
vn 0.6849 -0.0000 0.7287
vn 0.6668 0.2278 0.7096
vn -0.0000 0.3773 -0.9261
vn -0.0000 0.1859 -0.9826
vn -0.0000 -0.0000 -1.0000
vn -0.0000 -0.1859 -0.9826
vn -0.0000 -0.3773 -0.9261
vn -0.0000 -0.5759 -0.8175
vn 0.5955 0.4928 0.6345
vn -0.0000 -0.9316 -0.3635
vn -0.0000 -1.0000 -0.0000
vn 0.4052 0.8046 0.4341
vn 0.1029 0.9309 -0.3505
vn 0.1789 0.7700 -0.6125
vn 0.2292 0.5736 -0.7864
vn 0.2591 0.3753 -0.8899
vn 0.2746 0.1848 -0.9436
vn 0.2794 -0.0000 -0.9602
vn 0.2746 -0.1848 -0.9436
vn 0.2591 -0.3753 -0.8899
vn 0.2292 -0.5736 -0.7864
vn 0.1789 -0.7700 -0.6125
vn 0.1029 -0.9309 -0.3505
vn 0.1977 0.9291 -0.3126
vn 0.3429 0.7652 -0.5449
vn 0.4379 0.5676 -0.6972
vn 0.4937 0.3702 -0.7869
vn 0.5225 0.1820 -0.8330
vn 0.5313 -0.0000 -0.8472
vn 0.5225 -0.1820 -0.8330
vn 0.4937 -0.3702 -0.7869
vn 0.4379 -0.5676 -0.6972
vn 0.3429 -0.7652 -0.5449
vn 0.1977 -0.9291 -0.3126
vn 0.5362 0.8098 0.2380
vn 0.7918 0.5009 0.3494
vn 0.2777 0.9266 -0.2534
vn 0.4800 0.7587 -0.4404
vn 0.6102 0.5596 -0.5609
vn 0.6856 0.3635 -0.6308
vn 0.7240 0.1782 -0.6664
vn 0.7357 -0.0000 -0.6773
vn 0.7240 -0.1782 -0.6664
vn 0.6856 -0.3635 -0.6308
vn 0.6102 -0.5596 -0.5609
vn 0.4800 -0.7587 -0.4404
vn 0.2777 -0.9266 -0.2534
vn 0.8899 0.2328 0.3922
vn 0.9151 -0.0000 0.4032
vn 0.3378 0.9242 -0.1780
vn 0.5821 0.7524 -0.3083
vn 0.7366 0.5519 -0.3909
vn 0.8249 0.3571 -0.4382
vn 0.8695 0.1747 -0.4620
vn 0.8831 -0.0000 -0.4693
vn 0.8695 -0.1747 -0.4620
vn 0.8249 -0.3571 -0.4382
vn 0.7366 -0.5519 -0.3909
vn 0.5821 -0.7524 -0.3083
vn 0.3378 -0.9242 -0.1780
vn 0.8899 -0.2328 0.3922
vn 0.7918 -0.5009 0.3494
vn 0.3750 0.9225 -0.0917
vn 0.6446 0.7479 -0.1585
vn 0.8132 0.5464 -0.2003
vn 0.9086 0.3527 -0.2240
vn 0.9564 0.1723 -0.2358
vn 0.9709 -0.0000 -0.2394
vn 0.9564 -0.1723 -0.2358
vn 0.9086 -0.3527 -0.2240
vn 0.8132 -0.5464 -0.2003
vn 0.6446 -0.7479 -0.1585
vn 0.3750 -0.9225 -0.0917
vn 0.5362 -0.8098 0.2380
vn 0.3875 0.9219 -0.0000
vn 0.6656 0.7463 -0.0000
vn 0.8388 0.5445 -0.0000
vn 0.9364 0.3511 -0.0000
vn 0.9852 0.1714 -0.0000
vn 1.0000 -0.0000 -0.0000
vn 0.9852 -0.1714 -0.0000
vn 0.9364 -0.3511 -0.0000
vn 0.8388 -0.5445 -0.0000
vn 0.6656 -0.7463 -0.0000
vn 0.3875 -0.9219 -0.0000
vn 0.1216 -0.9700 -0.2106
vn 0.5836 -0.8120 -0.0000
vn 0.3750 0.9225 0.0917
vn 0.6446 0.7479 0.1585
vn 0.8132 0.5464 0.2003
vn 0.9086 0.3527 0.2240
vn 0.9564 0.1723 0.2358
vn 0.9709 -0.0000 0.2394
vn 0.9564 -0.1723 0.2358
vn 0.9086 -0.3527 0.2240
vn 0.8132 -0.5464 0.2003
vn 0.6446 -0.7479 0.1585
vn 0.3750 -0.9225 0.0917
vn 0.8635 -0.5044 -0.0000
vn 0.9720 -0.2350 -0.0000
vn 0.3378 0.9242 0.1780
vn 0.5821 0.7524 0.3083
vn 0.7366 0.5519 0.3909
vn 0.8249 0.3571 0.4382
vn 0.8695 0.1747 0.4620
vn 0.8831 -0.0000 0.4693
vn 0.8695 -0.1747 0.4620
vn 0.8249 -0.3571 0.4382
vn 0.7366 -0.5519 0.3909
vn 0.5821 -0.7524 0.3083
vn 0.3378 -0.9242 0.1780
vn 0.9720 0.2350 -0.0000
vn 0.2777 0.9266 0.2534
vn 0.4800 0.7587 0.4404
vn 0.6102 0.5596 0.5609
vn 0.6856 0.3635 0.6308
vn 0.7240 0.1782 0.6664
vn 0.7357 -0.0000 0.6773
vn 0.7240 -0.1782 0.6664
vn 0.6856 -0.3635 0.6308
vn 0.6102 -0.5596 0.5609
vn 0.4800 -0.7587 0.4404
vn 0.2777 -0.9266 0.2534
vn 0.8635 0.5044 -0.0000
vn 0.5836 0.8120 -0.0000
vn 0.1977 0.9291 0.3126
vn 0.3429 0.7652 0.5449
vn 0.4379 0.5676 0.6972
vn 0.4937 0.3702 0.7869
vn 0.5225 0.1820 0.8330
vn 0.5313 -0.0000 0.8472
vn 0.5225 -0.1820 0.8330
vn 0.4937 -0.3702 0.7869
vn 0.4379 -0.5676 0.6972
vn 0.3429 -0.7652 0.5449
vn 0.1977 -0.9291 0.3126
vn 0.2341 -0.8836 -0.4055
vn 0.3370 -0.7387 -0.5838
vn 0.1029 0.9309 0.3505
vn 0.1789 0.7700 0.6125
vn 0.2292 0.5736 0.7864
vn 0.2591 0.3753 0.8899
vn 0.2746 0.1848 0.9436
vn 0.2794 -0.0000 0.9602
vn 0.2746 -0.1848 0.9436
vn 0.2591 -0.3753 0.8899
vn 0.2292 -0.5736 0.7864
vn 0.1789 -0.7700 0.6125
vn 0.1029 -0.9309 0.3505
vn 0.5362 0.8098 -0.2380
vn 0.7918 0.5009 -0.3494
vn -0.0000 0.9316 0.3635
vn -0.0000 0.7718 0.6359
vn -0.0000 0.5759 0.8175
vn -0.0000 0.3773 0.9261
vn -0.0000 0.1859 0.9826
vn -0.0000 -0.0000 1.0000
vn -0.0000 -0.1859 0.9826
vn -0.0000 -0.3773 0.9261
vn -0.0000 -0.5759 0.8175
vn -0.0000 -0.7718 0.6359
vn -0.0000 -0.9316 0.3635
vn 0.8899 0.2328 -0.3922
vn 0.9151 -0.0000 -0.4032
vn -0.1029 0.9309 0.3505
vn -0.1789 0.7700 0.6125
vn -0.2292 0.5736 0.7864
vn -0.2591 0.3753 0.8899
vn -0.2746 0.1848 0.9436
vn -0.2794 -0.0000 0.9602
vn -0.2746 -0.1848 0.9436
vn -0.2591 -0.3753 0.8899
vn -0.2292 -0.5736 0.7864
vn -0.1789 -0.7700 0.6125
vn -0.1029 -0.9309 0.3505
vn 0.8899 -0.2328 -0.3922
vn 0.7918 -0.5009 -0.3494
vn -0.1977 0.9291 0.3126
vn -0.3429 0.7652 0.5449
vn -0.4379 0.5676 0.6972
vn -0.4937 0.3702 0.7869
vn -0.5225 0.1820 0.8330
vn -0.5313 -0.0000 0.8472
vn -0.5225 -0.1820 0.8330
vn -0.4937 -0.3702 0.7869
vn -0.4379 -0.5676 0.6972
vn -0.3429 -0.7652 0.5449
vn -0.1977 -0.9291 0.3126
vn 0.5362 -0.8098 -0.2380
vn 0.4223 -0.5355 -0.7314
vn -0.2777 0.9266 0.2534
vn -0.4800 0.7587 0.4404
vn -0.6102 0.5596 0.5609
vn -0.6856 0.3635 0.6308
vn -0.7240 0.1782 0.6664
vn -0.7357 -0.0000 0.6773
vn -0.7240 -0.1782 0.6664
vn -0.6856 -0.3635 0.6308
vn -0.6102 -0.5596 0.5609
vn -0.4800 -0.7587 0.4404
vn -0.2777 -0.9266 0.2534
vn 0.4796 -0.2826 -0.8307
vn 0.4052 -0.8046 -0.4341
vn -0.3378 0.9242 0.1780
vn -0.5821 0.7524 0.3083
vn -0.7366 0.5519 0.3909
vn -0.8249 0.3571 0.4382
vn -0.8695 0.1747 0.4620
vn -0.8831 -0.0000 0.4693
vn -0.8695 -0.1747 0.4620
vn -0.8249 -0.3571 0.4382
vn -0.7366 -0.5519 0.3909
vn -0.5821 -0.7524 0.3083
vn -0.3378 -0.9242 0.1780
vn 0.5955 -0.4928 -0.6345
vn 0.6668 -0.2278 -0.7096
vn -0.3750 0.9225 0.0917
vn -0.6446 0.7479 0.1585
vn -0.8132 0.5464 0.2003
vn -0.9086 0.3527 0.2240
vn -0.9564 0.1723 0.2358
vn -0.9709 -0.0000 0.2394
vn -0.9564 -0.1723 0.2358
vn -0.9086 -0.3527 0.2240
vn -0.8132 -0.5464 0.2003
vn -0.6446 -0.7479 0.1585
vn -0.3750 -0.9225 0.0917
vn 0.6849 -0.0000 -0.7287
vn 0.6668 0.2278 -0.7096
vn -0.3875 0.9219 -0.0000
vn -0.6656 0.7463 -0.0000
vn -0.8388 0.5445 -0.0000
vn -0.9364 0.3511 -0.0000
vn -0.9852 0.1714 -0.0000
vn -1.0000 -0.0000 -0.0000
vn -0.9852 -0.1714 -0.0000
vn -0.9364 -0.3511 -0.0000
vn -0.8388 -0.5445 -0.0000
vn -0.6656 -0.7463 -0.0000
vn -0.3875 -0.9219 -0.0000
vn 0.5955 0.4928 -0.6345
vn 0.4052 0.8046 -0.4341
vn -0.3750 0.9225 -0.0917
vn -0.6446 0.7479 -0.1585
vn -0.8132 0.5464 -0.2003
vn -0.9086 0.3527 -0.2240
vn -0.9564 0.1723 -0.2358
vn -0.9709 -0.0000 -0.2394
vn -0.9564 -0.1723 -0.2358
vn -0.9086 -0.3527 -0.2240
vn -0.8132 -0.5464 -0.2003
vn -0.6446 -0.7479 -0.1585
vn -0.3750 -0.9225 -0.0917
vn 0.5000 -0.0000 -0.8660
vn 0.4796 0.2826 -0.8307
vn -0.3378 0.9242 -0.1780
vn -0.5821 0.7524 -0.3083
vn -0.7366 0.5519 -0.3909
vn -0.8249 0.3571 -0.4382
vn -0.8695 0.1747 -0.4620
vn -0.8831 -0.0000 -0.4693
vn -0.8695 -0.1747 -0.4620
vn -0.8249 -0.3571 -0.4382
vn -0.7366 -0.5519 -0.3909
vn -0.5821 -0.7524 -0.3083
vn -0.3378 -0.9242 -0.1780
vn 0.2166 0.7995 -0.5602
vn 0.3169 0.4849 -0.8151
vn -0.2777 0.9266 -0.2534
vn -0.4800 0.7587 -0.4404
vn -0.6102 0.5596 -0.5609
vn -0.6856 0.3635 -0.6308
vn -0.7240 0.1782 -0.6664
vn -0.7357 -0.0000 -0.6773
vn -0.7240 -0.1782 -0.6664
vn -0.6856 -0.3635 -0.6308
vn -0.6102 -0.5596 -0.5609
vn -0.4800 -0.7587 -0.4404
vn -0.2777 -0.9266 -0.2534
vn 0.3535 0.2231 -0.9084
vn 0.3627 -0.0000 -0.9319
vn -0.1977 0.9291 -0.3126
vn -0.3429 0.7652 -0.5449
vn -0.4379 0.5676 -0.6972
vn -0.4937 0.3702 -0.7869
vn -0.5225 0.1820 -0.8330
vn -0.5313 -0.0000 -0.8472
vn -0.5225 -0.1820 -0.8330
vn -0.4937 -0.3702 -0.7869
vn -0.4379 -0.5676 -0.6972
vn -0.3429 -0.7652 -0.5449
vn -0.1977 -0.9291 -0.3126
vn 0.3535 -0.2231 -0.9084
vn 0.3169 -0.4849 -0.8151
vn -0.1029 0.9309 -0.3505
vn -0.1789 0.7700 -0.6125
vn -0.2292 0.5736 -0.7864
vn -0.2591 0.3753 -0.8899
vn -0.2746 0.1848 -0.9436
vn -0.2794 -0.0000 -0.9602
vn -0.2746 -0.1848 -0.9436
vn -0.2591 -0.3753 -0.8899
vn -0.2292 -0.5736 -0.7864
vn -0.1789 -0.7700 -0.6125
vn -0.1029 -0.9309 -0.3505
vn 0.2166 -0.7995 -0.5602
vn 0.4223 0.5355 -0.7314
vn 0.3370 0.7387 -0.5838
vn -0.0000 0.7718 -0.6359
vn -0.0000 0.5759 -0.8175
vn 0.2341 0.8836 -0.4055
vn 0.1216 0.9700 -0.2106
vn -0.0000 0.2211 -0.9752
vn 0.7071 -0.0000 0.7071
vn -0.0000 -0.7718 -0.6359
vn -0.0000 0.7975 -0.6034
vn 0.0629 0.9700 -0.2349
vn 0.6668 -0.2278 0.7096
vn 0.5955 -0.4928 0.6345
vn 0.4052 -0.8046 0.4341
vn 0.1212 0.8836 -0.4523
vn 0.3627 -0.0000 0.9319
vn 0.3535 0.2231 0.9084
vn 0.3169 0.4849 0.8151
vn 0.2166 0.7995 0.5602
vn 0.1745 0.7387 -0.6511
vn 0.3535 -0.2231 0.9084
vn 0.3169 -0.4849 0.8151
vn 0.2166 -0.7995 0.5602
vn 0.2186 0.5355 -0.8157
vn -0.0000 0.2211 0.9752
vn -0.0000 0.4817 0.8763
vn -0.0000 0.7975 0.6034
vn 0.2483 0.2826 -0.9266
vn -0.0000 -0.2211 0.9752
vn -0.0000 -0.4817 0.8763
vn -0.0000 -0.7975 0.6034
vn 0.2588 -0.0000 -0.9659
vn -0.3627 -0.0000 0.9319
vn -0.3535 0.2231 0.9084
vn -0.3169 0.4849 0.8151
vn -0.2166 0.7995 0.5602
vn 0.2483 -0.2826 -0.9266
vn -0.3535 -0.2231 0.9084
vn -0.3169 -0.4849 0.8151
vn -0.2166 -0.7995 0.5602
vn 0.2186 -0.5355 -0.8157
vn -0.6849 -0.0000 0.7287
vn -0.6668 0.2278 0.7096
vn -0.5955 0.4928 0.6345
vn -0.4052 0.8046 0.4341
vn 0.1745 -0.7387 -0.6511
vn -0.6668 -0.2278 0.7096
vn -0.5955 -0.4928 0.6345
vn -0.4052 -0.8046 0.4341
vn 0.1212 -0.8836 -0.4523
vn -0.9151 -0.0000 0.4032
vn -0.8899 0.2328 0.3922
vn -0.7918 0.5009 0.3494
vn -0.5362 0.8098 0.2380
vn 0.0629 -0.9700 -0.2349
vn -0.8899 -0.2328 0.3922
vn -0.7918 -0.5009 0.3494
vn -0.5362 -0.8098 0.2380
vn 0.6344 0.4418 0.6344
vn -0.9720 0.2350 -0.0000
vn -0.8635 0.5044 -0.0000
vn -0.5836 0.8120 -0.0000
vn 0.4561 0.7642 0.4561
vn -0.9720 -0.2350 -0.0000
vn -0.8635 -0.5044 -0.0000
vn -0.5836 -0.8120 -0.0000
vn -0.0000 -0.9700 -0.2432
vn -0.9151 -0.0000 -0.4032
vn -0.8899 0.2328 -0.3922
vn -0.7918 0.5009 -0.3494
vn -0.5362 0.8098 -0.2380
vn 0.2383 0.9415 0.2383
vn -0.8899 -0.2328 -0.3922
vn -0.7918 -0.5009 -0.3494
vn -0.5362 -0.8098 -0.2380
vn -0.6849 -0.0000 -0.7287
vn -0.6668 0.2278 -0.7096
vn -0.5955 0.4928 -0.6345
vn -0.4052 0.8046 -0.4341
vn -0.6668 -0.2278 -0.7096
vn -0.5955 -0.4928 -0.6345
vn -0.4052 -0.8046 -0.4341
vn -0.0000 -0.2826 -0.9592
vn -0.3627 -0.0000 -0.9319
vn -0.3535 0.2231 -0.9084
vn -0.3169 0.4849 -0.8151
vn -0.2166 0.7995 -0.5602
vn -0.3535 -0.2231 -0.9084
vn -0.3169 -0.4849 -0.8151
vn -0.2166 -0.7995 -0.5602
vn 0.3114 0.9415 0.1290
vn 0.5959 0.7642 0.2468
vn 0.8288 0.4418 0.3433
vn -0.0000 0.4817 -0.8763
vn 0.9239 -0.0000 0.3827
vn -0.0000 0.9700 -0.2432
vn -0.0000 -0.2211 -0.9752
vn -0.0000 -0.4817 -0.8763
vn -0.0000 -0.7975 -0.6034
vn 0.8288 -0.4418 0.3433
vn 0.5959 -0.7642 0.2468
vn 0.1720 -0.9700 -0.1720
vn 0.3311 -0.8836 -0.3311
vn 0.4766 -0.7387 -0.4767
vn 0.5972 -0.5355 -0.5972
vn 0.6783 -0.2826 -0.6783
vn 0.7071 -0.0000 -0.7071
vn 0.6783 0.2826 -0.6783
vn 0.5972 0.5355 -0.5972
vn 0.4767 0.7387 -0.4767
vn 0.3311 0.8836 -0.3311
vn 0.1720 0.9700 -0.1720
vn 0.3114 -0.9415 0.1290
vn 0.2106 -0.9700 -0.1216
vn 0.4055 -0.8836 -0.2341
vn 0.5838 -0.7387 -0.3370
vn 0.7314 -0.5355 -0.4223
vn 0.8307 -0.2826 -0.4796
vn 0.8660 -0.0000 -0.5000
vn 0.8307 0.2826 -0.4796
vn 0.7314 0.5355 -0.4223
vn 0.5838 0.7387 -0.3370
vn 0.4055 0.8836 -0.2341
vn 0.2106 0.9700 -0.1216
vn -0.0000 -0.4828 0.8757
vn 0.3371 -0.9415 -0.0000
vn 0.2349 -0.9700 -0.0629
vn 0.4523 -0.8836 -0.1212
vn 0.6511 -0.7387 -0.1745
vn 0.8157 -0.5355 -0.2186
vn 0.9266 -0.2826 -0.2483
vn 0.9659 -0.0000 -0.2588
vn 0.9266 0.2826 -0.2483
vn 0.8157 0.5355 -0.2186
vn 0.6511 0.7387 -0.1745
vn 0.4523 0.8836 -0.1212
vn 0.2349 0.9700 -0.0629
vn 0.6450 -0.7642 -0.0000
vn 0.8971 -0.4418 -0.0000
vn 0.2432 -0.9700 -0.0000
vn 0.4683 -0.8836 -0.0000
vn 0.6741 -0.7387 -0.0000
vn 0.8445 -0.5355 -0.0000
vn 0.9592 -0.2826 -0.0000
vn 0.9592 0.2826 -0.0000
vn 0.8445 0.5355 -0.0000
vn 0.6741 0.7387 -0.0000
vn 0.4683 0.8836 -0.0000
vn 0.2432 0.9700 -0.0000
vn 0.8971 0.4418 -0.0000
vn 0.2349 -0.9700 0.0629
vn 0.4523 -0.8836 0.1212
vn 0.6511 -0.7387 0.1745
vn 0.8157 -0.5355 0.2186
vn 0.9266 -0.2826 0.2483
vn 0.9659 -0.0000 0.2588
vn 0.9266 0.2826 0.2483
vn 0.8157 0.5355 0.2186
vn 0.6511 0.7387 0.1745
vn 0.4523 0.8836 0.1212
vn 0.2349 0.9700 0.0629
vn 0.6450 0.7642 -0.0000
vn 0.3371 0.9415 -0.0000
vn 0.2106 -0.9700 0.1216
vn 0.4055 -0.8836 0.2341
vn 0.5838 -0.7387 0.3370
vn 0.7314 -0.5355 0.4223
vn 0.8307 -0.2826 0.4796
vn 0.8660 -0.0000 0.5000
vn 0.8307 0.2826 0.4796
vn 0.7314 0.5355 0.4223
vn 0.5838 0.7387 0.3370
vn 0.4055 0.8836 0.2341
vn 0.2106 0.9700 0.1216
vn -0.0000 -0.8480 0.5301
vn 0.1720 -0.9700 0.1720
vn 0.3311 -0.8836 0.3311
vn 0.4767 -0.7387 0.4766
vn 0.5972 -0.5355 0.5972
vn 0.6783 -0.2826 0.6783
vn 0.6783 0.2826 0.6783
vn 0.5972 0.5355 0.5972
vn 0.4767 0.7387 0.4767
vn 0.3311 0.8836 0.3311
vn 0.1720 0.9700 0.1720
vn 0.3114 0.9415 -0.1290
vn 0.5959 0.7642 -0.2468
vn 0.1216 -0.9700 0.2106
vn 0.2341 -0.8836 0.4055
vn 0.3370 -0.7387 0.5838
vn 0.4223 -0.5355 0.7314
vn 0.4796 -0.2826 0.8307
vn 0.5000 -0.0000 0.8660
vn 0.4796 0.2826 0.8307
vn 0.4223 0.5355 0.7314
vn 0.3370 0.7387 0.5838
vn 0.2341 0.8836 0.4055
vn 0.1216 0.9700 0.2106
vn 0.8288 0.4418 -0.3433
vn 0.9239 -0.0000 -0.3827
vn 0.0629 -0.9700 0.2349
vn 0.1212 -0.8836 0.4523
vn 0.1745 -0.7387 0.6511
vn 0.2186 -0.5355 0.8157
vn 0.2483 -0.2826 0.9266
vn 0.2588 -0.0000 0.9659
vn 0.2483 0.2826 0.9266
vn 0.2186 0.5355 0.8157
vn 0.1745 0.7387 0.6511
vn 0.1212 0.8836 0.4523
vn 0.0629 0.9700 0.2349
vn 0.8288 -0.4418 -0.3433
vn 0.5959 -0.7642 -0.2468
vn -0.0000 -0.9700 0.2432
vn -0.0000 -0.8836 0.4683
vn -0.0000 -0.7387 0.6741
vn -0.0000 -0.5355 0.8445
vn -0.0000 -0.2826 0.9592
vn -0.0000 0.2826 0.9592
vn -0.0000 0.5355 0.8445
vn -0.0000 0.7387 0.6741
vn -0.0000 0.8836 0.4683
vn -0.0000 0.9700 0.2432
vn 0.3114 -0.9415 -0.1290
vn 0.9242 -0.0000 0.3820
vn -0.0629 -0.9700 0.2349
vn -0.1212 -0.8836 0.4523
vn -0.1745 -0.7387 0.6511
vn -0.2186 -0.5355 0.8157
vn -0.2483 -0.2826 0.9266
vn -0.2588 -0.0000 0.9659
vn -0.2483 0.2826 0.9266
vn -0.2186 0.5355 0.8157
vn -0.1745 0.7387 0.6511
vn -0.1212 0.8836 0.4523
vn -0.0629 0.9700 0.2349
vn 0.2564 -0.8587 0.4437
vn 0.2383 -0.9415 -0.2383
vn -0.1216 -0.9700 0.2106
vn -0.2341 -0.8836 0.4055
vn -0.3370 -0.7387 0.5838
vn -0.4223 -0.5355 0.7314
vn -0.4796 -0.2826 0.8307
vn -0.5000 -0.0000 0.8660
vn -0.4796 0.2826 0.8307
vn -0.4223 0.5355 0.7314
vn -0.3370 0.7387 0.5838
vn -0.2341 0.8836 0.4055
vn -0.1216 0.9700 0.2106
vn 0.4561 -0.7642 -0.4561
vn 0.6344 -0.4418 -0.6344
vn -0.1720 -0.9700 0.1720
vn -0.3311 -0.8836 0.3311
vn -0.4767 -0.7387 0.4767
vn -0.5972 -0.5355 0.5972
vn -0.6783 -0.2826 0.6783
vn -0.7071 -0.0000 0.7071
vn -0.6783 0.2826 0.6783
vn -0.5972 0.5355 0.5972
vn -0.4767 0.7387 0.4767
vn -0.3311 0.8836 0.3311
vn -0.1720 0.9700 0.1720
vn 0.6344 0.4418 -0.6344
vn -0.2106 -0.9700 0.1216
vn -0.4055 -0.8836 0.2341
vn -0.5838 -0.7387 0.3370
vn -0.7314 -0.5355 0.4223
vn -0.8307 -0.2826 0.4796
vn -0.8660 -0.0000 0.5000
vn -0.8307 0.2826 0.4796
vn -0.7314 0.5355 0.4223
vn -0.5838 0.7387 0.3370
vn -0.4055 0.8836 0.2341
vn -0.2106 0.9700 0.1216
vn 0.4561 0.7642 -0.4561
vn 0.2383 0.9415 -0.2383
vn -0.2349 -0.9700 0.0629
vn -0.4523 -0.8836 0.1212
vn -0.6511 -0.7387 0.1745
vn -0.8157 -0.5355 0.2186
vn -0.9266 -0.2826 0.2483
vn -0.9659 -0.0000 0.2588
vn -0.9266 0.2826 0.2483
vn -0.8157 0.5355 0.2186
vn -0.6511 0.7387 0.1745
vn -0.4523 0.8836 0.1212
vn -0.2349 0.9700 0.0629
vn 0.4484 -0.5027 0.7391
vn 0.5253 -0.0000 0.8509
vn -0.2432 -0.9700 -0.0000
vn -0.4683 -0.8836 -0.0000
vn -0.6741 -0.7387 -0.0000
vn -0.8445 -0.5355 -0.0000
vn -0.9592 -0.2826 -0.0000
vn -0.9592 0.2826 -0.0000
vn -0.8445 0.5355 -0.0000
vn -0.6741 0.7387 -0.0000
vn -0.4683 0.8836 -0.0000
vn -0.2432 0.9700 -0.0000
vn 0.1290 0.9415 -0.3114
vn 0.2468 0.7642 -0.5959
vn -0.2349 -0.9700 -0.0629
vn -0.4523 -0.8836 -0.1212
vn -0.6511 -0.7387 -0.1745
vn -0.8157 -0.5355 -0.2186
vn -0.9266 -0.2826 -0.2483
vn -0.9659 -0.0000 -0.2588
vn -0.9266 0.2826 -0.2483
vn -0.8157 0.5355 -0.2186
vn -0.6511 0.7387 -0.1745
vn -0.4523 0.8836 -0.1212
vn -0.2349 0.9700 -0.0629
vn 0.3433 0.4418 -0.8288
vn 0.3827 -0.0000 -0.9239
vn -0.2106 -0.9700 -0.1216
vn -0.4055 -0.8836 -0.2341
vn -0.5838 -0.7387 -0.3370
vn -0.7314 -0.5355 -0.4223
vn -0.8307 -0.2826 -0.4796
vn -0.8660 -0.0000 -0.5000
vn -0.8307 0.2826 -0.4796
vn -0.7314 0.5355 -0.4223
vn -0.5838 0.7387 -0.3370
vn -0.4055 0.8836 -0.2341
vn -0.2106 0.9700 -0.1216
vn 0.3433 -0.4418 -0.8288
vn 0.2468 -0.7642 -0.5959
vn -0.1720 -0.9700 -0.1720
vn -0.3311 -0.8836 -0.3311
vn -0.4767 -0.7387 -0.4766
vn -0.5972 -0.5355 -0.5972
vn -0.6783 -0.2826 -0.6783
vn -0.7071 -0.0000 -0.7071
vn -0.6783 0.2826 -0.6783
vn -0.5972 0.5355 -0.5972
vn -0.4767 0.7387 -0.4767
vn -0.3311 0.8836 -0.3311
vn -0.1720 0.9700 -0.1720
vn 0.1290 -0.9415 -0.3114
vn 0.4484 0.5027 0.7391
vn -0.1216 -0.9700 -0.2106
vn -0.2341 -0.8836 -0.4055
vn -0.3370 -0.7387 -0.5838
vn -0.4223 -0.5355 -0.7314
vn -0.4796 -0.2826 -0.8307
vn -0.5000 -0.0000 -0.8660
vn -0.4796 0.2826 -0.8307
vn -0.4223 0.5355 -0.7314
vn -0.3370 0.7387 -0.5838
vn -0.2341 0.8836 -0.4055
vn -0.1216 0.9700 -0.2106
vn 0.2564 0.8587 0.4437
vn -0.0629 -0.9700 -0.2349
vn -0.1212 -0.8836 -0.4523
vn -0.1745 -0.7387 -0.6511
vn -0.2186 -0.5355 -0.8157
vn -0.2483 -0.2826 -0.9266
vn -0.2588 -0.0000 -0.9659
vn -0.2483 0.2826 -0.9266
vn -0.2186 0.5355 -0.8157
vn -0.1745 0.7387 -0.6511
vn -0.1212 0.8836 -0.4523
vn -0.0629 0.9700 -0.2349
vn 0.8504 -0.3872 0.3563
vn 0.4433 0.8779 0.1810
vn -0.0000 -0.8836 -0.4683
vn -0.0000 -0.7387 -0.6741
vn -0.0000 -0.5355 -0.8445
vn -0.0000 0.4418 -0.8971
vn 0.7870 0.5367 0.3044
vn -0.0000 0.2826 -0.9592
vn -0.0000 0.5355 -0.8445
vn -0.0000 0.7387 -0.6741
vn -0.0000 0.8836 -0.4683
vn -0.0000 0.9415 -0.3371
vn 0.9355 -0.0000 0.3534
vn 0.6344 -0.4418 0.6344
vn 0.4561 -0.7642 0.4561
vn 0.2383 -0.9415 0.2383
vn 0.7870 -0.5367 0.3044
vn 0.3827 -0.0000 0.9239
vn 0.3433 0.4418 0.8288
vn 0.2468 0.7642 0.5959
vn 0.1290 0.9415 0.3114
vn 0.4433 -0.8779 0.1810
vn 0.3433 -0.4418 0.8288
vn 0.2468 -0.7642 0.5959
vn 0.1290 -0.9415 0.3114
vn 0.5850 -0.7681 0.2604
vn -0.0000 0.4418 0.8971
vn -0.0000 0.7642 0.6450
vn -0.0000 0.9415 0.3371
vn -0.0000 -0.4418 0.8971
vn -0.0000 -0.7642 0.6450
vn -0.0000 -0.9415 0.3371
vn 0.4433 -0.8779 -0.1810
vn -0.3827 -0.0000 0.9239
vn -0.3433 0.4418 0.8288
vn -0.2468 0.7642 0.5959
vn -0.1290 0.9415 0.3114
vn 0.7870 -0.5367 -0.3044
vn -0.3433 -0.4418 0.8288
vn -0.2468 -0.7642 0.5959
vn -0.1290 -0.9415 0.3114
vn 0.9355 -0.0000 -0.3534
vn -0.6344 0.4418 0.6344
vn -0.4561 0.7642 0.4561
vn -0.2383 0.9415 0.2383
vn 0.7870 0.5367 -0.3044
vn -0.6344 -0.4418 0.6344
vn -0.4561 -0.7642 0.4561
vn -0.2383 -0.9415 0.2383
vn 0.4433 0.8779 -0.1810
vn -0.9239 -0.0000 0.3827
vn -0.8288 0.4418 0.3433
vn -0.5959 0.7642 0.2468
vn -0.3114 0.9415 0.1290
vn 0.9030 -0.0000 0.4297
vn -0.8288 -0.4418 0.3433
vn -0.5959 -0.7642 0.2468
vn -0.3114 -0.9415 0.1290
vn 0.5850 -0.7681 -0.2604
vn -0.8971 0.4418 -0.0000
vn -0.6450 0.7642 -0.0000
vn -0.3371 0.9415 -0.0000
vn 0.2564 0.8587 -0.4437
vn -0.8971 -0.4418 -0.0000
vn -0.6450 -0.7642 -0.0000
vn -0.3371 -0.9415 -0.0000
vn 0.4484 0.5027 -0.7391
vn -0.9239 -0.0000 -0.3827
vn -0.8288 0.4418 -0.3433
vn -0.5959 0.7642 -0.2468
vn -0.3114 0.9415 -0.1290
vn 0.5253 -0.0000 -0.8509
vn -0.8288 -0.4418 -0.3433
vn -0.5959 -0.7642 -0.2468
vn -0.3114 -0.9415 -0.1290
vn 0.4484 -0.5027 -0.7391
vn -0.6344 0.4418 -0.6344
vn -0.4561 0.7642 -0.4561
vn -0.2383 0.9415 -0.2383
vn 0.2564 -0.8587 -0.4437
vn -0.6344 -0.4418 -0.6344
vn -0.4561 -0.7642 -0.4561
vn -0.2383 -0.9415 -0.2383
vn 0.8504 -0.3872 -0.3563
vn -0.3827 -0.0000 -0.9239
vn -0.3433 0.4418 -0.8288
vn -0.2468 0.7642 -0.5959
vn -0.1290 0.9415 -0.3114
vn 0.9242 -0.0000 -0.3820
vn -0.3433 -0.4418 -0.8288
vn -0.2468 -0.7642 -0.5959
vn -0.1290 -0.9415 -0.3114
vn -0.0000 -0.8480 -0.5301
vn 0.8504 0.3872 -0.3563
vn -0.0000 0.7642 -0.6450
vn 0.5850 0.7681 -0.2604
vn -0.0000 0.8480 -0.5301
vn -0.0000 -0.4418 -0.8971
vn -0.0000 -0.7642 -0.6450
vn -0.0000 -0.9415 -0.3371
vn -0.0000 0.4828 0.8757
vn -0.0000 0.8480 0.5301
vn 0.8330 -0.3764 0.4055
vn -0.5253 -0.0000 0.8509
vn -0.4484 -0.5027 0.7391
vn -0.2564 -0.8587 0.4437
vn 0.3214 0.7252 -0.6089
vn -0.4484 0.5027 0.7391
vn -0.2564 0.8587 0.4437
vn 0.4547 0.3361 -0.8248
vn -0.9355 -0.0000 0.3534
vn -0.7870 -0.5367 0.3044
vn -0.4433 -0.8779 0.1810
vn 0.4850 -0.0000 -0.8745
vn -0.7870 0.5367 0.3044
vn -0.4433 0.8779 0.1810
vn 0.4547 -0.3361 -0.8248
vn -0.9355 -0.0000 -0.3534
vn -0.7870 -0.5367 -0.3044
vn -0.4433 -0.8779 -0.1810
vn 0.3214 -0.7252 -0.6089
vn -0.7870 0.5367 -0.3044
vn -0.4433 0.8779 -0.1810
vn 0.5787 -0.7535 0.3120
vn -0.5253 -0.0000 -0.8509
vn -0.4484 -0.5027 -0.7391
vn -0.2564 -0.8587 -0.4437
vn -0.4484 0.5027 -0.7391
vn -0.2564 0.8587 -0.4437
vn -0.0000 -0.7011 -0.7131
vn -0.0000 -0.4828 -0.8757
vn 0.5787 -0.7535 -0.3120
vn -0.0000 0.4828 -0.8757
vn -0.0000 0.7011 -0.7131
vn 0.8330 -0.3764 -0.4055
vn 0.8504 0.3872 0.3563
vn 0.5850 0.7681 0.2604
vn 0.9030 -0.0000 -0.4297
vn 0.4850 -0.0000 0.8745
vn 0.4547 -0.3361 0.8248
vn 0.3214 -0.7252 0.6089
vn 0.8330 0.3764 -0.4055
vn 0.4547 0.3361 0.8248
vn 0.3214 0.7252 0.6089
vn 0.5787 0.7535 -0.3120
vn -0.0000 -0.3094 0.9509
vn -0.0000 -0.7011 0.7131
vn -0.0000 0.3094 0.9509
vn -0.0000 0.7011 0.7131
vn -0.4850 -0.0000 0.8745
vn -0.4547 -0.3361 0.8248
vn -0.3214 -0.7252 0.6089
vn 0.2903 0.6770 -0.6763
vn -0.4547 0.3361 0.8248
vn -0.3214 0.7252 0.6089
vn 0.3948 0.2913 -0.8714
vn -0.9242 -0.0000 0.3820
vn -0.8504 -0.3872 0.3563
vn -0.5850 -0.7681 0.2604
vn 0.4144 -0.0000 -0.9101
vn -0.8504 0.3872 0.3563
vn -0.5850 0.7681 0.2604
vn 0.3948 -0.2913 -0.8714
vn -0.9242 -0.0000 -0.3820
vn -0.8504 -0.3872 -0.3563
vn -0.5850 -0.7681 -0.2604
vn 0.2903 -0.6770 -0.6763
vn -0.8504 0.3872 -0.3563
vn -0.5850 0.7681 -0.2604
vn -0.4850 -0.0000 -0.8745
vn -0.4547 -0.3361 -0.8248
vn -0.3214 -0.7252 -0.6089
vn -0.4547 0.3361 -0.8248
vn -0.3214 0.7252 -0.6089
vn -0.0000 -0.6358 -0.7719
vn -0.0000 -0.3094 -0.9509
vn -0.0000 0.3094 -0.9509
vn -0.0000 0.6358 -0.7719
vn 0.8330 0.3764 0.4055
vn 0.5787 0.7535 0.3120
vn 0.4144 -0.0000 0.9101
vn 0.3948 -0.2913 0.8714
vn 0.2903 -0.6770 0.6763
vn 0.3948 0.2913 0.8714
vn 0.2903 0.6770 0.6763
vn -0.0000 -0.2538 0.9673
vn -0.0000 -0.6358 0.7719
vn -0.0000 0.2538 0.9673
vn -0.0000 0.6358 0.7719
vn -0.4144 -0.0000 0.9101
vn -0.3948 -0.2913 0.8714
vn -0.2903 -0.6770 0.6763
vn -0.3948 0.2913 0.8714
vn -0.2903 0.6770 0.6763
vn -0.9030 -0.0000 0.4297
vn -0.8330 -0.3764 0.4055
vn -0.5787 -0.7535 0.3120
vn -0.8330 0.3764 0.4055
vn -0.5787 0.7535 0.3120
vn -0.9030 -0.0000 -0.4297
vn -0.8330 -0.3764 -0.4055
vn -0.5787 -0.7535 -0.3120
vn -0.8330 0.3764 -0.4055
vn -0.5787 0.7535 -0.3120
vn -0.4144 -0.0000 -0.9101
vn -0.3948 -0.2913 -0.8714
vn -0.2903 -0.6770 -0.6763
vn -0.3948 0.2913 -0.8714
vn -0.2903 0.6770 -0.6763
vn 0.8884 -0.0000 0.4591
vn -0.0000 -0.2538 -0.9673
vn -0.0000 0.2538 -0.9673
vn 0.7569 -0.4986 0.4225
vn 0.4445 -0.8431 0.3027
vn 0.6650 -0.4467 -0.5985
vn 0.4445 -0.8431 -0.3027
vn 0.7569 -0.4987 -0.4225
vn 0.8884 -0.0000 -0.4591
vn 0.7569 0.4987 -0.4225
vn 0.4445 0.8431 -0.3027
vn 0.7296 -0.2011 -0.6536
vn 0.2101 0.7563 -0.6195
vn 0.3297 0.3718 -0.8678
vn 0.3616 -0.0000 -0.9323
vn 0.3297 -0.3718 -0.8678
vn 0.2101 -0.7563 -0.6195
vn 0.7450 -0.0000 -0.6670
vn 0.7296 0.2011 -0.6536
vn -0.0000 -0.7134 -0.7008
vn 0.6650 0.4467 -0.5985
vn 0.4679 0.7698 -0.4342
vn -0.0000 0.7134 -0.7008
vn 0.7569 0.4986 0.4225
vn 0.4445 0.8431 0.3027
vn 0.3616 -0.0000 0.9323
vn 0.3297 -0.3718 0.8678
vn 0.2101 -0.7563 0.6195
vn 0.3346 0.7361 -0.5884
vn 0.3298 0.3718 0.8678
vn 0.2101 0.7563 0.6195
vn 0.4578 0.4015 -0.7932
vn -0.0000 -0.3167 0.9485
vn -0.0000 -0.7134 0.7008
vn 0.4924 0.1764 -0.8523
vn -0.0000 0.3167 0.9485
vn -0.0000 0.7134 0.7008
vn 0.5002 -0.0000 -0.8659
vn -0.3616 -0.0000 0.9323
vn -0.3297 -0.3718 0.8678
vn -0.2101 -0.7563 0.6195
vn 0.4924 -0.1764 -0.8523
vn -0.3297 0.3718 0.8678
vn -0.2101 0.7563 0.6195
vn 0.4578 -0.4015 -0.7932
vn -0.8884 -0.0000 0.4591
vn -0.7569 -0.4986 0.4225
vn -0.4445 -0.8431 0.3027
vn 0.3346 -0.7361 -0.5884
vn -0.7569 0.4987 0.4225
vn -0.4445 0.8431 0.3027
vn -0.8884 -0.0000 -0.4591
vn -0.7569 -0.4987 -0.4225
vn -0.4445 -0.8431 -0.3027
vn -0.2546 -0.1795 0.9502
vn -0.7569 0.4986 -0.4225
vn -0.4445 0.8431 -0.3027
vn -0.2213 -0.5183 0.8261
vn -0.3616 -0.0000 -0.9323
vn -0.3297 -0.3718 -0.8678
vn -0.2101 -0.7563 -0.6195
vn 0.2388 -0.3858 -0.8911
vn -0.3297 0.3718 -0.8678
vn -0.2101 0.7563 -0.6195
vn 0.2551 -0.1683 -0.9522
vn -0.0000 -0.3167 -0.9485
vn 0.2551 0.1683 -0.9522
vn -0.0000 0.3167 -0.9485
vn 0.1787 0.7233 -0.6671
vn 0.8253 -0.0000 0.5648
vn 0.4679 -0.7698 -0.4342
vn 0.0979 -0.5720 0.8144
vn 0.8235 -0.5060 -0.2565
vn 0.9291 -0.2366 -0.2843
vn 0.9565 -0.0000 -0.2916
vn 0.9291 0.2366 -0.2843
vn 0.8235 0.5060 -0.2565
vn 0.5571 0.8094 -0.1857
vn 0.1255 -0.2122 0.9691
vn 0.5571 -0.8094 -0.1857
vn 0.1282 -0.0000 0.9917
vn 0.8155 -0.5360 0.2185
vn 0.9338 -0.2557 0.2502
vn 0.9338 0.2557 0.2502
vn 0.8155 0.5360 0.2185
vn 0.5407 0.8287 0.1449
vn 0.1255 0.2122 0.9691
vn 0.5407 -0.8287 0.1449
vn 0.0979 0.5720 0.8144
vn 0.5850 -0.5060 0.6339
vn 0.6625 -0.2366 0.7107
vn 0.6826 -0.0000 0.7308
vn 0.6625 0.2366 0.7107
vn 0.5850 0.5060 0.6339
vn 0.3896 0.8094 0.4394
vn 0.3896 -0.8094 0.4394
vn 0.8008 -0.2411 0.5482
vn 0.2767 -0.4467 0.8508
vn 0.3050 -0.2011 0.9309
vn 0.3117 -0.0000 0.9502
vn 0.3050 0.2011 0.9309
vn 0.2767 0.4467 0.8508
vn 0.1881 0.7698 0.6100
vn 0.5285 0.6739 0.5163
vn 0.1881 -0.7698 0.6100
vn 0.7057 0.3003 0.6417
vn -0.0001 -0.4015 0.9159
vn 0.0002 -0.1764 0.9843
vn 0.0002 -0.0000 1.0000
vn 0.0002 0.1764 0.9843
vn -0.0001 0.4015 0.9159
vn -0.0044 0.7361 0.6769
vn 0.7435 -0.0000 0.6688
vn -0.0044 -0.7361 0.6769
vn 0.7057 -0.3003 0.6417
vn -0.2388 -0.3858 0.8911
vn -0.2551 -0.1683 0.9522
vn -0.2551 0.1683 0.9522
vn -0.2388 0.3858 0.8911
vn -0.1787 0.7233 0.6671
vn 0.5285 -0.6739 0.5163
vn -0.1787 -0.7233 0.6670
vn 0.6535 -0.6091 0.4494
vn -0.4578 -0.4015 0.7932
vn -0.4924 -0.1764 0.8523
vn -0.5002 -0.0000 0.8659
vn -0.4924 0.1764 0.8523
vn -0.4578 0.4015 0.7932
vn -0.3346 0.7361 0.5884
vn -0.3346 -0.7361 0.5884
vn 0.7158 -0.6739 -0.1829
vn -0.6650 -0.4467 0.5985
vn -0.7296 -0.2011 0.6536
vn -0.7450 -0.0000 0.6670
vn -0.7296 0.2011 0.6536
vn -0.6650 0.4467 0.5985
vn -0.4679 0.7698 0.4342
vn 0.9320 -0.3003 -0.2029
vn -0.4679 -0.7698 0.4342
vn 0.9783 -0.0000 -0.2074
vn -0.8235 -0.5060 0.2565
vn -0.9291 -0.2366 0.2843
vn -0.9565 -0.0000 0.2916
vn -0.9291 0.2366 0.2843
vn -0.8235 0.5060 0.2565
vn -0.5571 0.8094 0.1857
vn 0.9320 0.3003 -0.2029
vn -0.5571 -0.8094 0.1857
vn 0.7158 0.6739 -0.1829
vn -0.8155 -0.5360 -0.2185
vn -0.9338 -0.2557 -0.2502
vn -0.9338 0.2557 -0.2502
vn -0.8155 0.5360 -0.2185
vn -0.5407 0.8287 -0.1449
vn 0.6764 -0.1330 -0.7244
vn -0.5407 -0.8287 -0.1449
vn 0.7906 -0.6091 -0.0624
vn -0.5850 -0.5060 -0.6339
vn -0.6625 -0.2366 -0.7107
vn -0.6826 -0.0000 -0.7308
vn -0.6625 0.2366 -0.7107
vn -0.5850 0.5060 -0.6339
vn -0.3896 0.8094 -0.4394
vn 0.4920 0.5720 -0.6563
vn -0.3896 -0.8094 -0.4394
vn 0.5932 0.2122 -0.7766
vn -0.2767 -0.4467 -0.8508
vn -0.3050 -0.2011 -0.9309
vn -0.3117 -0.0000 -0.9502
vn -0.3050 0.2011 -0.9309
vn -0.2767 0.4467 -0.8508
vn -0.1881 0.7698 -0.6100
vn 0.6069 -0.0000 -0.7948
vn -0.1881 -0.7698 -0.6100
vn 0.5932 -0.2122 -0.7766
vn 0.0001 -0.4015 -0.9159
vn -0.0002 -0.1764 -0.9843
vn -0.0002 -0.0000 -1.0000
vn -0.0002 0.1764 -0.9843
vn 0.0001 0.4015 -0.9159
vn 0.0044 0.7361 -0.6769
vn 0.4920 -0.5720 -0.6563
vn 0.0044 -0.7361 -0.6769
vn 0.9677 -0.2411 -0.0743
vn 0.9971 -0.0000 -0.0765
vn 0.2213 -0.5183 -0.8261
vn 0.9677 0.2411 -0.0744
vn 0.2388 0.3858 -0.8911
vn 0.7906 0.6091 -0.0624
vn 0.2213 0.5183 -0.8261
vn 0.1787 -0.7233 -0.6670
vn -0.2546 0.1795 0.9502
vn -0.2213 0.5183 0.8261
vn 0.7192 0.0788 -0.6903
vn -0.6069 -0.0000 0.7948
vn -0.5932 -0.2122 0.7766
vn -0.4920 -0.5720 0.6563
vn 0.6039 0.5940 -0.5316
vn -0.5932 0.2122 0.7766
vn -0.4920 0.5720 0.6563
vn 0.7322 0.2293 -0.6413
vn -0.9783 -0.0000 0.2074
vn -0.9320 -0.3003 0.2029
vn -0.7158 -0.6739 0.1829
vn 0.7523 -0.0000 -0.6588
vn -0.9320 0.3003 0.2029
vn -0.7158 0.6739 0.1829
vn 0.7322 -0.2293 -0.6413
vn -0.7435 -0.0000 -0.6688
vn -0.7057 -0.3003 -0.6417
vn -0.5285 -0.6739 -0.5163
vn 0.6039 -0.5940 -0.5316
vn -0.7057 0.3003 -0.6417
vn -0.5285 0.6739 -0.5163
vn 0.7288 0.2342 -0.6434
vn -0.1282 -0.0000 -0.9917
vn -0.1255 -0.2122 -0.9691
vn -0.0979 -0.5720 -0.8144
vn 0.7192 0.3834 -0.5794
vn -0.1255 0.2122 -0.9691
vn -0.0979 0.5720 -0.8144
vn 0.2100 -0.5847 -0.7836
vn 0.6764 0.5676 -0.4694
vn 0.2546 -0.1795 -0.9502
vn 0.5164 0.8295 -0.2125
vn 0.2546 0.1795 -0.9502
vn 0.2100 0.5847 -0.7836
vn -0.0000 0.9397 0.3420
vn 0.8008 0.2411 0.5482
vn 0.6535 0.6091 0.4494
vn 0.3222 -0.0000 0.9467
vn 0.3135 -0.2293 0.9215
vn 0.2572 -0.5939 0.7623
vn 0.2837 0.8894 -0.3584
vn 0.3135 0.2293 0.9215
vn 0.2572 0.5939 0.7623
vn 0.3732 0.6466 -0.6653
vn -0.2523 -0.2225 0.9417
vn -0.2100 -0.5847 0.7836
vn 0.3978 0.4645 -0.7912
vn -0.2523 0.2225 0.9417
vn -0.2100 0.5847 0.7836
vn 0.4034 0.3130 -0.8599
vn -0.7523 -0.0000 0.6588
vn -0.7322 -0.2293 0.6413
vn -0.6039 -0.5940 0.5316
vn 0.3978 0.1528 -0.9047
vn -0.7322 0.2293 0.6413
vn -0.6039 0.5940 0.5316
vn 0.3732 -0.0677 -0.9253
vn -0.9971 -0.0000 0.0765
vn -0.9677 -0.2411 0.0743
vn -0.7906 -0.6091 0.0624
vn 0.2837 -0.4510 -0.8463
vn -0.9677 0.2411 0.0744
vn -0.7906 0.6091 0.0624
vn -0.0000 -0.9397 -0.3420
vn -0.8253 -0.0000 -0.5648
vn -0.8008 -0.2411 -0.5482
vn -0.6535 -0.6091 -0.4494
vn -0.0000 -0.5133 0.8582
vn -0.8008 0.2411 -0.5482
vn -0.6535 0.6091 -0.4494
vn -0.0000 -0.8663 0.4996
vn -0.3222 -0.0000 -0.9467
vn -0.3135 -0.2293 -0.9215
vn -0.2572 -0.5939 -0.7623
vn -0.0000 -0.0442 -0.9990
vn -0.3135 0.2293 -0.9215
vn -0.2572 0.5939 -0.7623
vn -0.0000 0.1798 -0.9837
vn -0.0000 0.3420 -0.9397
vn 0.2523 -0.2225 -0.9417
vn -0.0000 0.4946 -0.8691
vn 0.2523 0.2225 -0.9417
vn -0.0000 0.9115 -0.4113
vn 0.6208 -0.6815 -0.3874
vn 0.5164 -0.4989 -0.6960
vn 0.2703 -0.8709 0.4105
vn 0.8674 -0.2283 -0.4421
vn 0.9202 -0.0265 -0.3906
vn 0.9320 0.1240 -0.3407
vn 0.9202 0.2714 -0.2822
vn 0.8674 0.4591 -0.1919
vn 0.6653 0.7466 -0.0028
vn 0.4761 -0.5219 0.7077
vn 0.6653 -0.5701 -0.4820
vn 0.5615 -0.0000 0.8275
vn 0.9318 -0.3411 -0.1241
vn 0.9876 -0.1476 -0.0537
vn 0.9876 0.1476 0.0537
vn 0.9318 0.3411 0.1241
vn 0.7160 0.6560 0.2388
vn 0.4761 0.5219 0.7077
vn 0.7160 -0.6560 -0.2388
vn 0.2703 0.8709 0.4105
vn 0.8674 -0.4591 0.1919
vn 0.9202 -0.2714 0.2822
vn 0.9320 -0.1240 0.3407
vn 0.9202 0.0265 0.3906
vn 0.8674 0.2283 0.4421
vn 0.6653 0.5701 0.4820
vn 0.6653 -0.7466 0.0028
vn 0.7840 -0.3642 -0.5026
vn 0.6764 -0.5676 0.4694
vn 0.7192 -0.3834 0.5794
vn 0.7288 -0.2342 0.6434
vn 0.7192 -0.0788 0.6903
vn 0.6764 0.1330 0.7244
vn 0.5164 0.4989 0.6960
vn 0.4494 0.8787 0.1611
vn 0.5164 -0.8295 0.2125
vn 0.7965 0.5363 0.2792
vn 0.3732 -0.6466 0.6653
vn 0.3978 -0.4645 0.7912
vn 0.4034 -0.3130 0.8599
vn 0.3978 -0.1528 0.9047
vn 0.3732 0.0677 0.9253
vn 0.2837 0.4510 0.8463
vn 0.9447 -0.0000 0.3280
vn 0.2837 -0.8894 0.3584
vn 0.7965 -0.5363 0.2792
vn -0.0000 -0.6760 0.7369
vn -0.0000 -0.4946 0.8691
vn -0.0000 -0.3420 0.9397
vn -0.0000 -0.1798 0.9837
vn -0.0000 0.0442 0.9990
vn -0.0000 0.4339 0.9010
vn 0.4494 -0.8787 0.1611
vn -0.0000 -0.9115 0.4113
vn 0.8396 -0.0000 -0.5432
vn -0.3732 -0.6466 0.6653
vn -0.3978 -0.4645 0.7912
vn -0.4034 -0.3130 0.8599
vn -0.3978 -0.1528 0.9047
vn -0.3732 0.0677 0.9253
vn -0.2837 0.4510 0.8463
vn 0.7840 0.3642 -0.5026
vn -0.2837 -0.8894 0.3584
vn 0.4494 -0.8787 -0.1611
vn -0.6764 -0.5676 0.4694
vn -0.7192 -0.3834 0.5794
vn -0.7288 -0.2342 0.6434
vn -0.7192 -0.0788 0.6903
vn -0.6764 0.1330 0.7244
vn -0.5164 0.4989 0.6960
vn 0.7965 -0.5363 -0.2792
vn -0.5164 -0.8295 0.2125
vn 0.9447 -0.0000 -0.3280
vn -0.8674 -0.4591 0.1919
vn -0.9202 -0.2714 0.2822
vn -0.9320 -0.1240 0.3407
vn -0.9202 0.0265 0.3906
vn -0.8674 0.2283 0.4421
vn -0.6653 0.5701 0.4820
vn 0.7965 0.5363 -0.2792
vn -0.6653 -0.7466 0.0028
vn 0.4494 0.8787 -0.1611
vn -0.9318 -0.3411 -0.1241
vn -0.9876 -0.1476 -0.0537
vn -0.9876 0.1476 0.0537
vn -0.9318 0.3411 0.1241
vn -0.7160 0.6560 0.2388
vn 0.6208 0.6815 -0.3874
vn -0.7160 -0.6560 -0.2388
vn 0.3607 0.9078 -0.2139
vn -0.8674 -0.2283 -0.4421
vn -0.9202 -0.0265 -0.3906
vn -0.9320 0.1240 -0.3407
vn -0.9202 0.2714 -0.2822
vn -0.8674 0.4591 -0.1919
vn -0.6653 0.7466 -0.0028
vn 0.2703 0.8709 -0.4105
vn -0.6653 -0.5701 -0.4820
vn 0.4761 0.5219 -0.7077
vn -0.6764 -0.1330 -0.7244
vn -0.7192 0.0788 -0.6903
vn -0.7288 0.2342 -0.6434
vn -0.7192 0.3834 -0.5794
vn -0.6764 0.5676 -0.4694
vn -0.5164 0.8295 -0.2125
vn 0.5615 -0.0000 -0.8275
vn -0.5164 -0.4989 -0.6960
vn 0.4761 -0.5219 -0.7077
vn -0.3732 -0.0677 -0.9253
vn -0.3978 0.1528 -0.9047
vn -0.4034 0.3130 -0.8599
vn -0.3978 0.4645 -0.7912
vn -0.3732 0.6466 -0.6653
vn -0.2837 0.8894 -0.3584
vn 0.2703 -0.8709 -0.4105
vn -0.2837 -0.4510 -0.8463
vn 0.3971 0.9178 -0.0000
vn -0.0000 -0.8663 -0.4996
vn 0.2109 0.9299 -0.3013
vn -0.0000 0.6760 -0.7369
vn 0.3729 0.7380 -0.5623
vn -0.0000 0.8663 -0.4996
vn -0.0000 -0.4339 -0.9010
vn 0.4888 0.4176 -0.7660
vn -0.0000 0.5133 0.8582
vn -0.0000 0.8663 0.4996
vn 0.5318 -0.0000 -0.8469
vn -0.5615 -0.0000 0.8275
vn -0.4761 -0.5219 0.7077
vn -0.2703 -0.8709 0.4105
vn 0.4888 -0.4176 -0.7660
vn -0.4761 0.5219 0.7077
vn -0.2703 0.8709 0.4105
vn 0.3729 -0.7380 -0.5623
vn -0.9447 -0.0000 0.3280
vn -0.7965 -0.5363 0.2792
vn -0.4494 -0.8787 0.1611
vn 0.2109 -0.9299 -0.3013
vn -0.7965 0.5363 0.2792
vn -0.4494 0.8787 0.1611
vn -0.9447 -0.0000 -0.3280
vn -0.7965 -0.5363 -0.2792
vn -0.4494 -0.8787 -0.1611
vn 0.1750 0.9846 -0.0000
vn -0.7965 0.5363 -0.2792
vn -0.4494 0.8787 -0.1611
vn -0.5615 -0.0000 -0.8275
vn -0.4761 -0.5219 -0.7077
vn -0.2703 -0.8709 -0.4105
vn -0.0000 -0.7656 -0.6433
vn -0.4761 0.5219 -0.7077
vn -0.2703 0.8709 -0.4105
vn -0.0000 -0.4443 -0.8959
vn -0.0000 -0.5133 -0.8582
vn -0.0000 0.4443 -0.8959
vn -0.0000 0.5133 -0.8582
vn -0.0000 0.9405 -0.3398
vn 0.1647 0.9859 -0.0313
vn 0.3607 -0.9078 -0.2139
vn 0.3733 0.9247 -0.0743
vn 0.7480 -0.6349 -0.1935
vn 0.9148 -0.3240 -0.2412
vn 0.9666 -0.0000 -0.2562
vn 0.9148 0.3240 -0.2412
vn 0.7480 0.6349 -0.1935
vn 0.4450 0.8888 -0.1095
vn 0.7095 0.6886 -0.1498
vn 0.4450 -0.8888 -0.1095
vn 0.9744 -0.0000 -0.2250
vn 0.7864 -0.6177 -0.0000
vn 0.9507 -0.3102 -0.0000
vn 0.9507 0.3102 -0.0000
vn 0.7864 0.6177 -0.0000
vn 0.4721 0.8816 -0.0000
vn 0.7095 -0.6886 -0.1498
vn 0.4721 -0.8816 -0.0000
vn 0.3733 -0.9247 -0.0743
vn 0.7480 -0.6349 0.1935
vn 0.9148 -0.3240 0.2412
vn 0.9666 -0.0000 0.2562
vn 0.9148 0.3240 0.2412
vn 0.7480 0.6349 0.1935
vn 0.4450 0.8888 0.1095
vn 0.1647 -0.9859 -0.0313
vn 0.4450 -0.8888 0.1095
vn 0.6208 -0.6815 0.3874
vn 0.7840 -0.3642 0.5026
vn 0.8396 -0.0000 0.5432
vn 0.7840 0.3642 0.5026
vn 0.6208 0.6815 0.3874
vn 0.3608 0.9078 0.2139
vn 0.7569 -0.4987 0.4225
vn 0.3607 -0.9078 0.2139
vn 0.1321 -0.9894 -0.0612
vn 0.3729 -0.7380 0.5623
vn 0.4888 -0.4176 0.7660
vn 0.5318 -0.0000 0.8469
vn 0.4888 0.4176 0.7660
vn 0.3729 0.7380 0.5623
vn 0.2109 0.9299 0.3013
vn 0.3002 -0.9429 -0.1442
vn 0.2109 -0.9299 0.3013
vn 0.6024 -0.7375 -0.3053
vn -0.0000 -0.7656 0.6433
vn -0.0000 -0.4443 0.8959
vn -0.0000 0.4443 0.8959
vn -0.0000 0.7656 0.6433
vn -0.0000 0.9405 0.3398
vn 0.8692 -0.0000 -0.4944
vn -0.0000 -0.9405 0.3398
vn 0.6024 0.7375 -0.3053
vn -0.3729 -0.7380 0.5623
vn -0.4888 -0.4176 0.7660
vn -0.5318 -0.0000 0.8469
vn -0.4888 0.4176 0.7660
vn -0.3729 0.7380 0.5623
vn -0.2109 0.9299 0.3013
vn 0.3002 0.9429 -0.1442
vn -0.2109 -0.9299 0.3013
vn 0.1321 0.9894 -0.0612
vn -0.6208 -0.6815 0.3874
vn -0.7840 -0.3642 0.5026
vn -0.8396 -0.0000 0.5432
vn -0.7840 0.3642 0.5026
vn -0.6208 0.6815 0.3874
vn -0.3608 0.9078 0.2139
vn -0.3607 -0.9078 0.2139
vn -0.7480 -0.6349 0.1935
vn -0.9148 -0.3240 0.2412
vn -0.9666 -0.0000 0.2562
vn -0.9148 0.3240 0.2412
vn -0.7480 0.6349 0.1935
vn -0.4450 0.8888 0.1095
vn 0.0766 0.9934 -0.0858
vn -0.4450 -0.8888 0.1095
vn 0.1744 0.9637 -0.2019
vn -0.7864 -0.6177 -0.0000
vn -0.9507 -0.3102 -0.0000
vn -0.9507 0.3102 -0.0000
vn -0.7864 0.6177 -0.0000
vn -0.4721 0.8816 -0.0000
vn 0.3807 0.7993 -0.4650
vn -0.4721 -0.8816 -0.0000
vn 0.5718 -0.0000 -0.8204
vn -0.7480 -0.6349 -0.1935
vn -0.9148 -0.3240 -0.2412
vn -0.9666 -0.0000 -0.2562
vn -0.9148 0.3240 -0.2412
vn -0.7480 0.6349 -0.1935
vn -0.4450 0.8888 -0.1095
vn 0.3807 -0.7993 -0.4650
vn -0.4450 -0.8888 -0.1095
vn 0.1744 -0.9637 -0.2019
vn -0.6208 -0.6815 -0.3874
vn -0.7840 -0.3642 -0.5026
vn -0.8396 -0.0000 -0.5432
vn -0.7840 0.3642 -0.5026
vn -0.6208 0.6815 -0.3874
vn -0.3608 0.9078 -0.2139
vn 0.0766 -0.9934 -0.0858
vn -0.3607 -0.9078 -0.2139
vn -0.3729 -0.7380 -0.5623
vn -0.4888 -0.4176 -0.7660
vn -0.5318 -0.0000 -0.8469
vn -0.4888 0.4176 -0.7660
vn -0.3729 0.7380 -0.5623
vn -0.2109 0.9299 -0.3013
vn -0.2109 -0.9299 -0.3013
vn -0.0000 -0.9953 -0.0973
vn -0.0000 -0.9736 -0.2283
vn -0.0000 -0.8322 -0.5545
vn -0.0000 0.8322 -0.5545
vn -0.0000 0.7656 -0.6433
vn -0.0000 0.9736 -0.2283
vn 0.2767 -0.4467 -0.8508
vn -0.0000 -0.9405 -0.3398
vn 0.7421 0.6703 -0.0000
vn 0.7421 -0.6703 -0.0000
vn 0.3971 -0.9178 -0.0000
vn 0.1750 -0.9846 -0.0000
vn 0.3733 0.9247 0.0743
vn 0.1647 0.9859 0.0313
vn 0.7095 0.6886 0.1498
vn 0.9744 -0.0000 0.2250
vn 0.7095 -0.6886 0.1498
vn 0.3733 -0.9247 0.0743
vn 0.1647 -0.9859 0.0313
vn 0.7569 -0.4986 -0.4225
vn 0.3002 0.9429 0.1442
vn 0.1321 0.9894 0.0612
vn 0.6024 0.7375 0.3053
vn 0.8692 -0.0000 0.4944
vn 0.6024 -0.7375 0.3053
vn 0.3002 -0.9429 0.1442
vn 0.1321 -0.9894 0.0612
vn 0.1744 0.9637 0.2019
vn 0.0766 0.9934 0.0858
vn 0.3050 -0.2011 -0.9309
vn 0.3807 0.7993 0.4650
vn 0.5718 -0.0000 0.8204
vn 0.3807 -0.7993 0.4650
vn 0.1744 -0.9637 0.2019
vn 0.0766 -0.9934 0.0858
vn -0.0000 0.9736 0.2283
vn -0.0000 0.9953 0.0973
vn -0.0000 0.8322 0.5545
vn -0.0000 -0.8322 0.5545
vn -0.0000 -0.9736 0.2283
vn -0.0000 -0.9953 0.0973
vn -0.1744 0.9637 0.2019
vn -0.0766 0.9934 0.0858
vn -0.3807 0.7993 0.4650
vn -0.5718 -0.0000 0.8204
vn -0.3807 -0.7993 0.4650
vn -0.1744 -0.9637 0.2019
vn -0.0766 -0.9934 0.0858
vn -0.3002 0.9429 0.1442
vn -0.1321 0.9894 0.0612
vn 0.3117 -0.0000 -0.9502
vn -0.6024 0.7375 0.3053
vn -0.8692 -0.0000 0.4944
vn -0.6024 -0.7375 0.3053
vn -0.3002 -0.9429 0.1442
vn -0.1321 -0.9894 0.0612
vn 0.3050 0.2011 -0.9309
vn -0.3733 0.9247 0.0743
vn -0.1647 0.9859 0.0313
vn -0.7095 0.6886 0.1498
vn -0.9744 -0.0000 0.2250
vn -0.7095 -0.6886 0.1498
vn -0.3733 -0.9247 0.0743
vn -0.1647 -0.9859 0.0313
vn 0.8173 0.2655 0.5114
vn -0.3971 0.9178 -0.0000
vn -0.1750 0.9846 -0.0000
vn -0.7421 0.6703 -0.0000
vn -0.7421 -0.6703 -0.0000
vn -0.3971 -0.9178 -0.0000
vn -0.1750 -0.9846 -0.0000
vn 0.5051 -0.6952 0.5115
vn -0.3733 0.9247 -0.0743
vn -0.1647 0.9859 -0.0313
vn 0.2767 0.4467 -0.8508
vn -0.7095 0.6886 -0.1498
vn -0.9744 -0.0000 -0.2250
vn -0.7095 -0.6886 -0.1498
vn -0.3733 -0.9247 -0.0743
vn -0.1647 -0.9859 -0.0313
vn -0.5051 -0.6952 0.5115
vn -0.3002 0.9429 -0.1442
vn -0.1321 0.9894 -0.0612
vn -0.6024 0.7375 -0.3053
vn -0.8692 -0.0000 -0.4944
vn -0.6024 -0.7375 -0.3053
vn -0.3002 -0.9429 -0.1442
vn -0.1321 -0.9894 -0.0612
vn -0.1744 0.9637 -0.2019
vn -0.0766 0.9934 -0.0858
vn -0.3807 0.7993 -0.4650
vn -0.5718 -0.0000 -0.8204
vn -0.3807 -0.7993 -0.4650
vn -0.1744 -0.9637 -0.2019
vn -0.0766 -0.9934 -0.0858
vn 0.5051 -0.6952 0.5114
vn -0.0000 0.8593 0.5114
vn -0.0000 0.9953 -0.0973
vn 0.1881 0.7698 -0.6100
vn -0.8172 0.2655 0.5115
vn -0.8173 0.2655 0.5115
vn -0.0000 0.8593 0.5115
vn -0.0044 0.7361 -0.6769
vn -0.0001 0.4015 -0.9159
vn 0.0002 0.1764 -0.9843
vn 0.0002 -0.0000 -1.0000
vn 0.0002 -0.1764 -0.9843
vn -0.0001 -0.4015 -0.9159
vn -0.7569 -0.4987 0.4225
vn -0.0044 -0.7361 -0.6769
vn -0.7569 -0.4986 -0.4225
vn 0.2546 -0.1795 0.9502
vn 0.2213 -0.5183 0.8261
vn -0.3298 0.3718 -0.8678
vn -0.2388 -0.3858 -0.8911
vn -0.2551 -0.1683 -0.9522
vn -0.2551 0.1683 -0.9522
vn -0.1787 0.7233 -0.6671
vn 0.9971 -0.0000 0.0765
vn 0.1881 -0.7698 -0.6100
vn 0.4920 -0.5720 0.6563
vn 0.5850 -0.5060 -0.6339
vn 0.6625 -0.2366 -0.7107
vn 0.6826 -0.0000 -0.7308
vn 0.6625 0.2366 -0.7107
vn 0.5850 0.5060 -0.6339
vn 0.3896 0.8094 -0.4394
vn 0.5932 -0.2122 0.7766
vn 0.3896 -0.8094 -0.4394
vn 0.6069 -0.0000 0.7948
vn 0.8155 -0.5360 -0.2185
vn 0.9338 -0.2557 -0.2502
vn 0.9338 0.2557 -0.2502
vn 0.8155 0.5360 -0.2185
vn 0.5407 0.8287 -0.1449
vn 0.5932 0.2122 0.7766
vn 0.5407 -0.8287 -0.1449
vn 0.4920 0.5720 0.6563
vn 0.8235 -0.5060 0.2565
vn 0.9291 -0.2366 0.2843
vn 0.9565 -0.0000 0.2916
vn 0.9291 0.2366 0.2843
vn 0.8235 0.5060 0.2565
vn 0.5571 0.8094 0.1857
vn 0.5571 -0.8094 0.1857
vn 0.9677 -0.2411 0.0744
vn 0.6650 -0.4467 0.5985
vn 0.7296 -0.2011 0.6536
vn 0.7450 -0.0000 0.6670
vn 0.7296 0.2011 0.6536
vn 0.6650 0.4467 0.5985
vn 0.4679 0.7698 0.4342
vn 0.7158 0.6739 0.1829
vn 0.4679 -0.7698 0.4342
vn 0.9320 0.3003 0.2029
vn 0.4578 -0.4015 0.7932
vn 0.4924 -0.1764 0.8523
vn 0.5002 -0.0000 0.8659
vn 0.4924 0.1764 0.8523
vn 0.4578 0.4015 0.7932
vn 0.3346 0.7361 0.5884
vn 0.9783 -0.0000 0.2074
vn 0.3346 -0.7361 0.5884
vn 0.9320 -0.3003 0.2029
vn 0.2388 -0.3858 0.8911
vn 0.2551 -0.1683 0.9522
vn 0.2551 0.1683 0.9522
vn 0.2388 0.3858 0.8911
vn 0.1787 0.7233 0.6671
vn 0.7158 -0.6739 0.1829
vn 0.1787 -0.7233 0.6670
vn 0.7906 -0.6091 0.0624
vn 0.0001 -0.4015 0.9159
vn -0.0002 -0.1764 0.9843
vn -0.0002 -0.0000 1.0000
vn -0.0002 0.1764 0.9843
vn 0.0001 0.4015 0.9159
vn 0.0044 0.7361 0.6769
vn 0.0044 -0.7361 0.6769
vn 0.5285 -0.6739 -0.5163
vn -0.2767 -0.4467 0.8508
vn -0.3050 -0.2011 0.9309
vn -0.3117 -0.0000 0.9502
vn -0.3050 0.2011 0.9309
vn -0.2767 0.4467 0.8508
vn -0.1881 0.7698 0.6100
vn 0.7057 -0.3003 -0.6417
vn -0.1881 -0.7698 0.6100
vn 0.7435 -0.0000 -0.6688
vn -0.5850 -0.5060 0.6339
vn -0.6625 -0.2366 0.7107
vn -0.6826 -0.0000 0.7308
vn -0.6625 0.2366 0.7107
vn -0.5850 0.5060 0.6339
vn -0.3896 0.8094 0.4394
vn 0.7057 0.3003 -0.6417
vn -0.3896 -0.8094 0.4394
vn 0.5285 0.6739 -0.5163
vn -0.8155 -0.5360 0.2185
vn -0.9338 -0.2557 0.2502
vn -0.9338 0.2557 0.2502
vn -0.8155 0.5360 0.2185
vn -0.5407 0.8287 0.1449
vn -0.5407 -0.8287 0.1449
vn 0.6535 -0.6091 -0.4494
vn -0.8235 -0.5060 -0.2565
vn -0.9291 -0.2366 -0.2843
vn -0.9565 -0.0000 -0.2916
vn -0.9291 0.2366 -0.2843
vn -0.8235 0.5060 -0.2565
vn -0.5571 0.8094 -0.1857
vn 0.0979 0.5720 -0.8144
vn -0.5571 -0.8094 -0.1857
vn 0.1255 0.2122 -0.9691
vn -0.6650 -0.4467 -0.5985
vn -0.7296 -0.2011 -0.6536
vn -0.7450 -0.0000 -0.6670
vn -0.7296 0.2011 -0.6536
vn -0.6650 0.4467 -0.5985
vn -0.4679 0.7698 -0.4342
vn 0.1282 -0.0000 -0.9917
vn -0.4679 -0.7698 -0.4342
vn 0.1255 -0.2122 -0.9691
vn -0.4578 -0.4015 -0.7932
vn -0.4924 -0.1764 -0.8523
vn -0.5002 -0.0000 -0.8659
vn -0.4924 0.1764 -0.8523
vn -0.4578 0.4015 -0.7932
vn -0.3346 0.7361 -0.5884
vn 0.0979 -0.5720 -0.8144
vn -0.3346 -0.7361 -0.5884
vn 0.8008 -0.2411 -0.5482
vn 0.8253 -0.0000 -0.5648
vn -0.2213 -0.5183 -0.8261
vn 0.8008 0.2411 -0.5482
vn -0.2388 0.3858 -0.8911
vn 0.6535 0.6091 -0.4494
vn -0.2213 0.5183 -0.8261
vn -0.1787 -0.7233 -0.6670
vn 0.2546 0.1795 0.9502
vn 0.2213 0.5183 0.8261
vn -0.1282 -0.0000 0.9917
vn -0.1255 -0.2122 0.9691
vn -0.0979 -0.5720 0.8144
vn 0.2572 0.5939 -0.7623
vn -0.1255 0.2122 0.9691
vn -0.0979 0.5720 0.8144
vn 0.3135 0.2293 -0.9215
vn -0.7435 -0.0000 0.6688
vn -0.7057 -0.3003 0.6417
vn -0.5285 -0.6739 0.5163
vn 0.3222 -0.0000 -0.9467
vn -0.7057 0.3003 0.6417
vn -0.5285 0.6739 0.5163
vn 0.3135 -0.2293 -0.9215
vn -0.9783 -0.0000 -0.2074
vn -0.9320 -0.3003 -0.2029
vn -0.7158 -0.6739 -0.1829
vn 0.2572 -0.5940 -0.7623
vn -0.9320 0.3003 -0.2029
vn -0.7158 0.6739 -0.1829
vn -0.6069 -0.0000 -0.7948
vn -0.5932 -0.2122 -0.7766
vn -0.4920 -0.5720 -0.6563
vn -0.5932 0.2122 -0.7766
vn -0.4920 0.5720 -0.6563
vn -0.2100 -0.5847 -0.7836
vn -0.2546 -0.1795 -0.9502
vn -0.2546 0.1795 -0.9502
vn -0.2100 0.5847 -0.7836
vn 0.9677 0.2411 0.0743
vn 0.7906 0.6091 0.0624
vn 0.7523 -0.0000 0.6588
vn 0.7322 -0.2293 0.6413
vn 0.6039 -0.5940 0.5316
vn 0.7322 0.2293 0.6413
vn 0.6039 0.5939 0.5316
vn 0.2523 -0.2225 0.9417
vn 0.2100 -0.5847 0.7836
vn 0.2523 0.2225 0.9417
vn 0.2100 0.5847 0.7836
vn -0.3222 -0.0000 0.9467
vn -0.3135 -0.2293 0.9215
vn -0.2572 -0.5939 0.7623
vn -0.3135 0.2293 0.9215
vn -0.2572 0.5939 0.7623
vn -0.8253 -0.0000 0.5648
vn -0.8008 -0.2411 0.5482
vn -0.6535 -0.6091 0.4494
vn -0.8008 0.2411 0.5482
vn -0.6535 0.6091 0.4494
vn -0.9971 -0.0000 -0.0765
vn -0.9677 -0.2411 -0.0744
vn -0.7906 -0.6091 -0.0624
vn -0.9677 0.2411 -0.0744
vn -0.7906 0.6091 -0.0624
vn -0.7523 -0.0000 -0.6588
vn -0.7322 -0.2293 -0.6413
vn -0.6039 -0.5940 -0.5316
vn -0.7322 0.2293 -0.6413
vn -0.6039 0.5940 -0.5316
vn -0.2523 -0.2225 -0.9417
vn -0.2523 0.2225 -0.9417
vn 0.3230 -0.8896 -0.3230
vn 0.5443 -0.6384 -0.5443
vn 0.3230 0.8896 -0.3230
vn 0.5443 0.6384 -0.5443
vn 0.6682 -0.3270 -0.6682
vn 0.6682 0.3270 -0.6682
vn 0.4624 0.8867 -0.0000
vn 0.3617 0.3270 -0.8731
vn 0.3616 -0.3270 -0.8731
vn 0.2946 0.6384 -0.7111
vn 0.1748 0.8896 -0.4220
vn 0.2946 -0.6384 -0.7111
vn 0.1748 -0.8896 -0.4220
vn 0.2126 0.9771 -0.0000
vn 0.1964 0.9771 -0.0814
vn 0.4272 0.8867 -0.1769
vn -0.0000 0.6384 -0.7697
vn -0.0000 -0.3270 -0.9450
vn -0.0000 0.3270 -0.9450
vn 0.7337 0.6077 -0.3039
vn 0.4220 -0.8896 -0.1748
vn 0.7111 -0.6384 -0.2946
vn 0.4220 0.8896 -0.1748
vn 0.7111 0.6384 -0.2946
vn 0.8731 -0.3270 -0.3617
vn 0.8731 0.3270 -0.3616
vn 0.7337 -0.6077 -0.3039
vn 0.4272 -0.8867 -0.1769
vn 0.4568 -0.8896 -0.0000
vn 0.7697 -0.6384 -0.0000
vn 0.4568 0.8896 -0.0000
vn 0.7697 0.6384 -0.0000
vn 0.9450 -0.3270 -0.0000
vn 0.9450 0.3270 -0.0000
vn 0.1964 -0.9771 -0.0814
vn 0.4220 -0.8896 0.1748
vn 0.7111 -0.6384 0.2946
vn 0.4220 0.8896 0.1748
vn 0.7111 0.6384 0.2946
vn 0.8731 -0.3270 0.3616
vn 0.8731 0.3270 0.3617
vn -0.0000 -0.2853 0.9584
vn 0.1503 -0.9771 -0.1503
vn 0.3230 -0.8896 0.3230
vn 0.5443 -0.6384 0.5443
vn 0.3230 0.8896 0.3230
vn 0.5443 0.6384 0.5443
vn 0.6682 -0.3270 0.6682
vn 0.6682 0.3270 0.6682
vn 0.3270 -0.8867 -0.3270
vn 0.5616 -0.6077 -0.5616
vn 0.1748 -0.8896 0.4220
vn 0.2946 -0.6384 0.7111
vn 0.1748 0.8896 0.4220
vn 0.2946 0.6384 0.7111
vn 0.3616 -0.3270 0.8731
vn 0.3616 0.3270 0.8731
vn 0.5616 0.6077 -0.5616
vn -0.0000 -0.8896 0.4568
vn -0.0000 -0.6384 0.7697
vn -0.0000 0.8896 0.4568
vn -0.0000 0.6384 0.7697
vn -0.0000 -0.3270 0.9450
vn -0.0000 0.3270 0.9450
vn 0.3270 0.8867 -0.3270
vn 0.1503 0.9771 -0.1503
vn -0.1748 -0.8896 0.4220
vn -0.2946 -0.6384 0.7111
vn -0.1748 0.8896 0.4220
vn -0.2946 0.6384 0.7111
vn -0.3616 -0.3270 0.8731
vn -0.3616 0.3270 0.8731
vn -0.0000 -0.6683 0.7439
vn -0.3230 -0.8896 0.3230
vn -0.5443 -0.6384 0.5443
vn -0.3230 0.8896 0.3230
vn -0.5443 0.6384 0.5443
vn -0.6682 -0.3270 0.6682
vn -0.6682 0.3270 0.6682
vn 0.0814 0.9771 -0.1964
vn 0.1770 0.8867 -0.4272
vn -0.4220 -0.8896 0.1748
vn -0.7111 -0.6384 0.2946
vn -0.4220 0.8896 0.1748
vn -0.7111 0.6384 0.2946
vn -0.8731 -0.3270 0.3616
vn -0.8731 0.3270 0.3616
vn 0.3039 0.6077 -0.7337
vn -0.4568 -0.8896 -0.0000
vn -0.7697 -0.6384 -0.0000
vn -0.4568 0.8896 -0.0000
vn -0.7697 0.6384 -0.0000
vn -0.9450 -0.3270 -0.0000
vn -0.9450 0.3270 -0.0000
vn 0.3039 -0.6077 -0.7337
vn 0.1769 -0.8867 -0.4272
vn -0.4220 -0.8896 -0.1748
vn -0.7111 -0.6384 -0.2946
vn -0.4220 0.8896 -0.1748
vn -0.7111 0.6384 -0.2946
vn -0.8731 -0.3270 -0.3616
vn -0.8731 0.3270 -0.3616
vn 0.0814 -0.9771 -0.1964
vn -0.7161 -0.4108 -0.5644
vn -0.3230 -0.8896 -0.3230
vn -0.5443 -0.6384 -0.5443
vn -0.3230 0.8896 -0.3230
vn -0.5443 0.6384 -0.5443
vn -0.6682 -0.3270 -0.6682
vn -0.6682 0.3270 -0.6682
vn 0.4372 -0.6683 0.6018
vn -0.0000 -0.9771 -0.2126
vn -0.1748 -0.8896 -0.4220
vn -0.2946 -0.6384 -0.7111
vn -0.1748 0.8896 -0.4220
vn -0.2946 0.6384 -0.7111
vn -0.3616 -0.3270 -0.8731
vn -0.3616 0.3270 -0.8731
vn -0.0000 -0.8867 -0.4624
vn -0.0000 -0.6077 -0.7942
vn -0.0000 -0.8896 -0.4568
vn -0.0000 -0.6384 -0.7697
vn -0.0000 0.8896 -0.4568
vn -0.0000 0.6077 -0.7942
vn -0.0000 0.8867 -0.4624
vn 0.5634 -0.2853 0.7754
vn 0.5878 -0.0000 0.8090
vn 0.7942 0.6077 -0.0000
vn 0.7942 -0.6077 -0.0000
vn 0.4624 -0.8867 -0.0000
vn 0.2126 -0.9771 -0.0000
vn 0.5634 0.2853 0.7754
vn 0.4272 0.8867 0.1769
vn 0.1964 0.9771 0.0814
vn 0.4372 0.6683 0.6018
vn 0.7337 0.6077 0.3039
vn 0.7337 -0.6077 0.3039
vn 0.4272 -0.8867 0.1770
vn 0.1964 -0.9771 0.0814
vn 0.3270 0.8867 0.3270
vn 0.1503 0.9771 0.1503
vn -0.6627 -0.6288 -0.4068
vn 0.5616 0.6077 0.5616
vn 0.5616 -0.6077 0.5616
vn 0.3270 -0.8867 0.3270
vn 0.1503 -0.9771 0.1503
vn 0.7075 0.6683 0.2299
vn 0.1769 0.8867 0.4272
vn 0.0814 0.9771 0.1964
vn 0.9115 0.2853 0.2962
vn 0.3039 0.6077 0.7337
vn 0.3039 -0.6077 0.7337
vn 0.1770 -0.8867 0.4272
vn 0.0814 -0.9771 0.1964
vn 0.9511 -0.0000 0.3090
vn -0.0000 0.8867 0.4624
vn -0.0000 0.9771 0.2126
vn 0.9115 -0.2853 0.2962
vn -0.0000 0.6077 0.7942
vn -0.0000 -0.6077 0.7942
vn -0.0000 -0.8867 0.4624
vn -0.0000 -0.9771 0.2126
vn 0.7075 -0.6683 0.2299
vn -0.1770 0.8867 0.4272
vn -0.0814 0.9771 0.1964
vn -0.5207 -0.8133 -0.2595
vn -0.3039 0.6077 0.7337
vn -0.3039 -0.6077 0.7337
vn -0.1770 -0.8867 0.4272
vn -0.0814 -0.9771 0.1964
vn -0.3255 -0.9410 -0.0927
vn -0.3270 0.8867 0.3270
vn -0.1503 0.9771 0.1503
vn 0.7075 -0.6683 -0.2299
vn -0.5616 0.6077 0.5616
vn -0.5616 -0.6077 0.5616
vn -0.3270 -0.8867 0.3270
vn -0.1503 -0.9771 0.1503
vn 0.9115 -0.2853 -0.2962
vn -0.4272 0.8867 0.1770
vn -0.1964 0.9771 0.0814
vn 0.9511 -0.0000 -0.3090
vn -0.7337 0.6077 0.3039
vn -0.7337 -0.6077 0.3039
vn -0.4272 -0.8867 0.1770
vn -0.1964 -0.9771 0.0814
vn 0.9115 0.2853 -0.2962
vn -0.4624 0.8867 -0.0000
vn -0.2126 0.9771 -0.0000
vn 0.7075 0.6683 -0.2299
vn -0.7942 0.6077 -0.0000
vn -0.7942 -0.6077 -0.0000
vn -0.4624 -0.8867 -0.0000
vn -0.2126 -0.9771 -0.0000
vn 0.0416 -0.9923 0.1169
vn -0.4272 0.8867 -0.1770
vn -0.1964 0.9771 -0.0814
vn 0.3150 -0.9445 -0.0936
vn -0.7337 0.6077 -0.3039
vn -0.7337 -0.6077 -0.3039
vn -0.4272 -0.8867 -0.1770
vn -0.1964 -0.9771 -0.0814
vn 0.4372 0.6683 -0.6018
vn -0.3270 0.8867 -0.3270
vn -0.1503 0.9771 -0.1503
vn 0.5634 0.2853 -0.7754
vn -0.5616 0.6077 -0.5616
vn -0.5616 -0.6077 -0.5616
vn -0.3270 -0.8867 -0.3270
vn -0.1503 -0.9771 -0.1503
vn 0.5878 -0.0000 -0.8090
vn -0.1769 0.8867 -0.4272
vn -0.0814 0.9771 -0.1964
vn 0.5634 -0.2853 -0.7754
vn -0.3039 0.6077 -0.7337
vn -0.3039 -0.6077 -0.7337
vn -0.1770 -0.8867 -0.4272
vn -0.0814 -0.9771 -0.1964
vn 0.4372 -0.6683 -0.6018
vn 0.5207 -0.8133 -0.2595
vn -0.0000 0.9771 -0.2126
vn 0.6627 -0.6288 -0.4068
vn -0.0000 -0.6683 -0.7439
vn 0.7161 -0.4108 -0.5644
vn 0.9485 -0.2320 0.2157
vn -0.0000 0.6683 -0.7439
vn 0.7974 -0.4527 0.3991
vn -0.0000 0.2853 0.9584
vn -0.0000 0.6683 0.7439
vn 0.5394 -0.6107 0.5797
vn -0.5878 -0.0000 0.8090
vn -0.5634 -0.2853 0.7754
vn -0.4372 -0.6683 0.6018
vn 0.1245 -0.4658 0.8761
vn -0.5634 0.2853 0.7754
vn -0.4372 0.6683 0.6018
vn -0.6223 -0.5516 0.5554
vn -0.9511 -0.0000 0.3090
vn -0.9115 -0.2853 0.2962
vn -0.7075 -0.6683 0.2299
vn -0.7974 -0.4527 0.3991
vn -0.9115 0.2853 0.2962
vn -0.7075 0.6683 0.2299
vn -0.9485 -0.2321 0.2157
vn -0.9511 -0.0000 -0.3090
vn -0.9115 -0.2853 -0.2962
vn -0.7075 -0.6683 -0.2299
vn -0.9995 0.0181 0.0241
vn -0.9115 0.2853 -0.2962
vn -0.7075 0.6683 -0.2299
vn -0.9418 0.2866 -0.1759
vn -0.5878 -0.0000 -0.8090
vn -0.5634 -0.2853 -0.7754
vn -0.4372 -0.6683 -0.6018
vn -0.7893 0.5153 -0.3338
vn -0.5634 0.2853 -0.7754
vn -0.4372 0.6683 -0.6018
vn -0.5365 0.7211 -0.4383
vn -0.1326 0.9589 -0.2509
vn -0.0000 -0.2853 -0.9584
vn 0.6176 0.6815 -0.3925
vn 0.7893 0.5153 -0.3338
vn -0.0000 0.2853 -0.9584
vn 0.9417 0.2872 -0.1752
vn 0.9995 0.0181 0.0241
vn -0.6697 -0.1862 -0.7189
vn -0.5325 0.0213 -0.8462
vn -0.3278 0.2414 -0.9134
vn -0.0445 0.4718 -0.8806
vn 0.3405 0.2414 -0.9087
vn 0.5325 0.0213 -0.8462
vn 0.6697 -0.1862 -0.7189
vn 0.9901 -0.0815 -0.1142
vn 0.9145 -0.3911 0.1040
vn 0.6997 -0.6534 0.2889
vn 0.3786 -0.8286 0.4124
vn -0.0000 -0.8901 0.4558
vn -0.3786 -0.8286 0.4124
vn -0.6997 -0.6534 0.2889
vn -0.9145 -0.3911 0.1040
vn -0.9901 -0.0815 -0.1142
vn -0.9150 0.2282 -0.3327
vn -0.7005 0.4909 -0.5181
vn -0.3792 0.6664 -0.6420
vn -0.0000 0.7281 -0.6855
vn 0.3792 0.6664 -0.6420
vn 0.7005 0.4909 -0.5181
vn 0.9150 0.2282 -0.3327
vn 0.9925 -0.0718 -0.0985
vn 0.9169 -0.3791 0.1247
vn 0.7017 -0.6396 0.3138
vn 0.3797 -0.8137 0.4402
vn -0.0000 -0.8748 0.4845
vn -0.3797 -0.8137 0.4402
vn -0.7017 -0.6396 0.3138
vn -0.9169 -0.3791 0.1247
vn -0.9925 -0.0718 -0.0985
vn -0.9171 0.2356 -0.3217
vn -0.7019 0.4962 -0.5110
vn -0.3798 0.6704 -0.6375
vn -0.0000 0.7315 -0.6818
vn 0.3798 0.6704 -0.6375
vn 0.7019 0.4962 -0.5110
vn 0.9171 0.2356 -0.3217
vn 0.9937 -0.0680 -0.0891
vn 0.9179 -0.3710 0.1407
vn 0.7024 -0.6279 0.3353
vn 0.3800 -0.7995 0.4652
vn -0.0000 -0.8597 0.5108
vn -0.3800 -0.7995 0.4652
vn -0.7024 -0.6279 0.3353
vn -0.9179 -0.3710 0.1407
vn -0.9937 -0.0680 -0.0891
vn -0.9181 0.2349 -0.3191
vn -0.7027 0.4917 -0.5143
vn -0.3802 0.6631 -0.6447
vn -0.0000 0.7233 -0.6905
vn 0.3802 0.6631 -0.6447
vn 0.7027 0.4917 -0.5143
vn 0.9181 0.2349 -0.3191
vn 0.9942 -0.0683 -0.0834
vn 0.9182 -0.3640 0.1560
vn 0.7025 -0.6148 0.3585
vn 0.3800 -0.7823 0.4936
vn -0.0000 -0.8410 0.5410
vn -0.3800 -0.7823 0.4936
vn -0.7025 -0.6148 0.3585
vn -0.9182 -0.3640 0.1560
vn -0.9942 -0.0683 -0.0834
vn -0.9186 0.2272 -0.3233
vn -0.7030 0.4774 -0.5271
vn -0.3803 0.6444 -0.6634
vn -0.0000 0.7030 -0.7112
vn 0.3803 0.6444 -0.6634
vn 0.7030 0.4774 -0.5271
vn 0.9186 0.2272 -0.3233
vn 0.9942 -0.0722 -0.0799
vn 0.9181 -0.3565 0.1729
vn 0.7023 -0.5978 0.3865
vn 0.3798 -0.7590 0.5288
vn -0.0000 -0.8156 0.5786
vn -0.3798 -0.7590 0.5288
vn -0.7023 -0.5978 0.3865
vn -0.9181 -0.3565 0.1729
vn -0.9942 -0.0722 -0.0799
vn -0.9186 0.2114 -0.3338
vn -0.7029 0.4511 -0.5500
vn -0.3801 0.6105 -0.6948
vn -0.0000 0.6663 -0.7457
vn 0.3801 0.6105 -0.6948
vn 0.7029 0.4511 -0.5500
vn 0.9186 0.2114 -0.3338
vn 0.9940 -0.0784 -0.0762
vn 0.9179 -0.3465 0.1935
vn 0.7021 -0.5745 0.4207
vn 0.3798 -0.7273 0.5717
vn -0.0000 -0.7810 0.6245
vn -0.3798 -0.7273 0.5717
vn -0.7021 -0.5745 0.4207
vn -0.9179 -0.3465 0.1935
vn -0.9940 -0.0784 -0.0762
vn -0.9185 0.1879 -0.3479
vn -0.7028 0.4114 -0.5803
vn -0.3802 0.5588 -0.7370
vn -0.0000 0.6100 -0.7924
vn 0.3802 0.5588 -0.7370
vn 0.7028 0.4114 -0.5803
vn 0.9185 0.1879 -0.3479
vn 0.9949 -0.0750 -0.0668
vn 0.9191 -0.3288 0.2171
vn 0.7033 -0.5447 0.4568
vn 0.3806 -0.6892 0.6165
vn -0.0000 -0.7400 0.6726
vn -0.3806 -0.6892 0.6165
vn -0.7033 -0.5447 0.4568
vn -0.9191 -0.3288 0.2171
vn -0.9949 -0.0750 -0.0668
vn -0.9191 0.1772 -0.3521
vn -0.7031 0.3892 -0.5951
vn -0.3805 0.5295 -0.7581
vn -0.0000 0.5786 -0.8156
vn 0.3805 0.5295 -0.7581
vn 0.7031 0.3892 -0.5951
vn 0.9191 0.1772 -0.3521
vn 0.9964 -0.0648 -0.0551
vn 0.9205 -0.3120 0.2352
vn 0.7044 -0.5218 0.4811
vn 0.3812 -0.6621 0.6453
vn -0.0000 -0.7113 0.7029
vn -0.3812 -0.6621 0.6453
vn -0.7044 -0.5218 0.4811
vn -0.9205 -0.3120 0.2352
vn -0.9964 -0.0648 -0.0551
vn -0.9205 0.1820 -0.3459
vn -0.7044 0.3907 -0.5926
vn -0.3812 0.5299 -0.7576
vn -0.0000 0.5788 -0.8155
vn 0.3812 0.5299 -0.7576
vn 0.7044 0.3907 -0.5926
vn 0.9205 0.1820 -0.3459
vn 0.9967 -0.0639 -0.0507
vn 0.9204 -0.3045 0.2451
vn 0.7042 -0.5085 0.4956
vn 0.3809 -0.6448 0.6627
vn -0.0000 -0.6926 0.7213
vn -0.3809 -0.6448 0.6627
vn -0.7042 -0.5085 0.4956
vn -0.9204 -0.3045 0.2451
vn -0.9967 -0.0639 -0.0507
vn -0.9211 0.1767 -0.3469
vn -0.7051 0.3805 -0.5984
vn -0.3815 0.5165 -0.7666
vn -0.0000 0.5642 -0.8256
vn 0.3815 0.5165 -0.7666
vn 0.7051 0.3805 -0.5984
vn 0.9211 0.1767 -0.3469
vn 0.9968 -0.0647 -0.0472
vn 0.9204 -0.2946 0.2571
vn 0.7040 -0.4896 0.5145
vn 0.3808 -0.6198 0.6861
vn -0.0000 -0.6656 0.7464
vn -0.3808 -0.6198 0.6861
vn -0.7040 -0.4896 0.5145
vn -0.9204 -0.2946 0.2571
vn -0.9968 -0.0647 -0.0472
vn -0.9213 0.1649 -0.3521
vn -0.7053 0.3592 -0.6112
vn -0.3816 0.4887 -0.7846
vn -0.0000 0.5341 -0.8454
vn 0.3816 0.4887 -0.7846
vn 0.7053 0.3592 -0.6112
vn 0.9213 0.1649 -0.3521
vn 0.9968 -0.0669 -0.0436
vn 0.9203 -0.2822 0.2710
vn 0.7038 -0.4651 0.5370
vn 0.3806 -0.5873 0.7143
vn -0.0000 -0.6302 0.7764
vn -0.3806 -0.5873 0.7143
vn -0.7038 -0.4651 0.5370
vn -0.9203 -0.2822 0.2710
vn -0.9968 -0.0669 -0.0436
vn -0.9214 0.1478 -0.3594
vn -0.7053 0.3289 -0.6280
vn -0.3816 0.4492 -0.8079
vn -0.0000 0.4913 -0.8710
vn 0.3816 0.4492 -0.8079
vn 0.7053 0.3289 -0.6280
vn 0.9214 0.1478 -0.3594
vn 0.9967 -0.0704 -0.0396
vn 0.9200 -0.2663 0.2874
vn 0.7035 -0.4331 0.5635
vn 0.3804 -0.5447 0.7474
vn -0.0000 -0.5839 0.8118
vn -0.3804 -0.5447 0.7474
vn -0.7035 -0.4331 0.5635
vn -0.9200 -0.2663 0.2874
vn -0.9967 -0.0704 -0.0396
vn -0.9214 0.1241 -0.3683
vn -0.7052 0.2870 -0.6483
vn -0.3813 0.3942 -0.8362
vn -0.0000 0.4313 -0.9022
vn 0.3813 0.3942 -0.8362
vn 0.7052 0.2870 -0.6483
vn 0.9214 0.1241 -0.3683
vn 0.9966 -0.0751 -0.0345
vn 0.9197 -0.2453 0.3066
vn 0.7030 -0.3909 0.5941
vn 0.3800 -0.4886 0.7854
vn -0.0000 -0.5229 0.8524
vn -0.3800 -0.4886 0.7854
vn -0.7030 -0.3909 0.5941
vn -0.9197 -0.2453 0.3066
vn -0.9966 -0.0751 -0.0345
vn -0.9212 0.0919 -0.3780
vn -0.7047 0.2289 -0.6715
vn -0.3806 0.3162 -0.8690
vn -0.0000 0.3456 -0.9384
vn 0.3806 0.3162 -0.8690
vn 0.7047 0.2289 -0.6715
vn 0.9212 0.0919 -0.3780
vn 0.9966 -0.0783 -0.0267
vn 0.9195 -0.2157 0.3286
vn 0.7028 -0.3348 0.6277
vn 0.3800 -0.4153 0.8265
vn -0.0000 -0.4438 0.8961
vn -0.3800 -0.4153 0.8265
vn -0.7028 -0.3348 0.6277
vn -0.9195 -0.2157 0.3286
vn -0.9966 -0.0783 -0.0267
vn -0.9213 0.0530 -0.3853
vn -0.7046 0.1540 -0.6927
vn -0.3806 0.2101 -0.9006
vn -0.0000 0.2258 -0.9742
vn 0.3806 0.2101 -0.9006
vn 0.7046 0.1540 -0.6927
vn 0.9213 0.0530 -0.3853
vn 0.9974 -0.0707 -0.0165
vn 0.9203 -0.1735 0.3507
vn 0.7034 -0.2633 0.6602
vn 0.3804 -0.3242 0.8661
vn -0.0000 -0.3456 0.9384
vn -0.3804 -0.3242 0.8661
vn -0.7034 -0.2633 0.6602
vn -0.9203 -0.1735 0.3507
vn -0.9974 -0.0707 -0.0165
vn -0.9220 0.0257 -0.3864
vn -0.7052 0.0968 -0.7024
vn -0.3812 0.1332 -0.9148
vn -0.0000 0.1423 -0.9898
vn 0.3812 0.1332 -0.9148
vn 0.7052 0.0968 -0.7024
vn 0.9220 0.0257 -0.3864
vn 0.9984 -0.0567 -0.0076
vn 0.9211 -0.1300 0.3670
vn 0.7041 -0.1939 0.6831
vn 0.3808 -0.2373 0.8937
vn -0.0000 -0.2526 0.9676
vn -0.3808 -0.2373 0.8937
vn -0.7041 -0.1939 0.6831
vn -0.9211 -0.1300 0.3670
vn -0.9984 -0.0567 -0.0076
vn -0.9233 0.0125 -0.3839
vn -0.7068 0.0651 -0.7044
vn -0.3826 0.0944 -0.9191
vn -0.0000 0.1031 -0.9947
vn 0.3826 0.0944 -0.9191
vn 0.7068 0.0651 -0.7044
vn 0.9233 0.0125 -0.3839
vn 0.9984 -0.0556 -0.0033
vn 0.9213 -0.1013 0.3755
vn 0.7043 -0.1414 0.6957
vn 0.3809 -0.1687 0.9091
vn -0.0000 -0.1784 0.9840
vn -0.3809 -0.1687 0.9091
vn -0.7043 -0.1414 0.6957
vn -0.9213 -0.1013 0.3755
vn -0.9984 -0.0556 -0.0033
vn -0.9235 -0.0127 -0.3835
vn -0.7073 0.0199 -0.7066
vn -0.3831 0.0386 -0.9229
vn -0.0000 0.0443 -0.9990
vn 0.3831 0.0386 -0.9229
vn 0.7073 0.0199 -0.7066
vn 0.9235 -0.0127 -0.3835
vn 0.9985 -0.0550 0.0005
vn 0.9213 -0.0741 0.3816
vn 0.7044 -0.0915 0.7039
vn 0.3810 -0.1037 0.9187
vn -0.0000 -0.1080 0.9941
vn -0.3810 -0.1037 0.9187
vn -0.7044 -0.0916 0.7039
vn -0.9213 -0.0741 0.3816
vn -0.9985 -0.0550 0.0005
vn -0.9235 -0.0384 -0.3817
vn -0.7074 -0.0275 -0.7063
vn -0.3832 -0.0228 -0.9234
vn -0.0000 -0.0218 -0.9998
vn 0.3832 -0.0228 -0.9234
vn 0.7074 -0.0275 -0.7063
vn 0.9235 -0.0384 -0.3817
vn 0.9985 -0.0547 0.0042
vn 0.9214 -0.0475 0.3858
vn 0.7044 -0.0427 0.7085
vn 0.3810 -0.0400 0.9237
vn -0.0000 -0.0392 0.9992
vn -0.3810 -0.0400 0.9237
vn -0.7044 -0.0427 0.7085
vn -0.9214 -0.0475 0.3858
vn -0.9985 -0.0547 0.0042
vn -0.9235 -0.0644 -0.3781
vn -0.7074 -0.0757 -0.7027
vn -0.3832 -0.0858 -0.9197
vn -0.0000 -0.0900 -0.9959
vn 0.3832 -0.0858 -0.9197
vn 0.7074 -0.0757 -0.7027
vn 0.9235 -0.0644 -0.3781
vn 0.9985 -0.0548 0.0082
vn 0.9215 -0.0212 0.3878
vn 0.7042 0.0061 0.7099
vn 0.3808 0.0241 0.9243
vn -0.0000 0.0305 0.9995
vn -0.3808 0.0241 0.9243
vn -0.7042 0.0061 0.7099
vn -0.9215 -0.0212 0.3878
vn -0.9985 -0.0548 0.0082
vn -0.9235 -0.0916 -0.3725
vn -0.7074 -0.1264 -0.6954
vn -0.3832 -0.1525 -0.9110
vn -0.0000 -0.1625 -0.9867
vn 0.3832 -0.1525 -0.9110
vn 0.7074 -0.1264 -0.6954
vn 0.9235 -0.0916 -0.3725
vn 0.9983 -0.0565 0.0129
vn 0.9213 0.0067 0.3888
vn 0.7040 0.0585 0.7078
vn 0.3806 0.0921 0.9202
vn -0.0000 0.1038 0.9946
vn -0.3806 0.0921 0.9202
vn -0.7040 0.0585 0.7078
vn -0.9213 0.0067 0.3888
vn -0.9983 -0.0565 0.0129
vn -0.9233 -0.1226 -0.3639
vn -0.7065 -0.1826 -0.6838
vn -0.3831 -0.2261 -0.8956
vn -0.0000 -0.2429 -0.9700
vn 0.3831 -0.2261 -0.8956
vn 0.7065 -0.1826 -0.6838
vn 0.9233 -0.1226 -0.3639
vn 0.9983 -0.0559 0.0182
vn 0.9208 0.0382 0.3880
vn 0.7037 0.1157 0.7010
vn 0.3803 0.1666 0.9097
vn -0.0000 0.1844 0.9829
vn -0.3803 0.1666 0.9097
vn -0.7037 0.1157 0.7010
vn -0.9208 0.0382 0.3880
vn -0.9983 -0.0559 0.0182
vn -0.9232 -0.1550 -0.3516
vn -0.7059 -0.2472 -0.6638
vn -0.3819 -0.3163 -0.8684
vn -0.0000 -0.3428 -0.9394
vn 0.3819 -0.3163 -0.8684
vn 0.7059 -0.2472 -0.6638
vn 0.9232 -0.1550 -0.3516
vn 0.9999 0.0104 0.0008
vn 0.9222 0.1274 0.3650
vn 0.7047 0.2269 0.6723
vn 0.3809 0.2933 0.8768
vn -0.0000 0.3166 0.9486
vn -0.3809 0.2933 0.8768
vn -0.7047 0.2269 0.6723
vn -0.9222 0.1274 0.3650
vn -0.9999 0.0104 0.0008
vn -0.9249 -0.1046 -0.3655
vn -0.7078 -0.1973 -0.6783
vn -0.3827 -0.2517 -0.8889
vn -0.0000 -0.2673 -0.9636
vn 0.3827 -0.2517 -0.8889
vn 0.7078 -0.1973 -0.6783
vn 0.9249 -0.1046 -0.3655
vn 0.9974 0.0679 -0.0233
vn 0.9200 0.2117 0.3298
vn 0.7030 0.3365 0.6265
vn 0.3800 0.4208 0.8237
vn -0.0000 0.4506 0.8927
vn -0.3800 0.4208 0.8237
vn -0.7030 0.3365 0.6265
vn -0.9200 0.2117 0.3298
vn -0.9974 0.0679 -0.0233
vn -0.9222 -0.0679 -0.3806
vn -0.7050 -0.1674 -0.6892
vn -0.3801 -0.2123 -0.9003
vn -0.0000 -0.2186 -0.9758
vn 0.3801 -0.2123 -0.9003
vn 0.7050 -0.1674 -0.6892
vn 0.9222 -0.0679 -0.3806
vn 0.9974 0.0653 -0.0308
vn 0.9202 0.2437 0.3063
vn 0.7033 0.3966 0.5900
vn 0.3801 0.4993 0.7786
vn -0.0000 0.5353 0.8446
vn -0.3801 0.4993 0.7786
vn -0.7033 0.3966 0.5900
vn -0.9202 0.2437 0.3063
vn -0.9974 0.0653 -0.0308
vn -0.9221 -0.1088 -0.3713
vn -0.7052 -0.2490 -0.6638
vn -0.3805 -0.3345 -0.8622
vn -0.0000 -0.3617 -0.9323
vn 0.3805 -0.3345 -0.8622
vn 0.7052 -0.2490 -0.6638
vn 0.9221 -0.1088 -0.3713
vn 0.9975 0.0610 -0.0360
vn 0.9205 0.2671 0.2851
vn 0.7037 0.4427 0.5557
vn 0.3804 0.5603 0.7358
vn -0.0000 0.6016 0.7988
vn -0.3804 0.5603 0.7358
vn -0.7037 0.4427 0.5557
vn -0.9205 0.2671 0.2851
vn -0.9975 0.0610 -0.0360
vn -0.9222 -0.1428 -0.3594
vn -0.7057 -0.3122 -0.6360
vn -0.3815 -0.4223 -0.8223
vn -0.0000 -0.4600 -0.8879
vn 0.3815 -0.4223 -0.8223
vn 0.7057 -0.3122 -0.6360
vn 0.9222 -0.1428 -0.3594
vn 0.9975 0.0578 -0.0401
vn 0.9208 0.2851 0.2663
vn 0.7041 0.4783 0.5249
vn 0.3807 0.6075 0.6972
vn -0.0000 0.6528 0.7575
vn -0.3807 0.6075 0.6972
vn -0.7041 0.4783 0.5249
vn -0.9208 0.2851 0.2663
vn -0.9975 0.0578 -0.0401
vn -0.9222 -0.1683 -0.3483
vn -0.7059 -0.3583 -0.6110
vn -0.3818 -0.4839 -0.7875
vn -0.0000 -0.5275 -0.8495
vn 0.3818 -0.4839 -0.7875
vn 0.7059 -0.3583 -0.6110
vn 0.9222 -0.1683 -0.3483
vn 0.9975 0.0557 -0.0439
vn 0.9209 0.2994 0.2497
vn 0.7043 0.5062 0.4977
vn 0.3809 0.6445 0.6630
vn -0.0000 0.6930 0.7209
vn -0.3809 0.6445 0.6630
vn -0.7043 0.5062 0.4977
vn -0.9209 0.2994 0.2497
vn -0.9975 0.0557 -0.0439
vn -0.9220 -0.1874 -0.3387
vn -0.7058 -0.3926 -0.5897
vn -0.3818 -0.5289 -0.7579
vn -0.0000 -0.5766 -0.8171
vn 0.3818 -0.5289 -0.7579
vn 0.7058 -0.3926 -0.5897
vn 0.9220 -0.1874 -0.3387
vn 0.9974 0.0547 -0.0478
vn 0.9209 0.3111 0.2347
vn 0.7044 0.5287 0.4736
vn 0.3810 0.6740 0.6329
vn -0.0000 0.7250 0.6887
vn -0.3810 0.6740 0.6329
vn -0.7044 0.5287 0.4736
vn -0.9209 0.3111 0.2347
vn -0.9974 0.0547 -0.0478
vn -0.9218 -0.2014 -0.3312
vn -0.7056 -0.4180 -0.5722
vn -0.3818 -0.5623 -0.7336
vn -0.0000 -0.6128 -0.7903
vn 0.3818 -0.5623 -0.7336
vn 0.7056 -0.4180 -0.5722
vn 0.9218 -0.2014 -0.3312
vn 0.9971 0.0554 -0.0529
vn 0.9209 0.3211 0.2210
vn 0.7046 0.5466 0.4525
vn 0.3812 0.6973 0.6070
vn -0.0000 0.7502 0.6612
vn -0.3812 0.6973 0.6070
vn -0.7046 0.5466 0.4525
vn -0.9209 0.3211 0.2210
vn -0.9971 0.0554 -0.0529
vn -0.9213 -0.2097 -0.3275
vn -0.7051 -0.4337 -0.5611
vn -0.3815 -0.5829 -0.7174
vn -0.0000 -0.6352 -0.7724
vn 0.3815 -0.5829 -0.7174
vn 0.7051 -0.4337 -0.5611
vn 0.9213 -0.2097 -0.3275
vn 0.9938 0.0770 -0.0802
vn 0.9185 0.3485 0.1865
vn 0.7031 0.5801 0.4113
vn 0.3806 0.7352 0.5609
vn -0.0000 0.7897 0.6134
vn -0.3806 0.7352 0.5609
vn -0.7031 0.5801 0.4113
vn -0.9185 0.3485 0.1865
vn -0.9938 0.0770 -0.0802
vn -0.9172 -0.1920 -0.3490
vn -0.7010 -0.4166 -0.5789
vn -0.3790 -0.5641 -0.7336
vn -0.0000 -0.6154 -0.7882
vn 0.3790 -0.5641 -0.7336
vn 0.7010 -0.4166 -0.5789
vn 0.9172 -0.1920 -0.3490
vn 0.9896 0.0947 -0.1086
vn 0.9151 0.3758 0.1459
vn 0.7012 0.6155 0.3597
vn 0.3791 0.7773 0.5021
vn -0.0000 0.8342 0.5515
vn -0.3791 0.7773 0.5021
vn -0.7012 0.6155 0.3597
vn -0.9151 0.3758 0.1459
vn -0.9896 0.0947 -0.1086
vn -0.9125 -0.1820 -0.3665
vn -0.6964 -0.4108 -0.5885
vn -0.3761 -0.5589 -0.7390
vn -0.0000 -0.6099 -0.7925
vn 0.3761 -0.5589 -0.7390
vn 0.6964 -0.4108 -0.5885
vn 0.9125 -0.1820 -0.3665
vn 0.9895 0.0881 -0.1145
vn 0.9151 0.3843 0.1222
vn 0.7011 0.6371 0.3201
vn 0.3790 0.8073 0.4523
vn -0.0000 0.8668 0.4987
vn -0.3790 0.8073 0.4523
vn -0.7012 0.6371 0.3201
vn -0.9151 0.3843 0.1222
vn -0.9895 0.0881 -0.1145
vn -0.9125 -0.2042 -0.3545
vn -0.6966 -0.4469 -0.5613
vn -0.3763 -0.6049 -0.7017
vn -0.0000 -0.6595 -0.7517
vn 0.3763 -0.6049 -0.7017
vn 0.6966 -0.4469 -0.5613
vn 0.9125 -0.2042 -0.3545
vn 0.9893 0.0823 -0.1207
vn 0.9148 0.3917 0.0982
vn 0.7006 0.6555 0.2821
vn 0.3794 0.8323 0.4042
vn -0.0000 0.8945 0.4470
vn -0.3794 0.8323 0.4042
vn -0.7006 0.6555 0.2821
vn -0.9148 0.3917 0.0982
vn -0.9893 0.0823 -0.1207
vn -0.9125 -0.2241 -0.3423
vn -0.6969 -0.4800 -0.5329
vn -0.3767 -0.6479 -0.6620
vn -0.0000 -0.7063 -0.7079
vn 0.3767 -0.6479 -0.6620
vn 0.6969 -0.4800 -0.5329
vn 0.9125 -0.2241 -0.3423
vn 0.9889 0.0772 -0.1270
vn 0.9145 0.3975 0.0752
vn 0.7003 0.6704 0.2451
vn 0.3793 0.8532 0.3580
vn -0.0000 0.9176 0.3976
vn -0.3793 0.8532 0.3580
vn -0.7003 0.6704 0.2451
vn -0.9145 0.3975 0.0752
vn -0.9889 0.0772 -0.1270
vn -0.9122 -0.2407 -0.3316
vn -0.6969 -0.5070 -0.5073
vn -0.3768 -0.6826 -0.6262
vn -0.0000 -0.7438 -0.6684
vn 0.3768 -0.6826 -0.6262
vn 0.6969 -0.5070 -0.5073
vn 0.9122 -0.2407 -0.3316
vn 0.9883 0.0728 -0.1340
vn 0.9140 0.4023 0.0526
vn 0.7000 0.6827 0.2095
vn 0.3791 0.8706 0.3137
vn -0.0000 0.9367 0.3502
vn -0.3791 0.8706 0.3137
vn -0.7000 0.6827 0.2095
vn -0.9140 0.4023 0.0526
vn -0.9883 0.0728 -0.1340
vn -0.9117 -0.2544 -0.3228
vn -0.6965 -0.5290 -0.4848
vn -0.3766 -0.7105 -0.5944
vn -0.0000 -0.7739 -0.6333
vn 0.3766 -0.7105 -0.5944
vn 0.6965 -0.5290 -0.4848
vn 0.9117 -0.2544 -0.3228
vn 0.9877 0.0690 -0.1405
vn 0.9129 0.4072 0.0286
vn 0.6989 0.6945 0.1709
vn 0.3783 0.8868 0.2654
vn -0.0000 0.9544 0.2985
vn -0.3783 0.8868 0.2654
vn -0.6989 0.6945 0.1709
vn -0.9129 0.4072 0.0286
vn -0.9877 0.0690 -0.1405
vn -0.9118 -0.2680 -0.3110
vn -0.6973 -0.5522 -0.4570
vn -0.3771 -0.7410 -0.5556
vn -0.0000 -0.8070 -0.5906
vn 0.3771 -0.7410 -0.5556
vn 0.6973 -0.5522 -0.4570
vn 0.9118 -0.2680 -0.3110
vn 0.6896 0.2925 -0.6625
vn 0.6394 0.5339 -0.5533
vn 0.4908 0.7398 -0.4602
vn 0.2661 0.8781 -0.3976
vn -0.0000 0.9268 -0.3756
vn -0.2661 0.8781 -0.3976
vn -0.4908 0.7398 -0.4602
vn -0.6394 0.5339 -0.5533
vn -0.6896 0.2925 -0.6625
vn -0.6347 0.0529 -0.7710
vn -0.4840 -0.1486 -0.8623
vn -0.2612 -0.2825 -0.9230
vn -0.0000 -0.3293 -0.9442
vn 0.2612 -0.2825 -0.9230
vn 0.4840 -0.1486 -0.8623
vn 0.6347 0.0529 -0.7710
vn -0.0000 0.8438 -0.5367
vn 0.8348 -0.4791 0.2712
vn -0.0000 -0.8438 -0.5367
vn 0.5104 -0.8438 0.1659
vn 0.3155 0.8438 -0.4342
vn 0.5159 0.4791 -0.7101
vn 0.5159 -0.4791 -0.7101
vn 0.3155 -0.8438 -0.4342
vn 0.7911 -0.2343 0.5651
vn 0.5104 0.8438 -0.1659
vn 0.8348 0.4791 -0.2712
vn 0.8348 -0.4791 -0.2712
vn 0.5104 -0.8438 -0.1659
vn 0.8348 -0.4791 -0.2713
vn 0.5104 0.8438 0.1659
vn 0.8348 0.4791 0.2712
vn 0.3155 0.8438 0.4342
vn 0.5159 0.4791 0.7101
vn 0.5159 -0.4791 0.7101
vn 0.3155 -0.8438 0.4342
vn -0.0000 0.8438 0.5367
vn -0.0000 0.4791 0.8778
vn -0.0000 -0.4791 0.8778
vn -0.0000 -0.8438 0.5367
vn 0.7346 -0.5110 0.4464
vn -0.3155 0.8438 0.4342
vn -0.5159 0.4791 0.7101
vn -0.5159 -0.4791 0.7101
vn -0.3155 -0.8438 0.4342
vn -0.5104 0.8438 0.1659
vn -0.8348 0.4791 0.2712
vn -0.8348 -0.4791 0.2713
vn -0.5104 -0.8438 0.1659
vn -0.5104 0.8438 -0.1659
vn -0.8348 0.4791 -0.2713
vn -0.8348 -0.4791 -0.2712
vn -0.5104 -0.8438 -0.1659
vn 0.5752 -0.7464 0.3349
vn 0.3590 -0.9084 0.2144
vn -0.3155 0.8438 -0.4342
vn -0.5159 0.4791 -0.7101
vn -0.5159 -0.4791 -0.7101
vn -0.3155 -0.8438 -0.4342
vn -0.0560 -0.9890 -0.1369
vn -0.0000 0.4791 -0.8778
vn -0.3432 -0.9138 0.2171
vn -0.0000 -0.4791 -0.8778
vn -0.5752 -0.7464 0.3349
vn 0.8348 0.4791 0.2713
vn -0.7346 -0.5110 0.4464
vn -0.7911 -0.2343 0.5651
vn -0.9576 -0.2382 -0.1620
vn -0.8072 -0.5003 -0.3133
vn -0.4791 -0.6935 -0.5380
vn -0.1092 -0.6444 -0.7569
vn 0.5290 -0.6596 -0.5339
vn -0.8348 -0.4791 0.2712
vn 0.8072 -0.5003 -0.3133
vn 0.9576 -0.2382 -0.1620
vn 0.9988 0.0377 -0.0317
vn 0.9532 0.2921 0.0776
vn 0.8040 0.5696 0.1709
vn 0.4840 0.8559 0.1818
vn 0.1175 0.9930 0.0123
vn -0.5345 0.8296 0.1613
vn -0.8040 0.5696 0.1709
vn -0.9532 0.2922 0.0774
vn -0.9988 0.0377 -0.0317
vn 0.7351 0.0438 0.6766
vn 0.5776 0.2903 0.7630
vn 0.3492 0.4992 0.7930
vn 0.0545 0.8128 0.5799
vn -0.3677 0.4975 0.7856
vn -0.5776 0.2903 0.7630
vn -0.7351 0.0438 0.6766
vn -0.9954 0.0345 -0.0890
vn -0.9188 -0.3185 -0.2331
vn -0.7015 -0.6130 -0.3635
vn -0.3788 -0.8045 -0.4574
vn -0.0000 -0.8704 -0.4924
vn 0.3788 -0.8045 -0.4574
vn 0.7015 -0.6130 -0.3635
vn 0.9188 -0.3185 -0.2331
vn 0.9954 0.0345 -0.0890
vn 0.9195 0.3901 0.0487
vn 0.7034 0.6921 0.1622
vn 0.3806 0.8939 0.2368
vn -0.0000 0.9648 0.2629
vn -0.3806 0.8939 0.2368
vn -0.7034 0.6921 0.1622
vn -0.9195 0.3901 0.0487
vn -0.9917 0.0368 -0.1229
vn -0.9147 -0.3236 -0.2422
vn -0.6971 -0.6226 -0.3555
vn -0.3750 -0.8145 -0.4426
vn -0.0000 -0.8790 -0.4767
vn 0.3750 -0.8145 -0.4426
vn 0.6971 -0.6226 -0.3555
vn 0.9147 -0.3236 -0.2422
vn 0.9917 0.0368 -0.1229
vn 0.9163 0.4002 -0.0125
vn 0.7009 0.7091 0.0765
vn 0.3791 0.9156 0.1342
vn -0.0000 0.9881 0.1541
vn -0.3791 0.9156 0.1342
vn -0.7009 0.7091 0.0765
vn -0.9163 0.4002 -0.0125
vn -0.9905 0.0266 -0.1351
vn -0.9135 -0.3435 -0.2178
vn -0.6968 -0.6541 -0.2945
vn -0.3751 -0.8580 -0.3508
vn -0.0000 -0.9283 -0.3719
vn 0.3751 -0.8580 -0.3508
vn 0.6968 -0.6541 -0.2945
vn 0.9135 -0.3435 -0.2178
vn 0.9905 0.0266 -0.1351
vn 0.9154 0.3983 -0.0579
vn 0.7004 0.7138 0.0048
vn 0.3787 0.9244 0.0455
vn -0.0000 0.9982 0.0597
vn -0.3787 0.9244 0.0455
vn -0.7004 0.7138 0.0048
vn -0.9154 0.3983 -0.0579
vn -0.9891 0.0177 -0.1459
vn -0.9127 -0.3571 -0.1987
vn -0.6971 -0.6733 -0.2464
vn -0.3762 -0.8832 -0.2801
vn -0.0000 -0.9563 -0.2924
vn 0.3762 -0.8832 -0.2801
vn 0.6971 -0.6733 -0.2464
vn 0.9127 -0.3571 -0.1987
vn 0.9891 0.0177 -0.1459
vn 0.9143 0.3935 -0.0958
vn 0.6998 0.7122 -0.0550
vn 0.3785 0.9252 -0.0283
vn -0.0000 0.9998 -0.0191
vn -0.3785 0.9252 -0.0283
vn -0.6998 0.7122 -0.0550
vn -0.9143 0.3935 -0.0958
vn -0.9868 0.0112 -0.1613
vn -0.9108 -0.3650 -0.1930
vn -0.6961 -0.6830 -0.2211
vn -0.3761 -0.8948 -0.2406
vn -0.0000 -0.9689 -0.2475
vn 0.3761 -0.8948 -0.2406
vn 0.6961 -0.6830 -0.2211
vn 0.9108 -0.3650 -0.1930
vn 0.9868 0.0112 -0.1613
vn 0.9123 0.3880 -0.1308
vn 0.6984 0.7078 -0.1058
vn 0.3779 0.9215 -0.0894
vn -0.0000 0.9965 -0.0837
vn -0.3779 0.9215 -0.0894
vn -0.6984 0.7078 -0.1058
vn -0.9123 0.3880 -0.1308
vn -0.9828 0.0067 -0.1844
vn -0.9074 -0.3689 -0.2011
vn -0.6940 -0.6869 -0.2155
vn -0.3753 -0.8991 -0.2252
vn -0.0000 -0.9735 -0.2287
vn 0.3753 -0.8991 -0.2252
vn 0.6940 -0.6869 -0.2155
vn 0.9074 -0.3689 -0.2011
vn 0.9828 0.0067 -0.1844
vn 0.9084 0.3827 -0.1681
vn 0.6955 0.7017 -0.1545
vn 0.3764 0.9150 -0.1455
vn -0.0000 0.9898 -0.1423
vn -0.3764 0.9150 -0.1455
vn -0.6955 0.7017 -0.1545
vn -0.9084 0.3827 -0.1681
vn -0.9751 0.0053 -0.2216
vn -0.9020 -0.3684 -0.2253
vn -0.6909 -0.6857 -0.2289
vn -0.3742 -0.8980 -0.2313
vn -0.0000 -0.9727 -0.2322
vn 0.3742 -0.8980 -0.2313
vn 0.6909 -0.6857 -0.2289
vn 0.9020 -0.3684 -0.2253
vn 0.9751 0.0053 -0.2216
vn 0.8997 0.3780 -0.2183
vn 0.6877 0.6931 -0.2161
vn 0.3719 0.9031 -0.2147
vn -0.0000 0.9768 -0.2143
vn -0.3719 0.9031 -0.2147
vn -0.6877 0.6931 -0.2161
vn -0.8997 0.3780 -0.2183
vn -0.9592 0.0092 -0.2824
vn -0.8895 -0.3596 -0.2819
vn -0.6825 -0.6739 -0.2830
vn -0.3699 -0.8844 -0.2846
vn -0.0000 -0.9584 -0.2853
vn 0.3699 -0.8844 -0.2846
vn 0.6825 -0.6739 -0.2830
vn 0.8895 -0.3596 -0.2819
vn 0.9592 0.0092 -0.2824
vn 0.8821 0.3750 -0.2852
vn 0.6717 0.6818 -0.2898
vn 0.3620 0.8845 -0.2943
vn -0.0000 0.9551 -0.2963
vn -0.3620 0.8845 -0.2943
vn -0.6717 0.6818 -0.2898
vn -0.8821 0.3750 -0.2852
vn -0.6235 0.0467 -0.7804
vn -0.5838 -0.1952 -0.7881
vn -0.4513 -0.4048 -0.7953
vn -0.2456 -0.5468 -0.8004
vn -0.0000 -0.5970 -0.8022
vn 0.2456 -0.5468 -0.8004
vn 0.4513 -0.4048 -0.7953
vn 0.5838 -0.1952 -0.7881
vn 0.6235 0.0467 -0.7804
vn 0.5672 0.2818 -0.7738
vn 0.4276 0.4747 -0.7693
vn 0.2286 0.5998 -0.7668
vn -0.0000 0.6428 -0.7660
vn -0.2286 0.5998 -0.7668
vn -0.4276 0.4747 -0.7693
vn -0.5672 0.2818 -0.7738
vn 0.9235 -0.0000 0.3835
vn 0.8459 -0.3966 0.3565
vn 0.5750 -0.7763 0.2584
vn 0.5750 -0.7763 -0.2584
vn 0.8459 -0.3966 -0.3566
vn 0.9235 -0.0000 -0.3835
vn 0.8459 0.3966 -0.3566
vn 0.5750 0.7763 -0.2584
vn 0.8459 -0.3966 0.3566
vn 0.3152 0.7329 -0.6029
vn 0.4509 0.3438 -0.8237
vn 0.4828 -0.0000 -0.8757
vn 0.4509 -0.3438 -0.8237
vn -0.8348 -0.4791 -0.2713
vn 0.3152 -0.7329 -0.6029
vn -0.0000 -0.7086 -0.7056
vn -0.0000 0.7086 -0.7056
vn 0.8459 0.3966 0.3566
vn 0.5750 0.7763 0.2584
vn 0.4828 -0.0000 0.8757
vn 0.4509 -0.3438 0.8237
vn 0.3152 -0.7329 0.6029
vn 0.4509 0.3438 0.8237
vn 0.3152 0.7329 0.6029
vn -0.0000 -0.3162 0.9487
vn -0.0000 -0.7086 0.7056
vn -0.0000 0.3162 0.9487
vn -0.0000 0.7086 0.7056
vn -0.4828 -0.0000 0.8757
vn -0.4509 -0.3438 0.8237
vn -0.3152 -0.7329 0.6029
vn -0.4509 0.3438 0.8237
vn -0.3152 0.7329 0.6029
vn -0.9235 -0.0000 0.3835
vn -0.8459 -0.3966 0.3566
vn -0.5750 -0.7763 0.2584
vn 0.4828 -0.0000 -0.8758
vn -0.8459 0.3966 0.3566
vn -0.5750 0.7763 0.2584
vn -0.9235 -0.0000 -0.3835
vn -0.8459 -0.3966 -0.3566
vn -0.5750 -0.7763 -0.2584
vn -0.8459 0.3966 -0.3566
vn -0.5750 0.7763 -0.2584
vn -0.4828 -0.0000 -0.8757
vn -0.4509 -0.3438 -0.8237
vn -0.3152 -0.7329 -0.6029
vn -0.4509 0.3438 -0.8237
vn -0.3152 0.7329 -0.6029
vn -0.0000 -0.3162 -0.9487
vn -0.0000 0.3162 -0.9487
vn 0.4828 -0.0000 0.8758
vn 0.8459 0.3966 -0.3565
vn -0.4828 -0.0000 0.8758
vn -0.4828 -0.0000 -0.8758
vn 0.3152 -0.7329 -0.6030
vn -0.8459 0.3966 0.3565
vn -0.8459 -0.3966 0.3565
s 1
usemtl Squirrel_fur
f 323//317 23//23 24//24
f 8//8 20//20 21//21
f 316//312 18//18 5//5
f 12//12 24//24 25//25
f 2//2 1//1 15//15
f 9//9 21//21 22//22
f 5//5 19//19 6//6
f 13//13 12//12 25//25
f 2//2 16//16 315//311
f 10//10 22//22 23//23
f 6//6 20//20 7//7
f 315//311 17//17 316//312
f 18//18 32//30 19//19
f 13//13 25//25 38//36
f 15//15 29//27 16//16
f 23//23 35//33 36//34
f 19//19 33//31 20//20
f 16//16 30//28 17//17
f 24//24 36//34 37//35
f 21//21 33//31 34//32
f 17//17 31//29 18//18
f 25//25 37//35 38//36
f 15//15 1//1 28//26
f 22//22 34//32 35//33
f 34//32 46//44 47//45
f 30//28 44//42 31//29
f 38//36 50//48 51//49
f 28//26 1//1 41//39
f 35//33 47//45 48//46
f 31//29 45//43 32//30
f 13//13 38//36 51//49
f 28//26 42//40 29//27
f 36//34 48//46 49//47
f 32//30 46//44 33//31
f 29//27 43//41 30//28
f 37//35 49//47 50//48
f 45//43 59//57 46//44
f 42//40 56//54 43//41
f 50//48 62//60 63//61
f 47//45 59//57 60//58
f 43//41 57//55 44//42
f 51//49 63//61 64//62
f 41//39 1//1 54//52
f 48//46 60//58 61//59
f 44//42 58//56 45//43
f 13//13 51//49 64//62
f 41//39 55//53 42//40
f 49//47 61//59 62//60
f 61//59 73//71 74//72
f 57//55 71//69 58//56
f 13//13 64//62 77//75
f 54//52 68//66 55//53
f 62//60 74//72 75//73
f 58//56 72//70 59//57
f 55//53 69//67 56//54
f 63//61 75//73 76//74
f 60//58 72//70 73//71
f 56//54 70//68 57//55
f 64//62 76//74 77//75
f 54//52 1//1 67//65
f 73//71 85//82 86//83
f 69//67 83//80 70//68
f 77//75 89//86 90//87
f 67//65 1//1 80//77
f 74//72 86//83 87//84
f 70//68 84//81 71//69
f 13//13 77//75 90//87
f 67//65 81//78 68//66
f 75//73 87//84 88//85
f 71//69 85//82 72//70
f 68//66 82//79 69//67
f 76//74 88//85 89//86
f 87//84 101//98 88//85
f 85//82 97//94 98//95
f 82//79 94//91 95//92
f 88//85 102//99 89//86
f 85//82 99//96 86//83
f 83//80 95//92 96//93
f 89//86 103//100 90//87
f 80//77 1//1 93//90
f 86//83 100//97 87//84
f 84//81 96//93 97//94
f 13//13 90//87 103//100
f 81//78 93//90 94//91
f 93//90 1//1 106//103
f 99//96 113//110 100//97
f 97//94 109//106 110//107
f 13//13 103//100 116//113
f 94//91 106//103 107//104
f 100//97 114//111 101//98
f 98//95 110//107 111//108
f 95//92 107//104 108//105
f 101//98 115//112 102//99
f 98//95 112//109 99//96
f 96//93 108//105 109//106
f 102//99 116//113 103//100
f 114//111 128//124 115//112
f 111//108 125//121 112//109
f 109//106 121//117 122//118
f 115//112 129//125 116//113
f 106//103 1//1 119//115
f 112//109 126//122 113//110
f 110//107 122//118 123//119
f 13//13 116//113 129//125
f 107//104 119//115 120//116
f 113//110 127//123 114//111
f 111//108 123//119 124//120
f 108//105 120//116 121//117
f 120//116 132//128 133//129
f 126//122 140//136 127//123
f 124//120 136//132 137//133
f 121//117 133//129 134//130
f 127//123 141//137 128//124
f 124//120 138//134 125//121
f 122//118 134//130 135//131
f 128//124 142//138 129//125
f 119//115 1//1 132//128
f 125//121 139//135 126//122
f 123//119 135//131 136//132
f 13//13 129//125 142//138
f 141//137 155//151 142//138
f 132//128 1//1 145//141
f 138//134 152//148 139//135
f 136//132 148//144 149//145
f 13//13 142//138 155//151
f 133//129 145//141 146//142
f 139//135 153//149 140//136
f 137//133 149//145 150//146
f 134//130 146//142 147//143
f 140//136 154//150 141//137
f 137//133 151//147 138//134
f 135//131 147//143 148//144
f 147//143 159//155 160//156
f 153//149 167//163 154//150
f 150//146 164//160 151//147
f 148//144 160//156 161//157
f 154//150 168//164 155//151
f 145//141 1//1 158//154
f 151//147 165//161 152//148
f 149//145 161//157 162//158
f 13//13 155//151 168//164
f 146//142 158//154 159//155
f 152//148 166//162 153//149
f 150//146 162//158 163//159
f 13//13 168//164 181//177
f 158//154 172//168 159//155
f 166//162 178//174 179//175
f 162//158 176//172 163//159
f 159//155 173//169 160//156
f 167//163 179//175 180//176
f 164//160 176//172 177//173
f 160//156 174//170 161//157
f 168//164 180//176 181//177
f 158//154 1//1 171//167
f 165//161 177//173 178//174
f 161//157 175//171 162//158
f 173//169 187//183 174//170
f 181//177 193//189 194//190
f 171//167 1//1 184//180
f 178//174 190//186 191//187
f 174//170 188//184 175//171
f 13//13 181//177 194//190
f 171//167 185//181 172//168
f 179//175 191//187 192//188
f 175//171 189//185 176//172
f 172//168 186//182 173//169
f 180//176 192//188 193//189
f 177//173 189//185 190//186
f 185//181 199//195 186//182
f 193//189 205//201 206//202
f 190//186 202//198 203//199
f 186//182 200//196 187//183
f 194//190 206//202 207//203
f 184//180 1//1 197//193
f 191//187 203//199 204//200
f 187//183 201//197 188//184
f 13//13 194//190 207//203
f 184//180 198//194 185//181
f 192//188 204//200 205//201
f 188//184 202//198 189//185
f 200//196 214//210 201//197
f 13//13 207//203 220//216
f 197//193 211//207 198//194
f 205//201 217//213 218//214
f 201//197 215//211 202//198
f 198//194 212//208 199//195
f 206//202 218//214 219//215
f 203//199 215//211 216//212
f 199//195 213//209 200//196
f 207//203 219//215 220//216
f 197//193 1//1 210//206
f 204//200 216//212 217//213
f 212//208 226//222 213//209
f 220//216 232//228 233//229
f 210//206 1//1 223//219
f 217//213 229//225 230//226
f 213//209 227//223 214//210
f 13//13 220//216 233//229
f 210//206 224//220 211//207
f 218//214 230//226 231//227
f 214//210 228//224 215//211
f 211//207 225//221 212//208
f 219//215 231//227 232//228
f 216//212 228//224 229//225
f 227//223 241//237 228//224
f 224//220 238//234 225//221
f 232//228 244//240 245//241
f 229//225 241//237 242//238
f 225//221 239//235 226//222
f 233//229 245//241 246//242
f 223//219 1//1 236//232
f 230//226 242//238 243//239
f 226//222 240//236 227//223
f 13//13 233//229 246//242
f 223//219 237//233 224//220
f 231//227 243//239 244//240
f 240//236 252//248 253//249
f 13//13 246//242 259//255
f 237//233 249//245 250//246
f 243//239 257//253 244//240
f 241//237 253//249 254//250
f 238//234 250//246 251//247
f 244//240 258//254 245//241
f 241//237 255//251 242//238
f 239//235 251//247 252//248
f 245//241 259//255 246//242
f 236//232 1//1 249//245
f 242//238 256//252 243//239
f 254//250 268//264 255//251
f 252//248 264//260 265//261
f 258//254 272//268 259//255
f 249//245 1//1 262//258
f 255//251 269//265 256//252
f 253//249 265//261 266//262
f 13//13 259//255 272//268
f 250//246 262//258 263//259
f 256//252 270//266 257//253
f 254//250 266//262 267//263
f 251//247 263//259 264//260
f 257//253 271//267 258//254
f 267//263 279//275 280//276
f 264//260 276//272 277//273
f 270//266 284//280 271//267
f 267//263 281//277 268//264
f 265//261 277//273 278//274
f 271//267 285//281 272//268
f 262//258 1//1 275//271
f 268//264 282//278 269//265
f 266//262 278//274 279//275
f 13//13 272//268 285//281
f 263//259 275//271 276//272
f 269//265 283//279 270//266
f 281//277 295//291 282//278
f 279//275 291//287 292//288
f 13//13 285//281 298//294
f 276//272 288//284 289//285
f 282//278 296//292 283//279
f 280//276 292//288 293//289
f 277//273 289//285 290//286
f 283//279 297//293 284//280
f 280//276 294//290 281//277
f 278//274 290//286 291//287
f 284//280 298//294 285//281
f 275//271 1//1 288//284
f 293//289 307//303 294//290
f 291//287 303//299 304//300
f 297//293 311//307 298//294
f 288//284 1//1 301//297
f 294//290 308//304 295//291
f 292//288 304//300 305//301
f 13//13 298//294 311//307
f 289//285 301//297 302//298
f 295//291 309//305 296//292
f 293//289 305//301 306//302
f 290//286 302//298 303//299
f 296//292 310//306 297//293
f 308//304 10//10 309//305
f 306//302 6//6 7//7
f 303//299 315//311 316//312
f 309//305 323//317 310//306
f 306//302 8//8 307//303
f 304//300 316//312 5//5
f 310//306 12//12 311//307
f 301//297 1//1 2//2
f 307//303 9//9 308//304
f 305//301 5//5 6//6
f 13//13 311//307 12//12
f 302//298 2//2 315//311
f 695//674 370//363 383//375
f 700//679 347//340 406//7
f 702//681 329//323 334//328
f 406//7 352//345 401//391
f 696//675 365//358 695//674
f 703//682 325//319 329//323
f 697//676 361//354 696//675
f 700//679 338//332 343//336
f 415//404 319//1 325//319
f 27//13 383//375 370//363
f 701//680 334//328 338//332
f 401//391 356//349 697//676
f 361//354 143//139 365//358
f 343//336 260//256 347//340
f 325//319 317//313 329//323
f 370//363 143//139 91//88
f 329//323 314//310 334//328
f 347//340 208//204 352//345
f 352//345 196//192 356//349
f 27//13 370//363 91//88
f 334//328 313//309 338//332
f 356//349 144//140 361//354
f 325//319 319//1 318//314
f 338//332 261//257 343//336
f 318//314 430//419 317//313
f 196//192 423//412 144//140
f 260//256 427//416 426//415
f 318//314 319//1 431//420
f 261//257 428//417 427//416
f 91//88 422//411 421//410
f 260//256 425//414 208//204
f 313//309 429//418 428//417
f 208//204 424//413 196//192
f 317//313 429//418 314//310
f 144//140 422//411 143//139
f 27//13 91//88 421//410
f 425//414 437//425 424//413
f 431//420 319//1 444//432
f 27//13 421//410 434//422
f 424//413 436//424 423//412
f 430//419 442//430 429//418
f 423//412 435//423 422//411
f 431//420 443//431 430//419
f 426//415 438//426 425//414
f 427//416 439//427 426//415
f 429//418 441//429 428//417
f 422//411 434//422 421//410
f 428//417 440//428 427//416
f 440//428 454//442 453//441
f 27//13 434//422 447//435
f 444//432 456//444 443//431
f 437//425 449//437 436//424
f 439//427 453//441 452//440
f 443//431 455//443 442//430
f 435//423 449//437 448//436
f 439//427 451//439 438//426
f 441//429 455//443 454//442
f 434//422 448//436 447//435
f 444//432 319//1 457//445
f 438//426 450//438 437//425
f 452//440 464//452 451//439
f 454//442 468//455 467//454
f 448//436 460//448 447//435
f 457//445 319//1 470//457
f 450//438 464//452 463//451
f 454//442 466//453 453//441
f 27//13 447//435 460//448
f 457//445 469//456 456//444
f 450//438 462//450 449//437
f 453//441 465//82 452//440
f 456//444 468//455 455//443
f 449//437 461//449 448//436
f 466//453 478//464 465//82
f 469//456 481//467 468//455
f 461//449 475//461 474//460
f 465//82 477//463 464//452
f 467//454 481//467 480//466
f 461//449 473//459 460//448
f 470//457 319//1 483//469
f 464//452 476//462 463//451
f 466//453 480//466 479//465
f 27//13 460//448 473//459
f 469//456 483//469 482//468
f 462//450 476//462 475//461
f 476//462 490//476 489//475
f 480//466 492//478 479//465
f 27//13 473//459 486//472
f 483//469 495//481 482//468
f 476//462 488//474 475//461
f 479//465 491//477 478//464
f 482//468 494//480 481//467
f 475//461 487//473 474//460
f 478//464 490//476 477//463
f 480//466 494//480 493//479
f 474//460 486//472 473//459
f 483//469 319//1 496//482
f 491//477 503//488 490//476
f 493//479 507//491 506//490
f 487//473 499//484 486//472
f 496//482 319//1 509//493
f 490//476 502//487 489//475
f 493//479 505//489 492//478
f 27//13 486//472 499//484
f 495//481 509//493 508//492
f 489//475 501//486 488//474
f 492//478 504//316 491//477
f 495//481 507//491 494//480
f 488//474 500//485 487//473
f 502//487 514//498 501//486
f 504//316 518//502 517//501
f 507//491 521//505 520//504
f 500//485 514//498 513//497
f 504//316 516//500 503//488
f 507//491 519//503 506//490
f 500//485 512//496 499//484
f 509//493 319//1 522//506
f 503//488 515//499 502//487
f 506//490 518//502 505//489
f 27//13 499//484 512//496
f 509//493 521//505 508//492
f 522//506 319//1 535//519
f 516//500 528//512 515//499
f 519//503 531//515 518//502
f 27//13 512//496 525//509
f 522//506 534//518 521//505
f 515//499 527//511 514//498
f 518//502 530//514 517//501
f 521//505 533//517 520//504
f 513//497 527//511 526//510
f 517//501 529//513 516//500
f 519//503 533//517 532//516
f 513//497 525//509 512//496
f 526//510 540//524 539//523
f 530//514 542//526 529//513
f 532//516 546//529 545//528
f 526//510 538//522 525//509
f 535//519 319//1 548//531
f 529//513 541//525 528//512
f 532//516 544//527 531//515
f 27//13 525//509 538//522
f 535//519 547//530 534//518
f 528//512 540//524 527//511
f 531//515 543//159 530//514
f 534//518 546//529 533//517
f 548//531 560//543 547//530
f 541//525 553//536 540//524
f 544//527 556//539 543//159
f 547//530 559//542 546//529
f 539//523 553//536 552//535
f 543//159 555//538 542//526
f 545//528 559//542 558//541
f 539//523 551//534 538//522
f 548//531 319//1 561//544
f 541//525 555//538 554//537
f 545//528 557//540 544//527
f 27//13 538//522 551//534
f 552//535 564//547 551//534
f 561//544 319//1 574//557
f 554//537 568//551 567//550
f 558//541 570//553 557//540
f 27//13 551//534 564//547
f 561//544 573//556 560//543
f 554//537 566//549 553//536
f 557//540 569//552 556//539
f 560//543 572//555 559//542
f 552//535 566//549 565//548
f 556//539 568//551 555//538
f 559//542 571//554 558//541
f 573//556 585//568 572//555
f 565//548 579//562 578//561
f 569//552 581//564 568//551
f 571//554 585//568 584//567
f 565//548 577//560 564//547
f 574//557 319//1 587//570
f 568//551 580//563 567//550
f 571//554 583//566 570//553
f 27//13 564//547 577//560
f 573//556 587//570 586//569
f 567//550 579//562 566//549
f 569//552 583//566 582//565
f 27//13 577//560 590//572
f 586//569 600//582 599//581
f 580//563 592//574 579//562
f 582//565 596//578 595//577
f 586//569 598//580 585//568
f 578//561 592//574 591//573
f 582//565 594//576 581//564
f 585//568 597//579 584//567
f 578//561 590//572 577//560
f 587//570 319//1 600//582
f 580//563 594//576 593//575
f 584//567 596//578 583//566
f 597//579 611//593 610//592
f 591//573 603//585 590//572
f 600//582 319//1 613//595
f 593//575 607//589 606//588
f 597//579 609//591 596//578
f 27//13 590//572 603//585
f 600//582 612//594 599//581
f 593//575 605//587 592//574
f 595//577 609//591 608//590
f 599//581 611//593 598//580
f 591//573 605//587 604//586
f 595//577 607//589 594//576
f 612//594 624//605 611//593
f 604//586 618//600 617//599
f 608//590 620//602 607//589
f 610//592 624//605 623//604
f 604//586 616//598 603//585
f 613//595 319//1 626//607
f 607//589 619//601 606//588
f 610//592 622//603 609//591
f 27//13 603//585 616//598
f 613//595 625//606 612//594
f 605//587 619//601 618//600
f 608//590 622//603 621//237
f 623//604 635//616 622//603
f 27//13 616//598 629//610
f 625//606 639//620 638//619
f 619//601 631//612 618//600
f 621//237 635//616 634//615
f 625//606 637//618 624//605
f 617//599 631//612 630//611
f 621//237 633//614 620//602
f 623//604 637//618 636//617
f 617//599 629//610 616//598
f 626//607 319//1 639//620
f 619//601 633//614 632//613
f 636//617 650//631 649//630
f 630//611 642//623 629//610
f 639//620 319//1 652//633
f 632//613 646//627 645//626
f 636//617 648//629 635//616
f 27//13 629//610 642//623
f 639//620 651//632 638//619
f 632//613 644//625 631//612
f 634//615 648//629 647//628
f 638//619 650//631 637//618
f 630//611 644//625 643//624
f 634//615 646//627 633//614
f 647//628 661//642 660//641
f 651//632 663//644 650//631
f 644//625 656//637 643//624
f 647//628 659//640 646//627
f 649//630 663//644 662//643
f 643//624 655//636 642//623
f 652//633 319//1 665//646
f 645//626 659//640 658//639
f 649//630 661//642 648//629
f 27//13 642//623 655//636
f 652//633 664//645 651//632
f 645//626 657//638 644//625
f 662//643 674//655 661//642
f 27//13 655//636 668//649
f 665//646 677//658 664//645
f 658//639 670//651 657//638
f 660//641 674//655 673//654
f 664//645 676//657 663//644
f 656//637 670//651 669//650
f 660//641 672//653 659//640
f 663//644 675//656 662//643
f 656//637 668//649 655//636
f 665//646 319//1 678//659
f 658//639 672//653 671//652
f 673//654 685//665 672//653
f 675//656 689//669 688//668
f 669//650 681//661 668//649
f 678//659 319//1 691//671
f 671//652 685//665 684//664
f 675//656 687//667 674//655
f 27//13 668//649 681//661
f 677//658 691//671 690//670
f 671//652 683//663 670//651
f 673//654 687//667 686//666
f 676//657 690//670 689//669
f 670//651 682//662 669//650
f 686//666 700//679 406//7
f 690//670 702//681 689//669
f 682//662 696//675 695//674
f 686//666 401//391 685//665
f 688//668 702//681 701//680
f 682//662 383//375 681//661
f 691//671 319//1 415//404
f 684//664 401//391 697//676
f 688//668 700//679 687//667
f 27//13 681//661 383//375
f 690//670 415//404 703//682
f 683//663 697//676 696//675
f 1093//947 1055//912 1059//915
f 1091//340 1066//922 1090//945
f 1087//942 1073//929 1224//1071
f 1221//1068 1052//909 1055//912
f 1091//340 1059//915 1062//918
f 1090//945 1069//925 1087//942
f 1076//13 1224//1071 1073//929
f 1096//949 1045//1 1052//909
f 1062//918 1010//892 1066//922
f 1052//909 1045//1 1042//902
f 1076//13 1073//929 1098//951
f 1066//922 987//886 1069//925
f 1055//912 1042//902 1039//901
f 1062//918 1035//899 1031//898
f 1059//915 1039//901 1035//899
f 1069//925 1098//951 1073//929
f 987//886 1107//960 1098//951
f 1042//902 1045//1 1105//958
f 1031//898 1103//956 1102//955
f 1031//898 1101//954 1010//892
f 1035//899 1104//957 1103//956
f 1076//13 1098//951 1107//960
f 1039//901 1105//958 1104//957
f 1010//892 1100//953 987//886
f 1102//955 1110//963 1101//954
f 1076//13 1107//960 1116//968
f 1104//957 1114//966 1113//965
f 1103//956 1113//965 1112//964
f 1101//954 1109//962 1100//953
f 1105//958 1045//1 1114//966
f 1102//955 1112//964 1111//464
f 1100//953 1116//968 1107//960
f 1116//968 1118//970 1125//976
f 1110//963 1120//972 1119//971
f 1113//965 1121//973 1112//964
f 1114//966 1045//1 1123//975
f 1076//13 1116//968 1125//976
f 1109//962 1119//971 1118//970
f 1112//964 1120//972 1111//464
f 1114//966 1122//974 1113//965
f 1122//974 1130//981 1121//973
f 1123//975 1045//1 1132//983
f 1076//13 1125//976 1134//985
f 1118//970 1128//979 1127//978
f 1121//973 1129//980 1120//972
f 1123//975 1131//982 1122//974
f 1125//976 1127//978 1134//985
f 1119//971 1129//980 1128//979
f 1076//13 1134//985 1143//994
f 1127//978 1137//988 1136//987
f 1130//981 1138//989 1129//980
f 1132//983 1140//991 1131//982
f 1134//985 1136//987 1143//994
f 1128//979 1138//989 1137//988
f 1131//982 1139//990 1130//981
f 1132//983 1045//1 1141//992
f 1141//992 1149//999 1140//991
f 1143//994 1145//996 1152//1002
f 1137//988 1147//539 1146//997
f 1140//991 1148//998 1139//990
f 1141//992 1045//1 1150//1000
f 1076//13 1143//994 1152//1002
f 1136//987 1146//997 1145//996
f 1139//990 1147//539 1138//989
f 1145//996 1161//1010 1152//1002
f 1147//539 1155//1005 1146//997
f 1148//998 1158//1008 1157//1007
f 1150//1000 1045//1 1159//1009
f 1076//13 1152//1002 1161//1010
f 1146//997 1154//1004 1145//996
f 1147//539 1157//1007 1156//1006
f 1149//999 1159//1009 1158//1008
f 1159//1009 1045//1 1168//1017
f 1076//13 1161//1010 1170//1019
f 1155//1005 1163//1012 1154//1004
f 1156//1006 1166//1015 1165//1014
f 1158//1008 1168//1017 1167//1016
f 1154//1004 1170//1019 1161//1010
f 1156//1006 1164//1013 1155//1005
f 1157//1007 1167//1016 1166//1015
f 1164//1013 1172//1021 1163//1012
f 1165//1014 1175//1024 1174//1023
f 1167//1016 1177//1026 1176//1025
f 1163//1012 1179//1028 1170//1019
f 1165//1014 1173//1022 1164//1013
f 1166//1015 1176//1025 1175//1024
f 1168//1017 1045//1 1177//1026
f 1076//13 1170//1019 1179//1028
f 1172//1021 1188//1036 1179//1028
f 1174//1023 1182//1031 1173//1022
f 1175//1024 1185//1033 1184//1032
f 1177//1026 1045//1 1186//1034
f 1076//13 1179//1028 1188//1036
f 1173//1022 1181//1030 1172//1021
f 1174//1023 1184//1032 1183//615
f 1176//1025 1186//1034 1185//1033
f 1182//1031 1192//1040 1191//1039
f 1185//1033 1193//1041 1184//1032
f 1186//1034 1045//1 1195//1043
f 1076//13 1188//1036 1197//1045
f 1181//1030 1191//1039 1190//1038
f 1184//1032 1192//1040 1183//615
f 1186//1034 1194//1042 1185//1033
f 1188//1036 1190//1038 1197//1045
f 1076//13 1197//1045 1206//1054
f 1190//1038 1200//1048 1199//1047
f 1193//1041 1201//1049 1192//1040
f 1195//1043 1203//1051 1194//1042
f 1197//1045 1199//1047 1206//1054
f 1191//1039 1201//1049 1200//1048
f 1194//1042 1202//1050 1193//1041
f 1195//1043 1045//1 1204//1052
f 1202//1050 1210//1058 1201//1049
f 1204//1052 1212//1060 1203//1051
f 1206//1054 1208//1056 1215//1063
f 1200//1048 1210//1058 1209//1057
f 1203//1051 1211//1059 1202//1050
f 1204//1052 1045//1 1213//1061
f 1076//13 1206//1054 1215//1063
f 1199//1047 1209//1057 1208//1056
f 1215//1063 1087//942 1224//1071
f 1209//1057 1091//340 1090//945
f 1212//1060 1093//947 1211//1059
f 1213//1061 1045//1 1096//949
f 1076//13 1215//1063 1224//1071
f 1208//1056 1090//945 1087//942
f 1211//1059 1091//340 1210//1058
f 1213//1061 1221//1068 1212//1060
f 1314//1156 1263//1108 1270//1114
f 1439//1276 1277//1120 1311//1154
f 1311//1154 1280//1123 1309//1152
f 1308//1151 1280//1123 1284//1127
f 1442//1279 1287//1130 1291//1134
f 1314//1156 1273//1117 1439//1276
f 1305//1148 1284//1127 1287//1130
f 1294//1137 1442//1279 1291//1134
f 1291//1134 1187//1035 1316//1158
f 1284//1127 1249//1095 1228//1074
f 1270//1114 1263//1108 1260//1105
f 1294//1137 1291//1134 1316//1158
f 1287//1130 1228//1074 1187//1035
f 1270//1114 1257//1103 1273//1117
f 1277//1120 1249//1095 1280//1123
f 1273//1117 1253//1099 1277//1120
f 1187//1035 1319//1161 1318//1160
f 1260//1105 1263//1108 1323//1165
f 1253//1099 1320//1162 1249//1095
f 1228//1074 1320//1162 1319//1161
f 1257//1103 1321//1163 1253//1099
f 1316//1158 1318//1160 1325//1167
f 1294//1137 1316//1158 1325//1167
f 1260//1105 1322//1164 1257//1103
f 1321//1163 1329//82 1320//1162
f 1294//1137 1325//1167 1334//1175
f 1319//1161 1329//82 1328//1170
f 1322//1164 1330//1171 1321//1163
f 1318//1160 1328//1170 1327//1169
f 1323//1165 1331//1172 1322//1164
f 1325//1167 1327//1169 1334//1175
f 1323//1165 1263//1108 1332//1173
f 1327//1169 1343//1183 1334//1175
f 1329//82 1337//1178 1328//1170
f 1330//1171 1340//1181 1339//1180
f 1332//1173 1263//1108 1341//1182
f 1294//1137 1334//1175 1343//1183
f 1328//1170 1336//1177 1327//1169
f 1329//82 1339//1180 1338//1179
f 1331//1172 1341//1182 1340//1181
f 1338//1179 1346//1186 1337//1178
f 1339//1180 1349//1189 1348//1188
f 1341//1182 1263//1108 1350//1190
f 1294//1137 1343//1183 1352//1192
f 1337//1178 1345//1185 1336//1177
f 1338//1179 1348//1188 1347//1187
f 1340//1181 1350//1190 1349//1189
f 1336//1177 1352//1192 1343//1183
f 1294//1137 1352//1192 1361//1201
f 1346//1186 1354//1194 1345//1185
f 1347//1187 1357//1197 1356//1196
f 1349//1189 1359//1199 1358//1198
f 1345//1185 1361//1201 1352//1192
f 1347//1187 1355//1195 1346//1186
f 1348//1188 1358//1198 1357//1197
f 1350//1190 1263//1108 1359//1199
f 1356//1196 1366//1206 1365//1205
f 1358//1198 1368//1208 1367//1207
f 1354//1194 1370//1210 1361//1201
f 1356//1196 1364//1204 1355//1195
f 1357//1197 1367//1207 1366//1206
f 1359//1199 1263//1108 1368//1208
f 1294//1137 1361//1201 1370//1210
f 1355//1195 1363//1203 1354//1194
f 1370//1210 1372//1212 1379//1219
f 1364//1204 1374//1214 1373//1213
f 1367//1207 1375//1215 1366//1206
f 1368//1208 1263//1108 1377//1217
f 1294//1137 1370//1210 1379//1219
f 1363//1203 1373//1213 1372//1212
f 1366//1206 1374//1214 1365//1205
f 1368//1208 1376//1216 1367//1207
f 1376//1216 1384//1224 1375//1215
f 1377//1217 1263//1108 1386//1226
f 1294//1137 1379//1219 1388//1228
f 1372//1212 1382//1222 1381//1221
f 1375//1215 1383//1223 1374//1214
f 1377//1217 1385//1225 1376//1216
f 1379//1219 1381//1221 1388//1228
f 1373//1213 1383//1223 1382//1222
f 1294//1137 1388//1228 1397//1237
f 1381//1221 1391//1231 1390//1230
f 1384//1224 1392//1232 1383//1223
f 1386//1226 1394//1234 1385//1225
f 1388//1228 1390//1230 1397//1237
f 1382//1222 1392//1232 1391//1231
f 1385//1225 1393//1233 1384//1224
f 1386//1226 1263//1108 1395//1235
f 1395//1235 1403//1242 1394//1234
f 1397//1237 1399//1239 1406//1245
f 1391//1231 1401//237 1400//1240
f 1394//1234 1402//1241 1393//1233
f 1395//1235 1263//1108 1404//1243
f 1294//1137 1397//1237 1406//1245
f 1390//1230 1400//1240 1399//1239
f 1393//1233 1401//237 1392//1232
f 1399//1239 1415//1254 1406//1245
f 1401//237 1409//1248 1400//1240
f 1402//1241 1412//1251 1411//1250
f 1404//1243 1263//1108 1413//1252
f 1294//1137 1406//1245 1415//1254
f 1400//1240 1408//1247 1399//1239
f 1401//237 1411//1250 1410//1249
f 1403//1242 1413//1252 1412//1251
f 1413//1252 1263//1108 1422//1261
f 1294//1137 1415//1254 1424//1263
f 1409//1248 1417//1256 1408//1247
f 1410//1249 1420//1259 1419//1258
f 1412//1251 1422//1261 1421//1260
f 1408//1247 1424//1263 1415//1254
f 1410//1249 1418//1257 1409//1248
f 1411//1250 1421//1260 1420//1259
f 1418//1257 1426//1265 1417//1256
f 1419//1258 1429//1268 1428//1267
f 1421//1260 1431//1270 1430//1269
f 1417//1256 1433//1272 1424//1263
f 1419//1258 1427//1266 1418//1257
f 1420//1259 1430//1269 1429//1268
f 1422//1261 1263//1108 1431//1270
f 1294//1137 1424//1263 1433//1272
f 1426//1265 1442//1279 1433//1272
f 1428//1267 1308//1151 1427//1266
f 1429//1268 1439//1276 1311//1154
f 1431//1270 1263//1108 1314//1156
f 1294//1137 1433//1272 1442//1279
f 1427//1266 1305//1148 1426//1265
f 1428//1267 1311//1154 1309//1152
f 1430//1269 1314//1156 1439//1276
f 1772//1542 1723//1 1730//1527
f 1767//666 1744//1531 1766//1540
f 1765//1539 1751//1534 1900//1663
f 1897//1660 1730//1527 1731//1528
f 1769//1541 1731//1528 1737//1529
f 1767//666 1737//1529 1738//1530
f 1766//1540 1745//1532 1765//1539
f 1752//13 1900//1663 1751//1534
f 1745//1532 1774//1544 1751//1534
f 1731//1528 1718//1523 1690//1499
f 1738//1530 1669//1481 1663//1475
f 1752//13 1751//1534 1774//1544
f 1744//1531 1607//1431 1745//1532
f 1738//1530 1636//1454 1744//1531
f 1730//1527 1723//1 1718//1523
f 1737//1529 1690//1499 1669//1481
f 1718//1523 1723//1 1781//1551
f 1690//1499 1781//1551 1780//1550
f 1607//1431 1783//1553 1774//1544
f 1663//1475 1777//1547 1636//1454
f 1636//1454 1776//1546 1607//1431
f 1669//1481 1780//1550 1779//1549
f 1663//1475 1779//1549 1778//1548
f 1752//13 1774//1544 1783//1553
f 1776//1546 1792//1561 1783//1553
f 1778//1548 1788//1557 1787//440
f 1780//1550 1790//1559 1789//1558
f 1779//1549 1789//1558 1788//1557
f 1781//1551 1723//1 1790//1559
f 1752//13 1783//1553 1792//1561
f 1777//1547 1785//1555 1776//1546
f 1778//1548 1786//1556 1777//1547
f 1792//1561 1794//1563 1801//1569
f 1786//1556 1796//1565 1795//1564
f 1789//1558 1797//1566 1788//1557
f 1790//1559 1723//1 1799//1568
f 1752//13 1792//1561 1801//1569
f 1785//1555 1795//1564 1794//1563
f 1788//1557 1796//1565 1787//440
f 1790//1559 1798//1567 1789//1558
f 1795//1564 1805//1573 1804//1572
f 1798//1567 1806//1574 1797//1566
f 1799//1568 1723//1 1808//1576
f 1752//13 1801//1569 1810//1578
f 1794//1563 1804//1572 1803//1571
f 1797//1566 1805//1573 1796//1565
f 1799//1568 1807//1575 1798//1567
f 1801//1569 1803//1571 1810//1578
f 1752//13 1810//1578 1819//1587
f 1803//1571 1813//1581 1812//1580
f 1806//1574 1814//1582 1805//1573
f 1808//1576 1816//1584 1807//1575
f 1810//1578 1812//1580 1819//1587
f 1804//1572 1814//1582 1813//1581
f 1807//1575 1815//1583 1806//1574
f 1808//1576 1723//1 1817//1585
f 1815//1583 1823//514 1814//1582
f 1817//1585 1825//1592 1816//1584
f 1819//1587 1821//1589 1828//1595
f 1813//1581 1823//514 1822//1590
f 1816//1584 1824//1591 1815//1583
f 1817//1585 1723//1 1826//1593
f 1752//13 1819//1587 1828//1595
f 1812//1580 1822//1590 1821//1589
f 1821//1589 1837//1603 1828//1595
f 1823//514 1831//1598 1822//1590
f 1824//1591 1834//1601 1833//1600
f 1826//1593 1723//1 1835//1602
f 1752//13 1828//1595 1837//1603
f 1822//1590 1830//1597 1821//1589
f 1823//514 1833//1600 1832//1599
f 1825//1592 1835//1602 1834//1601
f 1833//1600 1843//1609 1842//1608
f 1835//1602 1723//1 1844//1610
f 1752//13 1837//1603 1846//1612
f 1831//1598 1839//1605 1830//1597
f 1832//1599 1842//1608 1841//1607
f 1834//1601 1844//1610 1843//1609
f 1830//1597 1846//1612 1837//1603
f 1832//1599 1840//1606 1831//1598
f 1752//13 1846//1612 1855//1621
f 1840//1606 1848//1614 1839//1605
f 1841//1607 1851//1617 1850//1616
f 1843//1609 1853//1619 1852//1618
f 1839//1605 1855//1621 1846//1612
f 1841//1607 1849//1615 1840//1606
f 1842//1608 1852//1618 1851//1617
f 1844//1610 1723//1 1853//1619
f 1852//1618 1862//1627 1861//1626
f 1848//1614 1864//1628 1855//1621
f 1850//1616 1858//1624 1849//1615
f 1851//1617 1861//1626 1860//1625
f 1853//1619 1723//1 1862//1627
f 1752//13 1855//1621 1864//1628
f 1849//1615 1857//1623 1848//1614
f 1850//1616 1860//1625 1859//590
f 1864//1628 1866//1630 1873//1637
f 1858//1624 1868//1632 1867//1631
f 1861//1626 1869//1633 1860//1625
f 1862//1627 1723//1 1871//1635
f 1752//13 1864//1628 1873//1637
f 1857//1623 1867//1631 1866//1630
f 1860//1625 1868//1632 1859//590
f 1862//1627 1870//1634 1861//1626
f 1871//1635 1723//1 1880//1644
f 1752//13 1873//1637 1882//1646
f 1866//1630 1876//1640 1875//1639
f 1869//1633 1877//1641 1868//1632
f 1871//1635 1879//1643 1870//1634
f 1873//1637 1875//1639 1882//1646
f 1867//1631 1877//1641 1876//1640
f 1870//1634 1878//1642 1869//1633
f 1875//1639 1885//1649 1884//1648
f 1878//1642 1886//1650 1877//1641
f 1880//1644 1888//1652 1879//1643
f 1882//1646 1884//1648 1891//1655
f 1876//1640 1886//1650 1885//1649
f 1879//1643 1887//1651 1878//1642
f 1880//1644 1723//1 1889//1653
f 1752//13 1882//1646 1891//1655
f 1891//1655 1765//1539 1900//1663
f 1885//1649 1767//666 1766//1540
f 1888//1652 1769//1541 1887//1651
f 1889//1653 1723//1 1772//1542
f 1752//13 1891//1655 1900//1663
f 1884//1648 1766//1540 1765//1539
f 1887//1651 1767//666 1886//1650
f 1889//1653 1897//1660 1888//1652
f 1970//1137 2118//1279 1967//1134
f 1990//1156 1939//1108 1946//1114
f 1990//1156 1949//1117 2115//1276
f 2115//1276 1953//1120 1987//1154
f 1984//1151 1956//1123 1960//1127
f 2118//1279 1963//1130 1967//1134
f 1987//1154 1956//1123 1985//1152
f 1981//1148 1960//1127 1963//1130
f 1949//1117 1929//1099 1953//1120
f 1967//1134 1863//1035 1992//1158
f 1960//1127 1925//1095 1904//1074
f 1946//1114 1939//1108 1936//1105
f 1970//1137 1967//1134 1992//1158
f 1963//1130 1904//1074 1863//1035
f 1946//1114 1933//1103 1949//1117
f 1953//1120 1925//1095 1956//1123
f 1936//1105 1998//1164 1933//1103
f 1933//1103 1997//1163 1929//1099
f 1863//1035 1995//1161 1994//1160
f 1970//1137 1992//1158 2001//1167
f 1936//1105 1939//1108 1999//1165
f 1904//1074 1996//1162 1995//1161
f 1992//1158 1994//1160 2001//1167
f 1929//1099 1996//1162 1925//1095
f 1995//1161 2005//82 2004//1170
f 2001//1167 2003//1169 2010//1175
f 1998//1164 2006//1171 1997//1163
f 1999//1165 2007//1172 1998//1164
f 1997//1163 2005//82 1996//1162
f 1970//1137 2001//1167 2010//1175
f 1994//1160 2004//1170 2003//1169
f 1999//1165 1939//1108 2008//1173
f 2007//1172 2017//1182 2016//1181
f 2003//1169 2019//1183 2010//1175
f 2005//82 2013//1178 2004//1170
f 2006//1171 2016//1181 2015//1180
f 2008//1173 1939//1108 2017//1182
f 1970//1137 2010//1175 2019//1183
f 2004//1170 2012//1177 2003//1169
f 2005//82 2015//1180 2014//1179
f 2012//1177 2028//1192 2019//1183
f 2014//1179 2022//1186 2013//1178
f 2015//1180 2025//1189 2024//1188
f 2017//1182 1939//1108 2026//1190
f 1970//1137 2019//1183 2028//1192
f 2013//1178 2021//1185 2012//1177
f 2014//1179 2024//1188 2023//1187
f 2016//1181 2026//1190 2025//1189
f 2026//1190 1939//1108 2035//1199
f 1970//1137 2028//1192 2037//1201
f 2022//1186 2030//1194 2021//1185
f 2023//1187 2033//1197 2032//1196
f 2025//1189 2035//1199 2034//1198
f 2021//1185 2037//1201 2028//1192
f 2023//1187 2031//1195 2022//1186
f 2024//1188 2034//1198 2033//1197
f 2031//1195 2039//1203 2030//1194
f 2032//1196 2042//1206 2041//1205
f 2034//1198 2044//1208 2043//1207
f 2030//1194 2046//1210 2037//1201
f 2032//1196 2040//1204 2031//1195
f 2033//1197 2043//1207 2042//1206
f 2035//1199 1939//1108 2044//1208
f 1970//1137 2037//1201 2046//1210
f 2046//1210 2048//1212 2055//1219
f 2040//1204 2050//1214 2049//1213
f 2043//1207 2051//1215 2042//1206
f 2044//1208 1939//1108 2053//1217
f 1970//1137 2046//1210 2055//1219
f 2039//1203 2049//1213 2048//1212
f 2042//1206 2050//1214 2041//1205
f 2044//1208 2052//1216 2043//1207
f 2049//1213 2059//1223 2058//1222
f 2052//1216 2060//1224 2051//1215
f 2053//1217 1939//1108 2062//1226
f 1970//1137 2055//1219 2064//1228
f 2048//1212 2058//1222 2057//1221
f 2051//1215 2059//1223 2050//1214
f 2053//1217 2061//1225 2052//1216
f 2055//1219 2057//1221 2064//1228
f 1970//1137 2064//1228 2073//1237
f 2057//1221 2067//1231 2066//1230
f 2060//1224 2068//1232 2059//1223
f 2062//1226 2070//1234 2061//1225
f 2064//1228 2066//1230 2073//1237
f 2058//1222 2068//1232 2067//1231
f 2061//1225 2069//1233 2060//1224
f 2062//1226 1939//1108 2071//1235
f 2069//1233 2077//237 2068//1232
f 2071//1235 2079//1242 2070//1234
f 2073//1237 2075//1239 2082//1245
f 2067//1231 2077//237 2076//1240
f 2070//1234 2078//1241 2069//1233
f 2071//1235 1939//1108 2080//1243
f 1970//1137 2073//1237 2082//1245
f 2066//1230 2076//1240 2075//1239
f 2075//1239 2091//1254 2082//1245
f 2077//237 2085//1248 2076//1240
f 2078//1241 2088//1251 2087//1250
f 2080//1243 1939//1108 2089//1252
f 1970//1137 2082//1245 2091//1254
f 2076//1240 2084//1247 2075//1239
f 2077//237 2087//1250 2086//1249
f 2079//1242 2089//1252 2088//1251
f 2087//1250 2097//1260 2096//1259
f 2089//1252 1939//1108 2098//1261
f 1970//1137 2091//1254 2100//1263
f 2085//1248 2093//1256 2084//1247
f 2086//1249 2096//1259 2095//1258
f 2088//1251 2098//1261 2097//1260
f 2084//1247 2100//1263 2091//1254
f 2086//1249 2094//1257 2085//1248
f 1970//1137 2100//1263 2109//1272
f 2094//1257 2102//1265 2093//1256
f 2095//1258 2105//1268 2104//1267
f 2097//1260 2107//1270 2106//1269
f 2093//1256 2109//1272 2100//1263
f 2095//1258 2103//1266 2094//1257
f 2096//1259 2106//1269 2105//1268
f 2098//1261 1939//1108 2107//1270
f 2106//1269 1990//1156 2115//1276
f 2102//1265 2118//1279 2109//1272
f 2104//1267 1984//1151 2103//1266
f 2105//1268 2115//1276 1987//1154
f 2107//1270 1939//1108 1990//1156
f 1970//1137 2109//1272 2118//1279
f 2103//1266 1981//1148 2102//1265
f 2104//1267 1987//1154 1985//1152
f 2635//1951 2676//1991 2677//1992
f 2633//1949 2674//1989 2676//1991
f 2631//1947 2673//1988 2674//1989
f 2673//1988 2603//1922 2671//1986
f 2671//1986 2576//1898 2670//1985
f 2670//1985 2570//1893 2667//1982
f 2667//1982 2543//1869 2663//1978
f 2663//1978 2499//1831 2660//1975
f 2499//1831 2656//1971 2660//1975
f 2678//1993 2653//1968 2656//1971
f 2679//1994 2649//1964 2653//1968
f 2649//1964 2681//1996 2646//1961
f 2646//1961 2682//1997 2642//1957
f 2642//1957 2683//1998 2639//1954
f 2639//1954 2684//1999 2637//1952
f 2637//1952 2635//1951 2677//1992
f 2685//2000 2633//1949 2635//1951
f 2686//2001 2631//1947 2633//1949
f 2687//2002 2606//1925 2631//1947
f 2688//2003 2603//1922 2606//1925
f 2603//1922 2690//2005 2576//1898
f 2576//1898 2691//2006 2570//1893
f 2570//1893 2692//2007 2543//1869
f 2543//1869 2693//2008 2499//1831
f 2499//1831 2694//2009 2678//1993
f 2678//1993 2695//2010 2679//1994
f 2679//1994 2696//2011 2680//1995
f 2680//1995 2697//2012 2681//1996
f 2697//2012 2682//1997 2681//1996
f 2698//2013 2683//1998 2682//1997
f 2699//2014 2684//1999 2683//1998
f 2700//2015 2635//1951 2684//1999
f 2701//2016 2686//2001 2685//2000
f 2702//2017 2687//2002 2686//2001
f 2703//2018 2688//2003 2687//2002
f 2704//2019 2689//2004 2688//2003
f 2689//2004 2706//2021 2690//2005
f 2690//2005 2707//2022 2691//2006
f 2691//2006 2708//2023 2692//2007
f 2692//2007 2709//2024 2693//2008
f 2693//2008 2710//2025 2694//2009
f 2694//2009 2711//2026 2695//2010
f 2695//2010 2712//2027 2696//2011
f 2696//2011 2713//2028 2697//2012
f 2713//2028 2698//2013 2697//2012
f 2714//2029 2699//2014 2698//2013
f 2715//2030 2700//2015 2699//2014
f 2716//2031 2685//2000 2700//2015
f 2717//2032 2702//2017 2701//2016
f 2718//2033 2703//2018 2702//2017
f 2719//2034 2704//2019 2703//2018
f 2720//2035 2705//2020 2704//2019
f 2705//2020 2722//2037 2706//2021
f 2706//2021 2723//2038 2707//2022
f 2707//2022 2724//2039 2708//2023
f 2708//2023 2725//2040 2709//2024
f 2709//2024 2726//2041 2710//2025
f 2710//2025 2727//2042 2711//2026
f 2711//2026 2728//2043 2712//2027
f 2712//2027 2729//2044 2713//2028
f 2729//2044 2714//2029 2713//2028
f 2730//2045 2715//2030 2714//2029
f 2731//2046 2716//2031 2715//2030
f 2732//2047 2701//2016 2716//2031
f 2733//2048 2718//2033 2717//2032
f 2734//2049 2719//2034 2718//2033
f 2735//2050 2720//2035 2719//2034
f 2736//2051 2721//2036 2720//2035
f 2721//2036 2738//2053 2722//2037
f 2722//2037 2739//2054 2723//2038
f 2723//2038 2740//2055 2724//2039
f 2724//2039 2741//2056 2725//2040
f 2725//2040 2742//2057 2726//2041
f 2726//2041 2743//2058 2727//2042
f 2727//2042 2744//2059 2728//2043
f 2728//2043 2745//2060 2729//2044
f 2745//2060 2730//2045 2729//2044
f 2746//2061 2731//2046 2730//2045
f 2747//2062 2732//2047 2731//2046
f 2748//2063 2717//2032 2732//2047
f 2749//2064 2734//2049 2733//2048
f 2750//2065 2735//2050 2734//2049
f 2751//2066 2736//2051 2735//2050
f 2752//2067 2737//2052 2736//2051
f 2737//2052 2754//2069 2738//2053
f 2738//2053 2755//2070 2739//2054
f 2739//2054 2756//2071 2740//2055
f 2740//2055 2757//2072 2741//2056
f 2741//2056 2758//2073 2742//2057
f 2742//2057 2759//2074 2743//2058
f 2743//2058 2760//2075 2744//2059
f 2744//2059 2761//2076 2745//2060
f 2761//2076 2746//2061 2745//2060
f 2762//2077 2747//2062 2746//2061
f 2763//2078 2748//2063 2747//2062
f 2764//2079 2733//2048 2748//2063
f 2765//2080 2750//2065 2749//2064
f 2766//2081 2751//2066 2750//2065
f 2767//2082 2752//2067 2751//2066
f 2768//2083 2753//2068 2752//2067
f 2753//2068 2770//2085 2754//2069
f 2754//2069 2771//2086 2755//2070
f 2755//2070 2772//2087 2756//2071
f 2756//2071 2773//2088 2757//2072
f 2757//2072 2774//2089 2758//2073
f 2758//2073 2775//2090 2759//2074
f 2759//2074 2776//2091 2760//2075
f 2760//2075 2777//2092 2761//2076
f 2777//2092 2762//2077 2761//2076
f 2778//2093 2763//2078 2762//2077
f 2779//2094 2764//2079 2763//2078
f 2780//2095 2749//2064 2764//2079
f 2765//2080 2782//2097 2766//2081
f 2766//2081 2783//2098 2767//2082
f 2767//2082 2784//2099 2768//2083
f 2768//2083 2785//2100 2769//2084
f 2785//2100 2770//2085 2769//2084
f 2786//2101 2771//2086 2770//2085
f 2787//2102 2772//2087 2771//2086
f 2788//2103 2773//2088 2772//2087
f 2789//2104 2774//2089 2773//2088
f 2790//2105 2775//2090 2774//2089
f 2791//2106 2776//2091 2775//2090
f 2792//2107 2777//2092 2776//2091
f 2777//2092 2794//2109 2778//2093
f 2778//2093 2795//2110 2779//2094
f 2779//2094 2796//2111 2780//2095
f 2780//2095 2781//2096 2765//2080
f 2781//2096 2798//2113 2782//2097
f 2782//2097 2799//2114 2783//2098
f 2783//2098 2800//2115 2784//2099
f 2784//2099 2801//2116 2785//2100
f 2801//2116 2786//2101 2785//2100
f 2802//2117 2787//2102 2786//2101
f 2803//2118 2788//2103 2787//2102
f 2804//2119 2789//2104 2788//2103
f 2805//2120 2790//2105 2789//2104
f 2806//2121 2791//2106 2790//2105
f 2807//2122 2792//2107 2791//2106
f 2808//2123 2793//2108 2792//2107
f 2793//2108 2810//2125 2794//2109
f 2794//2109 2811//2126 2795//2110
f 2795//2110 2812//2127 2796//2111
f 2796//2111 2797//2112 2781//2096
f 2813//2128 2798//2113 2797//2112
f 2814//2129 2799//2114 2798//2113
f 2815//2130 2800//2115 2799//2114
f 2816//2131 2801//2116 2800//2115
f 2801//2116 2818//2133 2802//2117
f 2802//2117 2819//2134 2803//2118
f 2803//2118 2820//2135 2804//2119
f 2804//2119 2821//2136 2805//2120
f 2805//2120 2822//2137 2806//2121
f 2806//2121 2823//2138 2807//2122
f 2807//2122 2824//2139 2808//2123
f 2808//2123 2825//2140 2809//2124
f 2825//2140 2810//2125 2809//2124
f 2826//2141 2811//2126 2810//2125
f 2827//2142 2812//2127 2811//2126
f 2828//2143 2797//2112 2812//2127
f 2829//2144 2814//2129 2813//2128
f 2830//2145 2815//2130 2814//2129
f 2831//2146 2816//2131 2815//2130
f 2832//2147 2817//2132 2816//2131
f 2817//2132 2834//2149 2818//2133
f 2818//2133 2835//2150 2819//2134
f 2819//2134 2836//2151 2820//2135
f 2820//2135 2837//2152 2821//2136
f 2821//2136 2838//2153 2822//2137
f 2822//2137 2839//2154 2823//2138
f 2823//2138 2840//2155 2824//2139
f 2824//2139 2841//2156 2825//2140
f 2841//2156 2826//2141 2825//2140
f 2842//2157 2827//2142 2826//2141
f 2843//2158 2828//2143 2827//2142
f 2844//2159 2813//2128 2828//2143
f 2845//2160 2830//2145 2829//2144
f 2846//2161 2831//2146 2830//2145
f 2847//2162 2832//2147 2831//2146
f 2848//2163 2833//2148 2832//2147
f 2833//2148 2850//2165 2834//2149
f 2834//2149 2851//2166 2835//2150
f 2835//2150 2852//2167 2836//2151
f 2836//2151 2853//2168 2837//2152
f 2837//2152 2854//2169 2838//2153
f 2838//2153 2855//2170 2839//2154
f 2839//2154 2856//2171 2840//2155
f 2840//2155 2857//2172 2841//2156
f 2857//2172 2842//2157 2841//2156
f 2858//2173 2843//2158 2842//2157
f 2859//2174 2844//2159 2843//2158
f 2860//2175 2829//2144 2844//2159
f 2861//2176 2846//2161 2845//2160
f 2862//2177 2847//2162 2846//2161
f 2863//2178 2848//2163 2847//2162
f 2864//2179 2849//2164 2848//2163
f 2849//2164 2866//2181 2850//2165
f 2850//2165 2867//2182 2851//2166
f 2851//2166 2868//2183 2852//2167
f 2852//2167 2869//2184 2853//2168
f 2853//2168 2870//2185 2854//2169
f 2854//2169 2871//2186 2855//2170
f 2855//2170 2872//2187 2856//2171
f 2856//2171 2873//2188 2857//2172
f 2873//2188 2858//2173 2857//2172
f 2874//2189 2859//2174 2858//2173
f 2875//2190 2860//2175 2859//2174
f 2876//2191 2845//2160 2860//2175
f 2877//2192 2862//2177 2861//2176
f 2878//2193 2863//2178 2862//2177
f 2879//2194 2864//2179 2863//2178
f 2880//2195 2865//2180 2864//2179
f 2865//2180 2882//2197 2866//2181
f 2866//2181 2883//2198 2867//2182
f 2867//2182 2884//2199 2868//2183
f 2868//2183 2885//2200 2869//2184
f 2869//2184 2886//2201 2870//2185
f 2870//2185 2887//2202 2871//2186
f 2871//2186 2888//2203 2872//2187
f 2872//2187 2889//2204 2873//2188
f 2889//2204 2874//2189 2873//2188
f 2890//2205 2875//2190 2874//2189
f 2891//2206 2876//2191 2875//2190
f 2892//2207 2861//2176 2876//2191
f 2893//2208 2878//2193 2877//2192
f 2894//2209 2879//2194 2878//2193
f 2895//2210 2880//2195 2879//2194
f 2896//2211 2881//2196 2880//2195
f 2881//2196 2898//2213 2882//2197
f 2882//2197 2899//2214 2883//2198
f 2883//2198 2900//2215 2884//2199
f 2884//2199 2901//2216 2885//2200
f 2885//2200 2902//2217 2886//2201
f 2886//2201 2903//2218 2887//2202
f 2887//2202 2904//2219 2888//2203
f 2888//2203 2905//2220 2889//2204
f 2905//2220 2890//2205 2889//2204
f 2906//2221 2891//2206 2890//2205
f 2907//2222 2892//2207 2891//2206
f 2908//2223 2877//2192 2892//2207
f 2893//2208 2910//2225 2894//2209
f 2894//2209 2911//2226 2895//2210
f 2895//2210 2912//2227 2896//2211
f 2896//2211 2913//2228 2897//2212
f 2913//2228 2898//2213 2897//2212
f 2914//2229 2899//2214 2898//2213
f 2915//2230 2900//2215 2899//2214
f 2916//2231 2901//2216 2900//2215
f 2917//2232 2902//2217 2901//2216
f 2918//2233 2903//2218 2902//2217
f 2919//2234 2904//2219 2903//2218
f 2920//2235 2905//2220 2904//2219
f 2905//2220 2922//2237 2906//2221
f 2906//2221 2923//2238 2907//2222
f 2907//2222 2924//2239 2908//2223
f 2908//2223 2909//2224 2893//2208
f 2909//2224 2926//2241 2910//2225
f 2910//2225 2927//2242 2911//2226
f 2911//2226 2928//2243 2912//2227
f 2912//2227 2929//2244 2913//2228
f 2929//2244 2914//2229 2913//2228
f 2930//2245 2915//2230 2914//2229
f 2931//2246 2916//2231 2915//2230
f 2932//2247 2917//2232 2916//2231
f 2933//2248 2918//2233 2917//2232
f 2934//2249 2919//2234 2918//2233
f 2935//2250 2920//2235 2919//2234
f 2936//2251 2921//2236 2920//2235
f 2921//2236 2938//2253 2922//2237
f 2922//2237 2939//2254 2923//2238
f 2923//2238 2940//2255 2924//2239
f 2924//2239 2925//2240 2909//2224
f 2925//2240 2942//2257 2926//2241
f 2926//2241 2943//2258 2927//2242
f 2927//2242 2944//2259 2928//2243
f 2928//2243 2945//2260 2929//2244
f 2945//2260 2930//2245 2929//2244
f 2946//2261 2931//2246 2930//2245
f 2947//2262 2932//2247 2931//2246
f 2948//2263 2933//2248 2932//2247
f 2949//2264 2934//2249 2933//2248
f 2950//2265 2935//2250 2934//2249
f 2951//2266 2936//2251 2935//2250
f 2952//2267 2937//2252 2936//2251
f 2937//2252 2954//2269 2938//2253
f 2938//2253 2955//2270 2939//2254
f 2939//2254 2956//2271 2940//2255
f 2940//2255 2941//2256 2925//2240
f 2941//2256 2958//2273 2942//2257
f 2942//2257 2959//2274 2943//2258
f 2943//2258 2960//2275 2944//2259
f 2944//2259 2961//2276 2945//2260
f 2961//2276 2946//2261 2945//2260
f 2962//2277 2947//2262 2946//2261
f 2963//2278 2948//2263 2947//2262
f 2964//2279 2949//2264 2948//2263
f 2965//2280 2950//2265 2949//2264
f 2966//2281 2951//2266 2950//2265
f 2967//2282 2952//2267 2951//2266
f 2968//2283 2953//2268 2952//2267
f 2953//2268 2970//2285 2954//2269
f 2954//2269 2971//2286 2955//2270
f 2955//2270 2972//2287 2956//2271
f 2956//2271 2957//2272 2941//2256
f 2957//2272 2974//2289 2958//2273
f 2958//2273 2975//2290 2959//2274
f 2959//2274 2976//2291 2960//2275
f 2960//2275 2977//2292 2961//2276
f 2977//2292 2962//2277 2961//2276
f 2978//2293 2963//2278 2962//2277
f 2979//2294 2964//2279 2963//2278
f 2980//2295 2965//2280 2964//2279
f 2981//2296 2966//2281 2965//2280
f 2982//2297 2967//2282 2966//2281
f 2983//2298 2968//2283 2967//2282
f 2984//2299 2969//2284 2968//2283
f 2969//2284 2986//2301 2970//2285
f 2970//2285 2987//2302 2971//2286
f 2971//2286 2988//2303 2972//2287
f 2972//2287 2973//2288 2957//2272
f 2973//2288 2990//2305 2974//2289
f 2974//2289 2991//2306 2975//2290
f 2975//2290 2992//2307 2976//2291
f 2976//2291 2993//2308 2977//2292
f 2993//2308 2978//2293 2977//2292
f 2994//2309 2979//2294 2978//2293
f 2995//2310 2980//2295 2979//2294
f 2996//2311 2981//2296 2980//2295
f 2997//2312 2982//2297 2981//2296
f 2998//2313 2983//2298 2982//2297
f 2999//2314 2984//2299 2983//2298
f 3000//2315 2985//2300 2984//2299
f 2985//2300 3002//2317 2986//2301
f 2986//2301 3003//2318 2987//2302
f 2987//2302 3004//2319 2988//2303
f 2988//2303 2989//2304 2973//2288
f 2989//2304 3006//2321 2990//2305
f 3006//2321 2991//2306 2990//2305
f 3007//2322 2992//2307 2991//2306
f 3008//2323 2993//2308 2992//2307
f 2993//2308 3010//2325 2994//2309
f 2994//2309 3011//2326 2995//2310
f 2995//2310 3012//2327 2996//2311
f 3012//2327 2997//2312 2996//2311
f 3013//2328 2998//2313 2997//2312
f 3014//2329 2999//2314 2998//2313
f 3015//2330 3000//2315 2999//2314
f 3016//2331 3001//2316 3000//2315
f 3001//2316 3018//2333 3002//2317
f 3002//2317 3019//2334 3003//2318
f 3003//2318 3020//2335 3004//2319
f 3004//2319 3005//2320 2989//2304
f 3021//2336 3006//2321 3005//2320
f 3022//2337 3007//2322 3006//2321
f 3023//2338 3008//2323 3007//2322
f 3024//2339 3009//2324 3008//2323
f 3009//2324 3026//2341 3010//2325
f 3010//2325 3027//2342 3011//2326
f 3011//2326 3028//2343 3012//2327
f 3012//2327 3029//2344 3013//2328
f 3013//2328 3030//2345 3014//2329
f 3014//2329 3031//2346 3015//2330
f 3031//2346 3016//2331 3015//2330
f 3032//2347 3017//2332 3016//2331
f 3017//2332 3034//2349 3018//2333
f 3018//2333 3035//2350 3019//2334
f 3035//2350 3020//2335 3019//2334
f 3036//2351 3005//2320 3020//2335
f 3037//2352 3022//2337 3021//2336
f 3038//2353 3023//2338 3022//2337
f 3039//2354 3024//2339 3023//2338
f 3040//2355 3025//2340 3024//2339
f 3025//2340 3042//2357 3026//2341
f 3026//2341 3043//2358 3027//2342
f 3027//2342 3044//2359 3028//2343
f 3028//2343 3045//2360 3029//2344
f 3029//2344 3046//2361 3030//2345
f 3030//2345 3047//2362 3031//2346
f 3031//2346 3048//2363 3032//2347
f 3032//2347 3049//2364 3033//2348
f 3049//2364 3034//2349 3033//2348
f 3050//2365 3035//2350 3034//2349
f 3051//2366 3036//2351 3035//2350
f 3052//2367 3021//2336 3036//2351
f 3053//2368 3038//2353 3037//2352
f 3054//2369 3039//2354 3038//2353
f 3055//2370 3040//2355 3039//2354
f 3056//2371 3041//2356 3040//2355
f 3041//2356 3058//2373 3042//2357
f 3042//2357 3059//2374 3043//2358
f 3043//2358 3060//2375 3044//2359
f 3044//2359 3061//2376 3045//2360
f 3045//2360 3062//2377 3046//2361
f 3046//2361 3063//2378 3047//2362
f 3047//2362 3064//2379 3048//2363
f 3048//2363 3065//2380 3049//2364
f 3065//2380 3050//2365 3049//2364
f 3066//2381 3051//2366 3050//2365
f 3067//2382 3052//2367 3051//2366
f 3068//2383 3037//2352 3052//2367
f 3053//2368 3070//2385 3054//2369
f 3054//2369 3071//2386 3055//2370
f 3055//2370 3072//2387 3056//2371
f 3056//2371 3073//2388 3057//2372
f 3073//2388 3058//2373 3057//2372
f 3074//2389 3059//2374 3058//2373
f 3075//2390 3060//2375 3059//2374
f 3076//2391 3061//2376 3060//2375
f 3077//2392 3062//2377 3061//2376
f 3078//2393 3063//2378 3062//2377
f 3079//2394 3064//2379 3063//2378
f 3080//2395 3065//2380 3064//2379
f 3065//2380 3082//2397 3066//2381
f 3066//2381 3083//2398 3067//2382
f 3067//2382 3084//2399 3068//2383
f 3068//2383 3069//2384 3053//2368
f 3069//2384 3086//2401 3070//2385
f 3070//2385 3087//2402 3071//2386
f 3071//2386 3088//2403 3072//2387
f 3072//2387 3089//2404 3073//2388
f 3089//2404 3074//2389 3073//2388
f 3090//2405 3075//2390 3074//2389
f 3091//2406 3076//2391 3075//2390
f 3092//2407 3077//2392 3076//2391
f 3093//2408 3078//2393 3077//2392
f 3094//2409 3079//2394 3078//2393
f 3095//2410 3080//2395 3079//2394
f 3096//2411 3081//2396 3080//2395
f 3081//2396 3098//2413 3082//2397
f 3082//2397 3099//2414 3083//2398
f 3083//2398 3100//2415 3084//2399
f 3084//2399 3085//2400 3069//2384
f 3085//2400 3102//2417 3086//2401
f 3086//2401 3103//2418 3087//2402
f 3087//2402 3104//2419 3088//2403
f 3088//2403 3105//2420 3089//2404
f 3105//2420 3090//2405 3089//2404
f 3106//2421 3091//2406 3090//2405
f 3107//2422 3092//2407 3091//2406
f 3108//2423 3093//2408 3092//2407
f 3109//2424 3094//2409 3093//2408
f 3110//2425 3095//2410 3094//2409
f 3111//2426 3096//2411 3095//2410
f 3112//2427 3097//2412 3096//2411
f 3097//2412 3114//2429 3098//2413
f 3098//2413 3115//2430 3099//2414
f 3099//2414 3116//2431 3100//2415
f 3100//2415 3101//2416 3085//2400
f 3101//2416 3118//2433 3102//2417
f 3102//2417 3119//2434 3103//2418
f 3103//2418 3120//2435 3104//2419
f 3104//2419 3121//2436 3105//2420
f 3121//2436 3106//2421 3105//2420
f 3122//2437 3107//2422 3106//2421
f 3123//2438 3108//2423 3107//2422
f 3124//2439 3109//2424 3108//2423
f 3125//2440 3110//2425 3109//2424
f 3126//2441 3111//2426 3110//2425
f 3127//2442 3112//2427 3111//2426
f 3128//2443 3113//2428 3112//2427
f 3113//2428 3130//2445 3114//2429
f 3114//2429 3131//2446 3115//2430
f 3115//2430 3132//2447 3116//2431
f 3116//2431 3117//2432 3101//2416
f 3117//2432 3134//2449 3118//2433
f 3118//2433 3135//2450 3119//2434
f 3119//2434 3136//2451 3120//2435
f 3120//2435 3137//2452 3121//2436
f 3137//2452 3122//2437 3121//2436
f 3138//2453 3123//2438 3122//2437
f 3139//2454 3124//2439 3123//2438
f 3140//2455 3125//2440 3124//2439
f 3141//2456 3126//2441 3125//2440
f 3142//2457 3127//2442 3126//2441
f 3143//2458 3128//2443 3127//2442
f 3144//2459 3129//2444 3128//2443
f 3129//2444 3146//2461 3130//2445
f 3130//2445 3147//2462 3131//2446
f 3131//2446 3148//2463 3132//2447
f 3132//2447 3133//2448 3117//2432
f 3133//2448 3150//2465 3134//2449
f 3134//2449 3151//2466 3135//2450
f 3135//2450 3152//2467 3136//2451
f 3136//2451 3153//2468 3137//2452
f 3153//2468 3138//2453 3137//2452
f 3154//2469 3139//2454 3138//2453
f 3155//2470 3140//2455 3139//2454
f 3156//2471 3141//2456 3140//2455
f 3157//2472 3142//2457 3141//2456
f 3158//2473 3143//2458 3142//2457
f 3159//2474 3144//2459 3143//2458
f 3160//2475 3145//2460 3144//2459
f 3145//2460 3162//2477 3146//2461
f 3146//2461 3163//2478 3147//2462
f 3147//2462 3164//2479 3148//2463
f 3148//2463 3149//2464 3133//2448
f 3165//2480 3150//2465 3149//2464
f 3166//2481 3151//2466 3150//2465
f 3167//2482 3152//2467 3151//2466
f 3168//2483 3153//2468 3152//2467
f 3153//2468 3170//2485 3154//2469
f 3154//2469 3171//2486 3155//2470
f 3155//2470 3172//2487 3156//2471
f 3156//2471 3173//2488 3157//2472
f 3157//2472 3174//2489 3158//2473
f 3158//2473 3175//2490 3159//2474
f 3159//2474 3176//2491 3160//2475
f 3160//2475 3177//2492 3161//2476
f 3177//2492 3162//2477 3161//2476
f 3178//2493 3163//2478 3162//2477
f 3179//2494 3164//2479 3163//2478
f 3180//2495 3149//2464 3164//2479
f 3181//2496 3166//2481 3165//2480
f 3182//2497 3167//2482 3166//2481
f 3183//2498 3168//2483 3167//2482
f 3184//2499 3169//2484 3168//2483
f 3169//2484 3186//2501 3170//2485
f 3170//2485 3187//2502 3171//2486
f 3171//2486 3188//2503 3172//2487
f 3172//2487 3189//2504 3173//2488
f 3173//2488 3190//2505 3174//2489
f 3174//2489 3191//2506 3175//2490
f 3175//2490 3192//2507 3176//2491
f 3176//2491 3193//2508 3177//2492
f 3193//2508 3178//2493 3177//2492
f 3194//2509 3179//2494 3178//2493
f 3195//2510 3180//2495 3179//2494
f 3196//2511 3165//2480 3180//2495
f 3197//2512 3182//2497 3181//2496
f 3198//2513 3183//2498 3182//2497
f 3183//2498 3200//2515 3184//2499
f 3184//2499 3201//2516 3185//2500
f 3201//2516 3186//2501 3185//2500
f 3202//2517 3187//2502 3186//2501
f 3187//2502 3204//2519 3188//2503
f 3188//2503 3205//2520 3189//2504
f 3189//2504 3206//2521 3190//2505
f 3190//2505 3207//2522 3191//2506
f 3191//2506 3208//2523 3192//2507
f 3192//2507 3209//2524 3193//2508
f 3209//2524 3194//2509 3193//2508
f 3210//2525 3195//2510 3194//2509
f 3211//2526 3196//2511 3195//2510
f 3212//2527 3181//2496 3196//2511
f 3213//2528 3198//2513 3197//2512
f 3214//2529 3199//2514 3198//2513
f 3215//2530 3200//2515 3199//2514
f 3216//2531 3201//2516 3200//2515
f 3201//2516 3218//2533 3202//2517
f 3202//2517 3219//2534 3203//2518
f 3203//2518 3220//2535 3204//2519
f 3204//2519 3221//2536 3205//2520
f 3205//2520 3222//2537 3206//2521
f 3206//2521 3223//2538 3207//2522
f 3207//2522 3224//2539 3208//2523
f 3208//2523 3225//2540 3209//2524
f 3225//2540 3210//2525 3209//2524
f 3226//2541 3211//2526 3210//2525
f 3227//2542 3212//2527 3211//2526
f 3228//2543 3197//2512 3212//2527
f 3229//2544 3214//2529 3213//2528
f 3230//2545 3215//2530 3214//2529
f 3231//2546 3216//2531 3215//2530
f 3232//2547 3217//2532 3216//2531
f 3217//2532 3234//2549 3218//2533
f 3218//2533 3235//2550 3219//2534
f 3219//2534 3236//2551 3220//2535
f 3220//2535 3237//2552 3221//2536
f 3221//2536 3238//2553 3222//2537
f 3222//2537 3239//2554 3223//2538
f 3223//2538 3240//2555 3224//2539
f 3224//2539 3241//2556 3225//2540
f 3241//2556 3226//2541 3225//2540
f 3242//2557 3227//2542 3226//2541
f 3243//2558 3228//2543 3227//2542
f 3244//2559 3213//2528 3228//2543
f 3245//2560 3230//2545 3229//2544
f 3246//2561 3231//2546 3230//2545
f 3247//2562 3232//2547 3231//2546
f 3248//2563 3233//2548 3232//2547
f 3233//2548 3250//2565 3234//2549
f 3234//2549 3251//2566 3235//2550
f 3235//2550 3252//2567 3236//2551
f 3236//2551 3253//2568 3237//2552
f 3237//2552 3254//2569 3238//2553
f 3238//2553 3255//2570 3239//2554
f 3239//2554 3256//2571 3240//2555
f 3240//2555 3257//2572 3241//2556
f 3257//2572 3242//2557 3241//2556
f 3258//2573 3243//2558 3242//2557
f 3259//2574 3244//2559 3243//2558
f 3260//2575 3229//2544 3244//2559
f 3261//2576 3246//2561 3245//2560
f 3262//2577 3247//2562 3246//2561
f 3263//2578 3248//2563 3247//2562
f 3264//2579 3249//2564 3248//2563
f 3249//2564 3266//2581 3250//2565
f 3250//2565 3267//2582 3251//2566
f 3251//2566 3268//2583 3252//2567
f 3252//2567 3269//2584 3253//2568
f 3253//2568 3270//2585 3254//2569
f 3254//2569 3271//2586 3255//2570
f 3255//2570 3272//2587 3256//2571
f 3256//2571 3273//2588 3257//2572
f 3273//2588 3258//2573 3257//2572
f 3274//2589 3259//2574 3258//2573
f 3275//2590 3260//2575 3259//2574
f 3276//2591 3245//2560 3260//2575
f 3261//2576 3278//2593 3262//2577
f 3262//2577 3279//2594 3263//2578
f 3263//2578 3280//2595 3264//2579
f 3264//2579 3281//2596 3265//2580
f 3281//2596 3266//2581 3265//2580
f 3282//2597 3267//2582 3266//2581
f 3283//2598 3268//2583 3267//2582
f 3284//2599 3269//2584 3268//2583
f 3285//2600 3270//2585 3269//2584
f 3286//2601 3271//2586 3270//2585
f 3287//2602 3272//2587 3271//2586
f 3288//2603 3273//2588 3272//2587
f 3273//2588 3290//2605 3274//2589
f 3274//2589 3291//2606 3275//2590
f 3275//2590 3292//2607 3276//2591
f 3276//2591 3277//2592 3261//2576
f 2663//1978 2649//1964 2637//1952
f 3290//2605 3286//2601 3282//2597
f 3367//2654 3305//2615 3298//2610
f 3365//2652 3303//1938 3296//7
f 3294//2608 3293//1 3301//2612
f 3299//13 3298//2610 3305//2615
f 3296//7 3304//2614 3367//2654
f 3365//2652 3301//2612 3302//2613
f 3304//2614 3312//2620 3305//2615
f 3302//2613 3310//1909 3303//1938
f 3301//2612 3293//1 3308//2617
f 3299//13 3305//2615 3312//2620
f 3304//2614 3310//1909 3311//2619
f 3302//2613 3308//2617 3309//2618
f 3309//2618 3317//1882 3310//1909
f 3308//2617 3293//1 3315//2622
f 3299//13 3312//2620 3319//2611
f 3310//1909 3318//2609 3311//2619
f 3308//2617 3316//2623 3309//2618
f 3311//2619 3319//2611 3312//2620
f 3315//2622 3293//1 3322//2624
f 3299//13 3319//2611 3326//2627
f 3317//1882 3325//2626 3318//2609
f 3316//2623 3322//2624 3323//2625
f 3318//2609 3326//2627 3319//2611
f 3317//1882 3323//2625 3324//1854
f 3299//13 3326//2627 3333//2631
f 3324//1854 3332//2630 3325//2626
f 3323//2625 3329//2628 3330//2629
f 3325//2626 3333//2631 3326//2627
f 3323//2625 3331//159 3324//1854
f 3322//2624 3293//1 3329//2628
f 3299//13 3333//2631 3340//2636
f 3331//159 3339//2635 3332//2630
f 3329//2628 3337//2634 3330//2629
f 3332//2630 3340//2636 3333//2631
f 3330//2629 3338//1958 3331//159
f 3329//2628 3293//1 3336//2633
f 3299//13 3340//2636 3347//2640
f 3338//1958 3346//2639 3339//2635
f 3337//2634 3343//2637 3344//2638
f 3339//2635 3347//2640 3340//2636
f 3337//2634 3345//1965 3338//1958
f 3336//2633 3293//1 3343//2637
f 3345//1965 3353//2643 3346//2639
f 3344//2638 3350//2641 3351//2642
f 3346//2639 3354//2644 3347//2640
f 3344//2638 3352//1972 3345//1965
f 3343//2637 3293//1 3350//2641
f 3299//13 3347//2640 3354//2644
f 3350//2641 3358//2648 3351//2642
f 3353//2643 3361//2650 3354//2644
f 3351//2642 3359//1979 3352//1972
f 3350//2641 3293//1 3357//2647
f 3299//13 3354//2644 3361//2650
f 3353//2643 3359//1979 3360//2649
f 3360//2649 3298//2610 3361//2650
f 3358//2648 3296//7 3359//1979
f 3357//2647 3293//1 3294//2608
f 3299//13 3361//2650 3298//2610
f 3359//1979 3367//2654 3360//2649
f 3357//2647 3365//2652 3358//2648
f 3364//7 3348//2614 3416//2654
f 3362//2610 3348//2614 3349//2615
f 3419//2652 3335//2612 3341//2613
f 3306//13 3362//2610 3349//2615
f 3368//2608 3328//1 3335//2612
f 3419//2652 3342//1938 3364//7
f 3306//13 3349//2615 3313//2620
f 3342//1938 3314//2621 3348//2614
f 3335//2612 3321//2618 3341//2613
f 3349//2615 3314//2621 3313//2620
f 3342//1938 3321//2618 3320//1909
f 3335//2612 3328//1 3327//2617
f 3327//2617 3328//1 3371//2622
f 3314//2621 3300//2611 3313//2620
f 3327//2617 3370//2656 3321//2618
f 3306//13 3313//2620 3300//2611
f 3320//1909 3297//2609 3314//2621
f 3321//2618 3295//1882 3320//1909
f 3306//13 3300//2611 3375//2627
f 3371//2622 3377//2625 3370//2656
f 3297//2609 3375//2627 3300//2611
f 3371//2622 3328//1 3378//2624
f 3370//2656 3373//1854 3295//1882
f 3295//1882 3374//2626 3297//2609
f 3373//1854 3381//2630 3374//2626
f 3378//2624 3328//1 3385//2628
f 3375//2627 3381//2630 3382//2631
f 3377//2625 3385//2628 3384//2629
f 3377//2625 3380//159 3373//1854
f 3306//13 3375//2627 3382//2631
f 3385//2628 3328//1 3392//2633
f 3384//2629 3387//1958 3380//159
f 3381//2630 3389//2636 3382//2631
f 3385//2628 3391//2634 3384//2629
f 3381//2630 3387//1958 3388//2635
f 3306//13 3382//2631 3389//2636
f 3392//2633 3328//1 3399//2637
f 3391//2634 3394//1965 3387//1958
f 3388//2635 3396//2640 3389//2636
f 3392//2633 3398//2638 3391//2634
f 3388//2635 3394//1965 3395//2664
f 3306//13 3389//2636 3396//2640
f 3398//2638 3401//1972 3394//1965
f 3395//2664 3403//2644 3396//2640
f 3399//2637 3405//2642 3398//2638
f 3395//2664 3401//1972 3402//2643
f 3306//13 3396//2640 3403//2644
f 3399//2637 3328//1 3406//2641
f 3402//2643 3410//2650 3403//2644
f 3405//2642 3413//2647 3412//2648
f 3401//1972 3409//2649 3402//2643
f 3306//13 3403//2644 3410//2650
f 3406//2641 3328//1 3413//2647
f 3405//2642 3408//1979 3401//1972
f 3412//2648 3368//2608 3419//2652
f 3408//1979 3416//2654 3409//2649
f 3306//13 3410//2650 3362//2610
f 3413//2647 3328//1 3368//2608
f 3412//2648 3364//7 3408//1979
f 3409//2649 3362//2610 3410//2650
f 323//317 10//10 23//23
f 8//8 7//7 20//20
f 316//312 17//17 18//18
f 12//12 323//317 24//24
f 9//9 8//8 21//21
f 5//5 18//18 19//19
f 2//2 15//15 16//16
f 10//10 9//9 22//22
f 6//6 19//19 20//20
f 315//311 16//16 17//17
f 18//18 31//29 32//30
f 15//15 28//26 29//27
f 23//23 22//22 35//33
f 19//19 32//30 33//31
f 16//16 29//27 30//28
f 24//24 23//23 36//34
f 21//21 20//20 33//31
f 17//17 30//28 31//29
f 25//25 24//24 37//35
f 22//22 21//21 34//32
f 34//32 33//31 46//44
f 30//28 43//41 44//42
f 38//36 37//35 50//48
f 35//33 34//32 47//45
f 31//29 44//42 45//43
f 28//26 41//39 42//40
f 36//34 35//33 48//46
f 32//30 45//43 46//44
f 29//27 42//40 43//41
f 37//35 36//34 49//47
f 45//43 58//56 59//57
f 42//40 55//53 56//54
f 50//48 49//47 62//60
f 47//45 46//44 59//57
f 43//41 56//54 57//55
f 51//49 50//48 63//61
f 48//46 47//45 60//58
f 44//42 57//55 58//56
f 41//39 54//52 55//53
f 49//47 48//46 61//59
f 61//59 60//58 73//71
f 57//55 70//68 71//69
f 54//52 67//65 68//66
f 62//60 61//59 74//72
f 58//56 71//69 72//70
f 55//53 68//66 69//67
f 63//61 62//60 75//73
f 60//58 59//57 72//70
f 56//54 69//67 70//68
f 64//62 63//61 76//74
f 73//71 72//70 85//82
f 69//67 82//79 83//80
f 77//75 76//74 89//86
f 74//72 73//71 86//83
f 70//68 83//80 84//81
f 67//65 80//77 81//78
f 75//73 74//72 87//84
f 71//69 84//81 85//82
f 68//66 81//78 82//79
f 76//74 75//73 88//85
f 87//84 100//97 101//98
f 85//82 84//81 97//94
f 82//79 81//78 94//91
f 88//85 101//98 102//99
f 85//82 98//95 99//96
f 83//80 82//79 95//92
f 89//86 102//99 103//100
f 86//83 99//96 100//97
f 84//81 83//80 96//93
f 81//78 80//77 93//90
f 99//96 112//109 113//110
f 97//94 96//93 109//106
f 94//91 93//90 106//103
f 100//97 113//110 114//111
f 98//95 97//94 110//107
f 95//92 94//91 107//104
f 101//98 114//111 115//112
f 98//95 111//108 112//109
f 96//93 95//92 108//105
f 102//99 115//112 116//113
f 114//111 127//123 128//124
f 111//108 124//120 125//121
f 109//106 108//105 121//117
f 115//112 128//124 129//125
f 112//109 125//121 126//122
f 110//107 109//106 122//118
f 107//104 106//103 119//115
f 113//110 126//122 127//123
f 111//108 110//107 123//119
f 108//105 107//104 120//116
f 120//116 119//115 132//128
f 126//122 139//135 140//136
f 124//120 123//119 136//132
f 121//117 120//116 133//129
f 127//123 140//136 141//137
f 124//120 137//133 138//134
f 122//118 121//117 134//130
f 128//124 141//137 142//138
f 125//121 138//134 139//135
f 123//119 122//118 135//131
f 141//137 154//150 155//151
f 138//134 151//147 152//148
f 136//132 135//131 148//144
f 133//129 132//128 145//141
f 139//135 152//148 153//149
f 137//133 136//132 149//145
f 134//130 133//129 146//142
f 140//136 153//149 154//150
f 137//133 150//146 151//147
f 135//131 134//130 147//143
f 147//143 146//142 159//155
f 153//149 166//162 167//163
f 150//146 163//159 164//160
f 148//144 147//143 160//156
f 154//150 167//163 168//164
f 151//147 164//160 165//161
f 149//145 148//144 161//157
f 146//142 145//141 158//154
f 152//148 165//161 166//162
f 150//146 149//145 162//158
f 158//154 171//167 172//168
f 166//162 165//161 178//174
f 162//158 175//171 176//172
f 159//155 172//168 173//169
f 167//163 166//162 179//175
f 164//160 163//159 176//172
f 160//156 173//169 174//170
f 168//164 167//163 180//176
f 165//161 164//160 177//173
f 161//157 174//170 175//171
f 173//169 186//182 187//183
f 181//177 180//176 193//189
f 178//174 177//173 190//186
f 174//170 187//183 188//184
f 171//167 184//180 185//181
f 179//175 178//174 191//187
f 175//171 188//184 189//185
f 172//168 185//181 186//182
f 180//176 179//175 192//188
f 177//173 176//172 189//185
f 185//181 198//194 199//195
f 193//189 192//188 205//201
f 190//186 189//185 202//198
f 186//182 199//195 200//196
f 194//190 193//189 206//202
f 191//187 190//186 203//199
f 187//183 200//196 201//197
f 184//180 197//193 198//194
f 192//188 191//187 204//200
f 188//184 201//197 202//198
f 200//196 213//209 214//210
f 197//193 210//206 211//207
f 205//201 204//200 217//213
f 201//197 214//210 215//211
f 198//194 211//207 212//208
f 206//202 205//201 218//214
f 203//199 202//198 215//211
f 199//195 212//208 213//209
f 207//203 206//202 219//215
f 204//200 203//199 216//212
f 212//208 225//221 226//222
f 220//216 219//215 232//228
f 217//213 216//212 229//225
f 213//209 226//222 227//223
f 210//206 223//219 224//220
f 218//214 217//213 230//226
f 214//210 227//223 228//224
f 211//207 224//220 225//221
f 219//215 218//214 231//227
f 216//212 215//211 228//224
f 227//223 240//236 241//237
f 224//220 237//233 238//234
f 232//228 231//227 244//240
f 229//225 228//224 241//237
f 225//221 238//234 239//235
f 233//229 232//228 245//241
f 230//226 229//225 242//238
f 226//222 239//235 240//236
f 223//219 236//232 237//233
f 231//227 230//226 243//239
f 240//236 239//235 252//248
f 237//233 236//232 249//245
f 243//239 256//252 257//253
f 241//237 240//236 253//249
f 238//234 237//233 250//246
f 244//240 257//253 258//254
f 241//237 254//250 255//251
f 239//235 238//234 251//247
f 245//241 258//254 259//255
f 242//238 255//251 256//252
f 254//250 267//263 268//264
f 252//248 251//247 264//260
f 258//254 271//267 272//268
f 255//251 268//264 269//265
f 253//249 252//248 265//261
f 250//246 249//245 262//258
f 256//252 269//265 270//266
f 254//250 253//249 266//262
f 251//247 250//246 263//259
f 257//253 270//266 271//267
f 267//263 266//262 279//275
f 264//260 263//259 276//272
f 270//266 283//279 284//280
f 267//263 280//276 281//277
f 265//261 264//260 277//273
f 271//267 284//280 285//281
f 268//264 281//277 282//278
f 266//262 265//261 278//274
f 263//259 262//258 275//271
f 269//265 282//278 283//279
f 281//277 294//290 295//291
f 279//275 278//274 291//287
f 276//272 275//271 288//284
f 282//278 295//291 296//292
f 280//276 279//275 292//288
f 277//273 276//272 289//285
f 283//279 296//292 297//293
f 280//276 293//289 294//290
f 278//274 277//273 290//286
f 284//280 297//293 298//294
f 293//289 306//302 307//303
f 291//287 290//286 303//299
f 297//293 310//306 311//307
f 294//290 307//303 308//304
f 292//288 291//287 304//300
f 289//285 288//284 301//297
f 295//291 308//304 309//305
f 293//289 292//288 305//301
f 290//286 289//285 302//298
f 296//292 309//305 310//306
f 308//304 9//9 10//10
f 306//302 305//301 6//6
f 303//299 302//298 315//311
f 309//305 10//10 323//317
f 306//302 7//7 8//8
f 304//300 303//299 316//312
f 310//306 323//317 12//12
f 307//303 8//8 9//9
f 305//301 304//300 5//5
f 302//298 301//297 2//2
f 695//674 365//358 370//363
f 700//679 343//336 347//340
f 702//681 703//682 329//323
f 406//7 347//340 352//345
f 696//675 361//354 365//358
f 703//682 415//404 325//319
f 697//676 356//349 361//354
f 700//679 701//680 338//332
f 701//680 702//681 334//328
f 401//391 352//345 356//349
f 361//354 144//140 143//139
f 343//336 261//257 260//256
f 325//319 318//314 317//313
f 370//363 365//358 143//139
f 329//323 317//313 314//310
f 347//340 260//256 208//204
f 352//345 208//204 196//192
f 334//328 314//310 313//309
f 356//349 196//192 144//140
f 338//332 313//309 261//257
f 318//314 431//420 430//419
f 196//192 424//413 423//412
f 260//256 261//257 427//416
f 261//257 313//309 428//417
f 91//88 143//139 422//411
f 260//256 426//415 425//414
f 313//309 314//310 429//418
f 208//204 425//414 424//413
f 317//313 430//419 429//418
f 144//140 423//412 422//411
f 425//414 438//426 437//425
f 424//413 437//425 436//424
f 430//419 443//431 442//430
f 423//412 436//424 435//423
f 431//420 444//432 443//431
f 426//415 439//427 438//426
f 427//416 440//428 439//427
f 429//418 442//430 441//429
f 422//411 435//423 434//422
f 428//417 441//429 440//428
f 440//428 441//429 454//442
f 444//432 457//445 456//444
f 437//425 450//438 449//437
f 439//427 440//428 453//441
f 443//431 456//444 455//443
f 435//423 436//424 449//437
f 439//427 452//440 451//439
f 441//429 442//430 455//443
f 434//422 435//423 448//436
f 438//426 451//439 450//438
f 452//440 465//82 464//452
f 454//442 455//443 468//455
f 448//436 461//449 460//448
f 450//438 451//439 464//452
f 454//442 467//454 466//453
f 457//445 470//457 469//456
f 450//438 463//451 462//450
f 453//441 466//453 465//82
f 456//444 469//456 468//455
f 449//437 462//450 461//449
f 466//453 479//465 478//464
f 469//456 482//468 481//467
f 461//449 462//450 475//461
f 465//82 478//464 477//463
f 467//454 468//455 481//467
f 461//449 474//460 473//459
f 464//452 477//463 476//462
f 466//453 467//454 480//466
f 469//456 470//457 483//469
f 462//450 463//451 476//462
f 476//462 477//463 490//476
f 480//466 493//479 492//478
f 483//469 496//482 495//481
f 476//462 489//475 488//474
f 479//465 492//478 491//477
f 482//468 495//481 494//480
f 475//461 488//474 487//473
f 478//464 491//477 490//476
f 480//466 481//467 494//480
f 474//460 487//473 486//472
f 491//477 504//316 503//488
f 493//479 494//480 507//491
f 487//473 500//485 499//484
f 490//476 503//488 502//487
f 493//479 506//490 505//489
f 495//481 496//482 509//493
f 489//475 502//487 501//486
f 492//478 505//489 504//316
f 495//481 508//492 507//491
f 488//474 501//486 500//485
f 502//487 515//499 514//498
f 504//316 505//489 518//502
f 507//491 508//492 521//505
f 500//485 501//486 514//498
f 504//316 517//501 516//500
f 507//491 520//504 519//503
f 500//485 513//497 512//496
f 503//488 516//500 515//499
f 506//490 519//503 518//502
f 509//493 522//506 521//505
f 516//500 529//513 528//512
f 519//503 532//516 531//515
f 522//506 535//519 534//518
f 515//499 528//512 527//511
f 518//502 531//515 530//514
f 521//505 534//518 533//517
f 513//497 514//498 527//511
f 517//501 530//514 529//513
f 519//503 520//504 533//517
f 513//497 526//510 525//509
f 526//510 527//511 540//524
f 530//514 543//159 542//526
f 532//516 533//517 546//529
f 526//510 539//523 538//522
f 529//513 542//526 541//525
f 532//516 545//528 544//527
f 535//519 548//531 547//530
f 528//512 541//525 540//524
f 531//515 544//527 543//159
f 534//518 547//530 546//529
f 548//531 561//544 560//543
f 541//525 554//537 553//536
f 544//527 557//540 556//539
f 547//530 560//543 559//542
f 539//523 540//524 553//536
f 543//159 556//539 555//538
f 545//528 546//529 559//542
f 539//523 552//535 551//534
f 541//525 542//526 555//538
f 545//528 558//541 557//540
f 552//535 565//548 564//547
f 554//537 555//538 568//551
f 558//541 571//554 570//553
f 561//544 574//557 573//556
f 554//537 567//550 566//549
f 557//540 570//553 569//552
f 560//543 573//556 572//555
f 552//535 553//536 566//549
f 556//539 569//552 568//551
f 559//542 572//555 571//554
f 573//556 586//569 585//568
f 565//548 566//549 579//562
f 569//552 582//565 581//564
f 571//554 572//555 585//568
f 565//548 578//561 577//560
f 568//551 581//564 580//563
f 571//554 584//567 583//566
f 573//556 574//557 587//570
f 567//550 580//563 579//562
f 569//552 570//553 583//566
f 586//569 587//570 600//582
f 580//563 593//575 592//574
f 582//565 583//566 596//578
f 586//569 599//581 598//580
f 578//561 579//562 592//574
f 582//565 595//577 594//576
f 585//568 598//580 597//579
f 578//561 591//573 590//572
f 580//563 581//564 594//576
f 584//567 597//579 596//578
f 597//579 598//580 611//593
f 591//573 604//586 603//585
f 593//575 594//576 607//589
f 597//579 610//592 609//591
f 600//582 613//595 612//594
f 593//575 606//588 605//587
f 595//577 596//578 609//591
f 599//581 612//594 611//593
f 591//573 592//574 605//587
f 595//577 608//590 607//589
f 612//594 625//606 624//605
f 604//586 605//587 618//600
f 608//590 621//237 620//602
f 610//592 611//593 624//605
f 604//586 617//599 616//598
f 607//589 620//602 619//601
f 610//592 623//604 622//603
f 613//595 626//607 625//606
f 605//587 606//588 619//601
f 608//590 609//591 622//603
f 623//604 636//617 635//616
f 625//606 626//607 639//620
f 619//601 632//613 631//612
f 621//237 622//603 635//616
f 625//606 638//619 637//618
f 617//599 618//600 631//612
f 621//237 634//615 633//614
f 623//604 624//605 637//618
f 617//599 630//611 629//610
f 619//601 620//602 633//614
f 636//617 637//618 650//631
f 630//611 643//624 642//623
f 632//613 633//614 646//627
f 636//617 649//630 648//629
f 639//620 652//633 651//632
f 632//613 645//626 644//625
f 634//615 635//616 648//629
f 638//619 651//632 650//631
f 630//611 631//612 644//625
f 634//615 647//628 646//627
f 647//628 648//629 661//642
f 651//632 664//645 663//644
f 644//625 657//638 656//637
f 647//628 660//641 659//640
f 649//630 650//631 663//644
f 643//624 656//637 655//636
f 645//626 646//627 659//640
f 649//630 662//643 661//642
f 652//633 665//646 664//645
f 645//626 658//639 657//638
f 662//643 675//656 674//655
f 665//646 678//659 677//658
f 658//639 671//652 670//651
f 660//641 661//642 674//655
f 664//645 677//658 676//657
f 656//637 657//638 670//651
f 660//641 673//654 672//653
f 663//644 676//657 675//656
f 656//637 669//650 668//649
f 658//639 659//640 672//653
f 673//654 686//666 685//665
f 675//656 676//657 689//669
f 669//650 682//662 681//661
f 671//652 672//653 685//665
f 675//656 688//668 687//667
f 677//658 678//659 691//671
f 671//652 684//664 683//663
f 673//654 674//655 687//667
f 676//657 677//658 690//670
f 670//651 683//663 682//662
f 686//666 687//667 700//679
f 690//670 703//682 702//681
f 682//662 683//663 696//675
f 686//666 406//7 401//391
f 688//668 689//669 702//681
f 682//662 695//674 383//375
f 684//664 685//665 401//391
f 688//668 701//680 700//679
f 690//670 691//671 415//404
f 683//663 684//664 697//676
f 1093//947 1221//1068 1055//912
f 1091//340 1062//918 1066//922
f 1087//942 1069//925 1073//929
f 1221//1068 1096//949 1052//909
f 1091//340 1093//947 1059//915
f 1090//945 1066//922 1069//925
f 1062//918 1031//898 1010//892
f 1066//922 1010//892 987//886
f 1055//912 1052//909 1042//902
f 1062//918 1059//915 1035//899
f 1059//915 1055//912 1039//901
f 1069//925 987//886 1098//951
f 987//886 1100//953 1107//960
f 1031//898 1035//899 1103//956
f 1031//898 1102//955 1101//954
f 1035//899 1039//901 1104//957
f 1039//901 1042//902 1105//958
f 1010//892 1101//954 1100//953
f 1102//955 1111//464 1110//963
f 1104//957 1105//958 1114//966
f 1103//956 1104//957 1113//965
f 1101//954 1110//963 1109//962
f 1102//955 1103//956 1112//964
f 1100//953 1109//962 1116//968
f 1116//968 1109//962 1118//970
f 1110//963 1111//464 1120//972
f 1113//965 1122//974 1121//973
f 1109//962 1110//963 1119//971
f 1112//964 1121//973 1120//972
f 1114//966 1123//975 1122//974
f 1122//974 1131//982 1130//981
f 1118//970 1119//971 1128//979
f 1121//973 1130//981 1129//980
f 1123//975 1132//983 1131//982
f 1125//976 1118//970 1127//978
f 1119//971 1120//972 1129//980
f 1127//978 1128//979 1137//988
f 1130//981 1139//990 1138//989
f 1132//983 1141//992 1140//991
f 1134//985 1127//978 1136//987
f 1128//979 1129//980 1138//989
f 1131//982 1140//991 1139//990
f 1141//992 1150//1000 1149//999
f 1143//994 1136//987 1145//996
f 1137//988 1138//989 1147//539
f 1140//991 1149//999 1148//998
f 1136//987 1137//988 1146//997
f 1139//990 1148//998 1147//539
f 1145//996 1154//1004 1161//1010
f 1147//539 1156//1006 1155//1005
f 1148//998 1149//999 1158//1008
f 1146//997 1155//1005 1154//1004
f 1147//539 1148//998 1157//1007
f 1149//999 1150//1000 1159//1009
f 1155//1005 1164//1013 1163//1012
f 1156//1006 1157//1007 1166//1015
f 1158//1008 1159//1009 1168//1017
f 1154//1004 1163//1012 1170//1019
f 1156//1006 1165//1014 1164//1013
f 1157//1007 1158//1008 1167//1016
f 1164//1013 1173//1022 1172//1021
f 1165//1014 1166//1015 1175//1024
f 1167//1016 1168//1017 1177//1026
f 1163//1012 1172//1021 1179//1028
f 1165//1014 1174//1023 1173//1022
f 1166//1015 1167//1016 1176//1025
f 1172//1021 1181//1030 1188//1036
f 1174//1023 1183//615 1182//1031
f 1175//1024 1176//1025 1185//1033
f 1173//1022 1182//1031 1181//1030
f 1174//1023 1175//1024 1184//1032
f 1176//1025 1177//1026 1186//1034
f 1182//1031 1183//615 1192//1040
f 1185//1033 1194//1042 1193//1041
f 1181//1030 1182//1031 1191//1039
f 1184//1032 1193//1041 1192//1040
f 1186//1034 1195//1043 1194//1042
f 1188//1036 1181//1030 1190//1038
f 1190//1038 1191//1039 1200//1048
f 1193//1041 1202//1050 1201//1049
f 1195//1043 1204//1052 1203//1051
f 1197//1045 1190//1038 1199//1047
f 1191//1039 1192//1040 1201//1049
f 1194//1042 1203//1051 1202//1050
f 1202//1050 1211//1059 1210//1058
f 1204//1052 1213//1061 1212//1060
f 1206//1054 1199//1047 1208//1056
f 1200//1048 1201//1049 1210//1058
f 1203//1051 1212//1060 1211//1059
f 1199//1047 1200//1048 1209//1057
f 1215//1063 1208//1056 1087//942
f 1209//1057 1210//1058 1091//340
f 1212//1060 1221//1068 1093//947
f 1208//1056 1209//1057 1090//945
f 1211//1059 1093//947 1091//340
f 1213//1061 1096//949 1221//1068
f 1439//1276 1273//1117 1277//1120
f 1311//1154 1277//1120 1280//1123
f 1308//1151 1309//1152 1280//1123
f 1442//1279 1305//1148 1287//1130
f 1314//1156 1270//1114 1273//1117
f 1305//1148 1308//1151 1284//1127
f 1291//1134 1287//1130 1187//1035
f 1284//1127 1280//1123 1249//1095
f 1287//1130 1284//1127 1228//1074
f 1270//1114 1260//1105 1257//1103
f 1277//1120 1253//1099 1249//1095
f 1273//1117 1257//1103 1253//1099
f 1187//1035 1228//1074 1319//1161
f 1253//1099 1321//1163 1320//1162
f 1228//1074 1249//1095 1320//1162
f 1257//1103 1322//1164 1321//1163
f 1316//1158 1187//1035 1318//1160
f 1260//1105 1323//1165 1322//1164
f 1321//1163 1330//1171 1329//82
f 1319//1161 1320//1162 1329//82
f 1322//1164 1331//1172 1330//1171
f 1318//1160 1319//1161 1328//1170
f 1323//1165 1332//1173 1331//1172
f 1325//1167 1318//1160 1327//1169
f 1327//1169 1336//1177 1343//1183
f 1329//82 1338//1179 1337//1178
f 1330//1171 1331//1172 1340//1181
f 1328//1170 1337//1178 1336//1177
f 1329//82 1330//1171 1339//1180
f 1331//1172 1332//1173 1341//1182
f 1338//1179 1347//1187 1346//1186
f 1339//1180 1340//1181 1349//1189
f 1337//1178 1346//1186 1345//1185
f 1338//1179 1339//1180 1348//1188
f 1340//1181 1341//1182 1350//1190
f 1336//1177 1345//1185 1352//1192
f 1346//1186 1355//1195 1354//1194
f 1347//1187 1348//1188 1357//1197
f 1349//1189 1350//1190 1359//1199
f 1345//1185 1354//1194 1361//1201
f 1347//1187 1356//1196 1355//1195
f 1348//1188 1349//1189 1358//1198
f 1356//1196 1357//1197 1366//1206
f 1358//1198 1359//1199 1368//1208
f 1354//1194 1363//1203 1370//1210
f 1356//1196 1365//1205 1364//1204
f 1357//1197 1358//1198 1367//1207
f 1355//1195 1364//1204 1363//1203
f 1370//1210 1363//1203 1372//1212
f 1364//1204 1365//1205 1374//1214
f 1367//1207 1376//1216 1375//1215
f 1363//1203 1364//1204 1373//1213
f 1366//1206 1375//1215 1374//1214
f 1368//1208 1377//1217 1376//1216
f 1376//1216 1385//1225 1384//1224
f 1372//1212 1373//1213 1382//1222
f 1375//1215 1384//1224 1383//1223
f 1377//1217 1386//1226 1385//1225
f 1379//1219 1372//1212 1381//1221
f 1373//1213 1374//1214 1383//1223
f 1381//1221 1382//1222 1391//1231
f 1384//1224 1393//1233 1392//1232
f 1386//1226 1395//1235 1394//1234
f 1388//1228 1381//1221 1390//1230
f 1382//1222 1383//1223 1392//1232
f 1385//1225 1394//1234 1393//1233
f 1395//1235 1404//1243 1403//1242
f 1397//1237 1390//1230 1399//1239
f 1391//1231 1392//1232 1401//237
f 1394//1234 1403//1242 1402//1241
f 1390//1230 1391//1231 1400//1240
f 1393//1233 1402//1241 1401//237
f 1399//1239 1408//1247 1415//1254
f 1401//237 1410//1249 1409//1248
f 1402//1241 1403//1242 1412//1251
f 1400//1240 1409//1248 1408//1247
f 1401//237 1402//1241 1411//1250
f 1403//1242 1404//1243 1413//1252
f 1409//1248 1418//1257 1417//1256
f 1410//1249 1411//1250 1420//1259
f 1412//1251 1413//1252 1422//1261
f 1408//1247 1417//1256 1424//1263
f 1410//1249 1419//1258 1418//1257
f 1411//1250 1412//1251 1421//1260
f 1418//1257 1427//1266 1426//1265
f 1419//1258 1420//1259 1429//1268
f 1421//1260 1422//1261 1431//1270
f 1417//1256 1426//1265 1433//1272
f 1419//1258 1428//1267 1427//1266
f 1420//1259 1421//1260 1430//1269
f 1426//1265 1305//1148 1442//1279
f 1428//1267 1309//1152 1308//1151
f 1429//1268 1430//1269 1439//1276
f 1427//1266 1308//1151 1305//1148
f 1428//1267 1429//1268 1311//1154
f 1430//1269 1431//1270 1314//1156
f 1767//666 1738//1530 1744//1531
f 1765//1539 1745//1532 1751//1534
f 1897//1660 1772//1542 1730//1527
f 1769//1541 1897//1660 1731//1528
f 1767//666 1769//1541 1737//1529
f 1766//1540 1744//1531 1745//1532
f 1745//1532 1607//1431 1774//1544
f 1731//1528 1730//1527 1718//1523
f 1738//1530 1737//1529 1669//1481
f 1744//1531 1636//1454 1607//1431
f 1738//1530 1663//1475 1636//1454
f 1737//1529 1731//1528 1690//1499
f 1690//1499 1718//1523 1781//1551
f 1607//1431 1776//1546 1783//1553
f 1663//1475 1778//1548 1777//1547
f 1636//1454 1777//1547 1776//1546
f 1669//1481 1690//1499 1780//1550
f 1663//1475 1669//1481 1779//1549
f 1776//1546 1785//1555 1792//1561
f 1778//1548 1779//1549 1788//1557
f 1780//1550 1781//1551 1790//1559
f 1779//1549 1780//1550 1789//1558
f 1777//1547 1786//1556 1785//1555
f 1778//1548 1787//440 1786//1556
f 1792//1561 1785//1555 1794//1563
f 1786//1556 1787//440 1796//1565
f 1789//1558 1798//1567 1797//1566
f 1785//1555 1786//1556 1795//1564
f 1788//1557 1797//1566 1796//1565
f 1790//1559 1799//1568 1798//1567
f 1795//1564 1796//1565 1805//1573
f 1798//1567 1807//1575 1806//1574
f 1794//1563 1795//1564 1804//1572
f 1797//1566 1806//1574 1805//1573
f 1799//1568 1808//1576 1807//1575
f 1801//1569 1794//1563 1803//1571
f 1803//1571 1804//1572 1813//1581
f 1806//1574 1815//1583 1814//1582
f 1808//1576 1817//1585 1816//1584
f 1810//1578 1803//1571 1812//1580
f 1804//1572 1805//1573 1814//1582
f 1807//1575 1816//1584 1815//1583
f 1815//1583 1824//1591 1823//514
f 1817//1585 1826//1593 1825//1592
f 1819//1587 1812//1580 1821//1589
f 1813//1581 1814//1582 1823//514
f 1816//1584 1825//1592 1824//1591
f 1812//1580 1813//1581 1822//1590
f 1821//1589 1830//1597 1837//1603
f 1823//514 1832//1599 1831//1598
f 1824//1591 1825//1592 1834//1601
f 1822//1590 1831//1598 1830//1597
f 1823//514 1824//1591 1833//1600
f 1825//1592 1826//1593 1835//1602
f 1833//1600 1834//1601 1843//1609
f 1831//1598 1840//1606 1839//1605
f 1832//1599 1833//1600 1842//1608
f 1834//1601 1835//1602 1844//1610
f 1830//1597 1839//1605 1846//1612
f 1832//1599 1841//1607 1840//1606
f 1840//1606 1849//1615 1848//1614
f 1841//1607 1842//1608 1851//1617
f 1843//1609 1844//1610 1853//1619
f 1839//1605 1848//1614 1855//1621
f 1841//1607 1850//1616 1849//1615
f 1842//1608 1843//1609 1852//1618
f 1852//1618 1853//1619 1862//1627
f 1848//1614 1857//1623 1864//1628
f 1850//1616 1859//590 1858//1624
f 1851//1617 1852//1618 1861//1626
f 1849//1615 1858//1624 1857//1623
f 1850//1616 1851//1617 1860//1625
f 1864//1628 1857//1623 1866//1630
f 1858//1624 1859//590 1868//1632
f 1861//1626 1870//1634 1869//1633
f 1857//1623 1858//1624 1867//1631
f 1860//1625 1869//1633 1868//1632
f 1862//1627 1871//1635 1870//1634
f 1866//1630 1867//1631 1876//1640
f 1869//1633 1878//1642 1877//1641
f 1871//1635 1880//1644 1879//1643
f 1873//1637 1866//1630 1875//1639
f 1867//1631 1868//1632 1877//1641
f 1870//1634 1879//1643 1878//1642
f 1875//1639 1876//1640 1885//1649
f 1878//1642 1887//1651 1886//1650
f 1880//1644 1889//1653 1888//1652
f 1882//1646 1875//1639 1884//1648
f 1876//1640 1877//1641 1886//1650
f 1879//1643 1888//1652 1887//1651
f 1891//1655 1884//1648 1765//1539
f 1885//1649 1886//1650 1767//666
f 1888//1652 1897//1660 1769//1541
f 1884//1648 1885//1649 1766//1540
f 1887//1651 1769//1541 1767//666
f 1889//1653 1772//1542 1897//1660
f 1990//1156 1946//1114 1949//1117
f 2115//1276 1949//1117 1953//1120
f 1984//1151 1985//1152 1956//1123
f 2118//1279 1981//1148 1963//1130
f 1987//1154 1953//1120 1956//1123
f 1981//1148 1984//1151 1960//1127
f 1949//1117 1933//1103 1929//1099
f 1967//1134 1963//1130 1863//1035
f 1960//1127 1956//1123 1925//1095
f 1963//1130 1960//1127 1904//1074
f 1946//1114 1936//1105 1933//1103
f 1953//1120 1929//1099 1925//1095
f 1936//1105 1999//1165 1998//1164
f 1933//1103 1998//1164 1997//1163
f 1863//1035 1904//1074 1995//1161
f 1904//1074 1925//1095 1996//1162
f 1992//1158 1863//1035 1994//1160
f 1929//1099 1997//1163 1996//1162
f 1995//1161 1996//1162 2005//82
f 2001//1167 1994//1160 2003//1169
f 1998//1164 2007//1172 2006//1171
f 1999//1165 2008//1173 2007//1172
f 1997//1163 2006//1171 2005//82
f 1994//1160 1995//1161 2004//1170
f 2007//1172 2008//1173 2017//1182
f 2003//1169 2012//1177 2019//1183
f 2005//82 2014//1179 2013//1178
f 2006//1171 2007//1172 2016//1181
f 2004//1170 2013//1178 2012//1177
f 2005//82 2006//1171 2015//1180
f 2012//1177 2021//1185 2028//1192
f 2014//1179 2023//1187 2022//1186
f 2015//1180 2016//1181 2025//1189
f 2013//1178 2022//1186 2021//1185
f 2014//1179 2015//1180 2024//1188
f 2016//1181 2017//1182 2026//1190
f 2022//1186 2031//1195 2030//1194
f 2023//1187 2024//1188 2033//1197
f 2025//1189 2026//1190 2035//1199
f 2021//1185 2030//1194 2037//1201
f 2023//1187 2032//1196 2031//1195
f 2024//1188 2025//1189 2034//1198
f 2031//1195 2040//1204 2039//1203
f 2032//1196 2033//1197 2042//1206
f 2034//1198 2035//1199 2044//1208
f 2030//1194 2039//1203 2046//1210
f 2032//1196 2041//1205 2040//1204
f 2033//1197 2034//1198 2043//1207
f 2046//1210 2039//1203 2048//1212
f 2040//1204 2041//1205 2050//1214
f 2043//1207 2052//1216 2051//1215
f 2039//1203 2040//1204 2049//1213
f 2042//1206 2051//1215 2050//1214
f 2044//1208 2053//1217 2052//1216
f 2049//1213 2050//1214 2059//1223
f 2052//1216 2061//1225 2060//1224
f 2048//1212 2049//1213 2058//1222
f 2051//1215 2060//1224 2059//1223
f 2053//1217 2062//1226 2061//1225
f 2055//1219 2048//1212 2057//1221
f 2057//1221 2058//1222 2067//1231
f 2060//1224 2069//1233 2068//1232
f 2062//1226 2071//1235 2070//1234
f 2064//1228 2057//1221 2066//1230
f 2058//1222 2059//1223 2068//1232
f 2061//1225 2070//1234 2069//1233
f 2069//1233 2078//1241 2077//237
f 2071//1235 2080//1243 2079//1242
f 2073//1237 2066//1230 2075//1239
f 2067//1231 2068//1232 2077//237
f 2070//1234 2079//1242 2078//1241
f 2066//1230 2067//1231 2076//1240
f 2075//1239 2084//1247 2091//1254
f 2077//237 2086//1249 2085//1248
f 2078//1241 2079//1242 2088//1251
f 2076//1240 2085//1248 2084//1247
f 2077//237 2078//1241 2087//1250
f 2079//1242 2080//1243 2089//1252
f 2087//1250 2088//1251 2097//1260
f 2085//1248 2094//1257 2093//1256
f 2086//1249 2087//1250 2096//1259
f 2088//1251 2089//1252 2098//1261
f 2084//1247 2093//1256 2100//1263
f 2086//1249 2095//1258 2094//1257
f 2094//1257 2103//1266 2102//1265
f 2095//1258 2096//1259 2105//1268
f 2097//1260 2098//1261 2107//1270
f 2093//1256 2102//1265 2109//1272
f 2095//1258 2104//1267 2103//1266
f 2096//1259 2097//1260 2106//1269
f 2106//1269 2107//1270 1990//1156
f 2102//1265 1981//1148 2118//1279
f 2104//1267 1985//1152 1984//1151
f 2105//1268 2106//1269 2115//1276
f 2103//1266 1984//1151 1981//1148
f 2104//1267 2105//1268 1987//1154
f 2635//1951 2633//1949 2676//1991
f 2633//1949 2631//1947 2674//1989
f 2631//1947 2606//1925 2673//1988
f 2673//1988 2606//1925 2603//1922
f 2671//1986 2603//1922 2576//1898
f 2670//1985 2576//1898 2570//1893
f 2667//1982 2570//1893 2543//1869
f 2663//1978 2543//1869 2499//1831
f 2499//1831 2678//1993 2656//1971
f 2678//1993 2679//1994 2653//1968
f 2679//1994 2680//1995 2649//1964
f 2649//1964 2680//1995 2681//1996
f 2646//1961 2681//1996 2682//1997
f 2642//1957 2682//1997 2683//1998
f 2639//1954 2683//1998 2684//1999
f 2637//1952 2684//1999 2635//1951
f 2685//2000 2686//2001 2633//1949
f 2686//2001 2687//2002 2631//1947
f 2687//2002 2688//2003 2606//1925
f 2688//2003 2689//2004 2603//1922
f 2603//1922 2689//2004 2690//2005
f 2576//1898 2690//2005 2691//2006
f 2570//1893 2691//2006 2692//2007
f 2543//1869 2692//2007 2693//2008
f 2499//1831 2693//2008 2694//2009
f 2678//1993 2694//2009 2695//2010
f 2679//1994 2695//2010 2696//2011
f 2680//1995 2696//2011 2697//2012
f 2697//2012 2698//2013 2682//1997
f 2698//2013 2699//2014 2683//1998
f 2699//2014 2700//2015 2684//1999
f 2700//2015 2685//2000 2635//1951
f 2701//2016 2702//2017 2686//2001
f 2702//2017 2703//2018 2687//2002
f 2703//2018 2704//2019 2688//2003
f 2704//2019 2705//2020 2689//2004
f 2689//2004 2705//2020 2706//2021
f 2690//2005 2706//2021 2707//2022
f 2691//2006 2707//2022 2708//2023
f 2692//2007 2708//2023 2709//2024
f 2693//2008 2709//2024 2710//2025
f 2694//2009 2710//2025 2711//2026
f 2695//2010 2711//2026 2712//2027
f 2696//2011 2712//2027 2713//2028
f 2713//2028 2714//2029 2698//2013
f 2714//2029 2715//2030 2699//2014
f 2715//2030 2716//2031 2700//2015
f 2716//2031 2701//2016 2685//2000
f 2717//2032 2718//2033 2702//2017
f 2718//2033 2719//2034 2703//2018
f 2719//2034 2720//2035 2704//2019
f 2720//2035 2721//2036 2705//2020
f 2705//2020 2721//2036 2722//2037
f 2706//2021 2722//2037 2723//2038
f 2707//2022 2723//2038 2724//2039
f 2708//2023 2724//2039 2725//2040
f 2709//2024 2725//2040 2726//2041
f 2710//2025 2726//2041 2727//2042
f 2711//2026 2727//2042 2728//2043
f 2712//2027 2728//2043 2729//2044
f 2729//2044 2730//2045 2714//2029
f 2730//2045 2731//2046 2715//2030
f 2731//2046 2732//2047 2716//2031
f 2732//2047 2717//2032 2701//2016
f 2733//2048 2734//2049 2718//2033
f 2734//2049 2735//2050 2719//2034
f 2735//2050 2736//2051 2720//2035
f 2736//2051 2737//2052 2721//2036
f 2721//2036 2737//2052 2738//2053
f 2722//2037 2738//2053 2739//2054
f 2723//2038 2739//2054 2740//2055
f 2724//2039 2740//2055 2741//2056
f 2725//2040 2741//2056 2742//2057
f 2726//2041 2742//2057 2743//2058
f 2727//2042 2743//2058 2744//2059
f 2728//2043 2744//2059 2745//2060
f 2745//2060 2746//2061 2730//2045
f 2746//2061 2747//2062 2731//2046
f 2747//2062 2748//2063 2732//2047
f 2748//2063 2733//2048 2717//2032
f 2749//2064 2750//2065 2734//2049
f 2750//2065 2751//2066 2735//2050
f 2751//2066 2752//2067 2736//2051
f 2752//2067 2753//2068 2737//2052
f 2737//2052 2753//2068 2754//2069
f 2738//2053 2754//2069 2755//2070
f 2739//2054 2755//2070 2756//2071
f 2740//2055 2756//2071 2757//2072
f 2741//2056 2757//2072 2758//2073
f 2742//2057 2758//2073 2759//2074
f 2743//2058 2759//2074 2760//2075
f 2744//2059 2760//2075 2761//2076
f 2761//2076 2762//2077 2746//2061
f 2762//2077 2763//2078 2747//2062
f 2763//2078 2764//2079 2748//2063
f 2764//2079 2749//2064 2733//2048
f 2765//2080 2766//2081 2750//2065
f 2766//2081 2767//2082 2751//2066
f 2767//2082 2768//2083 2752//2067
f 2768//2083 2769//2084 2753//2068
f 2753//2068 2769//2084 2770//2085
f 2754//2069 2770//2085 2771//2086
f 2755//2070 2771//2086 2772//2087
f 2756//2071 2772//2087 2773//2088
f 2757//2072 2773//2088 2774//2089
f 2758//2073 2774//2089 2775//2090
f 2759//2074 2775//2090 2776//2091
f 2760//2075 2776//2091 2777//2092
f 2777//2092 2778//2093 2762//2077
f 2778//2093 2779//2094 2763//2078
f 2779//2094 2780//2095 2764//2079
f 2780//2095 2765//2080 2749//2064
f 2765//2080 2781//2096 2782//2097
f 2766//2081 2782//2097 2783//2098
f 2767//2082 2783//2098 2784//2099
f 2768//2083 2784//2099 2785//2100
f 2785//2100 2786//2101 2770//2085
f 2786//2101 2787//2102 2771//2086
f 2787//2102 2788//2103 2772//2087
f 2788//2103 2789//2104 2773//2088
f 2789//2104 2790//2105 2774//2089
f 2790//2105 2791//2106 2775//2090
f 2791//2106 2792//2107 2776//2091
f 2792//2107 2793//2108 2777//2092
f 2777//2092 2793//2108 2794//2109
f 2778//2093 2794//2109 2795//2110
f 2779//2094 2795//2110 2796//2111
f 2780//2095 2796//2111 2781//2096
f 2781//2096 2797//2112 2798//2113
f 2782//2097 2798//2113 2799//2114
f 2783//2098 2799//2114 2800//2115
f 2784//2099 2800//2115 2801//2116
f 2801//2116 2802//2117 2786//2101
f 2802//2117 2803//2118 2787//2102
f 2803//2118 2804//2119 2788//2103
f 2804//2119 2805//2120 2789//2104
f 2805//2120 2806//2121 2790//2105
f 2806//2121 2807//2122 2791//2106
f 2807//2122 2808//2123 2792//2107
f 2808//2123 2809//2124 2793//2108
f 2793//2108 2809//2124 2810//2125
f 2794//2109 2810//2125 2811//2126
f 2795//2110 2811//2126 2812//2127
f 2796//2111 2812//2127 2797//2112
f 2813//2128 2814//2129 2798//2113
f 2814//2129 2815//2130 2799//2114
f 2815//2130 2816//2131 2800//2115
f 2816//2131 2817//2132 2801//2116
f 2801//2116 2817//2132 2818//2133
f 2802//2117 2818//2133 2819//2134
f 2803//2118 2819//2134 2820//2135
f 2804//2119 2820//2135 2821//2136
f 2805//2120 2821//2136 2822//2137
f 2806//2121 2822//2137 2823//2138
f 2807//2122 2823//2138 2824//2139
f 2808//2123 2824//2139 2825//2140
f 2825//2140 2826//2141 2810//2125
f 2826//2141 2827//2142 2811//2126
f 2827//2142 2828//2143 2812//2127
f 2828//2143 2813//2128 2797//2112
f 2829//2144 2830//2145 2814//2129
f 2830//2145 2831//2146 2815//2130
f 2831//2146 2832//2147 2816//2131
f 2832//2147 2833//2148 2817//2132
f 2817//2132 2833//2148 2834//2149
f 2818//2133 2834//2149 2835//2150
f 2819//2134 2835//2150 2836//2151
f 2820//2135 2836//2151 2837//2152
f 2821//2136 2837//2152 2838//2153
f 2822//2137 2838//2153 2839//2154
f 2823//2138 2839//2154 2840//2155
f 2824//2139 2840//2155 2841//2156
f 2841//2156 2842//2157 2826//2141
f 2842//2157 2843//2158 2827//2142
f 2843//2158 2844//2159 2828//2143
f 2844//2159 2829//2144 2813//2128
f 2845//2160 2846//2161 2830//2145
f 2846//2161 2847//2162 2831//2146
f 2847//2162 2848//2163 2832//2147
f 2848//2163 2849//2164 2833//2148
f 2833//2148 2849//2164 2850//2165
f 2834//2149 2850//2165 2851//2166
f 2835//2150 2851//2166 2852//2167
f 2836//2151 2852//2167 2853//2168
f 2837//2152 2853//2168 2854//2169
f 2838//2153 2854//2169 2855//2170
f 2839//2154 2855//2170 2856//2171
f 2840//2155 2856//2171 2857//2172
f 2857//2172 2858//2173 2842//2157
f 2858//2173 2859//2174 2843//2158
f 2859//2174 2860//2175 2844//2159
f 2860//2175 2845//2160 2829//2144
f 2861//2176 2862//2177 2846//2161
f 2862//2177 2863//2178 2847//2162
f 2863//2178 2864//2179 2848//2163
f 2864//2179 2865//2180 2849//2164
f 2849//2164 2865//2180 2866//2181
f 2850//2165 2866//2181 2867//2182
f 2851//2166 2867//2182 2868//2183
f 2852//2167 2868//2183 2869//2184
f 2853//2168 2869//2184 2870//2185
f 2854//2169 2870//2185 2871//2186
f 2855//2170 2871//2186 2872//2187
f 2856//2171 2872//2187 2873//2188
f 2873//2188 2874//2189 2858//2173
f 2874//2189 2875//2190 2859//2174
f 2875//2190 2876//2191 2860//2175
f 2876//2191 2861//2176 2845//2160
f 2877//2192 2878//2193 2862//2177
f 2878//2193 2879//2194 2863//2178
f 2879//2194 2880//2195 2864//2179
f 2880//2195 2881//2196 2865//2180
f 2865//2180 2881//2196 2882//2197
f 2866//2181 2882//2197 2883//2198
f 2867//2182 2883//2198 2884//2199
f 2868//2183 2884//2199 2885//2200
f 2869//2184 2885//2200 2886//2201
f 2870//2185 2886//2201 2887//2202
f 2871//2186 2887//2202 2888//2203
f 2872//2187 2888//2203 2889//2204
f 2889//2204 2890//2205 2874//2189
f 2890//2205 2891//2206 2875//2190
f 2891//2206 2892//2207 2876//2191
f 2892//2207 2877//2192 2861//2176
f 2893//2208 2894//2209 2878//2193
f 2894//2209 2895//2210 2879//2194
f 2895//2210 2896//2211 2880//2195
f 2896//2211 2897//2212 2881//2196
f 2881//2196 2897//2212 2898//2213
f 2882//2197 2898//2213 2899//2214
f 2883//2198 2899//2214 2900//2215
f 2884//2199 2900//2215 2901//2216
f 2885//2200 2901//2216 2902//2217
f 2886//2201 2902//2217 2903//2218
f 2887//2202 2903//2218 2904//2219
f 2888//2203 2904//2219 2905//2220
f 2905//2220 2906//2221 2890//2205
f 2906//2221 2907//2222 2891//2206
f 2907//2222 2908//2223 2892//2207
f 2908//2223 2893//2208 2877//2192
f 2893//2208 2909//2224 2910//2225
f 2894//2209 2910//2225 2911//2226
f 2895//2210 2911//2226 2912//2227
f 2896//2211 2912//2227 2913//2228
f 2913//2228 2914//2229 2898//2213
f 2914//2229 2915//2230 2899//2214
f 2915//2230 2916//2231 2900//2215
f 2916//2231 2917//2232 2901//2216
f 2917//2232 2918//2233 2902//2217
f 2918//2233 2919//2234 2903//2218
f 2919//2234 2920//2235 2904//2219
f 2920//2235 2921//2236 2905//2220
f 2905//2220 2921//2236 2922//2237
f 2906//2221 2922//2237 2923//2238
f 2907//2222 2923//2238 2924//2239
f 2908//2223 2924//2239 2909//2224
f 2909//2224 2925//2240 2926//2241
f 2910//2225 2926//2241 2927//2242
f 2911//2226 2927//2242 2928//2243
f 2912//2227 2928//2243 2929//2244
f 2929//2244 2930//2245 2914//2229
f 2930//2245 2931//2246 2915//2230
f 2931//2246 2932//2247 2916//2231
f 2932//2247 2933//2248 2917//2232
f 2933//2248 2934//2249 2918//2233
f 2934//2249 2935//2250 2919//2234
f 2935//2250 2936//2251 2920//2235
f 2936//2251 2937//2252 2921//2236
f 2921//2236 2937//2252 2938//2253
f 2922//2237 2938//2253 2939//2254
f 2923//2238 2939//2254 2940//2255
f 2924//2239 2940//2255 2925//2240
f 2925//2240 2941//2256 2942//2257
f 2926//2241 2942//2257 2943//2258
f 2927//2242 2943//2258 2944//2259
f 2928//2243 2944//2259 2945//2260
f 2945//2260 2946//2261 2930//2245
f 2946//2261 2947//2262 2931//2246
f 2947//2262 2948//2263 2932//2247
f 2948//2263 2949//2264 2933//2248
f 2949//2264 2950//2265 2934//2249
f 2950//2265 2951//2266 2935//2250
f 2951//2266 2952//2267 2936//2251
f 2952//2267 2953//2268 2937//2252
f 2937//2252 2953//2268 2954//2269
f 2938//2253 2954//2269 2955//2270
f 2939//2254 2955//2270 2956//2271
f 2940//2255 2956//2271 2941//2256
f 2941//2256 2957//2272 2958//2273
f 2942//2257 2958//2273 2959//2274
f 2943//2258 2959//2274 2960//2275
f 2944//2259 2960//2275 2961//2276
f 2961//2276 2962//2277 2946//2261
f 2962//2277 2963//2278 2947//2262
f 2963//2278 2964//2279 2948//2263
f 2964//2279 2965//2280 2949//2264
f 2965//2280 2966//2281 2950//2265
f 2966//2281 2967//2282 2951//2266
f 2967//2282 2968//2283 2952//2267
f 2968//2283 2969//2284 2953//2268
f 2953//2268 2969//2284 2970//2285
f 2954//2269 2970//2285 2971//2286
f 2955//2270 2971//2286 2972//2287
f 2956//2271 2972//2287 2957//2272
f 2957//2272 2973//2288 2974//2289
f 2958//2273 2974//2289 2975//2290
f 2959//2274 2975//2290 2976//2291
f 2960//2275 2976//2291 2977//2292
f 2977//2292 2978//2293 2962//2277
f 2978//2293 2979//2294 2963//2278
f 2979//2294 2980//2295 2964//2279
f 2980//2295 2981//2296 2965//2280
f 2981//2296 2982//2297 2966//2281
f 2982//2297 2983//2298 2967//2282
f 2983//2298 2984//2299 2968//2283
f 2984//2299 2985//2300 2969//2284
f 2969//2284 2985//2300 2986//2301
f 2970//2285 2986//2301 2987//2302
f 2971//2286 2987//2302 2988//2303
f 2972//2287 2988//2303 2973//2288
f 2973//2288 2989//2304 2990//2305
f 2974//2289 2990//2305 2991//2306
f 2975//2290 2991//2306 2992//2307
f 2976//2291 2992//2307 2993//2308
f 2993//2308 2994//2309 2978//2293
f 2994//2309 2995//2310 2979//2294
f 2995//2310 2996//2311 2980//2295
f 2996//2311 2997//2312 2981//2296
f 2997//2312 2998//2313 2982//2297
f 2998//2313 2999//2314 2983//2298
f 2999//2314 3000//2315 2984//2299
f 3000//2315 3001//2316 2985//2300
f 2985//2300 3001//2316 3002//2317
f 2986//2301 3002//2317 3003//2318
f 2987//2302 3003//2318 3004//2319
f 2988//2303 3004//2319 2989//2304
f 2989//2304 3005//2320 3006//2321
f 3006//2321 3007//2322 2991//2306
f 3007//2322 3008//2323 2992//2307
f 3008//2323 3009//2324 2993//2308
f 2993//2308 3009//2324 3010//2325
f 2994//2309 3010//2325 3011//2326
f 2995//2310 3011//2326 3012//2327
f 3012//2327 3013//2328 2997//2312
f 3013//2328 3014//2329 2998//2313
f 3014//2329 3015//2330 2999//2314
f 3015//2330 3016//2331 3000//2315
f 3016//2331 3017//2332 3001//2316
f 3001//2316 3017//2332 3018//2333
f 3002//2317 3018//2333 3019//2334
f 3003//2318 3019//2334 3020//2335
f 3004//2319 3020//2335 3005//2320
f 3021//2336 3022//2337 3006//2321
f 3022//2337 3023//2338 3007//2322
f 3023//2338 3024//2339 3008//2323
f 3024//2339 3025//2340 3009//2324
f 3009//2324 3025//2340 3026//2341
f 3010//2325 3026//2341 3027//2342
f 3011//2326 3027//2342 3028//2343
f 3012//2327 3028//2343 3029//2344
f 3013//2328 3029//2344 3030//2345
f 3014//2329 3030//2345 3031//2346
f 3031//2346 3032//2347 3016//2331
f 3032//2347 3033//2348 3017//2332
f 3017//2332 3033//2348 3034//2349
f 3018//2333 3034//2349 3035//2350
f 3035//2350 3036//2351 3020//2335
f 3036//2351 3021//2336 3005//2320
f 3037//2352 3038//2353 3022//2337
f 3038//2353 3039//2354 3023//2338
f 3039//2354 3040//2355 3024//2339
f 3040//2355 3041//2356 3025//2340
f 3025//2340 3041//2356 3042//2357
f 3026//2341 3042//2357 3043//2358
f 3027//2342 3043//2358 3044//2359
f 3028//2343 3044//2359 3045//2360
f 3029//2344 3045//2360 3046//2361
f 3030//2345 3046//2361 3047//2362
f 3031//2346 3047//2362 3048//2363
f 3032//2347 3048//2363 3049//2364
f 3049//2364 3050//2365 3034//2349
f 3050//2365 3051//2366 3035//2350
f 3051//2366 3052//2367 3036//2351
f 3052//2367 3037//2352 3021//2336
f 3053//2368 3054//2369 3038//2353
f 3054//2369 3055//2370 3039//2354
f 3055//2370 3056//2371 3040//2355
f 3056//2371 3057//2372 3041//2356
f 3041//2356 3057//2372 3058//2373
f 3042//2357 3058//2373 3059//2374
f 3043//2358 3059//2374 3060//2375
f 3044//2359 3060//2375 3061//2376
f 3045//2360 3061//2376 3062//2377
f 3046//2361 3062//2377 3063//2378
f 3047//2362 3063//2378 3064//2379
f 3048//2363 3064//2379 3065//2380
f 3065//2380 3066//2381 3050//2365
f 3066//2381 3067//2382 3051//2366
f 3067//2382 3068//2383 3052//2367
f 3068//2383 3053//2368 3037//2352
f 3053//2368 3069//2384 3070//2385
f 3054//2369 3070//2385 3071//2386
f 3055//2370 3071//2386 3072//2387
f 3056//2371 3072//2387 3073//2388
f 3073//2388 3074//2389 3058//2373
f 3074//2389 3075//2390 3059//2374
f 3075//2390 3076//2391 3060//2375
f 3076//2391 3077//2392 3061//2376
f 3077//2392 3078//2393 3062//2377
f 3078//2393 3079//2394 3063//2378
f 3079//2394 3080//2395 3064//2379
f 3080//2395 3081//2396 3065//2380
f 3065//2380 3081//2396 3082//2397
f 3066//2381 3082//2397 3083//2398
f 3067//2382 3083//2398 3084//2399
f 3068//2383 3084//2399 3069//2384
f 3069//2384 3085//2400 3086//2401
f 3070//2385 3086//2401 3087//2402
f 3071//2386 3087//2402 3088//2403
f 3072//2387 3088//2403 3089//2404
f 3089//2404 3090//2405 3074//2389
f 3090//2405 3091//2406 3075//2390
f 3091//2406 3092//2407 3076//2391
f 3092//2407 3093//2408 3077//2392
f 3093//2408 3094//2409 3078//2393
f 3094//2409 3095//2410 3079//2394
f 3095//2410 3096//2411 3080//2395
f 3096//2411 3097//2412 3081//2396
f 3081//2396 3097//2412 3098//2413
f 3082//2397 3098//2413 3099//2414
f 3083//2398 3099//2414 3100//2415
f 3084//2399 3100//2415 3085//2400
f 3085//2400 3101//2416 3102//2417
f 3086//2401 3102//2417 3103//2418
f 3087//2402 3103//2418 3104//2419
f 3088//2403 3104//2419 3105//2420
f 3105//2420 3106//2421 3090//2405
f 3106//2421 3107//2422 3091//2406
f 3107//2422 3108//2423 3092//2407
f 3108//2423 3109//2424 3093//2408
f 3109//2424 3110//2425 3094//2409
f 3110//2425 3111//2426 3095//2410
f 3111//2426 3112//2427 3096//2411
f 3112//2427 3113//2428 3097//2412
f 3097//2412 3113//2428 3114//2429
f 3098//2413 3114//2429 3115//2430
f 3099//2414 3115//2430 3116//2431
f 3100//2415 3116//2431 3101//2416
f 3101//2416 3117//2432 3118//2433
f 3102//2417 3118//2433 3119//2434
f 3103//2418 3119//2434 3120//2435
f 3104//2419 3120//2435 3121//2436
f 3121//2436 3122//2437 3106//2421
f 3122//2437 3123//2438 3107//2422
f 3123//2438 3124//2439 3108//2423
f 3124//2439 3125//2440 3109//2424
f 3125//2440 3126//2441 3110//2425
f 3126//2441 3127//2442 3111//2426
f 3127//2442 3128//2443 3112//2427
f 3128//2443 3129//2444 3113//2428
f 3113//2428 3129//2444 3130//2445
f 3114//2429 3130//2445 3131//2446
f 3115//2430 3131//2446 3132//2447
f 3116//2431 3132//2447 3117//2432
f 3117//2432 3133//2448 3134//2449
f 3118//2433 3134//2449 3135//2450
f 3119//2434 3135//2450 3136//2451
f 3120//2435 3136//2451 3137//2452
f 3137//2452 3138//2453 3122//2437
f 3138//2453 3139//2454 3123//2438
f 3139//2454 3140//2455 3124//2439
f 3140//2455 3141//2456 3125//2440
f 3141//2456 3142//2457 3126//2441
f 3142//2457 3143//2458 3127//2442
f 3143//2458 3144//2459 3128//2443
f 3144//2459 3145//2460 3129//2444
f 3129//2444 3145//2460 3146//2461
f 3130//2445 3146//2461 3147//2462
f 3131//2446 3147//2462 3148//2463
f 3132//2447 3148//2463 3133//2448
f 3133//2448 3149//2464 3150//2465
f 3134//2449 3150//2465 3151//2466
f 3135//2450 3151//2466 3152//2467
f 3136//2451 3152//2467 3153//2468
f 3153//2468 3154//2469 3138//2453
f 3154//2469 3155//2470 3139//2454
f 3155//2470 3156//2471 3140//2455
f 3156//2471 3157//2472 3141//2456
f 3157//2472 3158//2473 3142//2457
f 3158//2473 3159//2474 3143//2458
f 3159//2474 3160//2475 3144//2459
f 3160//2475 3161//2476 3145//2460
f 3145//2460 3161//2476 3162//2477
f 3146//2461 3162//2477 3163//2478
f 3147//2462 3163//2478 3164//2479
f 3148//2463 3164//2479 3149//2464
f 3165//2480 3166//2481 3150//2465
f 3166//2481 3167//2482 3151//2466
f 3167//2482 3168//2483 3152//2467
f 3168//2483 3169//2484 3153//2468
f 3153//2468 3169//2484 3170//2485
f 3154//2469 3170//2485 3171//2486
f 3155//2470 3171//2486 3172//2487
f 3156//2471 3172//2487 3173//2488
f 3157//2472 3173//2488 3174//2489
f 3158//2473 3174//2489 3175//2490
f 3159//2474 3175//2490 3176//2491
f 3160//2475 3176//2491 3177//2492
f 3177//2492 3178//2493 3162//2477
f 3178//2493 3179//2494 3163//2478
f 3179//2494 3180//2495 3164//2479
f 3180//2495 3165//2480 3149//2464
f 3181//2496 3182//2497 3166//2481
f 3182//2497 3183//2498 3167//2482
f 3183//2498 3184//2499 3168//2483
f 3184//2499 3185//2500 3169//2484
f 3169//2484 3185//2500 3186//2501
f 3170//2485 3186//2501 3187//2502
f 3171//2486 3187//2502 3188//2503
f 3172//2487 3188//2503 3189//2504
f 3173//2488 3189//2504 3190//2505
f 3174//2489 3190//2505 3191//2506
f 3175//2490 3191//2506 3192//2507
f 3176//2491 3192//2507 3193//2508
f 3193//2508 3194//2509 3178//2493
f 3194//2509 3195//2510 3179//2494
f 3195//2510 3196//2511 3180//2495
f 3196//2511 3181//2496 3165//2480
f 3197//2512 3198//2513 3182//2497
f 3198//2513 3199//2514 3183//2498
f 3183//2498 3199//2514 3200//2515
f 3184//2499 3200//2515 3201//2516
f 3201//2516 3202//2517 3186//2501
f 3202//2517 3203//2518 3187//2502
f 3187//2502 3203//2518 3204//2519
f 3188//2503 3204//2519 3205//2520
f 3189//2504 3205//2520 3206//2521
f 3190//2505 3206//2521 3207//2522
f 3191//2506 3207//2522 3208//2523
f 3192//2507 3208//2523 3209//2524
f 3209//2524 3210//2525 3194//2509
f 3210//2525 3211//2526 3195//2510
f 3211//2526 3212//2527 3196//2511
f 3212//2527 3197//2512 3181//2496
f 3213//2528 3214//2529 3198//2513
f 3214//2529 3215//2530 3199//2514
f 3215//2530 3216//2531 3200//2515
f 3216//2531 3217//2532 3201//2516
f 3201//2516 3217//2532 3218//2533
f 3202//2517 3218//2533 3219//2534
f 3203//2518 3219//2534 3220//2535
f 3204//2519 3220//2535 3221//2536
f 3205//2520 3221//2536 3222//2537
f 3206//2521 3222//2537 3223//2538
f 3207//2522 3223//2538 3224//2539
f 3208//2523 3224//2539 3225//2540
f 3225//2540 3226//2541 3210//2525
f 3226//2541 3227//2542 3211//2526
f 3227//2542 3228//2543 3212//2527
f 3228//2543 3213//2528 3197//2512
f 3229//2544 3230//2545 3214//2529
f 3230//2545 3231//2546 3215//2530
f 3231//2546 3232//2547 3216//2531
f 3232//2547 3233//2548 3217//2532
f 3217//2532 3233//2548 3234//2549
f 3218//2533 3234//2549 3235//2550
f 3219//2534 3235//2550 3236//2551
f 3220//2535 3236//2551 3237//2552
f 3221//2536 3237//2552 3238//2553
f 3222//2537 3238//2553 3239//2554
f 3223//2538 3239//2554 3240//2555
f 3224//2539 3240//2555 3241//2556
f 3241//2556 3242//2557 3226//2541
f 3242//2557 3243//2558 3227//2542
f 3243//2558 3244//2559 3228//2543
f 3244//2559 3229//2544 3213//2528
f 3245//2560 3246//2561 3230//2545
f 3246//2561 3247//2562 3231//2546
f 3247//2562 3248//2563 3232//2547
f 3248//2563 3249//2564 3233//2548
f 3233//2548 3249//2564 3250//2565
f 3234//2549 3250//2565 3251//2566
f 3235//2550 3251//2566 3252//2567
f 3236//2551 3252//2567 3253//2568
f 3237//2552 3253//2568 3254//2569
f 3238//2553 3254//2569 3255//2570
f 3239//2554 3255//2570 3256//2571
f 3240//2555 3256//2571 3257//2572
f 3257//2572 3258//2573 3242//2557
f 3258//2573 3259//2574 3243//2558
f 3259//2574 3260//2575 3244//2559
f 3260//2575 3245//2560 3229//2544
f 3261//2576 3262//2577 3246//2561
f 3262//2577 3263//2578 3247//2562
f 3263//2578 3264//2579 3248//2563
f 3264//2579 3265//2580 3249//2564
f 3249//2564 3265//2580 3266//2581
f 3250//2565 3266//2581 3267//2582
f 3251//2566 3267//2582 3268//2583
f 3252//2567 3268//2583 3269//2584
f 3253//2568 3269//2584 3270//2585
f 3254//2569 3270//2585 3271//2586
f 3255//2570 3271//2586 3272//2587
f 3256//2571 3272//2587 3273//2588
f 3273//2588 3274//2589 3258//2573
f 3274//2589 3275//2590 3259//2574
f 3275//2590 3276//2591 3260//2575
f 3276//2591 3261//2576 3245//2560
f 3261//2576 3277//2592 3278//2593
f 3262//2577 3278//2593 3279//2594
f 3263//2578 3279//2594 3280//2595
f 3264//2579 3280//2595 3281//2596
f 3281//2596 3282//2597 3266//2581
f 3282//2597 3283//2598 3267//2582
f 3283//2598 3284//2599 3268//2583
f 3284//2599 3285//2600 3269//2584
f 3285//2600 3286//2601 3270//2585
f 3286//2601 3287//2602 3271//2586
f 3287//2602 3288//2603 3272//2587
f 3288//2603 3289//2604 3273//2588
f 3273//2588 3289//2604 3290//2605
f 3274//2589 3290//2605 3291//2606
f 3275//2590 3291//2606 3292//2607
f 3276//2591 3292//2607 3277//2592
f 2637//1952 2677//1992 2676//1991
f 2676//1991 2674//1989 2673//1988
f 2673//1988 2671//1986 2663//1978
f 2671//1986 2670//1985 2663//1978
f 2670//1985 2667//1982 2663//1978
f 2663//1978 2660//1975 2656//1971
f 2656//1971 2653//1968 2649//1964
f 2649//1964 2646//1961 2642//1957
f 2642//1957 2639//1954 2637//1952
f 2637//1952 2676//1991 2663//1978
f 2676//1991 2673//1988 2663//1978
f 2663//1978 2656//1971 2649//1964
f 2649//1964 2642//1957 2637//1952
f 3278//2593 3277//2592 3292//2607
f 3292//2607 3291//2606 3290//2605
f 3290//2605 3289//2604 3288//2603
f 3288//2603 3287//2602 3286//2601
f 3286//2601 3285//2600 3284//2599
f 3284//2599 3283//2598 3282//2597
f 3282//2597 3281//2596 3280//2595
f 3280//2595 3279//2594 3278//2593
f 3278//2593 3292//2607 3290//2605
f 3290//2605 3288//2603 3286//2601
f 3286//2601 3284//2599 3282//2597
f 3282//2597 3280//2595 3278//2593
f 3278//2593 3290//2605 3282//2597
f 3367//2654 3304//2614 3305//2615
f 3365//2652 3302//2613 3303//1938
f 3296//7 3303//1938 3304//2614
f 3365//2652 3294//2608 3301//2612
f 3304//2614 3311//2619 3312//2620
f 3302//2613 3309//2618 3310//1909
f 3304//2614 3303//1938 3310//1909
f 3302//2613 3301//2612 3308//2617
f 3309//2618 3316//2623 3317//1882
f 3310//1909 3317//1882 3318//2609
f 3308//2617 3315//2622 3316//2623
f 3311//2619 3318//2609 3319//2611
f 3317//1882 3324//1854 3325//2626
f 3316//2623 3315//2622 3322//2624
f 3318//2609 3325//2626 3326//2627
f 3317//1882 3316//2623 3323//2625
f 3324//1854 3331//159 3332//2630
f 3323//2625 3322//2624 3329//2628
f 3325//2626 3332//2630 3333//2631
f 3323//2625 3330//2629 3331//159
f 3331//159 3338//1958 3339//2635
f 3329//2628 3336//2633 3337//2634
f 3332//2630 3339//2635 3340//2636
f 3330//2629 3337//2634 3338//1958
f 3338//1958 3345//1965 3346//2639
f 3337//2634 3336//2633 3343//2637
f 3339//2635 3346//2639 3347//2640
f 3337//2634 3344//2638 3345//1965
f 3345//1965 3352//1972 3353//2643
f 3344//2638 3343//2637 3350//2641
f 3346//2639 3353//2643 3354//2644
f 3344//2638 3351//2642 3352//1972
f 3350//2641 3357//2647 3358//2648
f 3353//2643 3360//2649 3361//2650
f 3351//2642 3358//2648 3359//1979
f 3353//2643 3352//1972 3359//1979
f 3360//2649 3367//2654 3298//2610
f 3358//2648 3365//2652 3296//7
f 3359//1979 3296//7 3367//2654
f 3357//2647 3294//2608 3365//2652
f 3364//7 3342//1938 3348//2614
f 3362//2610 3416//2654 3348//2614
f 3419//2652 3368//2608 3335//2612
f 3419//2652 3341//2613 3342//1938
f 3342//1938 3320//1909 3314//2621
f 3335//2612 3327//2617 3321//2618
f 3349//2615 3348//2614 3314//2621
f 3342//1938 3341//2613 3321//2618
f 3314//2621 3297//2609 3300//2611
f 3327//2617 3371//2622 3370//2656
f 3320//1909 3295//1882 3297//2609
f 3321//2618 3370//2656 3295//1882
f 3371//2622 3378//2624 3377//2625
f 3297//2609 3374//2626 3375//2627
f 3370//2656 3377//2625 3373//1854
f 3295//1882 3373//1854 3374//2626
f 3373//1854 3380//159 3381//2630
f 3375//2627 3374//2626 3381//2630
f 3377//2625 3378//2624 3385//2628
f 3377//2625 3384//2629 3380//159
f 3384//2629 3391//2634 3387//1958
f 3381//2630 3388//2635 3389//2636
f 3385//2628 3392//2633 3391//2634
f 3381//2630 3380//159 3387//1958
f 3391//2634 3398//2638 3394//1965
f 3388//2635 3395//2664 3396//2640
f 3392//2633 3399//2637 3398//2638
f 3388//2635 3387//1958 3394//1965
f 3398//2638 3405//2642 3401//1972
f 3395//2664 3402//2643 3403//2644
f 3399//2637 3406//2641 3405//2642
f 3395//2664 3394//1965 3401//1972
f 3402//2643 3409//2649 3410//2650
f 3405//2642 3406//2641 3413//2647
f 3401//1972 3408//1979 3409//2649
f 3405//2642 3412//2648 3408//1979
f 3412//2648 3413//2647 3368//2608
f 3408//1979 3364//7 3416//2654
f 3412//2648 3419//2652 3364//7
f 3409//2649 3416//2654 3362//2610
usemtl Squirrel_dark
f 1262//1107 1225//1 1232//1078
f 1259//340 1235//1081 1239//1085
f 1259//340 1242//1088 1310//1153
f 1310//1153 1246//1092 1256//1102
f 1313//1155 1232//1078 1235//1081
f 1160//13 1256//1102 1246//1092
f 1239//1085 1219//1067 1217//1065
f 1232//1078 1225//1 1222//1069
f 1160//13 1246//1092 1189//1037
f 1239//1085 1216//1064 1242//1088
f 1235//1081 1222//1069 1219//1067
f 1242//1088 1189//1037 1246//1092
f 1219//1067 1097//950 1217//1065
f 1222//1069 1225//1 1265//1110
f 1160//13 1189//1037 1153//1003
f 1216//1064 1153//1003 1189//1037
f 1217//1065 1126//977 1216//1064
f 1219//1067 1265//1110 1264//1109
f 1264//1109 1267//1111 1097//950
f 1160//13 1153//1003 1269//1113
f 1126//977 1267//1111 1268//1112
f 1153//1003 1268//1112 1269//1113
f 1265//1110 1225//1 1272//1116
f 1265//1110 1271//1115 1264//1109
f 1272//1116 1225//1 1279//1122
f 1272//1116 1278//1121 1271//1115
f 1268//1112 1274//539 1275//1118
f 1269//1113 1275//1118 1276//1119
f 1160//13 1269//1113 1276//1119
f 1271//1115 1274//539 1267//1111
f 1160//13 1276//1119 1283//1126
f 1279//1122 1225//1 1286//1129
f 1274//539 1285//1128 1281//1124
f 1275//1118 1283//1126 1276//1119
f 1278//1121 1286//1129 1285//1128
f 1274//539 1282//1125 1275//1118
f 1286//1129 1225//1 1293//1136
f 1281//1124 1292//1135 1288//1131
f 1282//1125 1290//1133 1283//1126
f 1285//1128 1293//1136 1292//1135
f 1281//1124 1289//1132 1282//1125
f 1160//13 1283//1126 1290//1133
f 1293//1136 1225//1 1300//1143
f 1292//1135 1295//1138 1288//1131
f 1289//1132 1297//1140 1290//1133
f 1292//1135 1300//1143 1299//1142
f 1288//1131 1296//1139 1289//1132
f 1160//13 1290//1133 1297//1140
f 1300//1143 1225//1 1307//1150
f 1299//1142 1302//1145 1295//1138
f 1297//1140 1303//1146 1304//1147
f 1300//1143 1306//1149 1299//1142
f 1296//1139 1302//1145 1303//1146
f 1160//13 1297//1140 1304//1147
f 1306//1149 1259//340 1302//1145
f 1304//1147 1310//1153 1256//1102
f 1307//1150 1313//1155 1306//1149
f 1303//1146 1259//340 1310//1153
f 1160//13 1304//1147 1256//1102
f 1307//1150 1225//1 1262//1107
f 1460//13 1608//1432 1457//1294
f 1480//1313 1434//1 1437//1275
f 1480//1313 1440//1277 1605//1429
f 1605//1429 1443//1280 1477//1311
f 1474//1309 1446//1283 1450//1287
f 1608//1432 1453//1290 1457//1294
f 1477//1311 1446//1283 1475//7
f 1471//1306 1450//1287 1453//1290
f 1440//1277 1378//1218 1443//1280
f 1457//1294 1315//1157 1482//1315
f 1450//1287 1371//1211 1344//1184
f 1437//1275 1434//1 1407//1246
f 1460//13 1457//1294 1482//1315
f 1453//1290 1344//1184 1315//1157
f 1437//1275 1405//1244 1440//1277
f 1443//1280 1371//1211 1446//1283
f 1407//1246 1434//1 1489//1322
f 1460//13 1482//1315 1491//1324
f 1378//1218 1486//1319 1371//1211
f 1315//1157 1485//1318 1484//1317
f 1407//1246 1488//1321 1405//1244
f 1482//1315 1484//1317 1491//1324
f 1405//1244 1487//1320 1378//1218
f 1344//1184 1486//1319 1485//1318
f 1488//1321 1496//1328 1487//1320
f 1487//1320 1495//82 1486//1319
f 1491//1324 1493//1326 1500//1332
f 1460//13 1491//1324 1500//1332
f 1489//1322 1497//1329 1488//1321
f 1484//1317 1494//1327 1493//1326
f 1485//1318 1495//82 1494//1327
f 1489//1322 1434//1 1498//1330
f 1497//1329 1507//1339 1506//1338
f 1493//1326 1509//1341 1500//1332
f 1495//82 1503//1335 1494//1327
f 1496//1328 1506//1338 1505//1337
f 1498//1330 1434//1 1507//1339
f 1460//13 1500//1332 1509//1341
f 1494//1327 1502//1334 1493//1326
f 1495//82 1505//1337 1504//1336
f 1502//1334 1518//1349 1509//1341
f 1504//1336 1512//1343 1503//1335
f 1505//1337 1515//1346 1514//1345
f 1507//1339 1434//1 1516//1347
f 1460//13 1509//1341 1518//1349
f 1503//1335 1511//1342 1502//1334
f 1504//1336 1514//1345 1513//1344
f 1506//1338 1516//1347 1515//1346
f 1516//1347 1434//1 1525//1356
f 1460//13 1518//1349 1527//1358
f 1512//1343 1520//1351 1511//1342
f 1513//1344 1523//1354 1522//1353
f 1515//1346 1525//1356 1524//1355
f 1511//1342 1527//1358 1518//1349
f 1513//1344 1521//1352 1512//1343
f 1514//1345 1524//1355 1523//1354
f 1521//1352 1529//1360 1520//1351
f 1522//1353 1532//1362 1531//159
f 1524//1355 1534//1364 1533//1363
f 1520//1351 1536//1366 1527//1358
f 1522//1353 1530//1361 1521//1352
f 1523//1354 1533//1363 1532//1362
f 1525//1356 1434//1 1534//1364
f 1460//13 1527//1358 1536//1366
f 1536//1366 1538//1368 1545//1375
f 1530//1361 1540//1370 1539//1369
f 1533//1363 1541//1371 1532//1362
f 1534//1364 1434//1 1543//1373
f 1460//13 1536//1366 1545//1375
f 1529//1360 1539//1369 1538//1368
f 1532//1362 1540//1370 1531//159
f 1534//1364 1542//1372 1533//1363
f 1539//1369 1549//1379 1548//1378
f 1542//1372 1550//1380 1541//1371
f 1543//1373 1434//1 1552//1382
f 1460//13 1545//1375 1554//1383
f 1538//1368 1548//1378 1547//1377
f 1541//1371 1549//1379 1540//1370
f 1543//1373 1551//1381 1542//1372
f 1545//1375 1547//1377 1554//1383
f 1460//13 1554//1383 1563//1391
f 1547//1377 1557//1385 1556//1384
f 1550//1380 1558//1386 1549//1379
f 1552//1382 1560//1388 1551//1381
f 1554//1383 1556//1384 1563//1391
f 1548//1378 1558//1386 1557//1385
f 1551//1381 1559//1387 1550//1380
f 1552//1382 1434//1 1561//1389
f 1559//1387 1567//237 1558//1386
f 1561//1389 1569//1396 1560//1388
f 1563//1391 1565//1393 1572//1399
f 1557//1385 1567//237 1566//1394
f 1560//1388 1568//1395 1559//1387
f 1561//1389 1434//1 1570//1397
f 1460//13 1563//1391 1572//1399
f 1556//1384 1566//1394 1565//1393
f 1565//1393 1581//1408 1572//1399
f 1567//237 1575//1402 1566//1394
f 1568//1395 1578//1405 1577//1404
f 1570//1397 1434//1 1579//1406
f 1460//13 1572//1399 1581//1408
f 1566//1394 1574//1401 1565//1393
f 1567//237 1577//1404 1576//1403
f 1569//1396 1579//1406 1578//1405
f 1577//1404 1587//1414 1586//1413
f 1579//1406 1434//1 1588//1415
f 1460//13 1581//1408 1590//1417
f 1575//1402 1583//1410 1574//1401
f 1576//1403 1586//1413 1585//1412
f 1578//1405 1588//1415 1587//1414
f 1574//1401 1590//1417 1581//1408
f 1576//1403 1584//1411 1575//1402
f 1583//1410 1599//1424 1590//1417
f 1585//1412 1593//1419 1584//1411
f 1586//1413 1596//1422 1595//1421
f 1588//1415 1434//1 1597//1423
f 1460//13 1590//1417 1599//1424
f 1584//1411 1592//1418 1583//1410
f 1585//1412 1595//1421 1594//1420
f 1587//1414 1597//1423 1596//1422
f 1594//1420 1474//1309 1593//1419
f 1595//1421 1605//1429 1477//1311
f 1597//1423 1434//1 1480//1313
f 1460//13 1599//1424 1608//1432
f 1593//1419 1471//1306 1592//1418
f 1594//1420 1477//1311 1475//7
f 1596//1422 1480//1313 1605//1429
f 1592//1418 1608//1432 1599//1424
f 1721//1526 1699//7 1719//1524
f 1719//1524 1699//7 1717//1505
f 1720//1525 1672//7 1696//1505
f 1717//1505 1699//7 1714//1520
f 1719//1524 1714//1520 1705//1489
f 1714//1520 1699//7 1705//1489
f 1715//1521 1672//7 1720//1525
f 1696//1505 1672//7 1687//1496
f 1705//1489 1699//7 1721//1526
f 1696//1505 1678//1489 1715//1521
f 1687//1496 1672//7 1678//1489
f 1678//1489 1672//7 1715//1521
f 1938//1694 1901//1 1908//1669
f 1989//1727 1908//1669 1911//1672
f 1935//666 1911//1672 1915//1676
f 1986//1726 1922//1683 1932//1691
f 1935//666 1918//1679 1986//1726
f 1836//13 1932//1691 1922//1683
f 1918//1679 1865//1629 1922//1683
f 1915//1676 1895//1659 1893//1657
f 1908//1669 1901//1 1898//1661
f 1836//13 1922//1683 1865//1629
f 1915//1676 1892//1656 1918//1679
f 1911//1672 1898//1661 1895//1659
f 1836//13 1865//1629 1829//1596
f 1895//1659 1773//1543 1893//1657
f 1898//1661 1901//1 1941//1696
f 1898//1661 1940//1695 1895//1659
f 1865//1629 1802//1570 1829//1596
f 1893//1657 1802//1570 1892//1656
f 1829//1596 1944//1698 1945//1699
f 1940//1695 1943//1697 1773//1543
f 1802//1570 1943//1697 1944//1698
f 1941//1696 1901//1 1948//1701
f 1836//13 1829//1596 1945//1699
f 1941//1696 1947//1700 1940//1695
f 1948//1701 1954//1704 1947//1700
f 1948//1701 1901//1 1955//1705
f 1945//1699 1951//1702 1952//1703
f 1836//13 1945//1699 1952//1703
f 1944//1698 1950//514 1951//1702
f 1947//1700 1950//514 1943//1697
f 1950//514 1958//1707 1951//1702
f 1836//13 1952//1703 1959//1708
f 1955//1705 1901//1 1962//1710
f 1950//514 1961//1709 1957//1706
f 1951//1702 1959//1708 1952//1703
f 1954//1704 1962//1710 1961//1709
f 1836//13 1959//1708 1966//1713
f 1962//1710 1901//1 1969//1715
f 1957//1706 1968//1714 1964//1711
f 1958//1707 1966//1713 1959//1708
f 1961//1709 1969//1715 1968//1714
f 1957//1706 1965//1712 1958//1707
f 1969//1715 1901//1 1976//1720
f 1964//1711 1975//1719 1971//1716
f 1966//1713 1972//1717 1973//1718
f 1969//1715 1975//1719 1968//1714
f 1964//1711 1972//1717 1965//1712
f 1836//13 1966//1713 1973//1718
f 1976//1720 1901//1 1983//1725
f 1975//1719 1978//1721 1971//1716
f 1973//1718 1979//1722 1980//1723
f 1976//1720 1982//1724 1975//1719
f 1972//1717 1978//1721 1979//1722
f 1836//13 1973//1718 1980//1723
f 1983//1725 1901//1 1938//1694
f 1982//1724 1935//666 1978//1721
f 1980//1723 1986//1726 1932//1691
f 1983//1725 1989//1727 1982//1724
f 1979//1722 1935//666 1986//1726
f 1836//13 1980//1723 1932//1691
f 2147//1306 2126//1287 2129//1290
f 2136//13 2284//1432 2133//1294
f 2156//1313 2110//1 2113//1275
f 2156//1313 2116//1277 2281//1429
f 2281//1429 2119//1280 2153//1311
f 2150//1309 2122//1283 2126//1287
f 2284//1432 2129//1290 2133//1294
f 2153//1311 2122//1283 2151//7
f 2113//1275 2110//1 2083//1246
f 2119//1280 2047//1211 2122//1283
f 2116//1277 2054//1218 2119//1280
f 2133//1294 1991//1157 2158//1315
f 2126//1287 2047//1211 2020//1184
f 2136//13 2133//1294 2158//1315
f 2129//1290 2020//1184 1991//1157
f 2113//1275 2081//1244 2116//1277
f 2083//1246 2110//1 2165//1322
f 2081//1244 2163//1320 2054//1218
f 2136//13 2158//1315 2167//1324
f 2020//1184 2162//1319 2161//1318
f 1991//1157 2161//1318 2160//1317
f 2083//1246 2164//1321 2081//1244
f 2158//1315 2160//1317 2167//1324
f 2054//1218 2162//1319 2047//1211
f 2163//1320 2171//82 2162//1319
f 2167//1324 2169//1326 2176//1332
f 2165//1322 2173//1329 2164//1321
f 2136//13 2167//1324 2176//1332
f 2165//1322 2110//1 2174//1330
f 2164//1321 2172//1328 2163//1320
f 2160//1317 2170//1327 2169//1326
f 2161//1318 2171//82 2170//1327
f 2171//82 2181//1337 2180//1336
f 2173//1329 2183//1339 2182//1338
f 2169//1326 2185//1341 2176//1332
f 2171//82 2179//1335 2170//1327
f 2172//1328 2182//1338 2181//1337
f 2174//1330 2110//1 2183//1339
f 2136//13 2176//1332 2185//1341
f 2170//1327 2178//1334 2169//1326
f 2178//1334 2194//1349 2185//1341
f 2180//1336 2188//1343 2179//1335
f 2181//1337 2191//1346 2190//1345
f 2183//1339 2110//1 2192//1347
f 2136//13 2185//1341 2194//1349
f 2179//1335 2187//1342 2178//1334
f 2180//1336 2190//1345 2189//1344
f 2182//1338 2192//1347 2191//1346
f 2190//1345 2200//1355 2199//1354
f 2192//1347 2110//1 2201//1356
f 2136//13 2194//1349 2203//1358
f 2188//1343 2196//1351 2187//1342
f 2189//1344 2199//1354 2198//1353
f 2191//1346 2201//1356 2200//1355
f 2187//1342 2203//1358 2194//1349
f 2189//1344 2197//1352 2188//1343
f 2136//13 2203//1358 2212//1366
f 2197//1352 2205//1360 2196//1351
f 2198//1353 2208//1362 2207//159
f 2200//1355 2210//1364 2209//1363
f 2196//1351 2212//1366 2203//1358
f 2198//1353 2206//1361 2197//1352
f 2199//1354 2209//1363 2208//1362
f 2201//1356 2110//1 2210//1364
f 2210//1364 2218//1372 2209//1363
f 2212//1366 2214//1368 2221//1375
f 2206//1361 2216//1370 2215//1369
f 2209//1363 2217//1371 2208//1362
f 2210//1364 2110//1 2219//1373
f 2136//13 2212//1366 2221//1375
f 2205//1360 2215//1369 2214//1368
f 2208//1362 2216//1370 2207//159
f 2221//1375 2223//1377 2230//1383
f 2215//1369 2225//1379 2224//1378
f 2218//1372 2226//1380 2217//1371
f 2219//1373 2110//1 2228//1382
f 2136//13 2221//1375 2230//1383
f 2214//1368 2224//1378 2223//1377
f 2217//1371 2225//1379 2216//1370
f 2219//1373 2227//1381 2218//1372
f 2228//1382 2110//1 2237//1389
f 2136//13 2230//1383 2239//1391
f 2223//1377 2233//1385 2232//1384
f 2226//1380 2234//1386 2225//1379
f 2228//1382 2236//1388 2227//1381
f 2230//1383 2232//1384 2239//1391
f 2224//1378 2234//1386 2233//1385
f 2227//1381 2235//1387 2226//1380
f 2232//1384 2242//1394 2241//1393
f 2235//1387 2243//237 2234//1386
f 2237//1389 2245//1396 2236//1388
f 2239//1391 2241//1393 2248//1399
f 2233//1385 2243//237 2242//1394
f 2236//1388 2244//1395 2235//1387
f 2237//1389 2110//1 2246//1397
f 2136//13 2239//1391 2248//1399
f 2241//1393 2257//1408 2248//1399
f 2243//237 2251//1402 2242//1394
f 2244//1395 2254//1405 2253//1404
f 2246//1397 2110//1 2255//1406
f 2136//13 2248//1399 2257//1408
f 2242//1394 2250//1401 2241//1393
f 2243//237 2253//1404 2252//1403
f 2245//1396 2255//1406 2254//1405
f 2252//1403 2260//1411 2251//1402
f 2253//1404 2263//1414 2262//1413
f 2255//1406 2110//1 2264//1415
f 2136//13 2257//1408 2266//1417
f 2251//1402 2259//1410 2250//1401
f 2252//1403 2262//1413 2261//1412
f 2254//1405 2264//1415 2263//1414
f 2250//1401 2266//1417 2257//1408
f 2136//13 2266//1417 2275//1424
f 2260//1411 2268//1418 2259//1410
f 2261//1412 2271//1421 2270//1420
f 2263//1414 2273//1423 2272//1422
f 2259//1410 2275//1424 2266//1417
f 2261//1412 2269//1419 2260//1411
f 2262//1413 2272//1422 2271//1421
f 2264//1415 2110//1 2273//1423
f 2270//1420 2153//1311 2151//7
f 2272//1422 2156//1313 2281//1429
f 2268//1418 2284//1432 2275//1424
f 2270//1420 2150//1309 2269//1419
f 2271//1421 2281//1429 2153//1311
f 2273//1423 2110//1 2156//1313
f 2136//13 2275//1424 2284//1432
f 2269//1419 2147//1306 2268//1418
f 2397//1526 2375//7 2395//1524
f 2395//1524 2375//7 2393//1505
f 2396//1525 2348//7 2372//1505
f 2393//1505 2375//7 2390//1520
f 2395//1524 2390//1520 2381//1489
f 2390//1520 2375//7 2381//1489
f 2391//1521 2348//7 2396//1525
f 2372//1505 2348//7 2363//1496
f 2381//1489 2375//7 2397//1526
f 2372//1505 2354//1489 2391//1521
f 2363//1496 2348//7 2354//1489
f 2354//1489 2348//7 2391//1521
f 3751//2877 3670//2836 3673//2837
f 3697//7 3680//2839 3748//2876
f 3748//2876 3684//2841 3694//2842
f 3636//13 3694//2842 3684//2841
f 3700//2843 3663//1 3670//2836
f 3697//7 3673//2837 3677//2838
f 3677//2838 3649//2831 3680//2839
f 3673//2837 3659//2834 3656//2833
f 3680//2839 3646//2830 3684//2841
f 3677//2838 3656//2833 3652//2832
f 3670//2836 3663//1 3659//2834
f 3636//13 3684//2841 3646//2830
f 3652//2832 3614//2828 3649//2831
f 3636//13 3646//2830 3635//2829
f 3656//2833 3587//2827 3652//2832
f 3659//2834 3663//1 3703//2845
f 3659//2834 3702//2844 3656//2833
f 3649//2831 3635//2829 3646//2830
f 3635//2829 3706//2847 3707//2848
f 3703//2845 3663//1 3710//2850
f 3636//13 3635//2829 3707//2848
f 3614//2828 3705//2846 3706//2847
f 3702//2844 3705//2846 3587//2827
f 3703//2845 3709//2849 3702//2844
f 3636//13 3707//2848 3714//2852
f 3709//2849 3712//159 3705//2846
f 3710//2850 3716//2853 3709//2849
f 3710//2850 3663//1 3717//2854
f 3706//2847 3712//159 3713//2851
f 3707//2848 3713//2851 3714//2852
f 3713//2851 3721//2857 3714//2852
f 3716//2853 3724//2859 3723//2858
f 3712//159 3720//2856 3713//2851
f 3636//13 3714//2852 3721//2857
f 3717//2854 3663//1 3724//2859
f 3712//159 3723//2858 3719//2855
f 3723//2858 3731//2865 3730//2864
f 3719//2855 3727//2861 3720//2856
f 3636//13 3721//2857 3728//2862
f 3724//2859 3663//1 3731//2865
f 3719//2855 3730//2864 3726//2860
f 3720//2856 3728//2862 3721//2857
f 3731//2865 3737//2869 3730//2864
f 3726//2860 3734//2867 3727//2861
f 3636//13 3728//2862 3735//2868
f 3731//2865 3663//1 3738//2870
f 3730//2864 3733//2866 3726//2860
f 3727//2861 3735//2868 3728//2862
f 3738//2870 3744//2874 3737//2869
f 3734//2867 3740//2871 3741//2872
f 3636//13 3735//2868 3742//2873
f 3738//2870 3663//1 3745//2875
f 3737//2869 3740//2871 3733//2866
f 3735//2868 3741//2872 3742//2873
f 3745//2875 3751//2877 3744//2874
f 3741//2872 3697//7 3748//2876
f 3636//13 3742//2873 3694//2842
f 3745//2875 3663//1 3700//2843
f 3744//2874 3697//7 3740//2871
f 3742//2873 3748//2876 3694//2842
f 3803//2877 3722//2836 3725//2837
f 3749//7 3732//2839 3800//2876
f 3800//2876 3736//2841 3746//2842
f 3691//13 3746//2842 3736//2841
f 3752//2843 3715//1 3722//2836
f 3749//7 3725//2837 3729//2863
f 3729//2863 3701//2831 3732//2839
f 3725//2837 3711//2834 3708//2833
f 3732//2839 3698//2830 3736//2841
f 3729//2863 3708//2833 3704//2832
f 3722//2836 3715//1 3711//2834
f 3691//13 3736//2841 3698//2830
f 3704//2832 3666//2835 3701//2831
f 3691//13 3698//2830 3687//2829
f 3708//2833 3643//2827 3704//2832
f 3711//2834 3715//1 3755//2845
f 3711//2834 3754//2844 3708//2833
f 3701//2831 3687//2829 3698//2830
f 3666//2835 3757//2878 3758//2847
f 3755//2845 3761//2849 3754//2844
f 3755//2845 3715//1 3762//2850
f 3687//2829 3758//2847 3759//2848
f 3754//2844 3757//2878 3643//2827
f 3691//13 3687//2829 3759//2848
f 3759//2848 3765//2851 3766//2852
f 3761//2849 3764//159 3757//2878
f 3758//2847 3764//159 3765//2851
f 3762//2850 3715//1 3769//2854
f 3691//13 3759//2848 3766//2852
f 3762//2850 3768//2853 3761//2849
f 3765//2851 3773//2857 3766//2852
f 3768//2853 3776//2859 3775//2858
f 3764//159 3772//2856 3765//2851
f 3691//13 3766//2852 3773//2857
f 3769//2854 3715//1 3776//2859
f 3764//159 3775//2858 3771//2880
f 3775//2858 3783//2865 3782//2864
f 3771//2880 3779//2861 3772//2856
f 3691//13 3773//2857 3780//2862
f 3776//2859 3715//1 3783//2865
f 3771//2880 3782//2864 3778//2860
f 3772//2856 3780//2862 3773//2857
f 3783//2865 3789//2869 3782//2864
f 3778//2860 3786//2867 3779//2861
f 3691//13 3780//2862 3787//2868
f 3783//2865 3715//1 3790//2870
f 3782//2864 3785//2866 3778//2860
f 3779//2861 3787//2868 3780//2862
f 3790//2870 3796//2874 3789//2869
f 3786//2867 3792//2881 3793//2872
f 3691//13 3787//2868 3794//2873
f 3790//2870 3715//1 3797//2875
f 3789//2869 3792//2881 3785//2866
f 3787//2868 3793//2872 3794//2873
f 3797//2875 3803//2877 3796//2874
f 3793//2872 3749//7 3800//2876
f 3691//13 3794//2873 3746//2842
f 3797//2875 3715//1 3752//2843
f 3796//2874 3749//7 3792//2881
f 3794//2873 3800//2876 3746//2842
f 3855//2877 3774//2836 3777//2837
f 3801//7 3784//2839 3852//2876
f 3852//2876 3788//2841 3798//2842
f 3743//13 3798//2842 3788//2841
f 3804//2843 3767//1 3774//2836
f 3801//7 3777//2837 3781//2838
f 3781//2838 3753//2831 3784//2839
f 3777//2837 3763//2834 3760//2879
f 3784//2839 3750//2830 3788//2841
f 3781//2838 3760//2879 3756//2832
f 3774//2836 3767//1 3763//2834
f 3743//13 3788//2841 3750//2830
f 3756//2832 3718//2828 3753//2831
f 3743//13 3750//2830 3739//2829
f 3760//2879 3695//2827 3756//2832
f 3763//2834 3767//1 3807//2845
f 3763//2834 3806//2844 3760//2879
f 3753//2831 3739//2829 3750//2830
f 3718//2828 3809//2846 3810//2847
f 3743//13 3739//2829 3811//2848
f 3807//2845 3813//2849 3806//2844
f 3807//2845 3767//1 3814//2850
f 3739//2829 3810//2847 3811//2848
f 3806//2844 3809//2846 3695//2827
f 3813//2849 3816//159 3809//2846
f 3743//13 3811//2848 3818//2852
f 3810//2847 3816//159 3817//2851
f 3814//2850 3767//1 3821//2854
f 3814//2850 3820//2853 3813//2849
f 3811//2848 3817//2851 3818//2852
f 3817//2851 3825//2857 3818//2852
f 3820//2853 3828//2859 3827//2858
f 3816//159 3824//2856 3817//2851
f 3743//13 3818//2852 3825//2857
f 3821//2854 3767//1 3828//2859
f 3816//159 3827//2858 3823//2855
f 3827//2858 3835//2865 3834//2864
f 3823//2855 3831//2861 3824//2856
f 3743//13 3825//2857 3832//2862
f 3828//2859 3767//1 3835//2865
f 3823//2855 3834//2864 3830//2860
f 3824//2856 3832//2862 3825//2857
f 3835//2865 3841//2869 3834//2864
f 3830//2860 3838//2867 3831//2861
f 3743//13 3832//2862 3839//2868
f 3835//2865 3767//1 3842//2870
f 3830//2860 3841//2869 3837//2866
f 3832//2862 3838//2867 3839//2868
f 3842//2870 3848//2874 3841//2869
f 3838//2867 3844//2871 3845//2872
f 3743//13 3839//2868 3846//2873
f 3842//2870 3767//1 3849//2875
f 3841//2869 3844//2871 3837//2866
f 3839//2868 3845//2872 3846//2873
f 3849//2875 3855//2877 3848//2874
f 3845//2872 3801//7 3852//2876
f 3743//13 3846//2873 3798//2842
f 3849//2875 3767//1 3804//2843
f 3848//2874 3801//7 3844//2871
f 3846//2873 3852//2876 3798//2842
f 3907//2877 3826//2836 3829//2837
f 3853//7 3836//2839 3904//2876
f 3904//2876 3840//2841 3850//2842
f 3795//13 3850//2842 3840//2841
f 3856//2843 3819//1 3826//2836
f 3853//7 3829//2837 3833//2838
f 3833//2838 3805//2831 3836//2839
f 3829//2837 3815//2834 3812//2833
f 3836//2839 3802//2830 3840//2841
f 3833//2838 3812//2833 3808//2832
f 3826//2836 3819//1 3815//2834
f 3795//13 3840//2841 3802//2830
f 3805//2831 3747//2827 3770//2835
f 3795//13 3802//2830 3791//2829
f 3812//2833 3747//2827 3808//2832
f 3815//2834 3819//1 3859//2845
f 3815//2834 3858//2844 3812//2833
f 3805//2831 3791//2829 3802//2830
f 3770//2835 3861//2846 3862//2847
f 3859//2845 3865//2849 3858//2844
f 3795//13 3791//2829 3863//2848
f 3859//2845 3819//1 3866//2850
f 3791//2829 3862//2847 3863//2848
f 3858//2844 3861//2846 3747//2827
f 3865//2849 3868//159 3861//2846
f 3795//13 3863//2848 3870//2852
f 3862//2847 3868//159 3869//2851
f 3866//2850 3819//1 3873//2854
f 3866//2850 3872//2853 3865//2849
f 3863//2848 3869//2851 3870//2852
f 3869//2851 3877//2857 3870//2852
f 3872//2853 3880//2859 3879//2858
f 3868//159 3876//2856 3869//2851
f 3795//13 3870//2852 3877//2857
f 3873//2854 3819//1 3880//2859
f 3868//159 3879//2858 3875//2855
f 3879//2858 3887//2865 3886//2864
f 3875//2855 3883//2861 3876//2856
f 3795//13 3877//2857 3884//2862
f 3880//2859 3819//1 3887//2865
f 3875//2855 3886//2864 3882//2860
f 3876//2856 3884//2862 3877//2857
f 3887//2865 3893//2869 3886//2864
f 3883//2861 3889//2866 3890//2867
f 3795//13 3884//2862 3891//2868
f 3887//2865 3819//1 3894//2870
f 3886//2864 3889//2866 3882//2860
f 3883//2861 3891//2868 3884//2862
f 3894//2870 3900//2874 3893//2869
f 3890//2867 3896//2871 3897//2872
f 3795//13 3891//2868 3898//2873
f 3894//2870 3819//1 3901//2875
f 3893//2869 3896//2871 3889//2866
f 3891//2868 3897//2872 3898//2873
f 3901//2875 3907//2877 3900//2874
f 3897//2872 3853//7 3904//2876
f 3795//13 3898//2873 3850//2842
f 3901//2875 3819//1 3856//2843
f 3900//2874 3853//7 3896//2871
f 3898//2873 3904//2876 3850//2842
f 3959//2877 3878//2836 3881//2837
f 3905//7 3888//2839 3956//2876
f 3956//2876 3892//2841 3902//2842
f 3847//13 3902//2842 3892//2841
f 3908//2843 3871//1 3878//2836
f 3905//7 3881//2837 3885//2838
f 3885//2838 3857//2831 3888//2839
f 3881//2837 3867//2834 3864//2833
f 3888//2839 3854//2830 3892//2841
f 3885//2838 3864//2833 3860//2832
f 3878//2836 3871//1 3867//2834
f 3847//13 3892//2841 3854//2830
f 3860//2832 3822//2835 3857//2831
f 3847//13 3854//2830 3843//2829
f 3864//2833 3799//2827 3860//2832
f 3867//2834 3871//1 3911//2845
f 3867//2834 3910//2844 3864//2833
f 3857//2831 3843//2829 3854//2830
f 3822//2835 3913//2846 3914//2847
f 3847//13 3843//2829 3915//2848
f 3911//2845 3917//2849 3910//2844
f 3911//2845 3871//1 3918//2850
f 3843//2829 3914//2847 3915//2848
f 3910//2844 3913//2846 3799//2827
f 3917//2849 3920//159 3913//2846
f 3847//13 3915//2848 3922//2852
f 3914//2847 3920//159 3921//2851
f 3918//2850 3871//1 3925//2854
f 3918//2850 3924//2853 3917//2849
f 3915//2848 3921//2851 3922//2852
f 3921//2851 3929//2857 3922//2852
f 3924//2853 3932//2859 3931//2858
f 3920//159 3928//2856 3921//2851
f 3847//13 3922//2852 3929//2857
f 3925//2854 3871//1 3932//2859
f 3920//159 3931//2858 3927//2855
f 3931//2858 3939//2865 3938//2864
f 3927//2855 3935//2861 3928//2856
f 3847//13 3929//2857 3936//2862
f 3932//2859 3871//1 3939//2865
f 3927//2855 3938//2864 3934//2860
f 3928//2856 3936//2862 3929//2857
f 3939//2865 3945//2869 3938//2864
f 3935//2861 3941//2866 3942//2867
f 3847//13 3936//2862 3943//2868
f 3939//2865 3871//1 3946//2870
f 3938//2864 3941//2866 3934//2860
f 3935//2861 3943//2868 3936//2862
f 3946//2870 3952//2874 3945//2869
f 3942//2867 3948//2871 3949//2872
f 3847//13 3943//2868 3950//2873
f 3946//2870 3871//1 3953//2875
f 3945//2869 3948//2871 3941//2866
f 3943//2868 3949//2872 3950//2873
f 3953//2875 3959//2877 3952//2874
f 3949//2872 3905//7 3956//2876
f 3847//13 3950//2873 3902//2842
f 3953//2875 3871//1 3908//2843
f 3952//2874 3905//7 3948//2871
f 3950//2873 3956//2876 3902//2842
f 4011//2877 3930//2836 3933//2837
f 3957//7 3940//2839 4008//2876
f 4008//2876 3944//2882 3954//2842
f 3899//13 3954//2842 3944//2882
f 3960//2843 3923//1 3930//2836
f 3957//7 3933//2837 3937//2838
f 3937//2838 3909//2831 3940//2839
f 3933//2837 3919//2834 3916//2833
f 3940//2839 3906//2830 3944//2882
f 3937//2838 3916//2833 3912//2832
f 3930//2836 3923//1 3919//2834
f 3899//13 3944//2882 3906//2830
f 3912//2832 3874//2835 3909//2831
f 3899//13 3906//2830 3895//2829
f 3916//2833 3851//2827 3912//2832
f 3919//2834 3923//1 3963//2845
f 3919//2834 3962//2844 3916//2833
f 3909//2831 3895//2829 3906//2830
f 3874//2835 3965//2846 3966//2847
f 3963//2845 3969//2849 3962//2844
f 3899//13 3895//2829 3967//2848
f 3963//2845 3923//1 3970//2850
f 3895//2829 3966//2847 3967//2848
f 3962//2844 3965//2846 3851//2827
f 3969//2849 3972//159 3965//2846
f 3899//13 3967//2848 3974//2852
f 3966//2847 3972//159 3973//2851
f 3970//2850 3923//1 3977//2854
f 3970//2850 3976//2853 3969//2849
f 3967//2848 3973//2851 3974//2852
f 3976//2853 3984//2859 3983//2858
f 3972//159 3980//2856 3973//2851
f 3899//13 3974//2852 3981//2857
f 3977//2854 3923//1 3984//2859
f 3972//159 3983//2858 3979//2855
f 3973//2851 3981//2857 3974//2852
f 3983//2858 3991//2865 3990//2864
f 3979//2855 3987//2861 3980//2856
f 3899//13 3981//2857 3988//2862
f 3984//2859 3923//1 3991//2865
f 3979//2855 3990//2864 3986//2860
f 3980//2856 3988//2862 3981//2857
f 3986//2860 3994//2867 3987//2861
f 3899//13 3988//2862 3995//2868
f 3991//2865 3923//1 3998//2870
f 3990//2864 3993//2866 3986//2860
f 3987//2861 3995//2868 3988//2862
f 3990//2864 3998//2870 3997//2869
f 3899//13 3995//2868 4002//2873
f 3998//2870 3923//1 4005//2875
f 3997//2869 4000//2871 3993//2866
f 3995//2868 4001//2872 4002//2873
f 3998//2870 4004//2874 3997//2869
f 3994//2867 4000//2871 4001//2872
f 4005//2875 3923//1 3960//2843
f 4004//2874 3957//7 4000//2871
f 4002//2873 4008//2876 3954//2842
f 4005//2875 4011//2877 4004//2874
f 4001//2872 3957//7 4008//2876
f 3899//13 4002//2873 3954//2842
f 4009//7 3992//2839 4059//2876
f 3951//13 4006//2842 3996//2841
f 4012//2843 3975//1 3982//2836
f 4062//2877 3982//2836 3985//2837
f 4009//7 3985//2837 3989//2838
f 4059//2876 3996//2841 4006//2842
f 3982//2836 3975//1 3971//2834
f 3992//2839 3958//2830 3996//2841
f 3989//2838 3968//2833 3964//2832
f 3951//13 3996//2841 3958//2830
f 3989//2838 3961//2831 3992//2839
f 3985//2837 3971//2834 3968//2833
f 3964//2832 3926//2835 3961//2831
f 3968//2833 3903//2827 3964//2832
f 3971//2834 3975//1 4015//2845
f 3971//2834 4014//2844 3968//2833
f 3961//2831 3947//2829 3958//2830
f 3951//13 3958//2830 3947//2829
f 3926//2835 4017//2846 4018//2847
f 4015//2845 4021//2849 4014//2844
f 4015//2845 3975//1 4022//2850
f 3947//2829 4018//2847 4019//2848
f 4014//2844 4017//2846 3903//2827
f 3951//13 3947//2829 4019//2848
f 4021//2849 4024//159 4017//2846
f 3951//13 4019//2848 4026//2852
f 4018//2847 4024//159 4025//2851
f 4022//2850 3975//1 4029//2854
f 4022//2850 4028//2853 4021//2849
f 4019//2848 4025//2851 4026//2852
f 4028//2853 4036//2859 4035//2858
f 4024//159 4032//2856 4025//2851
f 3951//13 4026//2852 4033//2857
f 4029//2854 3975//1 4036//2859
f 4024//159 4035//2858 4031//2855
f 4025//2851 4033//2857 4026//2852
f 4035//2858 4043//2865 4042//2864
f 4031//2855 4039//2861 4032//2856
f 3951//13 4033//2857 4040//2862
f 4036//2859 3975//1 4043//2865
f 4031//2855 4042//2864 4038//2860
f 4032//2856 4040//2862 4033//2857
f 4038//2860 4046//2867 4039//2861
f 3951//13 4040//2862 4047//2868
f 4043//2865 3975//1 4050//2870
f 4042//2864 4045//2866 4038//2860
f 4039//2861 4047//2868 4040//2862
f 4042//2864 4050//2870 4049//2869
f 3951//13 4047//2868 4054//2873
f 4050//2870 3975//1 4057//2875
f 4049//2869 4052//2871 4045//2866
f 4047//2868 4053//2872 4054//2873
f 4050//2870 4056//2874 4049//2869
f 4046//2867 4052//2871 4053//2872
f 4057//2875 3975//1 4012//2843
f 4056//2874 4009//7 4052//2871
f 4054//2873 4059//2876 4006//2842
f 4057//2875 4062//2877 4056//2874
f 4053//2872 4009//7 4059//2876
f 3951//13 4054//2873 4006//2842
f 4060//7 4044//2839 4107//2876
f 4003//13 4058//2842 4048//2841
f 4063//2843 4027//1 4034//2836
f 4109//2877 4034//2836 4037//2837
f 4060//7 4037//2837 4041//2838
f 4107//2876 4048//2841 4058//2842
f 4034//2836 4027//1 4023//2834
f 4044//2839 4010//2830 4048//2841
f 4041//2838 4020//2833 4016//2832
f 4003//13 4048//2841 4010//2830
f 4041//2838 4013//2831 4044//2839
f 4037//2837 4023//2834 4020//2833
f 4016//2832 3978//2835 4013//2831
f 4016//2832 4065//2844 3955//2827
f 4023//2834 4027//1 4066//2845
f 4023//2834 4065//2844 4020//2833
f 4013//2831 3999//2829 4010//2830
f 4003//13 4010//2830 3999//2829
f 4066//2845 4072//2849 4065//2844
f 3999//2829 4069//2847 4070//2848
f 3978//2835 4068//2846 4069//2847
f 4065//2844 4068//2846 3955//2827
f 4066//2845 4027//1 4073//2850
f 4003//13 3999//2829 4070//2848
f 4073//2850 4079//2853 4072//2849
f 4070//2848 4076//2851 4077//2852
f 4003//13 4070//2848 4077//2852
f 4069//2847 4075//159 4076//2851
f 4073//2850 4027//1 4080//2854
f 4072//2849 4075//159 4068//2846
f 4079//2853 4086//2859 4085//2858
f 4075//159 4082//2856 4076//2851
f 4003//13 4077//2852 4083//2857
f 4080//2854 4027//1 4086//2859
f 4075//159 4085//2858 4081//2855
f 4076//2851 4083//2857 4077//2852
f 4085//2858 4093//2865 4092//2883
f 4081//2855 4089//2861 4082//2856
f 4003//13 4083//2857 4090//2862
f 4086//2859 4027//1 4093//2865
f 4081//2855 4092//2883 4088//2860
f 4082//2856 4090//2862 4083//2857
f 4089//2861 4095//2866 4096//2867
f 4003//13 4090//2862 4097//2868
f 4093//2865 4027//1 4100//2870
f 4092//2883 4095//2866 4088//2860
f 4089//2861 4097//2868 4090//2862
f 4093//2865 4099//2869 4092//2883
f 4003//13 4097//2868 4103//2873
f 4100//2870 4027//1 4105//2875
f 4099//2869 4101//2871 4095//2866
f 4097//2868 4102//2872 4103//2873
f 4100//2870 4104//2874 4099//2869
f 4096//2867 4101//2871 4102//2872
f 4105//2875 4027//1 4063//2843
f 4104//2874 4060//7 4101//2871
f 4103//2873 4107//2876 4058//2842
f 4105//2875 4109//2877 4104//2874
f 4102//2872 4060//7 4107//2876
f 4003//13 4103//2873 4058//2842
f 4108//7 4094//2839 4143//2876
f 4055//13 4106//2842 4098//2841
f 4110//2843 4078//1 4084//2836
f 4144//2877 4084//2836 4087//2837
f 4108//7 4087//2837 4091//2838
f 4143//2876 4098//2841 4106//2842
f 4084//2836 4078//1 4074//2834
f 4094//2839 4061//2830 4098//2841
f 4091//2838 4071//2833 4067//2832
f 4055//13 4098//2841 4061//2830
f 4091//2838 4064//2831 4094//2839
f 4087//2837 4074//2834 4071//2833
f 4067//2832 4030//2835 4064//2831
f 4071//2833 4007//2827 4067//2832
f 4074//2834 4078//1 4112//2845
f 4074//2834 4111//2844 4071//2833
f 4061//2830 4030//2835 4051//2829
f 4055//13 4061//2830 4051//2829
f 4112//2845 4116//2849 4111//2844
f 4051//2829 4114//2847 4115//2848
f 4055//13 4051//2829 4115//2848
f 4030//2835 4113//2846 4114//2847
f 4111//2844 4113//2846 4007//2827
f 4112//2845 4078//1 4117//2850
f 4055//13 4115//2848 4120//2852
f 4117//2850 4121//2853 4116//2849
f 4114//2847 4118//159 4119//2851
f 4117//2850 4078//1 4122//2854
f 4116//2849 4118//159 4113//2846
f 4115//2848 4119//2851 4120//2852
f 4121//2853 4127//2859 4126//2858
f 4118//159 4124//2856 4119//2851
f 4055//13 4120//2852 4125//2857
f 4122//2854 4078//1 4127//2859
f 4118//159 4126//2858 4123//2855
f 4119//2851 4125//2857 4120//2852
f 4126//2858 4132//2865 4131//2864
f 4123//2855 4129//2884 4124//2856
f 4055//13 4125//2857 4130//2862
f 4127//2859 4078//1 4132//2865
f 4123//2855 4131//2864 4128//2860
f 4124//2856 4130//2862 4125//2857
f 4129//2884 4133//2866 4134//2867
f 4055//13 4130//2862 4135//2868
f 4132//2865 4078//1 4137//2870
f 4131//2864 4133//2866 4128//2860
f 4130//2862 4134//2867 4135//2868
f 4132//2865 4136//2869 4131//2864
f 4055//13 4135//2868 4140//2873
f 4137//2870 4078//1 4142//2875
f 4136//2869 4138//2871 4133//2866
f 4135//2868 4139//2872 4140//2873
f 4137//2870 4141//2874 4136//2869
f 4134//2867 4138//2871 4139//2872
f 4142//2875 4078//1 4110//2843
f 4141//2874 4108//7 4138//2871
f 4140//2873 4143//2876 4106//2842
f 4142//2875 4144//2877 4141//2874
f 4139//2872 4108//7 4143//2876
f 4055//13 4140//2873 4106//2842
f 1259//340 1313//1155 1235//1081
f 1259//340 1239//1085 1242//1088
f 1310//1153 1242//1088 1246//1092
f 1313//1155 1262//1107 1232//1078
f 1239//1085 1235//1081 1219//1067
f 1239//1085 1217//1065 1216//1064
f 1235//1081 1232//1078 1222//1069
f 1242//1088 1216//1064 1189//1037
f 1219//1067 1264//1109 1097//950
f 1216//1064 1126//977 1153//1003
f 1217//1065 1097//950 1126//977
f 1219//1067 1222//1069 1265//1110
f 1264//1109 1271//1115 1267//1111
f 1126//977 1097//950 1267//1111
f 1153//1003 1126//977 1268//1112
f 1265//1110 1272//1116 1271//1115
f 1272//1116 1279//1122 1278//1121
f 1268//1112 1267//1111 1274//539
f 1269//1113 1268//1112 1275//1118
f 1271//1115 1278//1121 1274//539
f 1274//539 1278//1121 1285//1128
f 1275//1118 1282//1125 1283//1126
f 1278//1121 1279//1122 1286//1129
f 1274//539 1281//1124 1282//1125
f 1281//1124 1285//1128 1292//1135
f 1282//1125 1289//1132 1290//1133
f 1285//1128 1286//1129 1293//1136
f 1281//1124 1288//1131 1289//1132
f 1292//1135 1299//1142 1295//1138
f 1289//1132 1296//1139 1297//1140
f 1292//1135 1293//1136 1300//1143
f 1288//1131 1295//1138 1296//1139
f 1299//1142 1306//1149 1302//1145
f 1297//1140 1296//1139 1303//1146
f 1300//1143 1307//1150 1306//1149
f 1296//1139 1295//1138 1302//1145
f 1306//1149 1313//1155 1259//340
f 1304//1147 1303//1146 1310//1153
f 1307//1150 1262//1107 1313//1155
f 1303//1146 1302//1145 1259//340
f 1480//1313 1437//1275 1440//1277
f 1605//1429 1440//1277 1443//1280
f 1474//1309 1475//7 1446//1283
f 1608//1432 1471//1306 1453//1290
f 1477//1311 1443//1280 1446//1283
f 1471//1306 1474//1309 1450//1287
f 1440//1277 1405//1244 1378//1218
f 1457//1294 1453//1290 1315//1157
f 1450//1287 1446//1283 1371//1211
f 1453//1290 1450//1287 1344//1184
f 1437//1275 1407//1246 1405//1244
f 1443//1280 1378//1218 1371//1211
f 1378//1218 1487//1320 1486//1319
f 1315//1157 1344//1184 1485//1318
f 1407//1246 1489//1322 1488//1321
f 1482//1315 1315//1157 1484//1317
f 1405//1244 1488//1321 1487//1320
f 1344//1184 1371//1211 1486//1319
f 1488//1321 1497//1329 1496//1328
f 1487//1320 1496//1328 1495//82
f 1491//1324 1484//1317 1493//1326
f 1489//1322 1498//1330 1497//1329
f 1484//1317 1485//1318 1494//1327
f 1485//1318 1486//1319 1495//82
f 1497//1329 1498//1330 1507//1339
f 1493//1326 1502//1334 1509//1341
f 1495//82 1504//1336 1503//1335
f 1496//1328 1497//1329 1506//1338
f 1494//1327 1503//1335 1502//1334
f 1495//82 1496//1328 1505//1337
f 1502//1334 1511//1342 1518//1349
f 1504//1336 1513//1344 1512//1343
f 1505//1337 1506//1338 1515//1346
f 1503//1335 1512//1343 1511//1342
f 1504//1336 1505//1337 1514//1345
f 1506//1338 1507//1339 1516//1347
f 1512//1343 1521//1352 1520//1351
f 1513//1344 1514//1345 1523//1354
f 1515//1346 1516//1347 1525//1356
f 1511//1342 1520//1351 1527//1358
f 1513//1344 1522//1353 1521//1352
f 1514//1345 1515//1346 1524//1355
f 1521//1352 1530//1361 1529//1360
f 1522//1353 1523//1354 1532//1362
f 1524//1355 1525//1356 1534//1364
f 1520//1351 1529//1360 1536//1366
f 1522//1353 1531//159 1530//1361
f 1523//1354 1524//1355 1533//1363
f 1536//1366 1529//1360 1538//1368
f 1530//1361 1531//159 1540//1370
f 1533//1363 1542//1372 1541//1371
f 1529//1360 1530//1361 1539//1369
f 1532//1362 1541//1371 1540//1370
f 1534//1364 1543//1373 1542//1372
f 1539//1369 1540//1370 1549//1379
f 1542//1372 1551//1381 1550//1380
f 1538//1368 1539//1369 1548//1378
f 1541//1371 1550//1380 1549//1379
f 1543//1373 1552//1382 1551//1381
f 1545//1375 1538//1368 1547//1377
f 1547//1377 1548//1378 1557//1385
f 1550//1380 1559//1387 1558//1386
f 1552//1382 1561//1389 1560//1388
f 1554//1383 1547//1377 1556//1384
f 1548//1378 1549//1379 1558//1386
f 1551//1381 1560//1388 1559//1387
f 1559//1387 1568//1395 1567//237
f 1561//1389 1570//1397 1569//1396
f 1563//1391 1556//1384 1565//1393
f 1557//1385 1558//1386 1567//237
f 1560//1388 1569//1396 1568//1395
f 1556//1384 1557//1385 1566//1394
f 1565//1393 1574//1401 1581//1408
f 1567//237 1576//1403 1575//1402
f 1568//1395 1569//1396 1578//1405
f 1566//1394 1575//1402 1574//1401
f 1567//237 1568//1395 1577//1404
f 1569//1396 1570//1397 1579//1406
f 1577//1404 1578//1405 1587//1414
f 1575//1402 1584//1411 1583//1410
f 1576//1403 1577//1404 1586//1413
f 1578//1405 1579//1406 1588//1415
f 1574//1401 1583//1410 1590//1417
f 1576//1403 1585//1412 1584//1411
f 1583//1410 1592//1418 1599//1424
f 1585//1412 1594//1420 1593//1419
f 1586//1413 1587//1414 1596//1422
f 1584//1411 1593//1419 1592//1418
f 1585//1412 1586//1413 1595//1421
f 1587//1414 1588//1415 1597//1423
f 1594//1420 1475//7 1474//1309
f 1595//1421 1596//1422 1605//1429
f 1593//1419 1474//1309 1471//1306
f 1594//1420 1595//1421 1477//1311
f 1596//1422 1597//1423 1480//1313
f 1592//1418 1471//1306 1608//1432
f 1705//1489 1721//1526 1719//1524
f 1719//1524 1717//1505 1714//1520
f 1715//1521 1720//1525 1696//1505
f 1696//1505 1687//1496 1678//1489
f 1989//1727 1938//1694 1908//1669
f 1935//666 1989//1727 1911//1672
f 1986//1726 1918//1679 1922//1683
f 1935//666 1915//1676 1918//1679
f 1918//1679 1892//1656 1865//1629
f 1915//1676 1911//1672 1895//1659
f 1915//1676 1893//1657 1892//1656
f 1911//1672 1908//1669 1898//1661
f 1895//1659 1940//1695 1773//1543
f 1898//1661 1941//1696 1940//1695
f 1865//1629 1892//1656 1802//1570
f 1893//1657 1773//1543 1802//1570
f 1829//1596 1802//1570 1944//1698
f 1940//1695 1947//1700 1943//1697
f 1802//1570 1773//1543 1943//1697
f 1941//1696 1948//1701 1947//1700
f 1948//1701 1955//1705 1954//1704
f 1945//1699 1944//1698 1951//1702
f 1944//1698 1943//1697 1950//514
f 1947//1700 1954//1704 1950//514
f 1950//514 1957//1706 1958//1707
f 1950//514 1954//1704 1961//1709
f 1951//1702 1958//1707 1959//1708
f 1954//1704 1955//1705 1962//1710
f 1957//1706 1961//1709 1968//1714
f 1958//1707 1965//1712 1966//1713
f 1961//1709 1962//1710 1969//1715
f 1957//1706 1964//1711 1965//1712
f 1964//1711 1968//1714 1975//1719
f 1966//1713 1965//1712 1972//1717
f 1969//1715 1976//1720 1975//1719
f 1964//1711 1971//1716 1972//1717
f 1975//1719 1982//1724 1978//1721
f 1973//1718 1972//1717 1979//1722
f 1976//1720 1983//1725 1982//1724
f 1972//1717 1971//1716 1978//1721
f 1982//1724 1989//1727 1935//666
f 1980//1723 1979//1722 1986//1726
f 1983//1725 1938//1694 1989//1727
f 1979//1722 1978//1721 1935//666
f 2147//1306 2150//1309 2126//1287
f 2156//1313 2113//1275 2116//1277
f 2281//1429 2116//1277 2119//1280
f 2150//1309 2151//7 2122//1283
f 2284//1432 2147//1306 2129//1290
f 2153//1311 2119//1280 2122//1283
f 2119//1280 2054//1218 2047//1211
f 2116//1277 2081//1244 2054//1218
f 2133//1294 2129//1290 1991//1157
f 2126//1287 2122//1283 2047//1211
f 2129//1290 2126//1287 2020//1184
f 2113//1275 2083//1246 2081//1244
f 2081//1244 2164//1321 2163//1320
f 2020//1184 2047//1211 2162//1319
f 1991//1157 2020//1184 2161//1318
f 2083//1246 2165//1322 2164//1321
f 2158//1315 1991//1157 2160//1317
f 2054//1218 2163//1320 2162//1319
f 2163//1320 2172//1328 2171//82
f 2167//1324 2160//1317 2169//1326
f 2165//1322 2174//1330 2173//1329
f 2164//1321 2173//1329 2172//1328
f 2160//1317 2161//1318 2170//1327
f 2161//1318 2162//1319 2171//82
f 2171//82 2172//1328 2181//1337
f 2173//1329 2174//1330 2183//1339
f 2169//1326 2178//1334 2185//1341
f 2171//82 2180//1336 2179//1335
f 2172//1328 2173//1329 2182//1338
f 2170//1327 2179//1335 2178//1334
f 2178//1334 2187//1342 2194//1349
f 2180//1336 2189//1344 2188//1343
f 2181//1337 2182//1338 2191//1346
f 2179//1335 2188//1343 2187//1342
f 2180//1336 2181//1337 2190//1345
f 2182//1338 2183//1339 2192//1347
f 2190//1345 2191//1346 2200//1355
f 2188//1343 2197//1352 2196//1351
f 2189//1344 2190//1345 2199//1354
f 2191//1346 2192//1347 2201//1356
f 2187//1342 2196//1351 2203//1358
f 2189//1344 2198//1353 2197//1352
f 2197//1352 2206//1361 2205//1360
f 2198//1353 2199//1354 2208//1362
f 2200//1355 2201//1356 2210//1364
f 2196//1351 2205//1360 2212//1366
f 2198//1353 2207//159 2206//1361
f 2199//1354 2200//1355 2209//1363
f 2210//1364 2219//1373 2218//1372
f 2212//1366 2205//1360 2214//1368
f 2206//1361 2207//159 2216//1370
f 2209//1363 2218//1372 2217//1371
f 2205//1360 2206//1361 2215//1369
f 2208//1362 2217//1371 2216//1370
f 2221//1375 2214//1368 2223//1377
f 2215//1369 2216//1370 2225//1379
f 2218//1372 2227//1381 2226//1380
f 2214//1368 2215//1369 2224//1378
f 2217//1371 2226//1380 2225//1379
f 2219//1373 2228//1382 2227//1381
f 2223//1377 2224//1378 2233//1385
f 2226//1380 2235//1387 2234//1386
f 2228//1382 2237//1389 2236//1388
f 2230//1383 2223//1377 2232//1384
f 2224//1378 2225//1379 2234//1386
f 2227//1381 2236//1388 2235//1387
f 2232//1384 2233//1385 2242//1394
f 2235//1387 2244//1395 2243//237
f 2237//1389 2246//1397 2245//1396
f 2239//1391 2232//1384 2241//1393
f 2233//1385 2234//1386 2243//237
f 2236//1388 2245//1396 2244//1395
f 2241//1393 2250//1401 2257//1408
f 2243//237 2252//1403 2251//1402
f 2244//1395 2245//1396 2254//1405
f 2242//1394 2251//1402 2250//1401
f 2243//237 2244//1395 2253//1404
f 2245//1396 2246//1397 2255//1406
f 2252//1403 2261//1412 2260//1411
f 2253//1404 2254//1405 2263//1414
f 2251//1402 2260//1411 2259//1410
f 2252//1403 2253//1404 2262//1413
f 2254//1405 2255//1406 2264//1415
f 2250//1401 2259//1410 2266//1417
f 2260//1411 2269//1419 2268//1418
f 2261//1412 2262//1413 2271//1421
f 2263//1414 2264//1415 2273//1423
f 2259//1410 2268//1418 2275//1424
f 2261//1412 2270//1420 2269//1419
f 2262//1413 2263//1414 2272//1422
f 2270//1420 2271//1421 2153//1311
f 2272//1422 2273//1423 2156//1313
f 2268//1418 2147//1306 2284//1432
f 2270//1420 2151//7 2150//1309
f 2271//1421 2272//1422 2281//1429
f 2269//1419 2150//1309 2147//1306
f 2381//1489 2397//1526 2395//1524
f 2395//1524 2393//1505 2390//1520
f 2391//1521 2396//1525 2372//1505
f 2372//1505 2363//1496 2354//1489
f 3751//2877 3700//2843 3670//2836
f 3697//7 3677//2838 3680//2839
f 3748//2876 3680//2839 3684//2841
f 3697//7 3751//2877 3673//2837
f 3677//2838 3652//2832 3649//2831
f 3673//2837 3670//2836 3659//2834
f 3680//2839 3649//2831 3646//2830
f 3677//2838 3673//2837 3656//2833
f 3652//2832 3587//2827 3614//2828
f 3656//2833 3702//2844 3587//2827
f 3659//2834 3703//2845 3702//2844
f 3649//2831 3614//2828 3635//2829
f 3635//2829 3614//2828 3706//2847
f 3614//2828 3587//2827 3705//2846
f 3702//2844 3709//2849 3705//2846
f 3703//2845 3710//2850 3709//2849
f 3709//2849 3716//2853 3712//159
f 3710//2850 3717//2854 3716//2853
f 3706//2847 3705//2846 3712//159
f 3707//2848 3706//2847 3713//2851
f 3713//2851 3720//2856 3721//2857
f 3716//2853 3717//2854 3724//2859
f 3712//159 3719//2855 3720//2856
f 3712//159 3716//2853 3723//2858
f 3723//2858 3724//2859 3731//2865
f 3719//2855 3726//2860 3727//2861
f 3719//2855 3723//2858 3730//2864
f 3720//2856 3727//2861 3728//2862
f 3731//2865 3738//2870 3737//2869
f 3726//2860 3733//2866 3734//2867
f 3730//2864 3737//2869 3733//2866
f 3727//2861 3734//2867 3735//2868
f 3738//2870 3745//2875 3744//2874
f 3734//2867 3733//2866 3740//2871
f 3737//2869 3744//2874 3740//2871
f 3735//2868 3734//2867 3741//2872
f 3745//2875 3700//2843 3751//2877
f 3741//2872 3740//2871 3697//7
f 3744//2874 3751//2877 3697//7
f 3742//2873 3741//2872 3748//2876
f 3803//2877 3752//2843 3722//2836
f 3749//7 3729//2863 3732//2839
f 3800//2876 3732//2839 3736//2841
f 3749//7 3803//2877 3725//2837
f 3729//2863 3704//2832 3701//2831
f 3725//2837 3722//2836 3711//2834
f 3732//2839 3701//2831 3698//2830
f 3729//2863 3725//2837 3708//2833
f 3704//2832 3643//2827 3666//2835
f 3708//2833 3754//2844 3643//2827
f 3711//2834 3755//2845 3754//2844
f 3701//2831 3666//2835 3687//2829
f 3666//2835 3643//2827 3757//2878
f 3755//2845 3762//2850 3761//2849
f 3687//2829 3666//2835 3758//2847
f 3754//2844 3761//2849 3757//2878
f 3759//2848 3758//2847 3765//2851
f 3761//2849 3768//2853 3764//159
f 3758//2847 3757//2878 3764//159
f 3762//2850 3769//2854 3768//2853
f 3765//2851 3772//2856 3773//2857
f 3768//2853 3769//2854 3776//2859
f 3764//159 3771//2880 3772//2856
f 3764//159 3768//2853 3775//2858
f 3775//2858 3776//2859 3783//2865
f 3771//2880 3778//2860 3779//2861
f 3771//2880 3775//2858 3782//2864
f 3772//2856 3779//2861 3780//2862
f 3783//2865 3790//2870 3789//2869
f 3778//2860 3785//2866 3786//2867
f 3782//2864 3789//2869 3785//2866
f 3779//2861 3786//2867 3787//2868
f 3790//2870 3797//2875 3796//2874
f 3786//2867 3785//2866 3792//2881
f 3789//2869 3796//2874 3792//2881
f 3787//2868 3786//2867 3793//2872
f 3797//2875 3752//2843 3803//2877
f 3793//2872 3792//2881 3749//7
f 3796//2874 3803//2877 3749//7
f 3794//2873 3793//2872 3800//2876
f 3855//2877 3804//2843 3774//2836
f 3801//7 3781//2838 3784//2839
f 3852//2876 3784//2839 3788//2841
f 3801//7 3855//2877 3777//2837
f 3781//2838 3756//2832 3753//2831
f 3777//2837 3774//2836 3763//2834
f 3784//2839 3753//2831 3750//2830
f 3781//2838 3777//2837 3760//2879
f 3756//2832 3695//2827 3718//2828
f 3760//2879 3806//2844 3695//2827
f 3763//2834 3807//2845 3806//2844
f 3753//2831 3718//2828 3739//2829
f 3718//2828 3695//2827 3809//2846
f 3807//2845 3814//2850 3813//2849
f 3739//2829 3718//2828 3810//2847
f 3806//2844 3813//2849 3809//2846
f 3813//2849 3820//2853 3816//159
f 3810//2847 3809//2846 3816//159
f 3814//2850 3821//2854 3820//2853
f 3811//2848 3810//2847 3817//2851
f 3817//2851 3824//2856 3825//2857
f 3820//2853 3821//2854 3828//2859
f 3816//159 3823//2855 3824//2856
f 3816//159 3820//2853 3827//2858
f 3827//2858 3828//2859 3835//2865
f 3823//2855 3830//2860 3831//2861
f 3823//2855 3827//2858 3834//2864
f 3824//2856 3831//2861 3832//2862
f 3835//2865 3842//2870 3841//2869
f 3830//2860 3837//2866 3838//2867
f 3830//2860 3834//2864 3841//2869
f 3832//2862 3831//2861 3838//2867
f 3842//2870 3849//2875 3848//2874
f 3838//2867 3837//2866 3844//2871
f 3841//2869 3848//2874 3844//2871
f 3839//2868 3838//2867 3845//2872
f 3849//2875 3804//2843 3855//2877
f 3845//2872 3844//2871 3801//7
f 3848//2874 3855//2877 3801//7
f 3846//2873 3845//2872 3852//2876
f 3907//2877 3856//2843 3826//2836
f 3853//7 3833//2838 3836//2839
f 3904//2876 3836//2839 3840//2841
f 3853//7 3907//2877 3829//2837
f 3833//2838 3808//2832 3805//2831
f 3829//2837 3826//2836 3815//2834
f 3836//2839 3805//2831 3802//2830
f 3833//2838 3829//2837 3812//2833
f 3805//2831 3808//2832 3747//2827
f 3812//2833 3858//2844 3747//2827
f 3815//2834 3859//2845 3858//2844
f 3805//2831 3770//2835 3791//2829
f 3770//2835 3747//2827 3861//2846
f 3859//2845 3866//2850 3865//2849
f 3791//2829 3770//2835 3862//2847
f 3858//2844 3865//2849 3861//2846
f 3865//2849 3872//2853 3868//159
f 3862//2847 3861//2846 3868//159
f 3866//2850 3873//2854 3872//2853
f 3863//2848 3862//2847 3869//2851
f 3869//2851 3876//2856 3877//2857
f 3872//2853 3873//2854 3880//2859
f 3868//159 3875//2855 3876//2856
f 3868//159 3872//2853 3879//2858
f 3879//2858 3880//2859 3887//2865
f 3875//2855 3882//2860 3883//2861
f 3875//2855 3879//2858 3886//2864
f 3876//2856 3883//2861 3884//2862
f 3887//2865 3894//2870 3893//2869
f 3883//2861 3882//2860 3889//2866
f 3886//2864 3893//2869 3889//2866
f 3883//2861 3890//2867 3891//2868
f 3894//2870 3901//2875 3900//2874
f 3890//2867 3889//2866 3896//2871
f 3893//2869 3900//2874 3896//2871
f 3891//2868 3890//2867 3897//2872
f 3901//2875 3856//2843 3907//2877
f 3897//2872 3896//2871 3853//7
f 3900//2874 3907//2877 3853//7
f 3898//2873 3897//2872 3904//2876
f 3959//2877 3908//2843 3878//2836
f 3905//7 3885//2838 3888//2839
f 3956//2876 3888//2839 3892//2841
f 3905//7 3959//2877 3881//2837
f 3885//2838 3860//2832 3857//2831
f 3881//2837 3878//2836 3867//2834
f 3888//2839 3857//2831 3854//2830
f 3885//2838 3881//2837 3864//2833
f 3860//2832 3799//2827 3822//2835
f 3864//2833 3910//2844 3799//2827
f 3867//2834 3911//2845 3910//2844
f 3857//2831 3822//2835 3843//2829
f 3822//2835 3799//2827 3913//2846
f 3911//2845 3918//2850 3917//2849
f 3843//2829 3822//2835 3914//2847
f 3910//2844 3917//2849 3913//2846
f 3917//2849 3924//2853 3920//159
f 3914//2847 3913//2846 3920//159
f 3918//2850 3925//2854 3924//2853
f 3915//2848 3914//2847 3921//2851
f 3921//2851 3928//2856 3929//2857
f 3924//2853 3925//2854 3932//2859
f 3920//159 3927//2855 3928//2856
f 3920//159 3924//2853 3931//2858
f 3931//2858 3932//2859 3939//2865
f 3927//2855 3934//2860 3935//2861
f 3927//2855 3931//2858 3938//2864
f 3928//2856 3935//2861 3936//2862
f 3939//2865 3946//2870 3945//2869
f 3935//2861 3934//2860 3941//2866
f 3938//2864 3945//2869 3941//2866
f 3935//2861 3942//2867 3943//2868
f 3946//2870 3953//2875 3952//2874
f 3942//2867 3941//2866 3948//2871
f 3945//2869 3952//2874 3948//2871
f 3943//2868 3942//2867 3949//2872
f 3953//2875 3908//2843 3959//2877
f 3949//2872 3948//2871 3905//7
f 3952//2874 3959//2877 3905//7
f 3950//2873 3949//2872 3956//2876
f 4011//2877 3960//2843 3930//2836
f 3957//7 3937//2838 3940//2839
f 4008//2876 3940//2839 3944//2882
f 3957//7 4011//2877 3933//2837
f 3937//2838 3912//2832 3909//2831
f 3933//2837 3930//2836 3919//2834
f 3940//2839 3909//2831 3906//2830
f 3937//2838 3933//2837 3916//2833
f 3912//2832 3851//2827 3874//2835
f 3916//2833 3962//2844 3851//2827
f 3919//2834 3963//2845 3962//2844
f 3909//2831 3874//2835 3895//2829
f 3874//2835 3851//2827 3965//2846
f 3963//2845 3970//2850 3969//2849
f 3895//2829 3874//2835 3966//2847
f 3962//2844 3969//2849 3965//2846
f 3969//2849 3976//2853 3972//159
f 3966//2847 3965//2846 3972//159
f 3970//2850 3977//2854 3976//2853
f 3967//2848 3966//2847 3973//2851
f 3976//2853 3977//2854 3984//2859
f 3972//159 3979//2855 3980//2856
f 3972//159 3976//2853 3983//2858
f 3973//2851 3980//2856 3981//2857
f 3983//2858 3984//2859 3991//2865
f 3979//2855 3986//2860 3987//2861
f 3979//2855 3983//2858 3990//2864
f 3980//2856 3987//2861 3988//2862
f 3986//2860 3993//2866 3994//2867
f 3990//2864 3997//2869 3993//2866
f 3987//2861 3994//2867 3995//2868
f 3990//2864 3991//2865 3998//2870
f 3997//2869 4004//2874 4000//2871
f 3995//2868 3994//2867 4001//2872
f 3998//2870 4005//2875 4004//2874
f 3994//2867 3993//2866 4000//2871
f 4004//2874 4011//2877 3957//7
f 4002//2873 4001//2872 4008//2876
f 4005//2875 3960//2843 4011//2877
f 4001//2872 4000//2871 3957//7
f 4009//7 3989//2838 3992//2839
f 4062//2877 4012//2843 3982//2836
f 4009//7 4062//2877 3985//2837
f 4059//2876 3992//2839 3996//2841
f 3992//2839 3961//2831 3958//2830
f 3989//2838 3985//2837 3968//2833
f 3989//2838 3964//2832 3961//2831
f 3985//2837 3982//2836 3971//2834
f 3964//2832 3903//2827 3926//2835
f 3968//2833 4014//2844 3903//2827
f 3971//2834 4015//2845 4014//2844
f 3961//2831 3926//2835 3947//2829
f 3926//2835 3903//2827 4017//2846
f 4015//2845 4022//2850 4021//2849
f 3947//2829 3926//2835 4018//2847
f 4014//2844 4021//2849 4017//2846
f 4021//2849 4028//2853 4024//159
f 4018//2847 4017//2846 4024//159
f 4022//2850 4029//2854 4028//2853
f 4019//2848 4018//2847 4025//2851
f 4028//2853 4029//2854 4036//2859
f 4024//159 4031//2855 4032//2856
f 4024//159 4028//2853 4035//2858
f 4025//2851 4032//2856 4033//2857
f 4035//2858 4036//2859 4043//2865
f 4031//2855 4038//2860 4039//2861
f 4031//2855 4035//2858 4042//2864
f 4032//2856 4039//2861 4040//2862
f 4038//2860 4045//2866 4046//2867
f 4042//2864 4049//2869 4045//2866
f 4039//2861 4046//2867 4047//2868
f 4042//2864 4043//2865 4050//2870
f 4049//2869 4056//2874 4052//2871
f 4047//2868 4046//2867 4053//2872
f 4050//2870 4057//2875 4056//2874
f 4046//2867 4045//2866 4052//2871
f 4056//2874 4062//2877 4009//7
f 4054//2873 4053//2872 4059//2876
f 4057//2875 4012//2843 4062//2877
f 4053//2872 4052//2871 4009//7
f 4060//7 4041//2838 4044//2839
f 4109//2877 4063//2843 4034//2836
f 4060//7 4109//2877 4037//2837
f 4107//2876 4044//2839 4048//2841
f 4044//2839 4013//2831 4010//2830
f 4041//2838 4037//2837 4020//2833
f 4041//2838 4016//2832 4013//2831
f 4037//2837 4034//2836 4023//2834
f 4016//2832 3955//2827 3978//2835
f 4016//2832 4020//2833 4065//2844
f 4023//2834 4066//2845 4065//2844
f 4013//2831 3978//2835 3999//2829
f 4066//2845 4073//2850 4072//2849
f 3999//2829 3978//2835 4069//2847
f 3978//2835 3955//2827 4068//2846
f 4065//2844 4072//2849 4068//2846
f 4073//2850 4080//2854 4079//2853
f 4070//2848 4069//2847 4076//2851
f 4069//2847 4068//2846 4075//159
f 4072//2849 4079//2853 4075//159
f 4079//2853 4080//2854 4086//2859
f 4075//159 4081//2855 4082//2856
f 4075//159 4079//2853 4085//2858
f 4076//2851 4082//2856 4083//2857
f 4085//2858 4086//2859 4093//2865
f 4081//2855 4088//2860 4089//2861
f 4081//2855 4085//2858 4092//2883
f 4082//2856 4089//2861 4090//2862
f 4089//2861 4088//2860 4095//2866
f 4092//2883 4099//2869 4095//2866
f 4089//2861 4096//2867 4097//2868
f 4093//2865 4100//2870 4099//2869
f 4099//2869 4104//2874 4101//2871
f 4097//2868 4096//2867 4102//2872
f 4100//2870 4105//2875 4104//2874
f 4096//2867 4095//2866 4101//2871
f 4104//2874 4109//2877 4060//7
f 4103//2873 4102//2872 4107//2876
f 4105//2875 4063//2843 4109//2877
f 4102//2872 4101//2871 4060//7
f 4108//7 4091//2838 4094//2839
f 4144//2877 4110//2843 4084//2836
f 4108//7 4144//2877 4087//2837
f 4143//2876 4094//2839 4098//2841
f 4094//2839 4064//2831 4061//2830
f 4091//2838 4087//2837 4071//2833
f 4091//2838 4067//2832 4064//2831
f 4087//2837 4084//2836 4074//2834
f 4067//2832 4007//2827 4030//2835
f 4071//2833 4111//2844 4007//2827
f 4074//2834 4112//2845 4111//2844
f 4061//2830 4064//2831 4030//2835
f 4112//2845 4117//2850 4116//2849
f 4051//2829 4030//2835 4114//2847
f 4030//2835 4007//2827 4113//2846
f 4111//2844 4116//2849 4113//2846
f 4117//2850 4122//2854 4121//2853
f 4114//2847 4113//2846 4118//159
f 4116//2849 4121//2853 4118//159
f 4115//2848 4114//2847 4119//2851
f 4121//2853 4122//2854 4127//2859
f 4118//159 4123//2855 4124//2856
f 4118//159 4121//2853 4126//2858
f 4119//2851 4124//2856 4125//2857
f 4126//2858 4127//2859 4132//2865
f 4123//2855 4128//2860 4129//2884
f 4123//2855 4126//2858 4131//2864
f 4124//2856 4129//2884 4130//2862
f 4129//2884 4128//2860 4133//2866
f 4131//2864 4136//2869 4133//2866
f 4130//2862 4129//2884 4134//2867
f 4132//2865 4137//2870 4136//2869
f 4136//2869 4141//2874 4138//2871
f 4135//2868 4134//2867 4139//2872
f 4137//2870 4142//2875 4141//2874
f 4134//2867 4133//2866 4138//2871
f 4141//2874 4144//2877 4108//7
f 4140//2873 4139//2872 4143//2876
f 4142//2875 4110//2843 4144//2877
f 4139//2872 4138//2871 4108//7
usemtl Squirrel_cream
f 79//13 418//407 312//308
f 413//402 273//269 274//270
f 320//7 286//282 287//283
f 416//405 300//296 417//406
f 417//406 312//308 418//407
f 324//318 26//1 273//269
f 321//315 274//270 286//282
f 320//7 299//295 416//405
f 300//296 209//205 312//308
f 287//283 222//218 299//295
f 286//282 247//243 235//231
f 273//269 26//1 248//244
f 79//13 312//308 209//205
f 299//295 221//217 300//296
f 287//283 235//231 234//230
f 274//270 248//244 247//243
f 247//243 156//152 157//153
f 234//230 182//178 222//218
f 79//13 209//205 195//191
f 221//217 195//191 209//205
f 222//218 183//179 221//217
f 248//244 26//1 156//152
f 235//231 157//153 169//165
f 234//230 169//165 170//166
f 157//153 131//127 130//126
f 169//165 130//126 118//114
f 79//13 195//191 92//89
f 183//179 92//89 195//191
f 182//178 104//101 183//179
f 170//166 105//102 182//178
f 156//152 26//1 131//127
f 170//166 118//114 117//82
f 131//127 26//1 39//37
f 131//127 40//38 130//126
f 118//114 53//51 117//82
f 92//89 66//64 78//76
f 130//126 52//50 118//114
f 104//101 65//63 66//64
f 105//102 53//51 65//63
f 79//13 92//89 78//76
f 40//38 4//4 52//50
f 65//63 3//3 326//320
f 52//50 3//3 53//51
f 66//64 326//320 327//321
f 79//13 78//76 328//322
f 78//76 327//321 328//322
f 39//37 11//11 40//38
f 39//37 26//1 14//14
f 14//14 332//326 11//11
f 326//320 330//324 335//329
f 79//13 328//322 337//331
f 328//322 336//330 337//331
f 327//321 335//329 336//330
f 14//14 26//1 333//327
f 11//11 331//325 4//4
f 4//4 330//324 3//3
f 336//330 344//337 345//338
f 332//326 340//333 331//325
f 331//325 339//159 330//324
f 337//331 345//338 346//339
f 333//327 341//334 332//326
f 79//13 337//331 346//339
f 335//329 339//159 344//337
f 333//327 26//1 342//335
f 345//338 355//348 346//339
f 339//159 353//346 344//337
f 340//333 350//343 349//342
f 342//335 26//1 351//344
f 79//13 346//339 355//348
f 344//337 354//347 345//338
f 339//159 349//342 348//341
f 341//334 351//344 350//343
f 348//341 362//355 353//346
f 349//342 359//352 358//351
f 351//344 26//1 360//353
f 79//13 355//348 364//357
f 353//346 363//356 354//347
f 348//341 358//351 357//350
f 350//343 360//353 359//352
f 354//347 364//357 355//348
f 79//13 364//357 373//366
f 362//355 372//365 363//356
f 357//350 367//360 366//359
f 359//352 369//362 368//361
f 363//356 373//366 364//357
f 357//350 371//364 362//355
f 358//351 368//361 367//360
f 360//353 26//1 369//362
f 366//359 376//368 375//237
f 368//361 378//370 377//369
f 372//365 382//374 373//366
f 366//359 380//372 371//364
f 367//360 377//369 376//368
f 369//362 26//1 378//370
f 79//13 373//366 382//374
f 371//364 381//373 372//365
f 382//374 390//382 391//383
f 380//372 384//376 389//381
f 377//369 385//377 376//368
f 378//370 26//1 387//379
f 79//13 382//374 391//383
f 381//373 389//381 390//382
f 376//368 384//376 375//237
f 378//370 386//378 377//369
f 386//378 394//385 385//377
f 387//379 26//1 396//387
f 79//13 391//383 400//390
f 390//382 398//388 399//389
f 385//377 393//384 384//376
f 387//379 395//386 386//378
f 391//383 399//389 400//390
f 389//381 393//384 398//388
f 79//13 400//390 409//398
f 399//389 407//396 408//397
f 394//385 402//392 393//384
f 396//387 404//394 395//386
f 400//390 408//397 409//398
f 398//388 402//392 407//396
f 395//386 403//393 394//385
f 396//387 26//1 405//395
f 405//395 413//402 404//394
f 409//398 417//406 418//407
f 407//396 320//7 416//405
f 404//394 321//315 403//393
f 405//395 26//1 324//318
f 79//13 409//398 418//407
f 408//397 416//405 417//406
f 403//393 320//7 402//392
f 796//769 654//635 797//770
f 793//766 640//621 698//677
f 433//13 798//771 666//647
f 704//683 392//1 627//608
f 704//683 628//609 793//766
f 797//770 666//647 798//771
f 698//677 641//622 694//7
f 796//769 641//622 653//634
f 641//622 576//559 653//634
f 627//608 392//1 602//584
f 640//621 601//583 589//571
f 654//635 563//546 666//647
f 640//621 588//415 641//622
f 433//13 666//647 563//546
f 653//634 575//558 654//635
f 628//609 602//584 601//583
f 601//583 523//507 589//571
f 589//571 524//508 588//415
f 575//558 536//520 537//521
f 602//584 392//1 510//494
f 588//415 536//520 576//559
f 433//13 563//546 549//532
f 575//558 549//532 563//546
f 602//584 511//495 601//583
f 510//494 392//1 485//471
f 433//13 549//532 446//434
f 524//508 459//447 536//520
f 511//495 485//471 484//470
f 511//495 472//458 523//507
f 537//521 446//434 549//532
f 536//520 458//446 537//521
f 524//508 472//458 471//82
f 433//13 446//434 432//421
f 484//470 412//401 472//458
f 485//471 392//1 410//399
f 485//471 411//400 484//470
f 458//446 432//421 446//434
f 471//82 412//401 414//403
f 458//446 419//408 420//409
f 471//82 419//408 459//447
f 410//399 392//1 388//380
f 412//401 379//371 374//367
f 432//421 707//686 708//687
f 419//408 707//686 420//409
f 419//408 322//316 706//685
f 412//401 322//316 414//403
f 410//399 379//371 411//400
f 433//13 432//421 708//687
f 322//316 711//690 710//689
f 388//380 712//691 379//371
f 706//685 716//695 707//686
f 708//687 716//695 717//696
f 433//13 708//687 717//696
f 379//371 711//690 374//367
f 322//316 715//694 706//685
f 388//380 392//1 713//692
f 713//692 721//699 712//691
f 710//689 724//701 715//694
f 433//13 717//696 726//703
f 716//695 724//701 725//702
f 713//692 392//1 722//700
f 712//691 720//698 711//690
f 717//696 725//702 726//703
f 710//689 720//698 719//159
f 725//702 735//712 726//703
f 719//159 733//710 724//701
f 721//699 729//706 720//698
f 722//700 392//1 731//708
f 433//13 726//703 735//712
f 724//701 734//711 725//702
f 719//159 729//706 728//705
f 721//699 731//708 730//707
f 728//705 742//718 733//710
f 730//707 738//714 729//706
f 731//708 392//1 740//716
f 433//13 735//712 744//720
f 734//711 742//718 743//719
f 728//705 738//714 737//565
f 731//708 739//715 730//707
f 734//711 744//720 735//712
f 433//13 744//720 753//729
f 742//718 752//728 743//719
f 737//565 747//723 746//722
f 739//715 749//725 748//724
f 744//720 752//728 753//729
f 737//565 751//727 742//718
f 739//715 747//723 738//714
f 740//716 392//1 749//725
f 747//723 755//237 746//722
f 749//725 757//732 748//724
f 753//729 761//736 762//737
f 746//722 760//735 751//727
f 748//724 756//731 747//723
f 749//725 392//1 758//733
f 433//13 753//729 762//737
f 751//727 761//736 752//728
f 762//737 770//745 771//746
f 755//237 769//744 760//735
f 757//732 765//740 756//731
f 758//733 392//1 767//742
f 433//13 762//737 771//746
f 760//735 770//745 761//736
f 756//731 764//739 755//237
f 758//733 766//741 757//732
f 766//741 774//748 765//740
f 767//742 392//1 776//750
f 433//13 771//746 780//754
f 770//745 778//752 779//753
f 765//740 773//641 764//739
f 767//742 775//749 766//741
f 770//745 780//754 771//746
f 764//739 778//752 769//744
f 433//13 780//754 789//763
f 779//753 787//761 788//762
f 774//748 782//756 773//641
f 776//750 784//758 775//749
f 779//753 789//763 780//754
f 773//641 787//761 778//752
f 775//749 783//757 774//748
f 776//750 392//1 785//759
f 785//759 793//766 784//758
f 788//762 798//771 789//763
f 787//761 694//7 796//769
f 784//758 698//677 783//757
f 785//759 392//1 704//683
f 433//13 789//763 798//771
f 787//761 797//770 788//762
f 782//756 698//677 694//7
f 1258//1104 1214//1062 1218//1066
f 1223//1070 1124//1 1196//1044
f 1220//340 1198//1046 1205//1053
f 1220//340 1207//1055 1258//1104
f 1094//13 1218//1066 1214//1062
f 1261//1106 1196//1044 1198//1046
f 1094//13 1214//1062 1162//1011
f 1207//1055 1162//1011 1214//1062
f 1205//1053 1178//1027 1171//1020
f 1196//1044 1124//1 1180//1029
f 1205//1053 1169//1018 1207//1055
f 1198//1046 1180//1029 1178//1027
f 1180//1029 1135//986 1178//1027
f 1169//1018 1151//1001 1162//1011
f 1169//1018 1142//993 1144//995
f 1094//13 1162//1011 1151//1001
f 1171//1020 1135//986 1142//993
f 1180//1029 1124//1 1133//984
f 1094//13 1151//1001 1099//952
f 1135//986 1108//961 1142//993
f 1144//995 1108//961 1106//959
f 1151//1001 1106//959 1099//952
f 1133//984 1115//967 1135//986
f 1133//984 1124//1 1117//969
f 1106//959 1048//539 1080//935
f 1117//969 1226//1072 1115//967
f 1117//969 1124//1 1227//1073
f 1094//13 1099//952 1083//938
f 1099//952 1080//935 1083//938
f 1115//967 1048//539 1108//961
f 1094//13 1083//938 1231//1077
f 1226//1072 1234//1080 1233//1079
f 1048//539 1233//1079 1229//1075
f 1080//935 1231//1077 1083//938
f 1227//1073 1124//1 1234//1080
f 1048//539 1230//1076 1080//935
f 1229//1075 1237//1083 1230//1076
f 1229//1075 1240//1086 1236//1082
f 1094//13 1231//1077 1238//1084
f 1230//1076 1238//1084 1231//1077
f 1234//1080 1124//1 1241//1087
f 1233//1079 1241//1087 1240//1086
f 1241//1087 1124//1 1248//1094
f 1240//1086 1243//1089 1236//1082
f 1237//1083 1245//1091 1238//1084
f 1241//1087 1247//1093 1240//1086
f 1236//1082 1244//1090 1237//1083
f 1094//13 1238//1084 1245//1091
f 1248//1094 1124//1 1255//1101
f 1247//1093 1250//1096 1243//1089
f 1245//1091 1251//1097 1252//1098
f 1248//1094 1254//1100 1247//1093
f 1244//1090 1250//1096 1251//1097
f 1094//13 1245//1091 1252//1098
f 1254//1100 1220//340 1250//1096
f 1252//1098 1258//1104 1218//1066
f 1255//1101 1261//1106 1254//1100
f 1251//1097 1220//340 1258//1104
f 1094//13 1252//1098 1218//1066
f 1255//1101 1124//1 1223//1070
f 1479//1312 1414//1253 1416//1255
f 1476//1310 1432//1271 1436//1274
f 1441//1278 1342//1 1414//1253
f 1438//7 1416//1255 1423//1262
f 1438//7 1425//1264 1476//1310
f 1312//13 1436//1274 1432//1271
f 1416//1255 1398//1238 1396//1236
f 1312//13 1432//1271 1380//1220
f 1425//1264 1380//1220 1432//1271
f 1423//1262 1396//1236 1389//1229
f 1414//1253 1342//1 1398//1238
f 1423//1262 1387//1227 1425//1264
f 1398//1238 1342//1 1351//1191
f 1387//1227 1369//1209 1380//1220
f 1387//1227 1360//1200 1362//1202
f 1398//1238 1353//1193 1396//1236
f 1312//13 1380//1220 1369//1209
f 1396//1236 1360//1200 1389//1229
f 1351//1191 1342//1 1335//1176
f 1312//13 1369//1209 1317//1159
f 1353//1193 1326//1168 1360//1200
f 1362//1202 1326//1168 1324//1166
f 1369//1209 1324//1166 1317//1159
f 1351//1191 1333//1174 1353//1193
f 1324//1166 1266//159 1298//1141
f 1335//1176 1444//1281 1333//1174
f 1335//1176 1342//1 1445//1282
f 1312//13 1317//1159 1301//1144
f 1317//1159 1298//1141 1301//1144
f 1333//1174 1266//159 1326//1168
f 1445//1282 1342//1 1452//1289
f 1266//159 1448//1285 1298//1141
f 1312//13 1301//1144 1449//1286
f 1444//1281 1452//1289 1451//1288
f 1266//159 1451//1288 1447//1284
f 1298//1141 1449//1286 1301//1144
f 1452//1289 1342//1 1459//1296
f 1451//1288 1459//1296 1458//1295
f 1447//1284 1455//1292 1448//1285
f 1448//1285 1456//1293 1449//1286
f 1312//13 1449//1286 1456//1293
f 1447//1284 1458//1295 1454//1291
f 1459//1296 1342//1 1466//1302
f 1458//1295 1461//1297 1454//1291
f 1455//1292 1463//1299 1456//1293
f 1459//1296 1465//1301 1458//1295
f 1455//1292 1461//1297 1462//1298
f 1312//13 1456//1293 1463//1299
f 1466//1302 1342//1 1473//1308
f 1465//1301 1468//1303 1461//1297
f 1463//1299 1469//1304 1470//1305
f 1466//1302 1472//1307 1465//1301
f 1462//1298 1468//1303 1469//1304
f 1312//13 1463//1299 1470//1305
f 1473//1308 1342//1 1441//1278
f 1472//1307 1438//7 1468//1303
f 1470//1305 1476//1310 1436//1274
f 1473//1308 1479//1312 1472//1307
f 1469//1304 1438//7 1476//1310
f 1312//13 1470//1305 1436//1274
f 1601//1426 1580//1407 1582//1409
f 1510//13 1600//1425 1589//1416
f 1716//1522 1467//1 1562//1390
f 1716//1522 1564//1392 1606//1430
f 1604//1428 1573//1400 1603//7
f 1602//1427 1573//1400 1580//1407
f 1600//1425 1582//1409 1589//1416
f 1606//1430 1571//1398 1604//1428
f 1589//1416 1526//1357 1519//1350
f 1580//1407 1535//1365 1528//1359
f 1564//1392 1537//1367 1571//1398
f 1562//1390 1467//1 1546//1376
f 1510//13 1589//1416 1519//1350
f 1582//1409 1528//1359 1526//1357
f 1571//1398 1535//1365 1573//1400
f 1562//1390 1544//1374 1564//1392
f 1546//1376 1483//1316 1544//1374
f 1537//1367 1492//1325 1535//1365
f 1546//1376 1467//1 1481//1314
f 1510//13 1519//1350 1508//1340
f 1526//1357 1499//1331 1501//1333
f 1528//1359 1492//1325 1499//1331
f 1544//1374 1490//1323 1537//1367
f 1519//1350 1501//1333 1508//1340
f 1510//13 1508//1340 1614//1436
f 1501//1333 1612//1434 1613//1435
f 1483//1316 1610//1433 1490//1323
f 1490//1323 1611//82 1492//1325
f 1499//1331 1611//82 1612//1434
f 1508//1340 1613//1435 1614//1436
f 1481//1314 1435//1273 1483//1316
f 1481//1314 1467//1 1464//1300
f 1611//82 1621//1441 1612//1434
f 1612//1434 1622//1442 1613//1435
f 1613//1435 1623//1443 1614//1436
f 1435//1273 1617//1438 1616//1437
f 1510//13 1614//1436 1623//1443
f 1611//82 1619//1439 1620//1440
f 1610//1433 1616//1437 1619//1439
f 1464//1300 1467//1 1617//1438
f 1617//1438 1467//1 1626//1446
f 1620//1440 1630//1449 1621//1441
f 1619//1439 1625//1445 1628//1447
f 1510//13 1623//1443 1632//1451
f 1616//1437 1626//1446 1625//1445
f 1620//1440 1628//1447 1629//1448
f 1621//1441 1631//1450 1622//1442
f 1622//1442 1632//1451 1623//1443
f 1628//1447 1634//1452 1637//1455
f 1510//13 1632//1451 1641//1459
f 1630//1449 1640//1458 1631//1450
f 1625//1445 1635//1453 1634//1452
f 1629//1448 1637//1455 1638//1456
f 1631//1450 1641//1459 1632//1451
f 1629//1448 1639//1457 1630//1449
f 1626//1446 1467//1 1635//1453
f 1634//1452 1644//1461 1643//1460
f 1638//1456 1646//1462 1647//159
f 1640//1458 1650//1465 1641//1459
f 1638//1456 1648//1463 1639//1457
f 1635//1453 1467//1 1644//1461
f 1637//1455 1643//1460 1646//1462
f 1510//13 1641//1459 1650//1465
f 1639//1457 1649//1464 1640//1458
f 1646//1462 1656//1469 1647//159
f 1650//1465 1658//1471 1659//1472
f 1648//1463 1656//1469 1657//1470
f 1644//1461 1467//1 1653//1467
f 1643//1460 1655//1468 1646//1462
f 1510//13 1650//1465 1659//1472
f 1649//1464 1657//1470 1658//1471
f 1644//1461 1652//1466 1643//1460
f 1653//1467 1467//1 1662//1474
f 1652//1466 1664//1476 1655//1468
f 1510//13 1659//1472 1668//1480
f 1658//1471 1666//1478 1667//1479
f 1653//1467 1661//1473 1652//1466
f 1655//1468 1665//1477 1656//1469
f 1659//1472 1667//1479 1668//1480
f 1657//1470 1665//1477 1666//1478
f 1510//13 1668//1480 1677//1488
f 1667//1479 1675//1486 1676//1487
f 1662//1474 1670//1482 1661//1473
f 1664//1476 1674//1485 1665//1477
f 1668//1480 1676//1487 1677//1488
f 1666//1478 1674//1485 1675//1486
f 1662//1474 1467//1 1671//1483
f 1661//1473 1673//1484 1664//1476
f 1671//1483 1679//1490 1670//1482
f 1673//1484 1683//237 1674//1485
f 1677//1488 1685//1494 1686//1495
f 1675//1486 1683//237 1684//1493
f 1671//1483 1467//1 1680//1491
f 1670//1482 1682//1492 1673//1484
f 1510//13 1677//1488 1686//1495
f 1676//1487 1684//1493 1685//1494
f 1685//1494 1695//1504 1686//1495
f 1683//237 1693//1502 1684//1493
f 1680//1491 1467//1 1689//1498
f 1682//1492 1688//1497 1691//1500
f 1510//13 1686//1495 1695//1504
f 1684//1493 1694//1503 1685//1494
f 1679//1490 1689//1498 1688//1497
f 1683//237 1691//1500 1692//1501
f 1689//1498 1467//1 1698//1507
f 1691//1500 1697//1506 1700//1508
f 1510//13 1695//1504 1704//1512
f 1693//1502 1703//1511 1694//1503
f 1688//1497 1698//1507 1697//1506
f 1692//1501 1700//1508 1701//1509
f 1694//1503 1704//1512 1695//1504
f 1692//1501 1702//1510 1693//1502
f 1702//1510 1712//1518 1703//1511
f 1697//1506 1707//1514 1706//1513
f 1701//1509 1709//1515 1710//1516
f 1703//1511 1713//1519 1704//1512
f 1701//1509 1711//1517 1702//1510
f 1698//1507 1467//1 1707//1514
f 1700//1508 1706//1513 1709//1515
f 1510//13 1704//1512 1713//1519
f 1706//1513 1716//1522 1606//1430
f 1710//1516 1604//1428 1603//7
f 1712//1518 1600//1425 1713//1519
f 1710//1516 1602//1427 1711//1517
f 1707//1514 1467//1 1716//1522
f 1709//1515 1606//1430 1604//1428
f 1510//13 1713//1519 1600//1425
f 1711//1517 1601//1426 1712//1518
f 1937//1693 1872//1636 1874//1638
f 1934//1692 1890//1654 1894//1658
f 1899//1662 1800//1 1872//1636
f 1896//666 1874//1638 1881//1645
f 1896//666 1883//1647 1934//1692
f 1771//13 1894//1658 1890//1654
f 1874//1638 1856//1622 1854//1620
f 1771//13 1890//1654 1838//1604
f 1883//1647 1838//1604 1890//1654
f 1881//1645 1854//1620 1847//1613
f 1872//1636 1800//1 1856//1622
f 1881//1645 1845//1611 1883//1647
f 1856//1622 1800//1 1809//1577
f 1845//1611 1827//1594 1838//1604
f 1847//1613 1820//1588 1845//1611
f 1856//1622 1811//1579 1854//1620
f 1771//13 1838//1604 1827//1594
f 1854//1620 1818//1586 1847//1613
f 1809//1577 1800//1 1793//1562
f 1771//13 1827//1594 1775//1545
f 1811//1579 1784//1554 1818//1586
f 1820//1588 1784//1554 1782//1552
f 1827//1594 1782//1552 1775//1545
f 1809//1577 1791//1560 1811//1579
f 1782//1552 1724//514 1758//1536
f 1793//1562 1902//1664 1791//1560
f 1793//1562 1800//1 1903//1665
f 1771//13 1775//1545 1759//1537
f 1775//1545 1758//1536 1759//1537
f 1791//1560 1724//514 1784//1554
f 1903//1665 1800//1 1910//1671
f 1771//13 1759//1537 1907//1668
f 1758//1536 1907//1668 1759//1537
f 1902//1664 1910//1671 1909//1670
f 1724//514 1909//1670 1905//1666
f 1724//514 1906//1667 1758//1536
f 1909//1670 1917//1678 1916//1677
f 1906//1667 1914//1675 1907//1668
f 1910//1671 1800//1 1917//1678
f 1905//1666 1916//1677 1912//1673
f 1771//13 1907//1668 1914//1675
f 1905//1666 1913//1674 1906//1667
f 1917//1678 1800//1 1924//1685
f 1916//1677 1919//1680 1912//1673
f 1914//1675 1920//1681 1921//1682
f 1917//1678 1923//1684 1916//1677
f 1912//1673 1920//1681 1913//1674
f 1771//13 1914//1675 1921//1682
f 1924//1685 1800//1 1931//1690
f 1923//1684 1926//1686 1919//1680
f 1921//1682 1927//1687 1928//1688
f 1924//1685 1930//1689 1923//1684
f 1920//1681 1926//1686 1927//1687
f 1771//13 1921//1682 1928//1688
f 1931//1690 1800//1 1899//1662
f 1930//1689 1896//666 1926//1686
f 1928//1688 1934//1692 1894//1658
f 1931//1690 1937//1693 1930//1689
f 1927//1687 1896//666 1934//1692
f 1771//13 1928//1688 1894//1658
f 2155//1312 2090//1253 2092//1255
f 2114//7 2101//1264 2152//1310
f 1988//13 2112//1274 2108//1271
f 2117//1278 2018//1 2090//1253
f 2114//7 2092//1255 2099//1262
f 2152//1310 2108//1271 2112//1274
f 2099//1262 2063//1227 2101//1264
f 2092//1255 2074//1238 2072//1236
f 1988//13 2108//1271 2056//1220
f 2101//1264 2056//1220 2108//1271
f 2099//1262 2072//1236 2065//1229
f 2090//1253 2018//1 2074//1238
f 2072//1236 2036//1200 2065//1229
f 2074//1238 2018//1 2027//1191
f 2063//1227 2045//1209 2056//1220
f 2074//1238 2029//1193 2072//1236
f 2063//1227 2036//1200 2038//1202
f 1988//13 2056//1220 2045//1209
f 2027//1191 2018//1 2011//1176
f 1988//13 2045//1209 1993//1159
f 2029//1193 2002//1168 2036//1200
f 2038//1202 2002//1168 2000//1166
f 2045//1209 2000//1166 1993//1159
f 2027//1191 2009//1174 2029//1193
f 2009//1174 1942//159 2002//1168
f 2011//1176 2120//1281 2009//1174
f 2011//1176 2018//1 2121//1282
f 1988//13 1993//1159 1977//1144
f 2000//1166 1942//159 1974//1141
f 1993//1159 1974//1141 1977//1144
f 1988//13 1977//1144 2125//1286
f 1942//159 2124//1285 1974//1141
f 2120//1281 2128//1289 2127//1288
f 2121//1282 2018//1 2128//1289
f 1942//159 2127//1288 2123//1284
f 1974//1141 2125//1286 1977//1144
f 2128//1289 2018//1 2135//1296
f 2123//1284 2134//1295 2130//1291
f 2127//1288 2135//1296 2134//1295
f 1988//13 2125//1286 2132//1293
f 2124//1285 2132//1293 2125//1286
f 2123//1284 2131//1292 2124//1285
f 1988//13 2132//1293 2139//1299
f 2135//1296 2018//1 2142//1302
f 2134//1295 2137//1297 2130//1291
f 2131//1292 2139//1299 2132//1293
f 2135//1296 2141//1301 2134//1295
f 2131//1292 2137//1297 2138//1298
f 2142//1302 2018//1 2149//1308
f 2141//1301 2144//1303 2137//1297
f 2139//1299 2145//1304 2146//1305
f 2142//1302 2148//1307 2141//1301
f 2138//1298 2144//1303 2145//1304
f 1988//13 2139//1299 2146//1305
f 2149//1308 2018//1 2117//1278
f 2148//1307 2114//7 2144//1303
f 2146//1305 2152//1310 2112//1274
f 2149//1308 2155//1312 2148//1307
f 2145//1304 2114//7 2152//1310
f 1988//13 2146//1305 2112//1274
f 2276//1425 2258//1409 2265//1416
f 2392//1522 2240//1392 2282//1430
f 2280//1428 2249//1400 2279//7
f 2278//1427 2249//1400 2256//1407
f 2277//1426 2256//1407 2258//1409
f 2186//13 2276//1425 2265//1416
f 2392//1522 2143//1 2238//1390
f 2282//1430 2247//1398 2280//1428
f 2186//13 2265//1416 2195//1350
f 2258//1409 2204//1359 2202//1357
f 2247//1398 2211//1365 2249//1400
f 2238//1390 2220//1374 2240//1392
f 2265//1416 2202//1357 2195//1350
f 2256//1407 2211//1365 2204//1359
f 2240//1392 2213//1367 2247//1398
f 2238//1390 2143//1 2222//1376
f 2222//1376 2159//1316 2220//1374
f 2213//1367 2168//1325 2211//1365
f 2195//1350 2177//1333 2184//1340
f 2222//1376 2143//1 2157//1314
f 2202//1357 2175//1331 2177//1333
f 2204//1359 2168//1325 2175//1331
f 2220//1374 2166//1323 2213//1367
f 2186//13 2195//1350 2184//1340
f 2157//1314 2143//1 2140//1300
f 2177//1333 2288//1434 2289//1435
f 2186//13 2184//1340 2290//1436
f 2159//1316 2286//1433 2166//1323
f 2166//1323 2287//82 2168//1325
f 2175//1331 2287//82 2288//1434
f 2184//1340 2289//1435 2290//1436
f 2157//1314 2111//1273 2159//1316
f 2111//1273 2293//1438 2292//1437
f 2288//1434 2298//1442 2289//1435
f 2289//1435 2299//1443 2290//1436
f 2186//13 2290//1436 2299//1443
f 2287//82 2297//1441 2288//1434
f 2140//1300 2143//1 2293//1438
f 2287//82 2295//1439 2296//1440
f 2286//1433 2292//1437 2295//1439
f 2186//13 2299//1443 2308//1451
f 2292//1437 2302//1446 2301//1445
f 2296//1440 2306//1449 2297//1441
f 2296//1440 2304//1447 2305//1448
f 2298//1442 2308//1451 2299//1443
f 2297//1441 2307//1450 2298//1442
f 2293//1438 2143//1 2302//1446
f 2295//1439 2301//1445 2304//1447
f 2305//1448 2313//1455 2314//1456
f 2307//1450 2317//1459 2308//1451
f 2305//1448 2315//1457 2306//1449
f 2302//1446 2143//1 2311//1453
f 2304//1447 2310//1452 2313//1455
f 2186//13 2308//1451 2317//1459
f 2306//1449 2316//1458 2307//1450
f 2301//1445 2311//1453 2310//1452
f 2311//1453 2143//1 2320//1461
f 2313//1455 2319//1460 2322//1462
f 2186//13 2317//1459 2326//1465
f 2315//1457 2325//1464 2316//1458
f 2310//1452 2320//1461 2319//1460
f 2314//1456 2322//1462 2323//159
f 2316//1458 2326//1465 2317//1459
f 2314//1456 2324//1463 2315//1457
f 2186//13 2326//1465 2335//1472
f 2325//1464 2333//1470 2334//1471
f 2320//1461 2328//1466 2319//1460
f 2322//1462 2332//1469 2323//159
f 2326//1465 2334//1471 2335//1472
f 2324//1463 2332//1469 2333//1470
f 2320//1461 2143//1 2329//1467
f 2319//1460 2331//1468 2322//1462
f 2329//1467 2337//1473 2328//1466
f 2331//1468 2341//1477 2332//1469
f 2335//1472 2343//1479 2344//1480
f 2333//1470 2341//1477 2342//1478
f 2329//1467 2143//1 2338//1474
f 2328//1466 2340//1476 2331//1468
f 2186//13 2335//1472 2344//1480
f 2334//1471 2342//1478 2343//1479
f 2344//1480 2352//1487 2353//1488
f 2342//1478 2350//1485 2351//1486
f 2338//1474 2143//1 2347//1483
f 2337//1473 2349//1484 2340//1476
f 2186//13 2344//1480 2353//1488
f 2343//1479 2351//1486 2352//1487
f 2338//1474 2346//1482 2337//1473
f 2340//1476 2350//1485 2341//1477
f 2347//1483 2143//1 2356//1491
f 2346//1482 2358//1492 2349//1484
f 2186//13 2353//1488 2362//1495
f 2352//1487 2360//1493 2361//1494
f 2347//1483 2355//1490 2346//1482
f 2349//1484 2359//237 2350//1485
f 2353//1488 2361//1494 2362//1495
f 2351//1486 2359//237 2360//1493
f 2356//1491 2143//1 2365//1498
f 2360//1493 2370//1503 2361//1494
f 2358//1492 2364//1497 2367//1500
f 2359//237 2367//1500 2368//1501
f 2361//1494 2371//1504 2362//1495
f 2355//1490 2365//1498 2364//1497
f 2359//237 2369//1502 2360//1493
f 2186//13 2362//1495 2371//1504
f 2369//1502 2379//1511 2370//1503
f 2364//1497 2374//1507 2373//1506
f 2368//1501 2376//1508 2377//1509
f 2370//1503 2380//1512 2371//1504
f 2368//1501 2378//1510 2369//1502
f 2365//1498 2143//1 2374//1507
f 2367//1500 2373//1506 2376//1508
f 2186//13 2371//1504 2380//1512
f 2373//1506 2383//1514 2382//1513
f 2377//1509 2385//1515 2386//1516
f 2379//1511 2389//1519 2380//1512
f 2377//1509 2387//1517 2378//1510
f 2374//1507 2143//1 2383//1514
f 2376//1508 2382//1513 2385//1515
f 2186//13 2380//1512 2389//1519
f 2378//1510 2388//1518 2379//1511
f 2386//1516 2278//1427 2387//1517
f 2383//1514 2143//1 2392//1522
f 2385//1515 2282//1430 2280//1428
f 2186//13 2389//1519 2276//1425
f 2387//1517 2277//1426 2388//1518
f 2382//1513 2392//1522 2282//1430
f 2386//1516 2280//1428 2279//7
f 2388//1518 2276//1425 2389//1519
f 3421//2675 3372//2657 3420//2674
f 3420//2674 3369//2655 3418//2673
f 3418//2673 3366//2653 3417//2672
f 3417//2672 3363//2651 3415//2671
f 3415//2671 3356//2646 3414//2670
f 3356//2646 3411//2669 3414//2670
f 3355//2645 3407//2668 3411//2669
f 3334//2632 3404//2667 3407//2668
f 3404//2667 3422//2676 3400//2666
f 3400//2666 3423//2677 3397//2665
f 3397//2665 3424//2678 3393//2663
f 3393//2663 3425//2679 3390//2662
f 3390//2662 3426//2680 3386//2661
f 3426//2680 3383//2660 3386//2661
f 3427//2681 3379//2659 3383//2660
f 3428//2682 3421//2675 3379//2659
f 3376//2658 3430//2684 3372//2657
f 3372//2657 3431//2685 3369//2655
f 3369//2655 3432//2686 3366//2653
f 3366//2653 3433//2687 3363//2651
f 3433//2687 3356//2646 3363//2651
f 3434//2688 3355//2645 3356//2646
f 3435//2689 3334//2632 3355//2645
f 3436//2690 3307//2616 3334//2632
f 3437//2691 3422//2676 3307//2616
f 3438//2692 3423//2677 3422//2676
f 3439//2693 3424//2678 3423//2677
f 3440//2694 3425//2679 3424//2678
f 3425//2679 3442//2696 3426//2680
f 3426//2680 3443//2697 3427//2681
f 3427//2681 3444//2698 3428//2682
f 3428//2682 3429//2683 3376//2658
f 3429//2683 3446//2700 3430//2684
f 3430//2684 3447//2701 3431//2685
f 3431//2685 3448//2702 3432//2686
f 3432//2686 3449//2703 3433//2687
f 3449//2703 3434//2688 3433//2687
f 3450//2704 3435//2689 3434//2688
f 3451//2705 3436//2690 3435//2689
f 3452//2706 3437//2691 3436//2690
f 3453//2707 3438//2692 3437//2691
f 3454//2708 3439//2693 3438//2692
f 3455//2709 3440//2694 3439//2693
f 3456//2710 3441//2695 3440//2694
f 3441//2695 3458//2712 3442//2696
f 3442//2696 3459//2713 3443//2697
f 3443//2697 3460//2714 3444//2698
f 3444//2698 3445//2699 3429//2683
f 3461//2715 3446//2700 3445//2699
f 3462//2716 3447//2701 3446//2700
f 3463//2717 3448//2702 3447//2701
f 3464//2718 3449//2703 3448//2702
f 3449//2703 3466//2720 3450//2704
f 3450//2704 3467//2721 3451//2705
f 3451//2705 3468//2722 3452//2706
f 3452//2706 3469//2723 3453//2707
f 3453//2707 3470//2724 3454//2708
f 3454//2708 3471//2725 3455//2709
f 3455//2709 3472//2726 3456//2710
f 3456//2710 3473//2727 3457//2711
f 3473//2727 3458//2712 3457//2711
f 3474//2728 3459//2713 3458//2712
f 3475//2729 3460//2714 3459//2713
f 3476//2730 3445//2699 3460//2714
f 3477//2731 3462//2716 3461//2715
f 3478//2732 3463//2717 3462//2716
f 3479//2733 3464//2718 3463//2717
f 3480//2734 3465//2719 3464//2718
f 3465//2719 3482//2736 3466//2720
f 3466//2720 3483//2737 3467//2721
f 3467//2721 3484//2738 3468//2722
f 3468//2722 3485//2739 3469//2723
f 3469//2723 3486//2740 3470//2724
f 3470//2724 3487//2741 3471//2725
f 3471//2725 3488//2742 3472//2726
f 3472//2726 3489//2743 3473//2727
f 3489//2743 3474//2728 3473//2727
f 3490//2744 3475//2729 3474//2728
f 3491//2745 3476//2730 3475//2729
f 3492//2746 3461//2715 3476//2730
f 3493//2747 3478//2732 3477//2731
f 3494//2748 3479//2733 3478//2732
f 3495//2749 3480//2734 3479//2733
f 3496//2750 3481//2735 3480//2734
f 3481//2735 3498//2752 3482//2736
f 3482//2736 3499//2753 3483//2737
f 3483//2737 3500//2754 3484//2738
f 3484//2738 3501//2755 3485//2739
f 3485//2739 3502//2756 3486//2740
f 3486//2740 3503//2757 3487//2741
f 3487//2741 3504//2758 3488//2742
f 3488//2742 3505//2759 3489//2743
f 3505//2759 3490//2744 3489//2743
f 3506//2760 3491//2745 3490//2744
f 3507//2761 3492//2746 3491//2745
f 3508//2762 3477//2731 3492//2746
f 3509//2763 3494//2748 3493//2747
f 3510//2764 3495//2749 3494//2748
f 3511//2765 3496//2750 3495//2749
f 3512//2766 3497//2751 3496//2750
f 3497//2751 3514//2768 3498//2752
f 3498//2752 3515//2769 3499//2753
f 3499//2753 3516//2770 3500//2754
f 3500//2754 3517//2771 3501//2755
f 3501//2755 3518//2772 3502//2756
f 3502//2756 3519//2773 3503//2757
f 3503//2757 3520//2774 3504//2758
f 3504//2758 3521//2775 3505//2759
f 3521//2775 3506//2760 3505//2759
f 3522//2776 3507//2761 3506//2760
f 3523//2777 3508//2762 3507//2761
f 3524//2778 3493//2747 3508//2762
f 3525//2779 3510//2764 3509//2763
f 3526//2780 3511//2765 3510//2764
f 3527//2781 3512//2766 3511//2765
f 3528//2782 3513//2767 3512//2766
f 3513//2767 3530//2784 3514//2768
f 3514//2768 3531//2785 3515//2769
f 3515//2769 3532//2786 3516//2770
f 3516//2770 3533//2787 3517//2771
f 3517//2771 3534//2788 3518//2772
f 3518//2772 3535//2789 3519//2773
f 3519//2773 3536//2790 3520//2774
f 3520//2774 3537//2791 3521//2775
f 3537//2791 3522//2776 3521//2775
f 3538//2792 3523//2777 3522//2776
f 3539//2793 3524//2778 3523//2777
f 3540//2794 3509//2763 3524//2778
f 3541//2795 3526//2780 3525//2779
f 3542//2796 3527//2781 3526//2780
f 3543//2797 3528//2782 3527//2781
f 3544//2798 3529//2783 3528//2782
f 3529//2783 3546//2800 3530//2784
f 3530//2784 3547//2801 3531//2785
f 3531//2785 3548//2802 3532//2786
f 3532//2786 3549//2803 3533//2787
f 3533//2787 3550//2804 3534//2788
f 3534//2788 3551//2805 3535//2789
f 3535//2789 3552//2806 3536//2790
f 3536//2790 3553//2807 3537//2791
f 3553//2807 3538//2792 3537//2791
f 3554//2808 3539//2793 3538//2792
f 3555//2809 3540//2794 3539//2793
f 3556//2810 3525//2779 3540//2794
f 3541//2795 3558//2812 3542//2796
f 3542//2796 3559//2813 3543//2797
f 3543//2797 3560//2814 3544//2798
f 3544//2798 3561//2815 3545//2799
f 3561//2815 3546//2800 3545//2799
f 3562//2816 3547//2801 3546//2800
f 3563//2817 3548//2802 3547//2801
f 3564//2818 3549//2803 3548//2802
f 3565//2819 3550//2804 3549//2803
f 3566//2820 3551//2805 3550//2804
f 3567//2821 3552//2806 3551//2805
f 3568//2822 3553//2807 3552//2806
f 3553//2807 3570//2824 3554//2808
f 3554//2808 3571//2825 3555//2809
f 3555//2809 3572//2826 3556//2810
f 3556//2810 3557//2811 3541//2795
f 3417//2672 3407//2668 3393//2663
f 3570//2824 3566//2820 3562//2816
f 3647//2654 3585//2615 3578//2610
f 3576//7 3582//2613 3583//1938
f 3574//2608 3573//1 3581//2612
f 3579//13 3578//2610 3585//2615
f 3576//7 3584//2614 3647//2654
f 3574//2608 3582//2613 3645//2652
f 3579//13 3585//2615 3592//2620
f 3584//2614 3590//1909 3591//2619
f 3582//2613 3588//2617 3589//2618
f 3584//2614 3592//2620 3585//2615
f 3582//2613 3590//1909 3583//1938
f 3581//2612 3573//1 3588//2617
f 3579//13 3592//2620 3599//2611
f 3590//1909 3598//2609 3591//2619
f 3588//2617 3596//2623 3589//2618
f 3591//2619 3599//2611 3592//2620
f 3590//1909 3596//2623 3597//1882
f 3588//2617 3573//1 3595//2622
f 3579//13 3599//2611 3606//2627
f 3597//1882 3605//2626 3598//2609
f 3595//2622 3603//2625 3596//2623
f 3598//2609 3606//2627 3599//2611
f 3597//1882 3603//2625 3604//1854
f 3595//2622 3573//1 3602//2624
f 3605//2626 3611//159 3612//2630
f 3602//2624 3610//2629 3603//2625
f 3605//2626 3613//2631 3606//2627
f 3603//2625 3611//159 3604//1854
f 3602//2624 3573//1 3609//2628
f 3579//13 3606//2627 3613//2631
f 3609//2628 3617//2634 3610//2629
f 3612//2630 3620//2636 3613//2631
f 3610//2629 3618//1958 3611//159
f 3609//2628 3573//1 3616//2633
f 3579//13 3613//2631 3620//2636
f 3611//159 3619//2635 3612//2630
f 3619//2635 3627//2640 3620//2636
f 3617//2634 3625//1965 3618//1958
f 3616//2633 3573//1 3623//2637
f 3579//13 3620//2636 3627//2640
f 3619//2635 3625//1965 3626//2664
f 3616//2633 3624//2638 3617//2634
f 3626//2664 3634//2644 3627//2640
f 3624//2638 3632//1972 3625//1965
f 3623//2637 3573//1 3630//2641
f 3579//13 3627//2640 3634//2644
f 3625//1965 3633//2643 3626//2664
f 3623//2637 3631//2642 3624//2638
f 3634//2644 3640//2649 3641//2650
f 3631//2642 3639//1979 3632//1972
f 3630//2641 3573//1 3637//2647
f 3579//13 3634//2644 3641//2650
f 3633//2643 3639//1979 3640//2649
f 3631//2642 3637//2647 3638//2648
f 3640//2649 3578//2610 3641//2650
f 3638//2648 3576//7 3639//1979
f 3637//2647 3573//1 3574//2608
f 3579//13 3641//2650 3578//2610
f 3639//1979 3647//2654 3640//2649
f 3637//2647 3645//2652 3638//2648
f 3648//2608 3621//2613 3699//2652
f 3586//13 3642//2610 3629//2615
f 3648//2608 3608//1 3615//2612
f 3699//2652 3622//1938 3644//7
f 3644//7 3628//2614 3696//2654
f 3696//2654 3629//2615 3642//2610
f 3622//1938 3594//2621 3628//2614
f 3621//2613 3607//2617 3601//2618
f 3628//2614 3593//2620 3629//2615
f 3621//2613 3600//1909 3622//1938
f 3615//2612 3608//1 3607//2617
f 3586//13 3629//2615 3593//2620
f 3607//2617 3650//2623 3601//2618
f 3600//1909 3577//2609 3594//2621
f 3586//13 3593//2620 3580//2611
f 3600//1909 3650//2623 3575//1882
f 3607//2617 3608//1 3651//2622
f 3594//2621 3580//2611 3593//2620
f 3651//2622 3608//1 3658//2624
f 3650//2623 3653//1854 3575//1882
f 3586//13 3580//2611 3655//2627
f 3651//2622 3657//2625 3650//2623
f 3575//1882 3654//2626 3577//2609
f 3577//2609 3655//2627 3580//2611
f 3658//2624 3608//1 3665//2628
f 3654//2626 3662//2631 3655//2627
f 3658//2624 3664//2629 3657//2625
f 3657//2625 3660//159 3653//1854
f 3586//13 3655//2627 3662//2631
f 3653//1854 3661//2630 3654//2626
f 3661//2630 3669//2636 3662//2631
f 3665//2628 3671//2634 3664//2629
f 3660//159 3668//2635 3661//2630
f 3586//13 3662//2631 3669//2636
f 3665//2628 3608//1 3672//2633
f 3664//2629 3667//1958 3660//159
f 3671//2634 3679//2637 3678//2638
f 3668//2635 3674//1965 3675//2664
f 3586//13 3669//2636 3676//2640
f 3672//2633 3608//1 3679//2637
f 3667//1958 3678//2638 3674//1965
f 3668//2635 3676//2640 3669//2636
f 3679//2637 3685//2642 3678//2638
f 3675//2664 3681//1972 3682//2840
f 3586//13 3676//2640 3683//2644
f 3679//2637 3608//1 3686//2641
f 3678//2638 3681//1972 3674//1965
f 3675//2664 3683//2644 3676//2640
f 3686//2641 3692//2648 3685//2642
f 3682//2840 3688//1979 3689//2649
f 3586//13 3683//2644 3690//2650
f 3686//2641 3608//1 3693//2647
f 3685//2642 3688//1979 3681//1972
f 3682//2840 3690//2650 3683//2644
f 3692//2648 3648//2608 3699//2652
f 3688//1979 3696//2654 3689//2649
f 3586//13 3690//2650 3642//2610
f 3693//2647 3608//1 3648//2608
f 3692//2648 3644//7 3688//1979
f 3689//2649 3642//2610 3690//2650
f 413//402 324//318 273//269
f 320//7 321//315 286//282
f 416//405 299//295 300//296
f 417//406 300//296 312//308
f 321//315 413//402 274//270
f 320//7 287//283 299//295
f 300//296 221//217 209//205
f 287//283 234//230 222//218
f 286//282 274//270 247//243
f 299//295 222//218 221//217
f 287//283 286//282 235//231
f 274//270 273//269 248//244
f 247//243 248//244 156//152
f 234//230 170//166 182//178
f 221//217 183//179 195//191
f 222//218 182//178 183//179
f 235//231 247//243 157//153
f 234//230 235//231 169//165
f 157//153 156//152 131//127
f 169//165 157//153 130//126
f 183//179 104//101 92//89
f 182//178 105//102 104//101
f 170//166 117//82 105//102
f 170//166 169//165 118//114
f 131//127 39//37 40//38
f 118//114 52//50 53//51
f 92//89 104//101 66//64
f 130//126 40//38 52//50
f 104//101 105//102 65//63
f 105//102 117//82 53//51
f 40//38 11//11 4//4
f 65//63 53//51 3//3
f 52//50 4//4 3//3
f 66//64 65//63 326//320
f 78//76 66//64 327//321
f 39//37 14//14 11//11
f 14//14 333//327 332//326
f 326//320 3//3 330//324
f 328//322 327//321 336//330
f 327//321 326//320 335//329
f 11//11 332//326 331//325
f 4//4 331//325 330//324
f 336//330 335//329 344//337
f 332//326 341//334 340//333
f 331//325 340//333 339//159
f 337//331 336//330 345//338
f 333//327 342//335 341//334
f 335//329 330//324 339//159
f 345//338 354//347 355//348
f 339//159 348//341 353//346
f 340//333 341//334 350//343
f 344//337 353//346 354//347
f 339//159 340//333 349//342
f 341//334 342//335 351//344
f 348//341 357//350 362//355
f 349//342 350//343 359//352
f 353//346 362//355 363//356
f 348//341 349//342 358//351
f 350//343 351//344 360//353
f 354//347 363//356 364//357
f 362//355 371//364 372//365
f 357//350 358//351 367//360
f 359//352 360//353 369//362
f 363//356 372//365 373//366
f 357//350 366//359 371//364
f 358//351 359//352 368//361
f 366//359 367//360 376//368
f 368//361 369//362 378//370
f 372//365 381//373 382//374
f 366//359 375//237 380//372
f 367//360 368//361 377//369
f 371//364 380//372 381//373
f 382//374 381//373 390//382
f 380//372 375//237 384//376
f 377//369 386//378 385//377
f 381//373 380//372 389//381
f 376//368 385//377 384//376
f 378//370 387//379 386//378
f 386//378 395//386 394//385
f 390//382 389//381 398//388
f 385//377 394//385 393//384
f 387//379 396//387 395//386
f 391//383 390//382 399//389
f 389//381 384//376 393//384
f 399//389 398//388 407//396
f 394//385 403//393 402//392
f 396//387 405//395 404//394
f 400//390 399//389 408//397
f 398//388 393//384 402//392
f 395//386 404//394 403//393
f 405//395 324//318 413//402
f 409//398 408//397 417//406
f 407//396 402//392 320//7
f 404//394 413//402 321//315
f 408//397 407//396 416//405
f 403//393 321//315 320//7
f 796//769 653//634 654//635
f 793//766 628//609 640//621
f 704//683 627//608 628//609
f 797//770 654//635 666//647
f 698//677 640//621 641//622
f 796//769 694//7 641//622
f 641//622 588//415 576//559
f 640//621 628//609 601//583
f 654//635 575//558 563//546
f 640//621 589//571 588//415
f 653//634 576//559 575//558
f 628//609 627//608 602//584
f 601//583 511//495 523//507
f 589//571 523//507 524//508
f 575//558 576//559 536//520
f 588//415 524//508 536//520
f 575//558 537//521 549//532
f 602//584 510//494 511//495
f 524//508 471//82 459//447
f 511//495 510//494 485//471
f 511//495 484//470 472//458
f 537//521 458//446 446//434
f 536//520 459//447 458//446
f 524//508 523//507 472//458
f 484//470 411//400 412//401
f 485//471 410//399 411//400
f 458//446 420//409 432//421
f 471//82 472//458 412//401
f 458//446 459//447 419//408
f 471//82 414//403 419//408
f 412//401 411//400 379//371
f 432//421 420//409 707//686
f 419//408 706//685 707//686
f 419//408 414//403 322//316
f 412//401 374//367 322//316
f 410//399 388//380 379//371
f 322//316 374//367 711//690
f 388//380 713//692 712//691
f 706//685 715//694 716//695
f 708//687 707//686 716//695
f 379//371 712//691 711//690
f 322//316 710//689 715//694
f 713//692 722//700 721//699
f 710//689 719//159 724//701
f 716//695 715//694 724//701
f 712//691 721//699 720//698
f 717//696 716//695 725//702
f 710//689 711//690 720//698
f 725//702 734//711 735//712
f 719//159 728//705 733//710
f 721//699 730//707 729//706
f 724//701 733//710 734//711
f 719//159 720//698 729//706
f 721//699 722//700 731//708
f 728//705 737//565 742//718
f 730//707 739//715 738//714
f 734//711 733//710 742//718
f 728//705 729//706 738//714
f 731//708 740//716 739//715
f 734//711 743//719 744//720
f 742//718 751//727 752//728
f 737//565 738//714 747//723
f 739//715 740//716 749//725
f 744//720 743//719 752//728
f 737//565 746//722 751//727
f 739//715 748//724 747//723
f 747//723 756//731 755//237
f 749//725 758//733 757//732
f 753//729 752//728 761//736
f 746//722 755//237 760//735
f 748//724 757//732 756//731
f 751//727 760//735 761//736
f 762//737 761//736 770//745
f 755//237 764//739 769//744
f 757//732 766//741 765//740
f 760//735 769//744 770//745
f 756//731 765//740 764//739
f 758//733 767//742 766//741
f 766//741 775//749 774//748
f 770//745 769//744 778//752
f 765//740 774//748 773//641
f 767//742 776//750 775//749
f 770//745 779//753 780//754
f 764//739 773//641 778//752
f 779//753 778//752 787//761
f 774//748 783//757 782//756
f 776//750 785//759 784//758
f 779//753 788//762 789//763
f 773//641 782//756 787//761
f 775//749 784//758 783//757
f 785//759 704//683 793//766
f 788//762 797//770 798//771
f 787//761 782//756 694//7
f 784//758 793//766 698//677
f 787//761 796//769 797//770
f 782//756 783//757 698//677
f 1258//1104 1207//1055 1214//1062
f 1220//340 1261//1106 1198//1046
f 1220//340 1205//1053 1207//1055
f 1261//1106 1223//1070 1196//1044
f 1207//1055 1169//1018 1162//1011
f 1205//1053 1198//1046 1178//1027
f 1205//1053 1171//1020 1169//1018
f 1198//1046 1196//1044 1180//1029
f 1180//1029 1133//984 1135//986
f 1169//1018 1144//995 1151//1001
f 1169//1018 1171//1020 1142//993
f 1171//1020 1178//1027 1135//986
f 1135//986 1115//967 1108//961
f 1144//995 1142//993 1108//961
f 1151//1001 1144//995 1106//959
f 1133//984 1117//969 1115//967
f 1106//959 1108//961 1048//539
f 1117//969 1227//1073 1226//1072
f 1099//952 1106//959 1080//935
f 1115//967 1226//1072 1048//539
f 1226//1072 1227//1073 1234//1080
f 1048//539 1226//1072 1233//1079
f 1080//935 1230//1076 1231//1077
f 1048//539 1229//1075 1230//1076
f 1229//1075 1236//1082 1237//1083
f 1229//1075 1233//1079 1240//1086
f 1230//1076 1237//1083 1238//1084
f 1233//1079 1234//1080 1241//1087
f 1240//1086 1247//1093 1243//1089
f 1237//1083 1244//1090 1245//1091
f 1241//1087 1248//1094 1247//1093
f 1236//1082 1243//1089 1244//1090
f 1247//1093 1254//1100 1250//1096
f 1245//1091 1244//1090 1251//1097
f 1248//1094 1255//1101 1254//1100
f 1244//1090 1243//1089 1250//1096
f 1254//1100 1261//1106 1220//340
f 1252//1098 1251//1097 1258//1104
f 1255//1101 1223//1070 1261//1106
f 1251//1097 1250//1096 1220//340
f 1479//1312 1441//1278 1414//1253
f 1476//1310 1425//1264 1432//1271
f 1438//7 1479//1312 1416//1255
f 1438//7 1423//1262 1425//1264
f 1416//1255 1414//1253 1398//1238
f 1425//1264 1387//1227 1380//1220
f 1423//1262 1416//1255 1396//1236
f 1423//1262 1389//1229 1387//1227
f 1387//1227 1362//1202 1369//1209
f 1387//1227 1389//1229 1360//1200
f 1398//1238 1351//1191 1353//1193
f 1396//1236 1353//1193 1360//1200
f 1353//1193 1333//1174 1326//1168
f 1362//1202 1360//1200 1326//1168
f 1369//1209 1362//1202 1324//1166
f 1351//1191 1335//1176 1333//1174
f 1324//1166 1326//1168 1266//159
f 1335//1176 1445//1282 1444//1281
f 1317//1159 1324//1166 1298//1141
f 1333//1174 1444//1281 1266//159
f 1266//159 1447//1284 1448//1285
f 1444//1281 1445//1282 1452//1289
f 1266//159 1444//1281 1451//1288
f 1298//1141 1448//1285 1449//1286
f 1451//1288 1452//1289 1459//1296
f 1447//1284 1454//1291 1455//1292
f 1448//1285 1455//1292 1456//1293
f 1447//1284 1451//1288 1458//1295
f 1458//1295 1465//1301 1461//1297
f 1455//1292 1462//1298 1463//1299
f 1459//1296 1466//1302 1465//1301
f 1455//1292 1454//1291 1461//1297
f 1465//1301 1472//1307 1468//1303
f 1463//1299 1462//1298 1469//1304
f 1466//1302 1473//1308 1472//1307
f 1462//1298 1461//1297 1468//1303
f 1472//1307 1479//1312 1438//7
f 1470//1305 1469//1304 1476//1310
f 1473//1308 1441//1278 1479//1312
f 1469//1304 1468//1303 1438//7
f 1601//1426 1602//1427 1580//1407
f 1716//1522 1562//1390 1564//1392
f 1604//1428 1571//1398 1573//1400
f 1602//1427 1603//7 1573//1400
f 1600//1425 1601//1426 1582//1409
f 1606//1430 1564//1392 1571//1398
f 1589//1416 1582//1409 1526//1357
f 1580//1407 1573//1400 1535//1365
f 1564//1392 1544//1374 1537//1367
f 1582//1409 1580//1407 1528//1359
f 1571//1398 1537//1367 1535//1365
f 1562//1390 1546//1376 1544//1374
f 1546//1376 1481//1314 1483//1316
f 1537//1367 1490//1323 1492//1325
f 1526//1357 1528//1359 1499//1331
f 1528//1359 1535//1365 1492//1325
f 1544//1374 1483//1316 1490//1323
f 1519//1350 1526//1357 1501//1333
f 1501//1333 1499//1331 1612//1434
f 1483//1316 1435//1273 1610//1433
f 1490//1323 1610//1433 1611//82
f 1499//1331 1492//1325 1611//82
f 1508//1340 1501//1333 1613//1435
f 1481//1314 1464//1300 1435//1273
f 1611//82 1620//1440 1621//1441
f 1612//1434 1621//1441 1622//1442
f 1613//1435 1622//1442 1623//1443
f 1435//1273 1464//1300 1617//1438
f 1611//82 1610//1433 1619//1439
f 1610//1433 1435//1273 1616//1437
f 1620//1440 1629//1448 1630//1449
f 1619//1439 1616//1437 1625//1445
f 1616//1437 1617//1438 1626//1446
f 1620//1440 1619//1439 1628//1447
f 1621//1441 1630//1449 1631//1450
f 1622//1442 1631//1450 1632//1451
f 1628//1447 1625//1445 1634//1452
f 1630//1449 1639//1457 1640//1458
f 1625//1445 1626//1446 1635//1453
f 1629//1448 1628//1447 1637//1455
f 1631//1450 1640//1458 1641//1459
f 1629//1448 1638//1456 1639//1457
f 1634//1452 1635//1453 1644//1461
f 1638//1456 1637//1455 1646//1462
f 1640//1458 1649//1464 1650//1465
f 1638//1456 1647//159 1648//1463
f 1637//1455 1634//1452 1643//1460
f 1639//1457 1648//1463 1649//1464
f 1646//1462 1655//1468 1656//1469
f 1650//1465 1649//1464 1658//1471
f 1648//1463 1647//159 1656//1469
f 1643//1460 1652//1466 1655//1468
f 1649//1464 1648//1463 1657//1470
f 1644//1461 1653//1467 1652//1466
f 1652//1466 1661//1473 1664//1476
f 1658//1471 1657//1470 1666//1478
f 1653//1467 1662//1474 1661//1473
f 1655//1468 1664//1476 1665//1477
f 1659//1472 1658//1471 1667//1479
f 1657//1470 1656//1469 1665//1477
f 1667//1479 1666//1478 1675//1486
f 1662//1474 1671//1483 1670//1482
f 1664//1476 1673//1484 1674//1485
f 1668//1480 1667//1479 1676//1487
f 1666//1478 1665//1477 1674//1485
f 1661//1473 1670//1482 1673//1484
f 1671//1483 1680//1491 1679//1490
f 1673//1484 1682//1492 1683//237
f 1677//1488 1676//1487 1685//1494
f 1675//1486 1674//1485 1683//237
f 1670//1482 1679//1490 1682//1492
f 1676//1487 1675//1486 1684//1493
f 1685//1494 1694//1503 1695//1504
f 1683//237 1692//1501 1693//1502
f 1682//1492 1679//1490 1688//1497
f 1684//1493 1693//1502 1694//1503
f 1679//1490 1680//1491 1689//1498
f 1683//237 1682//1492 1691//1500
f 1691//1500 1688//1497 1697//1506
f 1693//1502 1702//1510 1703//1511
f 1688//1497 1689//1498 1698//1507
f 1692//1501 1691//1500 1700//1508
f 1694//1503 1703//1511 1704//1512
f 1692//1501 1701//1509 1702//1510
f 1702//1510 1711//1517 1712//1518
f 1697//1506 1698//1507 1707//1514
f 1701//1509 1700//1508 1709//1515
f 1703//1511 1712//1518 1713//1519
f 1701//1509 1710//1516 1711//1517
f 1700//1508 1697//1506 1706//1513
f 1706//1513 1707//1514 1716//1522
f 1710//1516 1709//1515 1604//1428
f 1712//1518 1601//1426 1600//1425
f 1710//1516 1603//7 1602//1427
f 1709//1515 1706//1513 1606//1430
f 1711//1517 1602//1427 1601//1426
f 1937//1693 1899//1662 1872//1636
f 1934//1692 1883//1647 1890//1654
f 1896//666 1937//1693 1874//1638
f 1896//666 1881//1645 1883//1647
f 1874//1638 1872//1636 1856//1622
f 1883//1647 1845//1611 1838//1604
f 1881//1645 1874//1638 1854//1620
f 1881//1645 1847//1613 1845//1611
f 1845//1611 1820//1588 1827//1594
f 1847//1613 1818//1586 1820//1588
f 1856//1622 1809//1577 1811//1579
f 1854//1620 1811//1579 1818//1586
f 1811//1579 1791//1560 1784//1554
f 1820//1588 1818//1586 1784//1554
f 1827//1594 1820//1588 1782//1552
f 1809//1577 1793//1562 1791//1560
f 1782//1552 1784//1554 1724//514
f 1793//1562 1903//1665 1902//1664
f 1775//1545 1782//1552 1758//1536
f 1791//1560 1902//1664 1724//514
f 1758//1536 1906//1667 1907//1668
f 1902//1664 1903//1665 1910//1671
f 1724//514 1902//1664 1909//1670
f 1724//514 1905//1666 1906//1667
f 1909//1670 1910//1671 1917//1678
f 1906//1667 1913//1674 1914//1675
f 1905//1666 1909//1670 1916//1677
f 1905//1666 1912//1673 1913//1674
f 1916//1677 1923//1684 1919//1680
f 1914//1675 1913//1674 1920//1681
f 1917//1678 1924//1685 1923//1684
f 1912//1673 1919//1680 1920//1681
f 1923//1684 1930//1689 1926//1686
f 1921//1682 1920//1681 1927//1687
f 1924//1685 1931//1690 1930//1689
f 1920//1681 1919//1680 1926//1686
f 1930//1689 1937//1693 1896//666
f 1928//1688 1927//1687 1934//1692
f 1931//1690 1899//1662 1937//1693
f 1927//1687 1926//1686 1896//666
f 2155//1312 2117//1278 2090//1253
f 2114//7 2099//1262 2101//1264
f 2114//7 2155//1312 2092//1255
f 2152//1310 2101//1264 2108//1271
f 2099//1262 2065//1229 2063//1227
f 2092//1255 2090//1253 2074//1238
f 2101//1264 2063//1227 2056//1220
f 2099//1262 2092//1255 2072//1236
f 2072//1236 2029//1193 2036//1200
f 2063//1227 2038//1202 2045//1209
f 2074//1238 2027//1191 2029//1193
f 2063//1227 2065//1229 2036//1200
f 2029//1193 2009//1174 2002//1168
f 2038//1202 2036//1200 2002//1168
f 2045//1209 2038//1202 2000//1166
f 2027//1191 2011//1176 2009//1174
f 2009//1174 2120//1281 1942//159
f 2011//1176 2121//1282 2120//1281
f 2000//1166 2002//1168 1942//159
f 1993//1159 2000//1166 1974//1141
f 1942//159 2123//1284 2124//1285
f 2120//1281 2121//1282 2128//1289
f 1942//159 2120//1281 2127//1288
f 1974//1141 2124//1285 2125//1286
f 2123//1284 2127//1288 2134//1295
f 2127//1288 2128//1289 2135//1296
f 2124//1285 2131//1292 2132//1293
f 2123//1284 2130//1291 2131//1292
f 2134//1295 2141//1301 2137//1297
f 2131//1292 2138//1298 2139//1299
f 2135//1296 2142//1302 2141//1301
f 2131//1292 2130//1291 2137//1297
f 2141//1301 2148//1307 2144//1303
f 2139//1299 2138//1298 2145//1304
f 2142//1302 2149//1308 2148//1307
f 2138//1298 2137//1297 2144//1303
f 2148//1307 2155//1312 2114//7
f 2146//1305 2145//1304 2152//1310
f 2149//1308 2117//1278 2155//1312
f 2145//1304 2144//1303 2114//7
f 2276//1425 2277//1426 2258//1409
f 2392//1522 2238//1390 2240//1392
f 2280//1428 2247//1398 2249//1400
f 2278//1427 2279//7 2249//1400
f 2277//1426 2278//1427 2256//1407
f 2282//1430 2240//1392 2247//1398
f 2258//1409 2256//1407 2204//1359
f 2247//1398 2213//1367 2211//1365
f 2238//1390 2222//1376 2220//1374
f 2265//1416 2258//1409 2202//1357
f 2256//1407 2249//1400 2211//1365
f 2240//1392 2220//1374 2213//1367
f 2222//1376 2157//1314 2159//1316
f 2213//1367 2166//1323 2168//1325
f 2195//1350 2202//1357 2177//1333
f 2202//1357 2204//1359 2175//1331
f 2204//1359 2211//1365 2168//1325
f 2220//1374 2159//1316 2166//1323
f 2177//1333 2175//1331 2288//1434
f 2159//1316 2111//1273 2286//1433
f 2166//1323 2286//1433 2287//82
f 2175//1331 2168//1325 2287//82
f 2184//1340 2177//1333 2289//1435
f 2157//1314 2140//1300 2111//1273
f 2111//1273 2140//1300 2293//1438
f 2288//1434 2297//1441 2298//1442
f 2289//1435 2298//1442 2299//1443
f 2287//82 2296//1440 2297//1441
f 2287//82 2286//1433 2295//1439
f 2286//1433 2111//1273 2292//1437
f 2292//1437 2293//1438 2302//1446
f 2296//1440 2305//1448 2306//1449
f 2296//1440 2295//1439 2304//1447
f 2298//1442 2307//1450 2308//1451
f 2297//1441 2306//1449 2307//1450
f 2295//1439 2292//1437 2301//1445
f 2305//1448 2304//1447 2313//1455
f 2307//1450 2316//1458 2317//1459
f 2305//1448 2314//1456 2315//1457
f 2304//1447 2301//1445 2310//1452
f 2306//1449 2315//1457 2316//1458
f 2301//1445 2302//1446 2311//1453
f 2313//1455 2310//1452 2319//1460
f 2315//1457 2324//1463 2325//1464
f 2310//1452 2311//1453 2320//1461
f 2314//1456 2313//1455 2322//1462
f 2316//1458 2325//1464 2326//1465
f 2314//1456 2323//159 2324//1463
f 2325//1464 2324//1463 2333//1470
f 2320//1461 2329//1467 2328//1466
f 2322//1462 2331//1468 2332//1469
f 2326//1465 2325//1464 2334//1471
f 2324//1463 2323//159 2332//1469
f 2319//1460 2328//1466 2331//1468
f 2329//1467 2338//1474 2337//1473
f 2331//1468 2340//1476 2341//1477
f 2335//1472 2334//1471 2343//1479
f 2333//1470 2332//1469 2341//1477
f 2328//1466 2337//1473 2340//1476
f 2334//1471 2333//1470 2342//1478
f 2344//1480 2343//1479 2352//1487
f 2342//1478 2341//1477 2350//1485
f 2337//1473 2346//1482 2349//1484
f 2343//1479 2342//1478 2351//1486
f 2338//1474 2347//1483 2346//1482
f 2340//1476 2349//1484 2350//1485
f 2346//1482 2355//1490 2358//1492
f 2352//1487 2351//1486 2360//1493
f 2347//1483 2356//1491 2355//1490
f 2349//1484 2358//1492 2359//237
f 2353//1488 2352//1487 2361//1494
f 2351//1486 2350//1485 2359//237
f 2360//1493 2369//1502 2370//1503
f 2358//1492 2355//1490 2364//1497
f 2359//237 2358//1492 2367//1500
f 2361//1494 2370//1503 2371//1504
f 2355//1490 2356//1491 2365//1498
f 2359//237 2368//1501 2369//1502
f 2369//1502 2378//1510 2379//1511
f 2364//1497 2365//1498 2374//1507
f 2368//1501 2367//1500 2376//1508
f 2370//1503 2379//1511 2380//1512
f 2368//1501 2377//1509 2378//1510
f 2367//1500 2364//1497 2373//1506
f 2373//1506 2374//1507 2383//1514
f 2377//1509 2376//1508 2385//1515
f 2379//1511 2388//1518 2389//1519
f 2377//1509 2386//1516 2387//1517
f 2376//1508 2373//1506 2382//1513
f 2378//1510 2387//1517 2388//1518
f 2386//1516 2279//7 2278//1427
f 2385//1515 2382//1513 2282//1430
f 2387//1517 2278//1427 2277//1426
f 2382//1513 2383//1514 2392//1522
f 2386//1516 2385//1515 2280//1428
f 2388//1518 2277//1426 2276//1425
f 3421//2675 3376//2658 3372//2657
f 3420//2674 3372//2657 3369//2655
f 3418//2673 3369//2655 3366//2653
f 3417//2672 3366//2653 3363//2651
f 3415//2671 3363//2651 3356//2646
f 3356//2646 3355//2645 3411//2669
f 3355//2645 3334//2632 3407//2668
f 3334//2632 3307//2616 3404//2667
f 3404//2667 3307//2616 3422//2676
f 3400//2666 3422//2676 3423//2677
f 3397//2665 3423//2677 3424//2678
f 3393//2663 3424//2678 3425//2679
f 3390//2662 3425//2679 3426//2680
f 3426//2680 3427//2681 3383//2660
f 3427//2681 3428//2682 3379//2659
f 3428//2682 3376//2658 3421//2675
f 3376//2658 3429//2683 3430//2684
f 3372//2657 3430//2684 3431//2685
f 3369//2655 3431//2685 3432//2686
f 3366//2653 3432//2686 3433//2687
f 3433//2687 3434//2688 3356//2646
f 3434//2688 3435//2689 3355//2645
f 3435//2689 3436//2690 3334//2632
f 3436//2690 3437//2691 3307//2616
f 3437//2691 3438//2692 3422//2676
f 3438//2692 3439//2693 3423//2677
f 3439//2693 3440//2694 3424//2678
f 3440//2694 3441//2695 3425//2679
f 3425//2679 3441//2695 3442//2696
f 3426//2680 3442//2696 3443//2697
f 3427//2681 3443//2697 3444//2698
f 3428//2682 3444//2698 3429//2683
f 3429//2683 3445//2699 3446//2700
f 3430//2684 3446//2700 3447//2701
f 3431//2685 3447//2701 3448//2702
f 3432//2686 3448//2702 3449//2703
f 3449//2703 3450//2704 3434//2688
f 3450//2704 3451//2705 3435//2689
f 3451//2705 3452//2706 3436//2690
f 3452//2706 3453//2707 3437//2691
f 3453//2707 3454//2708 3438//2692
f 3454//2708 3455//2709 3439//2693
f 3455//2709 3456//2710 3440//2694
f 3456//2710 3457//2711 3441//2695
f 3441//2695 3457//2711 3458//2712
f 3442//2696 3458//2712 3459//2713
f 3443//2697 3459//2713 3460//2714
f 3444//2698 3460//2714 3445//2699
f 3461//2715 3462//2716 3446//2700
f 3462//2716 3463//2717 3447//2701
f 3463//2717 3464//2718 3448//2702
f 3464//2718 3465//2719 3449//2703
f 3449//2703 3465//2719 3466//2720
f 3450//2704 3466//2720 3467//2721
f 3451//2705 3467//2721 3468//2722
f 3452//2706 3468//2722 3469//2723
f 3453//2707 3469//2723 3470//2724
f 3454//2708 3470//2724 3471//2725
f 3455//2709 3471//2725 3472//2726
f 3456//2710 3472//2726 3473//2727
f 3473//2727 3474//2728 3458//2712
f 3474//2728 3475//2729 3459//2713
f 3475//2729 3476//2730 3460//2714
f 3476//2730 3461//2715 3445//2699
f 3477//2731 3478//2732 3462//2716
f 3478//2732 3479//2733 3463//2717
f 3479//2733 3480//2734 3464//2718
f 3480//2734 3481//2735 3465//2719
f 3465//2719 3481//2735 3482//2736
f 3466//2720 3482//2736 3483//2737
f 3467//2721 3483//2737 3484//2738
f 3468//2722 3484//2738 3485//2739
f 3469//2723 3485//2739 3486//2740
f 3470//2724 3486//2740 3487//2741
f 3471//2725 3487//2741 3488//2742
f 3472//2726 3488//2742 3489//2743
f 3489//2743 3490//2744 3474//2728
f 3490//2744 3491//2745 3475//2729
f 3491//2745 3492//2746 3476//2730
f 3492//2746 3477//2731 3461//2715
f 3493//2747 3494//2748 3478//2732
f 3494//2748 3495//2749 3479//2733
f 3495//2749 3496//2750 3480//2734
f 3496//2750 3497//2751 3481//2735
f 3481//2735 3497//2751 3498//2752
f 3482//2736 3498//2752 3499//2753
f 3483//2737 3499//2753 3500//2754
f 3484//2738 3500//2754 3501//2755
f 3485//2739 3501//2755 3502//2756
f 3486//2740 3502//2756 3503//2757
f 3487//2741 3503//2757 3504//2758
f 3488//2742 3504//2758 3505//2759
f 3505//2759 3506//2760 3490//2744
f 3506//2760 3507//2761 3491//2745
f 3507//2761 3508//2762 3492//2746
f 3508//2762 3493//2747 3477//2731
f 3509//2763 3510//2764 3494//2748
f 3510//2764 3511//2765 3495//2749
f 3511//2765 3512//2766 3496//2750
f 3512//2766 3513//2767 3497//2751
f 3497//2751 3513//2767 3514//2768
f 3498//2752 3514//2768 3515//2769
f 3499//2753 3515//2769 3516//2770
f 3500//2754 3516//2770 3517//2771
f 3501//2755 3517//2771 3518//2772
f 3502//2756 3518//2772 3519//2773
f 3503//2757 3519//2773 3520//2774
f 3504//2758 3520//2774 3521//2775
f 3521//2775 3522//2776 3506//2760
f 3522//2776 3523//2777 3507//2761
f 3523//2777 3524//2778 3508//2762
f 3524//2778 3509//2763 3493//2747
f 3525//2779 3526//2780 3510//2764
f 3526//2780 3527//2781 3511//2765
f 3527//2781 3528//2782 3512//2766
f 3528//2782 3529//2783 3513//2767
f 3513//2767 3529//2783 3530//2784
f 3514//2768 3530//2784 3531//2785
f 3515//2769 3531//2785 3532//2786
f 3516//2770 3532//2786 3533//2787
f 3517//2771 3533//2787 3534//2788
f 3518//2772 3534//2788 3535//2789
f 3519//2773 3535//2789 3536//2790
f 3520//2774 3536//2790 3537//2791
f 3537//2791 3538//2792 3522//2776
f 3538//2792 3539//2793 3523//2777
f 3539//2793 3540//2794 3524//2778
f 3540//2794 3525//2779 3509//2763
f 3541//2795 3542//2796 3526//2780
f 3542//2796 3543//2797 3527//2781
f 3543//2797 3544//2798 3528//2782
f 3544//2798 3545//2799 3529//2783
f 3529//2783 3545//2799 3546//2800
f 3530//2784 3546//2800 3547//2801
f 3531//2785 3547//2801 3548//2802
f 3532//2786 3548//2802 3549//2803
f 3533//2787 3549//2803 3550//2804
f 3534//2788 3550//2804 3551//2805
f 3535//2789 3551//2805 3552//2806
f 3536//2790 3552//2806 3553//2807
f 3553//2807 3554//2808 3538//2792
f 3554//2808 3555//2809 3539//2793
f 3555//2809 3556//2810 3540//2794
f 3556//2810 3541//2795 3525//2779
f 3541//2795 3557//2811 3558//2812
f 3542//2796 3558//2812 3559//2813
f 3543//2797 3559//2813 3560//2814
f 3544//2798 3560//2814 3561//2815
f 3561//2815 3562//2816 3546//2800
f 3562//2816 3563//2817 3547//2801
f 3563//2817 3564//2818 3548//2802
f 3564//2818 3565//2819 3549//2803
f 3565//2819 3566//2820 3550//2804
f 3566//2820 3567//2821 3551//2805
f 3567//2821 3568//2822 3552//2806
f 3568//2822 3569//2823 3553//2807
f 3553//2807 3569//2823 3570//2824
f 3554//2808 3570//2824 3571//2825
f 3555//2809 3571//2825 3572//2826
f 3556//2810 3572//2826 3557//2811
f 3379//2659 3421//2675 3420//2674
f 3420//2674 3418//2673 3417//2672
f 3417//2672 3415//2671 3414//2670
f 3414//2670 3411//2669 3407//2668
f 3407//2668 3404//2667 3400//2666
f 3400//2666 3397//2665 3407//2668
f 3397//2665 3393//2663 3407//2668
f 3393//2663 3390//2662 3386//2661
f 3386//2661 3383//2660 3393//2663
f 3383//2660 3379//2659 3393//2663
f 3379//2659 3420//2674 3417//2672
f 3417//2672 3414//2670 3407//2668
f 3379//2659 3417//2672 3393//2663
f 3558//2812 3557//2811 3570//2824
f 3557//2811 3572//2826 3570//2824
f 3572//2826 3571//2825 3570//2824
f 3570//2824 3569//2823 3568//2822
f 3568//2822 3567//2821 3566//2820
f 3566//2820 3565//2819 3564//2818
f 3564//2818 3563//2817 3566//2820
f 3563//2817 3562//2816 3566//2820
f 3562//2816 3561//2815 3560//2814
f 3560//2814 3559//2813 3562//2816
f 3559//2813 3558//2812 3562//2816
f 3570//2824 3568//2822 3566//2820
f 3558//2812 3570//2824 3562//2816
f 3647//2654 3584//2614 3585//2615
f 3576//7 3645//2652 3582//2613
f 3576//7 3583//1938 3584//2614
f 3574//2608 3581//2612 3582//2613
f 3584//2614 3583//1938 3590//1909
f 3582//2613 3581//2612 3588//2617
f 3584//2614 3591//2619 3592//2620
f 3582//2613 3589//2618 3590//1909
f 3590//1909 3597//1882 3598//2609
f 3588//2617 3595//2622 3596//2623
f 3591//2619 3598//2609 3599//2611
f 3590//1909 3589//2618 3596//2623
f 3597//1882 3604//1854 3605//2626
f 3595//2622 3602//2624 3603//2625
f 3598//2609 3605//2626 3606//2627
f 3597//1882 3596//2623 3603//2625
f 3605//2626 3604//1854 3611//159
f 3602//2624 3609//2628 3610//2629
f 3605//2626 3612//2630 3613//2631
f 3603//2625 3610//2629 3611//159
f 3609//2628 3616//2633 3617//2634
f 3612//2630 3619//2635 3620//2636
f 3610//2629 3617//2634 3618//1958
f 3611//159 3618//1958 3619//2635
f 3619//2635 3626//2664 3627//2640
f 3617//2634 3624//2638 3625//1965
f 3619//2635 3618//1958 3625//1965
f 3616//2633 3623//2637 3624//2638
f 3626//2664 3633//2643 3634//2644
f 3624//2638 3631//2642 3632//1972
f 3625//1965 3632//1972 3633//2643
f 3623//2637 3630//2641 3631//2642
f 3634//2644 3633//2643 3640//2649
f 3631//2642 3638//2648 3639//1979
f 3633//2643 3632//1972 3639//1979
f 3631//2642 3630//2641 3637//2647
f 3640//2649 3647//2654 3578//2610
f 3638//2648 3645//2652 3576//7
f 3639//1979 3576//7 3647//2654
f 3637//2647 3574//2608 3645//2652
f 3648//2608 3615//2612 3621//2613
f 3699//2652 3621//2613 3622//1938
f 3644//7 3622//1938 3628//2614
f 3696//2654 3628//2614 3629//2615
f 3622//1938 3600//1909 3594//2621
f 3621//2613 3615//2612 3607//2617
f 3628//2614 3594//2621 3593//2620
f 3621//2613 3601//2618 3600//1909
f 3607//2617 3651//2622 3650//2623
f 3600//1909 3575//1882 3577//2609
f 3600//1909 3601//2618 3650//2623
f 3594//2621 3577//2609 3580//2611
f 3650//2623 3657//2625 3653//1854
f 3651//2622 3658//2624 3657//2625
f 3575//1882 3653//1854 3654//2626
f 3577//2609 3654//2626 3655//2627
f 3654//2626 3661//2630 3662//2631
f 3658//2624 3665//2628 3664//2629
f 3657//2625 3664//2629 3660//159
f 3653//1854 3660//159 3661//2630
f 3661//2630 3668//2635 3669//2636
f 3665//2628 3672//2633 3671//2634
f 3660//159 3667//1958 3668//2635
f 3664//2629 3671//2634 3667//1958
f 3671//2634 3672//2633 3679//2637
f 3668//2635 3667//1958 3674//1965
f 3667//1958 3671//2634 3678//2638
f 3668//2635 3675//2664 3676//2640
f 3679//2637 3686//2641 3685//2642
f 3675//2664 3674//1965 3681//1972
f 3678//2638 3685//2642 3681//1972
f 3675//2664 3682//2840 3683//2644
f 3686//2641 3693//2647 3692//2648
f 3682//2840 3681//1972 3688//1979
f 3685//2642 3692//2648 3688//1979
f 3682//2840 3689//2649 3690//2650
f 3692//2648 3693//2647 3648//2608
f 3688//1979 3644//7 3696//2654
f 3692//2648 3699//2652 3644//7
f 3689//2649 3696//2654 3642//2610
usemtl Squirrel_pink
f 1041//7 1017//894 1021//895
f 1092//946 1028//897 1038//900
f 1095//948 1014//893 1017//894
f 1041//7 1024//896 1092//946
f 983//13 1038//900 1028//897
f 1044//903 1007//1 1014//893
f 1014//893 1007//1 1003//891
f 983//13 1028//897 990//887
f 1021//895 993//888 1024//896
f 1017//894 1003//891 1000//890
f 1024//896 990//887 1028//897
f 1021//895 1000//890 996//889
f 983//13 990//887 979//885
f 1000//890 935//881 996//889
f 1003//891 1007//1 1047//905
f 990//887 958//884 979//885
f 996//889 958//884 993//888
f 1003//891 1046//904 1000//890
f 1046//904 1049//906 935//881
f 983//13 979//885 1051//908
f 1047//905 1007//1 1054//911
f 958//884 1049//906 1050//907
f 1047//905 1053//910 1046//904
f 979//885 1050//907 1051//908
f 1054//911 1007//1 1061//917
f 1050//907 1056//159 1057//913
f 1053//910 1056//159 1049//906
f 1051//908 1057//913 1058//914
f 1054//911 1060//916 1053//910
f 983//13 1051//908 1058//914
f 1061//917 1007//1 1068//924
f 1056//159 1067//923 1063//919
f 1057//913 1065//921 1058//914
f 1060//916 1068//924 1067//923
f 1056//159 1064//920 1057//913
f 983//13 1058//914 1065//921
f 1068//924 1007//1 1075//931
f 1063//919 1074//930 1070//926
f 1064//920 1072//928 1065//921
f 1067//923 1075//931 1074//930
f 1063//919 1071//927 1064//920
f 983//13 1065//921 1072//928
f 1075//931 1007//1 1082//937
f 1074//930 1077//932 1070//926
f 1071//927 1079//934 1072//928
f 1075//931 1081//936 1074//930
f 1070//926 1078//933 1071//927
f 983//13 1072//928 1079//934
f 1081//936 1084//939 1077//932
f 1079//934 1085//940 1086//941
f 1082//937 1088//943 1081//936
f 1078//933 1084//939 1085//940
f 983//13 1079//934 1086//941
f 1082//937 1007//1 1089//944
f 1086//941 1092//946 1038//900
f 1089//944 1095//948 1088//943
f 1085//940 1041//7 1092//946
f 983//13 1086//941 1038//900
f 1089//944 1007//1 1044//903
f 1088//943 1041//7 1084//939
f 1722//7 1654//894 1642//895
f 1722//7 1645//896 1768//946
f 1645//896 1618//887 1651//897
f 1770//948 1660//893 1654//894
f 1660//893 1633//1 1609//891
f 1768//946 1651//897 1708//900
f 1681//903 1633//1 1660//893
f 1598//13 1708//900 1651//897
f 1642//895 1615//890 1627//889
f 1598//13 1651//897 1618//887
f 1642//895 1624//1444 1645//896
f 1654//894 1609//891 1615//890
f 1598//13 1618//887 1553//885
f 1609//891 1555//904 1615//890
f 1615//890 1478//881 1627//889
f 1627//889 1517//1348 1624//1444
f 1609//891 1633//1 1591//905
f 1624//1444 1553//885 1618//887
f 1553//885 1726//907 1727//908
f 1591//905 1633//1 1729//911
f 1555//904 1725//906 1478//881
f 1598//13 1553//885 1727//908
f 1517//1348 1725//906 1726//907
f 1591//905 1728//910 1555//904
f 1726//907 1732//159 1733//913
f 1729//911 1735//916 1728//910
f 1729//911 1633//1 1736//917
f 1727//908 1733//913 1734//914
f 1598//13 1727//908 1734//914
f 1728//910 1732//159 1725//906
f 1733//913 1741//921 1734//914
f 1598//13 1734//914 1741//921
f 1736//917 1633//1 1743//924
f 1732//159 1740//920 1733//913
f 1732//159 1742//923 1739//919
f 1735//916 1743//924 1742//923
f 1598//13 1741//921 1748//928
f 1743//924 1633//1 1750//931
f 1739//919 1747//1533 1740//920
f 1739//919 1749//930 1746//926
f 1742//923 1750//931 1749//930
f 1740//920 1748//928 1741//921
f 1598//13 1748//928 1755//934
f 1750//931 1633//1 1757//937
f 1746//926 1754//1535 1747//1533
f 1749//930 1753//932 1746//926
f 1750//931 1756//936 1749//930
f 1748//928 1754//1535 1755//934
f 1598//13 1755//934 1762//941
f 1757//937 1633//1 1764//944
f 1754//1535 1760//939 1761//940
f 1756//936 1760//939 1753//932
f 1757//937 1763//1538 1756//936
f 1755//934 1761//940 1762//941
f 1764//944 1633//1 1681//903
f 1761//940 1722//7 1768//946
f 1763//1538 1722//7 1760//939
f 1764//944 1770//948 1763//1538
f 1762//941 1768//946 1708//900
f 1598//13 1762//941 1708//900
f 1041//7 1095//948 1017//894
f 1092//946 1024//896 1028//897
f 1095//948 1044//903 1014//893
f 1041//7 1021//895 1024//896
f 1021//895 996//889 993//888
f 1017//894 1014//893 1003//891
f 1024//896 993//888 990//887
f 1021//895 1017//894 1000//890
f 1000//890 1046//904 935//881
f 990//887 993//888 958//884
f 996//889 935//881 958//884
f 1003//891 1047//905 1046//904
f 1046//904 1053//910 1049//906
f 958//884 935//881 1049//906
f 1047//905 1054//911 1053//910
f 979//885 958//884 1050//907
f 1050//907 1049//906 1056//159
f 1053//910 1060//916 1056//159
f 1051//908 1050//907 1057//913
f 1054//911 1061//917 1060//916
f 1056//159 1060//916 1067//923
f 1057//913 1064//920 1065//921
f 1060//916 1061//917 1068//924
f 1056//159 1063//919 1064//920
f 1063//919 1067//923 1074//930
f 1064//920 1071//927 1072//928
f 1067//923 1068//924 1075//931
f 1063//919 1070//926 1071//927
f 1074//930 1081//936 1077//932
f 1071//927 1078//933 1079//934
f 1075//931 1082//937 1081//936
f 1070//926 1077//932 1078//933
f 1081//936 1088//943 1084//939
f 1079//934 1078//933 1085//940
f 1082//937 1089//944 1088//943
f 1078//933 1077//932 1084//939
f 1086//941 1085//940 1092//946
f 1089//944 1044//903 1095//948
f 1085//940 1084//939 1041//7
f 1088//943 1095//948 1041//7
f 1722//7 1770//948 1654//894
f 1722//7 1642//895 1645//896
f 1645//896 1624//1444 1618//887
f 1770//948 1681//903 1660//893
f 1768//946 1645//896 1651//897
f 1642//895 1654//894 1615//890
f 1642//895 1627//889 1624//1444
f 1654//894 1660//893 1609//891
f 1609//891 1591//905 1555//904
f 1615//890 1555//904 1478//881
f 1627//889 1478//881 1517//1348
f 1624//1444 1517//1348 1553//885
f 1553//885 1517//1348 1726//907
f 1555//904 1728//910 1725//906
f 1517//1348 1478//881 1725//906
f 1591//905 1729//911 1728//910
f 1726//907 1725//906 1732//159
f 1729//911 1736//917 1735//916
f 1727//908 1726//907 1733//913
f 1728//910 1735//916 1732//159
f 1733//913 1740//920 1741//921
f 1732//159 1739//919 1740//920
f 1732//159 1735//916 1742//923
f 1735//916 1736//917 1743//924
f 1739//919 1746//926 1747//1533
f 1739//919 1742//923 1749//930
f 1742//923 1743//924 1750//931
f 1740//920 1747//1533 1748//928
f 1746//926 1753//932 1754//1535
f 1749//930 1756//936 1753//932
f 1750//931 1757//937 1756//936
f 1748//928 1747//1533 1754//1535
f 1754//1535 1753//932 1760//939
f 1756//936 1763//1538 1760//939
f 1757//937 1764//944 1763//1538
f 1755//934 1754//1535 1761//940
f 1761//940 1760//939 1722//7
f 1763//1538 1770//948 1722//7
f 1764//944 1681//903 1770//948
f 1762//941 1761//940 1768//946
usemtl Squirrel_acorn
f 2366//1744 2300//1735 2398//1746
f 2398//1746 2303//622 2394//7
f 2154//13 2518//1848 2327//1740
f 2366//1744 2318//1738 2312//1737
f 2519//1849 2309//1736 2321//1739
f 2520//1850 2291//1 2318//1738
f 2519//1849 2327//1740 2518//1848
f 2394//7 2309//1736 2384//1745
f 2300//1735 2283//415 2303//622
f 2318//1738 2291//1 2231//1730
f 2309//1736 2229//1729 2321//1739
f 2312//1737 2231//1730 2267//1731
f 2300//1735 2267//1731 2285//1733
f 2303//622 2274//1732 2309//1736
f 2154//13 2327//1740 2193//1728
f 2321//1739 2193//1728 2327//1740
f 2154//13 2193//1728 2401//1748
f 2229//1729 2401//1748 2193//1728
f 2229//1729 2405//1752 2402//1749
f 2267//1731 2407//1753 2285//1733
f 2283//415 2405//1752 2274//1732
f 2285//1733 2406//508 2283//415
f 2267//1731 2403//1750 2404//1751
f 2231//1730 2291//1 2403//1750
f 2402//1749 2414//1760 2411//1757
f 2406//508 2416//1761 2415//82
f 2402//1749 2410//1756 2401//1748
f 2154//13 2401//1748 2410//1756
f 2406//508 2414//1760 2405//1752
f 2403//1750 2291//1 2412//1758
f 2404//1751 2416//1761 2407//1753
f 2404//1751 2412//1758 2413//1759
f 2415//82 2423//1767 2414//1760
f 2154//13 2410//1756 2419//1763
f 2412//1758 2422//1766 2413//1759
f 2416//1761 2424//403 2415//82
f 2411//1757 2419//1763 2410//1756
f 2414//1760 2420//1764 2411//1757
f 2412//1758 2291//1 2421//1765
f 2416//1761 2422//1766 2425//1768
f 2425//1768 2433//316 2424//403
f 2419//1763 2429//1772 2428//1771
f 2423//1767 2429//1772 2420//1764
f 2421//1765 2291//1 2430//1773
f 2422//1766 2434//1776 2425//1768
f 2424//403 2432//1775 2423//1767
f 2154//13 2419//1763 2428//1771
f 2421//1765 2431//1774 2422//1766
f 2429//1772 2441//1783 2438//1780
f 2430//1773 2291//1 2439//1781
f 2431//1774 2443//1784 2434//1776
f 2433//316 2441//1783 2432//1775
f 2154//13 2428//1771 2437//1779
f 2430//1773 2440//1782 2431//1774
f 2434//1776 2442//689 2433//316
f 2428//1771 2438//1780 2437//1779
f 2440//1782 2452//1791 2443//1784
f 2441//1783 2451//159 2450//1790
f 2154//13 2437//1779 2446//1786
f 2439//1781 2449//1789 2440//1782
f 2443//1784 2451//159 2442//689
f 2438//1780 2446//1786 2437//1779
f 2438//1780 2450//1790 2447//1787
f 2439//1781 2291//1 2448//1788
f 2154//13 2446//1786 2455//1794
f 2448//1788 2458//1797 2449//1789
f 2451//159 2461//1799 2460//705
f 2446//1786 2456//1795 2455//1794
f 2450//1790 2456//1795 2447//1787
f 2448//1788 2291//1 2457//1796
f 2449//1789 2461//1799 2452//1791
f 2451//159 2459//1798 2450//1790
f 2461//1799 2469//565 2460//705
f 2456//1795 2464//1801 2455//1794
f 2456//1795 2468//1805 2465//1802
f 2457//1796 2291//1 2466//1803
f 2458//1797 2470//1806 2461//1799
f 2460//705 2468//1805 2459//1798
f 2154//13 2455//1794 2464//1801
f 2457//1796 2467//1804 2458//1797
f 2466//1803 2291//1 2475//1811
f 2467//1804 2479//1814 2470//1806
f 2469//565 2477//1813 2468//1805
f 2154//13 2464//1801 2473//1809
f 2467//1804 2475//1811 2476//1812
f 2469//565 2479//1814 2478//722
f 2465//1802 2473//1809 2464//1801
f 2465//1802 2477//1813 2474//1810
f 2476//1812 2488//1821 2479//1814
f 2478//722 2486//1820 2477//1813
f 2154//13 2473//1809 2482//1816
f 2475//1811 2485//1819 2476//1812
f 2478//722 2488//1821 2487//237
f 2473//1809 2483//1817 2482//1816
f 2474//1810 2486//1820 2483//1817
f 2475//1811 2291//1 2484//1818
f 2484//1818 2494//1827 2485//1819
f 2487//237 2497//1829 2496//739
f 2483//1817 2491//1824 2482//1816
f 2486//1820 2492//1825 2483//1817
f 2484//1818 2291//1 2493//1826
f 2485//1819 2497//1829 2488//1821
f 2487//237 2495//1828 2486//1820
f 2154//13 2482//1816 2491//1824
f 2492//1825 2500//1832 2491//1824
f 2495//1828 2501//1833 2492//1825
f 2493//1826 2291//1 2502//1834
f 2494//1827 2506//1837 2497//1829
f 2496//739 2504//1836 2495//1828
f 2154//13 2491//1824 2500//1832
f 2493//1826 2503//1835 2494//1827
f 2497//1829 2505//641 2496//739
f 2506//1837 2512//1843 2515//1845
f 2505//641 2513//1844 2504//1836
f 2154//13 2500//1832 2509//1840
f 2502//1834 2512//1843 2503//1835
f 2506//1837 2514//756 2505//641
f 2500//1832 2510//1841 2509//1840
f 2501//1833 2513//1844 2510//1841
f 2502//1834 2291//1 2511//1842
f 2514//756 2384//1745 2513//1844
f 2154//13 2509//1840 2518//1848
f 2512//1843 2520//1850 2366//1744
f 2515//1845 2394//7 2514//756
f 2510//1841 2518//1848 2509//1840
f 2510//1841 2384//1745 2519//1849
f 2511//1842 2291//1 2520//1850
f 2515//1845 2366//1744 2398//1746
f 2366//1744 2312//1737 2300//1735
f 2398//1746 2300//1735 2303//622
f 2366//1744 2520//1850 2318//1738
f 2519//1849 2384//1745 2309//1736
f 2519//1849 2321//1739 2327//1740
f 2394//7 2303//622 2309//1736
f 2300//1735 2285//1733 2283//415
f 2309//1736 2274//1732 2229//1729
f 2312//1737 2318//1738 2231//1730
f 2300//1735 2312//1737 2267//1731
f 2303//622 2283//415 2274//1732
f 2321//1739 2229//1729 2193//1728
f 2229//1729 2402//1749 2401//1748
f 2229//1729 2274//1732 2405//1752
f 2267//1731 2404//1751 2407//1753
f 2283//415 2406//508 2405//1752
f 2285//1733 2407//1753 2406//508
f 2267//1731 2231//1730 2403//1750
f 2402//1749 2405//1752 2414//1760
f 2406//508 2407//1753 2416//1761
f 2402//1749 2411//1757 2410//1756
f 2406//508 2415//82 2414//1760
f 2404//1751 2413//1759 2416//1761
f 2404//1751 2403//1750 2412//1758
f 2415//82 2424//403 2423//1767
f 2412//1758 2421//1765 2422//1766
f 2416//1761 2425//1768 2424//403
f 2411//1757 2420//1764 2419//1763
f 2414//1760 2423//1767 2420//1764
f 2416//1761 2413//1759 2422//1766
f 2425//1768 2434//1776 2433//316
f 2419//1763 2420//1764 2429//1772
f 2423//1767 2432//1775 2429//1772
f 2422//1766 2431//1774 2434//1776
f 2424//403 2433//316 2432//1775
f 2421//1765 2430//1773 2431//1774
f 2429//1772 2432//1775 2441//1783
f 2431//1774 2440//1782 2443//1784
f 2433//316 2442//689 2441//1783
f 2430//1773 2439//1781 2440//1782
f 2434//1776 2443//1784 2442//689
f 2428//1771 2429//1772 2438//1780
f 2440//1782 2449//1789 2452//1791
f 2441//1783 2442//689 2451//159
f 2439//1781 2448//1788 2449//1789
f 2443//1784 2452//1791 2451//159
f 2438//1780 2447//1787 2446//1786
f 2438//1780 2441//1783 2450//1790
f 2448//1788 2457//1796 2458//1797
f 2451//159 2452//1791 2461//1799
f 2446//1786 2447//1787 2456//1795
f 2450//1790 2459//1798 2456//1795
f 2449//1789 2458//1797 2461//1799
f 2451//159 2460//705 2459//1798
f 2461//1799 2470//1806 2469//565
f 2456//1795 2465//1802 2464//1801
f 2456//1795 2459//1798 2468//1805
f 2458//1797 2467//1804 2470//1806
f 2460//705 2469//565 2468//1805
f 2457//1796 2466//1803 2467//1804
f 2467//1804 2476//1812 2479//1814
f 2469//565 2478//722 2477//1813
f 2467//1804 2466//1803 2475//1811
f 2469//565 2470//1806 2479//1814
f 2465//1802 2474//1810 2473//1809
f 2465//1802 2468//1805 2477//1813
f 2476//1812 2485//1819 2488//1821
f 2478//722 2487//237 2486//1820
f 2475//1811 2484//1818 2485//1819
f 2478//722 2479//1814 2488//1821
f 2473//1809 2474//1810 2483//1817
f 2474//1810 2477//1813 2486//1820
f 2484//1818 2493//1826 2494//1827
f 2487//237 2488//1821 2497//1829
f 2483//1817 2492//1825 2491//1824
f 2486//1820 2495//1828 2492//1825
f 2485//1819 2494//1827 2497//1829
f 2487//237 2496//739 2495//1828
f 2492//1825 2501//1833 2500//1832
f 2495//1828 2504//1836 2501//1833
f 2494//1827 2503//1835 2506//1837
f 2496//739 2505//641 2504//1836
f 2493//1826 2502//1834 2503//1835
f 2497//1829 2506//1837 2505//641
f 2506//1837 2503//1835 2512//1843
f 2505//641 2514//756 2513//1844
f 2502//1834 2511//1842 2512//1843
f 2506//1837 2515//1845 2514//756
f 2500//1832 2501//1833 2510//1841
f 2501//1833 2504//1836 2513//1844
f 2514//756 2394//7 2384//1745
f 2512//1843 2511//1842 2520//1850
f 2515//1845 2398//1746 2394//7
f 2510//1841 2519//1849 2518//1848
f 2510//1841 2513//1844 2384//1745
f 2515//1845 2512//1843 2366//1744
usemtl Squirrel_cap
f 2521//7 2489//1822 2517//1847
f 2516//1846 2498//1830 2508//1839
f 2632//1948 2336//1 2471//1807
f 2632//1948 2472//1808 2523//1852
f 2523//1852 2480//1815 2522//1851
f 2521//7 2480//1815 2481//622
f 2516//1846 2489//1822 2490//1823
f 2418//13 2508//1839 2498//1830
f 2471//1807 2336//1 2454//1793
f 2498//1830 2435//1777 2427//1770
f 2481//622 2436//1778 2489//1822
f 2480//1815 2453//1792 2445//1785
f 2471//1807 2453//1792 2472//1808
f 2418//13 2498//1830 2427//1770
f 2489//1822 2435//1777 2490//1823
f 2480//1815 2444//415 2481//622
f 2435//1777 2417//1762 2427//1770
f 2454//1793 2336//1 2345//1742
f 2435//1777 2408//1754 2409//1755
f 2453//1792 2345//1742 2357//1743
f 2445//1785 2400//508 2444//415
f 2444//415 2408//1754 2436//1778
f 2418//13 2427//1770 2417//1762
f 2453//1792 2399//1747 2445//1785
f 2417//1762 2529//1857 2530//1858
f 2400//508 2528//1856 2408//1754
f 2357//1743 2526//1855 2399//1747
f 2399//1747 2527//82 2400//508
f 2418//13 2417//1762 2530//1858
f 2409//1755 2528//1856 2529//1857
f 2345//1742 2294//1734 2357//1743
f 2345//1742 2336//1 2330//1741
f 2418//13 2530//1858 2539//1866
f 2330//1741 2336//1 2533//1861
f 2527//82 2535//1863 2536//403
f 2529//1857 2539//1866 2530//1858
f 2294//1734 2533//1861 2532//1860
f 2527//82 2537//1864 2528//1856
f 2294//1734 2535//1863 2526//1855
f 2529//1857 2537//1864 2538//1865
f 2533//1861 2336//1 2542//1868
f 2535//1863 2541//1867 2544//1870
f 2536//403 2546//1871 2537//1864
f 2418//13 2539//1866 2548//1873
f 2538//1865 2546//1871 2547//1872
f 2533//1861 2541//1867 2532//1860
f 2535//1863 2545//316 2536//403
f 2538//1865 2548//1873 2539//1866
f 2541//1867 2553//1878 2544//1870
f 2545//316 2555//1879 2546//1871
f 2547//1872 2557//1881 2548//1873
f 2541//1867 2551//1876 2550//1875
f 2545//316 2553//1878 2554//689
f 2418//13 2548//1873 2557//1881
f 2547//1872 2555//1879 2556//1880
f 2542//1868 2336//1 2551//1876
f 2551//1876 2559//1883 2550//1875
f 2554//689 2562//1886 2563//159
f 2418//13 2557//1881 2566//1889
f 2555//1879 2565//1888 2556//1880
f 2551//1876 2336//1 2560//1884
f 2550//1875 2562//1886 2553//1878
f 2554//689 2564//1887 2555//1879
f 2557//1881 2565//1888 2566//1889
f 2563//159 2571//1894 2572//705
f 2418//13 2566//1889 2575//1897
f 2565//1888 2573//1895 2574//1896
f 2560//1884 2336//1 2569//1892
f 2559//1883 2571//1894 2562//1886
f 2563//159 2573//1895 2564//1887
f 2565//1888 2575//1897 2566//1889
f 2560//1884 2568//1891 2559//1883
f 2569//1892 2336//1 2578//1900
f 2568//1891 2580//1902 2571//1894
f 2572//705 2582//1903 2573//1895
f 2575//1897 2583//1904 2584//1905
f 2568//1891 2578//1900 2577//1899
f 2572//705 2580//1902 2581//565
f 2418//13 2575//1897 2584//1905
f 2574//1896 2582//1903 2583//1904
f 2581//565 2591//1911 2582//1903
f 2583//1904 2593//1913 2584//1905
f 2577//1899 2587//1908 2586//1907
f 2581//565 2589//1910 2590//722
f 2418//13 2584//1905 2593//1913
f 2582//1903 2592//1912 2583//1904
f 2578//1900 2336//1 2587//1908
f 2580//1902 2586//1907 2589//1910
f 2587//1908 2595//1915 2586//1907
f 2590//722 2598//1918 2599//237
f 2418//13 2593//1913 2602//1921
f 2592//1912 2600//1919 2601//1920
f 2587//1908 2336//1 2596//1916
f 2586//1907 2598//1918 2589//1910
f 2590//722 2600//1919 2591//1911
f 2593//1913 2601//1920 2602//1921
f 2418//13 2602//1921 2611//1929
f 2600//1919 2610//1928 2601//1920
f 2596//1916 2336//1 2605//1924
f 2595//1915 2607//1926 2598//1918
f 2599//237 2609//1927 2600//1919
f 2602//1921 2610//1928 2611//1929
f 2596//1916 2604//1923 2595//1915
f 2599//237 2607//1926 2608//739
f 2605//1924 2336//1 2614//1932
f 2607//1926 2613//1931 2616//1934
f 2608//739 2618//1935 2609//1927
f 2611//1929 2619//1936 2620//1937
f 2605//1924 2613//1931 2604//1923
f 2608//739 2616//1934 2617//641
f 2418//13 2611//1929 2620//1937
f 2609//1927 2619//1936 2610//1928
f 2619//1936 2629//1945 2620//1937
f 2613//1931 2623//1940 2622//1939
f 2616//1934 2626//756 2617//641
f 2418//13 2620//1937 2629//1945
f 2619//1936 2627//1943 2628//1944
f 2614//1932 2336//1 2623//1940
f 2613//1931 2625//1942 2616//1934
f 2618//1935 2626//756 2627//1943
f 2623//1940 2523//1852 2622//1939
f 2626//756 2522//1851 2521//7
f 2418//13 2629//1945 2508//1839
f 2627//1943 2516//1846 2628//1944
f 2623//1940 2336//1 2632//1948
f 2625//1942 2523//1852 2522//1851
f 2626//756 2517//1847 2627//1943
f 2628//1944 2508//1839 2629//1945
f 2463//13 2634//1950 2630//1946
f 2638//1953 2540//1 2612//1930
f 2636//7 2615//1933 2621//1938
f 2672//1987 2630//1946 2634//1950
f 2638//1953 2615//1933 2675//1990
f 2636//7 2624//1941 2672//1987
f 2624//1941 2588//1909 2585//1906
f 2615//1933 2597//1917 2594//1914
f 2463//13 2630//1946 2579//1901
f 2624//1941 2579//1901 2630//1946
f 2615//1933 2588//1909 2621//1938
f 2612//1930 2540//1 2597//1917
f 2597//1917 2540//1 2549//1874
f 2579//1901 2561//1885 2567//1890
f 2594//1914 2558//1882 2588//1909
f 2463//13 2579//1901 2567//1890
f 2588//1909 2561//1885 2585//1906
f 2597//1917 2552//1877 2594//1914
f 2567//1890 2524//1853 2507//1838
f 2552//1877 2525//1854 2558//1882
f 2558//1882 2524//1853 2561//1885
f 2463//13 2567//1890 2507//1838
f 2549//1874 2540//1 2534//1862
f 2549//1874 2531//1859 2552//1877
f 2525//1854 2640//1955 2339//159
f 2524//1853 2462//1800 2507//1838
f 2534//1862 2640//1955 2531//1859
f 2534//1862 2540//1 2641//1956
f 2463//13 2507//1838 2462//1800
f 2524//1853 2339//159 2426//1769
f 2641//1956 2540//1 2648//1963
f 2463//13 2462//1800 2645//1960
f 2426//1769 2645//1960 2462//1800
f 2426//1769 2643//1958 2644//1959
f 2640//1955 2643//1958 2339//159
f 2641//1956 2647//1962 2640//1955
f 2644//1959 2650//1965 2651//1966
f 2647//1962 2650//1965 2643//1958
f 2644//1959 2652//1967 2645//1960
f 2648//1963 2654//1969 2647//1962
f 2463//13 2645//1960 2652//1967
f 2648//1963 2540//1 2655//1970
f 2655//1970 2540//1 2662//1977
f 2654//1969 2657//1972 2650//1965
f 2651//1966 2659//1974 2652//1967
f 2655//1970 2661//1976 2654//1969
f 2650//1965 2658//1973 2651//1966
f 2463//13 2652//1967 2659//1974
f 2661//1976 2664//1979 2657//1972
f 2659//1974 2665//1980 2666//1981
f 2662//1977 2668//1983 2661//1976
f 2657//1972 2665//1980 2658//1973
f 2463//13 2659//1974 2666//1981
f 2662//1977 2540//1 2669//1984
f 2665//1980 2634//1950 2666//1981
f 2669//1984 2675//1990 2668//1983
f 2664//1979 2672//1987 2665//1980
f 2463//13 2666//1981 2634//1950
f 2669//1984 2540//1 2638//1953
f 2668//1983 2636//7 2664//1979
f 2521//7 2481//622 2489//1822
f 2516//1846 2490//1823 2498//1830
f 2632//1948 2471//1807 2472//1808
f 2523//1852 2472//1808 2480//1815
f 2521//7 2522//1851 2480//1815
f 2516//1846 2517//1847 2489//1822
f 2498//1830 2490//1823 2435//1777
f 2481//622 2444//415 2436//1778
f 2480//1815 2472//1808 2453//1792
f 2471//1807 2454//1793 2453//1792
f 2489//1822 2436//1778 2435//1777
f 2480//1815 2445//1785 2444//415
f 2435//1777 2409//1755 2417//1762
f 2435//1777 2436//1778 2408//1754
f 2453//1792 2454//1793 2345//1742
f 2445//1785 2399//1747 2400//508
f 2444//415 2400//508 2408//1754
f 2453//1792 2357//1743 2399//1747
f 2417//1762 2409//1755 2529//1857
f 2400//508 2527//82 2528//1856
f 2357//1743 2294//1734 2526//1855
f 2399//1747 2526//1855 2527//82
f 2409//1755 2408//1754 2528//1856
f 2345//1742 2330//1741 2294//1734
f 2527//82 2526//1855 2535//1863
f 2529//1857 2538//1865 2539//1866
f 2294//1734 2330//1741 2533//1861
f 2527//82 2536//403 2537//1864
f 2294//1734 2532//1860 2535//1863
f 2529//1857 2528//1856 2537//1864
f 2535//1863 2532//1860 2541//1867
f 2536//403 2545//316 2546//1871
f 2538//1865 2537//1864 2546//1871
f 2533//1861 2542//1868 2541//1867
f 2535//1863 2544//1870 2545//316
f 2538//1865 2547//1872 2548//1873
f 2541//1867 2550//1875 2553//1878
f 2545//316 2554//689 2555//1879
f 2547//1872 2556//1880 2557//1881
f 2541//1867 2542//1868 2551//1876
f 2545//316 2544//1870 2553//1878
f 2547//1872 2546//1871 2555//1879
f 2551//1876 2560//1884 2559//1883
f 2554//689 2553//1878 2562//1886
f 2555//1879 2564//1887 2565//1888
f 2550//1875 2559//1883 2562//1886
f 2554//689 2563//159 2564//1887
f 2557//1881 2556//1880 2565//1888
f 2563//159 2562//1886 2571//1894
f 2565//1888 2564//1887 2573//1895
f 2559//1883 2568//1891 2571//1894
f 2563//159 2572//705 2573//1895
f 2565//1888 2574//1896 2575//1897
f 2560//1884 2569//1892 2568//1891
f 2568//1891 2577//1899 2580//1902
f 2572//705 2581//565 2582//1903
f 2575//1897 2574//1896 2583//1904
f 2568//1891 2569//1892 2578//1900
f 2572//705 2571//1894 2580//1902
f 2574//1896 2573//1895 2582//1903
f 2581//565 2590//722 2591//1911
f 2583//1904 2592//1912 2593//1913
f 2577//1899 2578//1900 2587//1908
f 2581//565 2580//1902 2589//1910
f 2582//1903 2591//1911 2592//1912
f 2580//1902 2577//1899 2586//1907
f 2587//1908 2596//1916 2595//1915
f 2590//722 2589//1910 2598//1918
f 2592//1912 2591//1911 2600//1919
f 2586//1907 2595//1915 2598//1918
f 2590//722 2599//237 2600//1919
f 2593//1913 2592//1912 2601//1920
f 2600//1919 2609//1927 2610//1928
f 2595//1915 2604//1923 2607//1926
f 2599//237 2608//739 2609//1927
f 2602//1921 2601//1920 2610//1928
f 2596//1916 2605//1924 2604//1923
f 2599//237 2598//1918 2607//1926
f 2607//1926 2604//1923 2613//1931
f 2608//739 2617//641 2618//1935
f 2611//1929 2610//1928 2619//1936
f 2605//1924 2614//1932 2613//1931
f 2608//739 2607//1926 2616//1934
f 2609//1927 2618//1935 2619//1936
f 2619//1936 2628//1944 2629//1945
f 2613//1931 2614//1932 2623//1940
f 2616//1934 2625//1942 2626//756
f 2619//1936 2618//1935 2627//1943
f 2613//1931 2622//1939 2625//1942
f 2618//1935 2617//641 2626//756
f 2623//1940 2632//1948 2523//1852
f 2626//756 2625//1942 2522//1851
f 2627//1943 2517//1847 2516//1846
f 2625//1942 2622//1939 2523//1852
f 2626//756 2521//7 2517//1847
f 2628//1944 2516//1846 2508//1839
f 2636//7 2675//1990 2615//1933
f 2672//1987 2624//1941 2630//1946
f 2638//1953 2612//1930 2615//1933
f 2636//7 2621//1938 2624//1941
f 2624//1941 2621//1938 2588//1909
f 2615//1933 2612//1930 2597//1917
f 2624//1941 2585//1906 2579//1901
f 2615//1933 2594//1914 2588//1909
f 2579//1901 2585//1906 2561//1885
f 2594//1914 2552//1877 2558//1882
f 2588//1909 2558//1882 2561//1885
f 2597//1917 2549//1874 2552//1877
f 2567//1890 2561//1885 2524//1853
f 2552//1877 2531//1859 2525//1854
f 2558//1882 2525//1854 2524//1853
f 2549//1874 2534//1862 2531//1859
f 2525//1854 2531//1859 2640//1955
f 2524//1853 2426//1769 2462//1800
f 2534//1862 2641//1956 2640//1955
f 2524//1853 2525//1854 2339//159
f 2426//1769 2644//1959 2645//1960
f 2426//1769 2339//159 2643//1958
f 2640//1955 2647//1962 2643//1958
f 2641//1956 2648//1963 2647//1962
f 2644//1959 2643//1958 2650//1965
f 2647//1962 2654//1969 2650//1965
f 2644//1959 2651//1966 2652//1967
f 2648//1963 2655//1970 2654//1969
f 2654//1969 2661//1976 2657//1972
f 2651//1966 2658//1973 2659//1974
f 2655//1970 2662//1977 2661//1976
f 2650//1965 2657//1972 2658//1973
f 2661//1976 2668//1983 2664//1979
f 2659//1974 2658//1973 2665//1980
f 2662//1977 2669//1984 2668//1983
f 2657//1972 2664//1979 2665//1980
f 2665//1980 2672//1987 2634//1950
f 2669//1984 2638//1953 2675//1990
f 2664//1979 2636//7 2672//1987
f 2668//1983 2675//1990 2636//7
usemtl Squirrel_white
f 885//7 861//827 865//831
f 936//882 872//838 882//846
f 939//883 858//824 861//827
f 885//7 868//834 936//882
f 827//13 882//846 872//838
f 888//849 851//1 858//824
f 858//824 851//1 847//816
f 827//13 872//838 834//803
f 865//831 837//806 868//834
f 861//827 847//816 844//813
f 868//834 834//803 872//838
f 865//831 844//813 840//809
f 827//13 834//803 823//795
f 844//813 750//726 840//809
f 847//816 851//1 891//851
f 837//806 823//795 834//803
f 840//809 802//774 837//806
f 847//816 890//850 844//813
f 890//850 893//852 750//726
f 891//851 851//1 898//856
f 802//774 893//852 894//853
f 891//851 897//855 890//850
f 827//13 823//795 895//854
f 823//795 894//853 895//854
f 894//853 900//159 901//857
f 897//855 900//159 893//852
f 895//854 901//857 902//858
f 898//856 851//1 905//860
f 898//856 904//859 897//855
f 827//13 895//854 902//858
f 905//860 851//1 912//865
f 900//159 911//864 907//861
f 901//857 909//863 902//858
f 904//859 912//865 911//864
f 900//159 908//862 901//857
f 827//13 902//858 909//863
f 912//865 851//1 919//870
f 907//861 918//869 914//866
f 908//862 916//868 909//863
f 911//864 919//870 918//869
f 907//861 915//867 908//862
f 827//13 909//863 916//868
f 919//870 851//1 926//875
f 918//869 921//871 914//866
f 915//867 923//873 916//868
f 919//870 925//874 918//869
f 914//866 922//872 915//867
f 827//13 916//868 923//873
f 925//874 928//876 921//871
f 923//873 929//877 930//878
f 926//875 932//879 925//874
f 922//872 928//876 929//877
f 827//13 923//873 930//878
f 926//875 851//1 933//880
f 930//878 936//882 882//846
f 933//880 939//883 932//879
f 929//877 885//7 936//882
f 827//13 930//878 882//846
f 933//880 851//1 888//849
f 932//879 885//7 928//876
f 989//7 965//827 969//831
f 1040//882 976//838 986//846
f 1043//883 962//824 965//827
f 989//7 972//834 1040//882
f 931//13 986//846 976//838
f 992//849 955//1 962//824
f 962//824 955//1 951//816
f 931//13 976//838 938//803
f 969//831 941//806 972//834
f 965//827 951//816 948//813
f 972//834 938//803 976//838
f 969//831 948//813 944//809
f 931//13 938//803 927//795
f 948//813 883//726 944//809
f 951//816 955//1 995//851
f 941//806 927//795 938//803
f 944//809 906//774 941//806
f 951//816 994//850 948//813
f 994//850 997//852 883//726
f 995//851 955//1 1002//856
f 906//774 997//852 998//853
f 995//851 1001//855 994//850
f 931//13 927//795 999//854
f 927//795 998//853 999//854
f 1002//856 955//1 1009//860
f 998//853 1004//159 1005//857
f 1001//855 1004//159 997//852
f 999//854 1005//857 1006//858
f 1002//856 1008//859 1001//855
f 931//13 999//854 1006//858
f 1009//860 955//1 1016//865
f 1004//159 1015//864 1011//861
f 1005//857 1013//863 1006//858
f 1008//859 1016//865 1015//864
f 1004//159 1012//862 1005//857
f 931//13 1006//858 1013//863
f 1016//865 955//1 1023//870
f 1011//861 1022//869 1018//866
f 1012//862 1020//868 1013//863
f 1015//864 1023//870 1022//869
f 1011//861 1019//867 1012//862
f 931//13 1013//863 1020//868
f 1023//870 955//1 1030//875
f 1022//869 1025//871 1018//866
f 1019//867 1027//873 1020//868
f 1023//870 1029//874 1022//869
f 1018//866 1026//872 1019//867
f 931//13 1020//868 1027//873
f 1029//874 1032//876 1025//871
f 1027//873 1033//877 1034//878
f 1030//875 1036//879 1029//874
f 1026//872 1032//876 1033//877
f 931//13 1027//873 1034//878
f 1030//875 955//1 1037//880
f 1034//878 1040//882 986//846
f 1037//880 1043//883 1036//879
f 1033//877 989//7 1040//882
f 931//13 1034//878 986//846
f 1037//880 955//1 992//849
f 1036//879 989//7 1032//876
f 885//7 939//883 861//827
f 936//882 868//834 872//838
f 939//883 888//849 858//824
f 885//7 865//831 868//834
f 865//831 840//809 837//806
f 861//827 858//824 847//816
f 868//834 837//806 834//803
f 865//831 861//827 844//813
f 844//813 890//850 750//726
f 837//806 802//774 823//795
f 840//809 750//726 802//774
f 847//816 891//851 890//850
f 890//850 897//855 893//852
f 802//774 750//726 893//852
f 891//851 898//856 897//855
f 823//795 802//774 894//853
f 894//853 893//852 900//159
f 897//855 904//859 900//159
f 895//854 894//853 901//857
f 898//856 905//860 904//859
f 900//159 904//859 911//864
f 901//857 908//862 909//863
f 904//859 905//860 912//865
f 900//159 907//861 908//862
f 907//861 911//864 918//869
f 908//862 915//867 916//868
f 911//864 912//865 919//870
f 907//861 914//866 915//867
f 918//869 925//874 921//871
f 915//867 922//872 923//873
f 919//870 926//875 925//874
f 914//866 921//871 922//872
f 925//874 932//879 928//876
f 923//873 922//872 929//877
f 926//875 933//880 932//879
f 922//872 921//871 928//876
f 930//878 929//877 936//882
f 933//880 888//849 939//883
f 929//877 928//876 885//7
f 932//879 939//883 885//7
f 989//7 1043//883 965//827
f 1040//882 972//834 976//838
f 1043//883 992//849 962//824
f 989//7 969//831 972//834
f 969//831 944//809 941//806
f 965//827 962//824 951//816
f 972//834 941//806 938//803
f 969//831 965//827 948//813
f 948//813 994//850 883//726
f 941//806 906//774 927//795
f 944//809 883//726 906//774
f 951//816 995//851 994//850
f 994//850 1001//855 997//852
f 906//774 883//726 997//852
f 995//851 1002//856 1001//855
f 927//795 906//774 998//853
f 998//853 997//852 1004//159
f 1001//855 1008//859 1004//159
f 999//854 998//853 1005//857
f 1002//856 1009//860 1008//859
f 1004//159 1008//859 1015//864
f 1005//857 1012//862 1013//863
f 1008//859 1009//860 1016//865
f 1004//159 1011//861 1012//862
f 1011//861 1015//864 1022//869
f 1012//862 1019//867 1020//868
f 1015//864 1016//865 1023//870
f 1011//861 1018//866 1019//867
f 1022//869 1029//874 1025//871
f 1019//867 1026//872 1027//873
f 1023//870 1030//875 1029//874
f 1018//866 1025//871 1026//872
f 1029//874 1036//879 1032//876
f 1027//873 1026//872 1033//877
f 1030//875 1037//880 1036//879
f 1026//872 1025//871 1032//876
f 1034//878 1033//877 1040//882
f 1037//880 992//849 1043//883
f 1033//877 1032//876 989//7
f 1036//879 1043//883 989//7
usemtl Squirrel_black
f 835//804 759//734 763//738
f 792//7 772//747 832//802
f 832//802 777//751 790//764
f 498//13 790//764 777//751
f 795//768 680//1 759//734
f 792//7 763//738 768//743
f 498//13 777//751 727//704
f 768//743 732//709 772//747
f 763//738 745//721 741//717
f 772//747 727//704 777//751
f 768//743 741//717 736//713
f 759//734 680//1 745//721
f 732//709 705//684 709//688
f 498//13 727//704 714//693
f 741//717 705//684 736//713
f 745//721 680//1 693//673
f 732//709 714//693 727//704
f 745//721 699//678 741//717
f 693//673 667//648 699//678
f 714//693 614//596 562//545
f 693//673 680//1 679//660
f 699//678 615//597 705//684
f 498//13 714//693 562//545
f 709//688 615//597 614//596
f 562//545 445//433 497//483
f 667//648 397//159 615//597
f 679//660 680//1 801//773
f 679//660 800//772 667//648
f 498//13 562//545 497//483
f 614//596 397//159 445//433
f 498//13 497//483 805//777
f 800//772 808//780 807//779
f 445//433 805//777 497//483
f 801//773 680//1 808//780
f 397//159 804//776 445//433
f 397//159 807//779 803//775
f 807//779 815//787 814//786
f 803//775 814//786 810//782
f 808//780 680//1 815//787
f 498//13 805//777 812//784
f 804//776 812//784 805//777
f 803//775 811//783 804//776
f 815//787 680//1 822//794
f 814//786 817//789 810//782
f 811//783 819//791 812//784
f 815//787 821//793 814//786
f 810//782 818//790 811//783
f 498//13 812//784 819//791
f 821//793 824//796 817//789
f 819//791 825//797 826//798
f 822//794 828//799 821//793
f 818//790 824//796 825//797
f 498//13 819//791 826//798
f 822//794 680//1 829//800
f 826//798 832//802 790//764
f 829//800 835//804 828//799
f 825//797 792//7 832//802
f 498//13 826//798 790//764
f 829//800 680//1 795//768
f 828//799 792//7 824//796
f 833//7 809//781 813//785
f 884//847 820//792 830//801
f 887//848 806//778 809//781
f 833//7 816//788 884//847
f 723//13 830//801 820//792
f 836//805 799//1 806//778
f 806//778 799//1 794//767
f 723//13 820//792 754//730
f 813//785 781//755 816//788
f 809//781 794//767 791//765
f 816//788 754//730 820//792
f 813//785 791//765 786//760
f 791//765 550//533 786//760
f 794//767 799//1 839//808
f 723//13 754//730 718//697
f 786//760 692//672 781//755
f 794//767 838//807 791//765
f 781//755 718//697 754//730
f 692//672 841//810 842//811
f 723//13 718//697 843//812
f 839//808 799//1 846//815
f 839//808 845//814 838//807
f 718//697 842//811 843//812
f 838//807 841//810 550//533
f 842//811 848//159 849//817
f 723//13 843//812 850//818
f 843//812 849//817 850//818
f 845//814 848//159 841//810
f 846//815 799//1 853//820
f 846//815 852//819 845//814
f 853//820 799//1 860//826
f 848//159 859//825 855//821
f 849//817 857//823 850//818
f 852//819 860//826 859//825
f 848//159 856//822 849//817
f 723//13 850//818 857//823
f 860//826 799//1 867//833
f 855//821 866//832 862//828
f 856//822 864//830 857//823
f 859//825 867//833 866//832
f 855//821 863//829 856//822
f 723//13 857//823 864//830
f 867//833 799//1 874//840
f 866//832 869//835 862//828
f 863//829 871//837 864//830
f 867//833 873//839 866//832
f 862//828 870//836 863//829
f 723//13 864//830 871//837
f 873//839 876//841 869//835
f 871//837 877//842 878//843
f 874//840 880//844 873//839
f 870//836 876//841 877//842
f 723//13 871//837 878//843
f 874//840 799//1 881//845
f 878//843 884//847 830//801
f 881//845 887//848 880//844
f 877//842 833//7 884//847
f 723//13 878//843 830//801
f 881//845 799//1 836//805
f 880//844 833//7 876//841
f 937//7 913//781 917//785
f 988//847 924//792 934//801
f 991//848 910//778 913//781
f 937//7 920//788 988//847
f 879//13 934//801 924//792
f 940//805 903//1 910//778
f 910//778 903//1 899//767
f 879//13 924//792 886//730
f 917//785 889//755 920//788
f 913//781 899//767 896//765
f 920//788 886//730 924//792
f 917//785 896//765 892//760
f 879//13 886//730 875//697
f 896//765 831//533 892//760
f 899//767 903//1 943//808
f 889//755 875//697 886//730
f 892//760 854//672 889//755
f 899//767 942//807 896//765
f 942//807 945//810 831//533
f 879//13 875//697 947//812
f 943//808 903//1 950//815
f 854//672 945//810 946//811
f 943//808 949//814 942//807
f 875//697 946//811 947//812
f 950//815 903//1 957//820
f 946//811 952//159 953//817
f 949//814 952//159 945//810
f 947//812 953//817 954//818
f 950//815 956//819 949//814
f 879//13 947//812 954//818
f 957//820 903//1 964//826
f 952//159 963//825 959//821
f 953//817 961//823 954//818
f 956//819 964//826 963//825
f 952//159 960//822 953//817
f 879//13 954//818 961//823
f 964//826 903//1 971//833
f 959//821 970//832 966//828
f 960//822 968//830 961//823
f 963//825 971//833 970//832
f 959//821 967//829 960//822
f 879//13 961//823 968//830
f 971//833 903//1 978//840
f 970//832 973//835 966//828
f 967//829 975//837 968//830
f 971//833 977//839 970//832
f 966//828 974//836 967//829
f 879//13 968//830 975//837
f 977//839 980//841 973//835
f 975//837 981//842 982//843
f 978//840 984//844 977//839
f 974//836 980//841 981//842
f 879//13 975//837 982//843
f 978//840 903//1 985//845
f 982//843 988//847 934//801
f 985//845 991//848 984//844
f 981//842 937//7 988//847
f 879//13 982//843 934//801
f 985//845 903//1 940//805
f 984//844 937//7 980//841
f 835//804 795//768 759//734
f 792//7 768//743 772//747
f 832//802 772//747 777//751
f 792//7 835//804 763//738
f 768//743 736//713 732//709
f 763//738 759//734 745//721
f 772//747 732//709 727//704
f 768//743 763//738 741//717
f 732//709 736//713 705//684
f 741//717 699//678 705//684
f 732//709 709//688 714//693
f 745//721 693//673 699//678
f 693//673 679//660 667//648
f 714//693 709//688 614//596
f 699//678 667//648 615//597
f 709//688 705//684 615//597
f 562//545 614//596 445//433
f 667//648 800//772 397//159
f 679//660 801//773 800//772
f 614//596 615//597 397//159
f 800//772 801//773 808//780
f 445//433 804//776 805//777
f 397//159 803//775 804//776
f 397//159 800//772 807//779
f 807//779 808//780 815//787
f 803//775 807//779 814//786
f 804//776 811//783 812//784
f 803//775 810//782 811//783
f 814//786 821//793 817//789
f 811//783 818//790 819//791
f 815//787 822//794 821//793
f 810//782 817//789 818//790
f 821//793 828//799 824//796
f 819//791 818//790 825//797
f 822//794 829//800 828//799
f 818//790 817//789 824//796
f 826//798 825//797 832//802
f 829//800 795//768 835//804
f 825//797 824//796 792//7
f 828//799 835//804 792//7
f 833//7 887//848 809//781
f 884//847 816//788 820//792
f 887//848 836//805 806//778
f 833//7 813//785 816//788
f 813//785 786//760 781//755
f 809//781 806//778 794//767
f 816//788 781//755 754//730
f 813//785 809//781 791//765
f 791//765 838//807 550//533
f 786//760 550//533 692//672
f 794//767 839//808 838//807
f 781//755 692//672 718//697
f 692//672 550//533 841//810
f 839//808 846//815 845//814
f 718//697 692//672 842//811
f 838//807 845//814 841//810
f 842//811 841//810 848//159
f 843//812 842//811 849//817
f 845//814 852//819 848//159
f 846//815 853//820 852//819
f 848//159 852//819 859//825
f 849//817 856//822 857//823
f 852//819 853//820 860//826
f 848//159 855//821 856//822
f 855//821 859//825 866//832
f 856//822 863//829 864//830
f 859//825 860//826 867//833
f 855//821 862//828 863//829
f 866//832 873//839 869//835
f 863//829 870//836 871//837
f 867//833 874//840 873//839
f 862//828 869//835 870//836
f 873//839 880//844 876//841
f 871//837 870//836 877//842
f 874//840 881//845 880//844
f 870//836 869//835 876//841
f 878//843 877//842 884//847
f 881//845 836//805 887//848
f 877//842 876//841 833//7
f 880//844 887//848 833//7
f 937//7 991//848 913//781
f 988//847 920//788 924//792
f 991//848 940//805 910//778
f 937//7 917//785 920//788
f 917//785 892//760 889//755
f 913//781 910//778 899//767
f 920//788 889//755 886//730
f 917//785 913//781 896//765
f 896//765 942//807 831//533
f 889//755 854//672 875//697
f 892//760 831//533 854//672
f 899//767 943//808 942//807
f 942//807 949//814 945//810
f 854//672 831//533 945//810
f 943//808 950//815 949//814
f 875//697 854//672 946//811
f 946//811 945//810 952//159
f 949//814 956//819 952//159
f 947//812 946//811 953//817
f 950//815 957//820 956//819
f 952//159 956//819 963//825
f 953//817 960//822 961//823
f 956//819 957//820 964//826
f 952//159 959//821 960//822
f 959//821 963//825 970//832
f 960//822 967//829 968//830
f 963//825 964//826 971//833
f 959//821 966//828 967//829
f 970//832 977//839 973//835
f 967//829 974//836 975//837
f 971//833 978//840 977//839
f 966//828 973//835 974//836
f 977//839 984//844 980//841
f 975//837 974//836 981//842
f 978//840 985//845 984//844
f 974//836 973//835 980//841
f 982//843 981//842 988//847
f 985//845 940//805 991//848
f 981//842 980//841 937//7
f 984//844 991//848 937//7
